store_id,dept_id,state_id,d,date,forecast_horizon,actual,prediction,error
CA_1,FOODS_1,CA,d_1914,2016-04-25,1,294.0,260.00363521935685,-33.99636478064315
CA_1,FOODS_1,CA,d_1915,2016-04-26,2,259.0,257.97972058741766,-1.0202794125823402
CA_1,FOODS_1,CA,d_1916,2016-04-27,3,268.0,282.305536568364,14.305536568364005
CA_1,FOODS_1,CA,d_1917,2016-04-28,4,328.0,284.93511797028964,-43.06488202971036
CA_1,FOODS_1,CA,d_1918,2016-04-29,5,387.0,347.99429032077285,-39.00570967922715
CA_1,FOODS_1,CA,d_1919,2016-04-30,6,455.0,375.2980554298477,-79.7019445701523
CA_1,FOODS_1,CA,d_1920,2016-05-01,7,403.0,344.5545284963214,-58.44547150367862
CA_1,FOODS_1,CA,d_1921,2016-05-02,8,262.0,280.03527591414326,18.035275914143256
CA_1,FOODS_1,CA,d_1922,2016-05-03,9,332.0,279.071236151888,-52.928763848112
CA_1,FOODS_1,CA,d_1923,2016-05-04,10,272.0,270.770207792609,-1.2297922073909717
CA_1,FOODS_1,CA,d_1924,2016-05-05,11,311.0,264.92798138013563,-46.072018619864366
CA_1,FOODS_1,CA,d_1925,2016-05-06,12,424.0,320.4742263861575,-103.52577361384249
CA_1,FOODS_1,CA,d_1926,2016-05-07,13,474.0,374.2248428807283,-99.77515711927168
CA_1,FOODS_1,CA,d_1927,2016-05-08,14,320.0,297.80268206777606,-22.19731793222394
CA_1,FOODS_1,CA,d_1928,2016-05-09,15,298.0,273.2863633684863,-24.71363663151368
CA_1,FOODS_1,CA,d_1929,2016-05-10,16,326.0,271.1554965044498,-54.844503495550214
CA_1,FOODS_1,CA,d_1930,2016-05-11,17,279.0,265.5655575601434,-13.434442439856582
CA_1,FOODS_1,CA,d_1931,2016-05-12,18,256.0,267.88378047145414,11.883780471454145
CA_1,FOODS_1,CA,d_1932,2016-05-13,19,412.0,321.8084776910649,-90.19152230893508
CA_1,FOODS_1,CA,d_1933,2016-05-14,20,435.0,377.25159008207044,-57.748409917929564
CA_1,FOODS_1,CA,d_1934,2016-05-15,21,415.0,349.2491935718258,-65.7508064281742
CA_1,FOODS_1,CA,d_1935,2016-05-16,22,277.0,268.611436445171,-8.388563554828977
CA_1,FOODS_1,CA,d_1936,2016-05-17,23,302.0,263.1352629510056,-38.864737048994414
CA_1,FOODS_1,CA,d_1937,2016-05-18,24,397.0,263.67170954846324,-133.32829045153676
CA_1,FOODS_1,CA,d_1938,2016-05-19,25,330.0,265.83798992938733,-64.16201007061267
CA_1,FOODS_1,CA,d_1939,2016-05-20,26,310.0,319.87251179857753,9.872511798577534
CA_1,FOODS_1,CA,d_1940,2016-05-21,27,427.0,375.7743287765211,-51.22567122347891
CA_1,FOODS_1,CA,d_1941,2016-05-22,28,334.0,351.25312839393933,17.253128393939335
CA_1,FOODS_2,CA,d_1914,2016-04-25,1,458.0,475.5651803626266,17.56518036262662
CA_1,FOODS_2,CA,d_1915,2016-04-26,2,500.0,425.64905955952497,-74.35094044047503
CA_1,FOODS_2,CA,d_1916,2016-04-27,3,412.0,417.83073261125,5.830732611250028
CA_1,FOODS_2,CA,d_1917,2016-04-28,4,400.0,414.77213541691884,14.772135416918843
CA_1,FOODS_2,CA,d_1918,2016-04-29,5,463.0,457.2093813045681,-5.790618695431874
CA_1,FOODS_2,CA,d_1919,2016-04-30,6,653.0,599.022644030452,-53.97735596954794
CA_1,FOODS_2,CA,d_1920,2016-05-01,7,720.0,709.5693434417636,-10.430656558236365
CA_1,FOODS_2,CA,d_1921,2016-05-02,8,620.0,597.4645710922315,-22.535428907768505
CA_1,FOODS_2,CA,d_1922,2016-05-03,9,525.0,530.8656717710688,5.865671771068833
CA_1,FOODS_2,CA,d_1923,2016-05-04,10,531.0,504.4686490472824,-26.531350952717617
CA_1,FOODS_2,CA,d_1924,2016-05-05,11,450.0,492.5114375142968,42.5114375142968
CA_1,FOODS_2,CA,d_1925,2016-05-06,12,560.0,551.7927028540367,-8.207297145963253
CA_1,FOODS_2,CA,d_1926,2016-05-07,13,683.0,697.7578387934188,14.757838793418841
CA_1,FOODS_2,CA,d_1927,2016-05-08,14,539.0,559.3500832523365,20.350083252336503
CA_1,FOODS_2,CA,d_1928,2016-05-09,15,617.0,586.0444058104686,-30.95559418953144
CA_1,FOODS_2,CA,d_1929,2016-05-10,16,627.0,514.863327624213,-112.13667237578704
CA_1,FOODS_2,CA,d_1930,2016-05-11,17,446.0,455.47843961203597,9.47843961203597
CA_1,FOODS_2,CA,d_1931,2016-05-12,18,457.0,452.1084839270899,-4.891516072910122
CA_1,FOODS_2,CA,d_1932,2016-05-13,19,545.0,489.76056153308923,-55.23943846691077
CA_1,FOODS_2,CA,d_1933,2016-05-14,20,611.0,647.2786183094863,36.27861830948632
CA_1,FOODS_2,CA,d_1934,2016-05-15,21,781.0,695.1471692193976,-85.8528307806024
CA_1,FOODS_2,CA,d_1935,2016-05-16,22,555.0,537.19601763913,-17.80398236087001
CA_1,FOODS_2,CA,d_1936,2016-05-17,23,476.0,452.461526531205,-23.53847346879502
CA_1,FOODS_2,CA,d_1937,2016-05-18,24,427.0,440.95935876175844,13.959358761758438
CA_1,FOODS_2,CA,d_1938,2016-05-19,25,411.0,433.6147007744823,22.614700774482287
CA_1,FOODS_2,CA,d_1939,2016-05-20,26,434.0,469.4608795499557,35.46087954995568
CA_1,FOODS_2,CA,d_1940,2016-05-21,27,627.0,620.4058042132202,-6.594195786779778
CA_1,FOODS_2,CA,d_1941,2016-05-22,28,719.0,661.8778748087547,-57.122125191245345
CA_1,FOODS_3,CA,d_1914,2016-04-25,1,2141.0,1974.3074118796026,-166.69258812039743
CA_1,FOODS_3,CA,d_1915,2016-04-26,2,1759.0,1777.88855251864,18.888552518639926
CA_1,FOODS_3,CA,d_1916,2016-04-27,3,1787.0,1788.6727863230506,1.672786323050559
CA_1,FOODS_3,CA,d_1917,2016-04-28,4,1718.0,1791.4312492579738,73.43124925797383
CA_1,FOODS_3,CA,d_1918,2016-04-29,5,2182.0,2297.514038132149,115.51403813214893
CA_1,FOODS_3,CA,d_1919,2016-04-30,6,2842.0,2843.9295473003804,1.9295473003803636
CA_1,FOODS_3,CA,d_1920,2016-05-01,7,3131.0,2956.1300394326254,-174.86996056737462
CA_1,FOODS_3,CA,d_1921,2016-05-02,8,2396.0,2263.449470989669,-132.55052901033105
CA_1,FOODS_3,CA,d_1922,2016-05-03,9,2140.0,2079.2750822523335,-60.724917747666495
CA_1,FOODS_3,CA,d_1923,2016-05-04,10,2037.0,2048.960218028254,11.960218028254076
CA_1,FOODS_3,CA,d_1924,2016-05-05,11,1974.0,2013.1147125672874,39.11471256728737
CA_1,FOODS_3,CA,d_1925,2016-05-06,12,2319.0,2342.3196471811348,23.31964718113477
CA_1,FOODS_3,CA,d_1926,2016-05-07,13,2949.0,2966.669220226157,17.669220226156995
CA_1,FOODS_3,CA,d_1927,2016-05-08,14,2771.0,2593.153103891307,-177.84689610869282
CA_1,FOODS_3,CA,d_1928,2016-05-09,15,2330.0,2271.348673940153,-58.65132605984718
CA_1,FOODS_3,CA,d_1929,2016-05-10,16,1943.0,2080.2257060105767,137.2257060105767
CA_1,FOODS_3,CA,d_1930,2016-05-11,17,1962.0,1864.6116751966129,-97.38832480338715
CA_1,FOODS_3,CA,d_1931,2016-05-12,18,1950.0,1867.058779640921,-82.9412203590789
CA_1,FOODS_3,CA,d_1932,2016-05-13,19,2408.0,2267.172846012922,-140.82715398707796
CA_1,FOODS_3,CA,d_1933,2016-05-14,20,3000.0,2837.817810162505,-162.18218983749512
CA_1,FOODS_3,CA,d_1934,2016-05-15,21,3521.0,2953.033622044011,-567.9663779559892
CA_1,FOODS_3,CA,d_1935,2016-05-16,22,2366.0,2097.4071500268215,-268.59284997317855
CA_1,FOODS_3,CA,d_1936,2016-05-17,23,2016.0,1813.900370515121,-202.09962948487896
CA_1,FOODS_3,CA,d_1937,2016-05-18,24,1992.0,1758.2648634027032,-233.7351365972968
CA_1,FOODS_3,CA,d_1938,2016-05-19,25,2113.0,1756.8591387719418,-356.14086122805816
CA_1,FOODS_3,CA,d_1939,2016-05-20,26,2249.0,2231.889499875891,-17.110500124108967
CA_1,FOODS_3,CA,d_1940,2016-05-21,27,2729.0,2743.9336680216534,14.933668021653375
CA_1,FOODS_3,CA,d_1941,2016-05-22,28,3274.0,2888.1482250960057,-385.8517749039943
CA_1,HOBBIES_1,CA,d_1914,2016-04-25,1,546.0,444.48552686353685,-101.51447313646315
CA_1,HOBBIES_1,CA,d_1915,2016-04-26,2,395.0,410.434853955697,15.434853955697008
CA_1,HOBBIES_1,CA,d_1916,2016-04-27,3,418.0,409.1596287475341,-8.8403712524659
CA_1,HOBBIES_1,CA,d_1917,2016-04-28,4,385.0,410.8576248152748,25.85762481527479
CA_1,HOBBIES_1,CA,d_1918,2016-04-29,5,550.0,467.9894841057804,-82.01051589421962
CA_1,HOBBIES_1,CA,d_1919,2016-04-30,6,574.0,586.5318113398602,12.531811339860155
CA_1,HOBBIES_1,CA,d_1920,2016-05-01,7,625.0,580.1459532092066,-44.854046790793404
CA_1,HOBBIES_1,CA,d_1921,2016-05-02,8,478.0,501.2456313831312,23.245631383131183
CA_1,HOBBIES_1,CA,d_1922,2016-05-03,9,582.0,472.0243075360517,-109.97569246394829
CA_1,HOBBIES_1,CA,d_1923,2016-05-04,10,522.0,432.2403619362371,-89.7596380637629
CA_1,HOBBIES_1,CA,d_1924,2016-05-05,11,405.0,416.60918888785926,11.609188887859261
CA_1,HOBBIES_1,CA,d_1925,2016-05-06,12,529.0,497.0984187325691,-31.901581267430913
CA_1,HOBBIES_1,CA,d_1926,2016-05-07,13,579.0,606.9739693762687,27.973969376268656
CA_1,HOBBIES_1,CA,d_1927,2016-05-08,14,451.0,444.6577673434809,-6.342232656519116
CA_1,HOBBIES_1,CA,d_1928,2016-05-09,15,592.0,463.46606503658296,-128.53393496341704
CA_1,HOBBIES_1,CA,d_1929,2016-05-10,16,334.0,431.8581510789514,97.85815107895138
CA_1,HOBBIES_1,CA,d_1930,2016-05-11,17,453.0,416.9573739954966,-36.042626004503404
CA_1,HOBBIES_1,CA,d_1931,2016-05-12,18,546.0,418.3440115726224,-127.65598842737762
CA_1,HOBBIES_1,CA,d_1932,2016-05-13,19,546.0,476.2867450563148,-69.71325494368517
CA_1,HOBBIES_1,CA,d_1933,2016-05-14,20,732.0,596.9566428926481,-135.04335710735188
CA_1,HOBBIES_1,CA,d_1934,2016-05-15,21,631.0,577.5658570647424,-53.43414293525757
CA_1,HOBBIES_1,CA,d_1935,2016-05-16,22,389.0,454.2161516115736,65.2161516115736
CA_1,HOBBIES_1,CA,d_1936,2016-05-17,23,347.0,409.41221488961367,62.412214889613665
CA_1,HOBBIES_1,CA,d_1937,2016-05-18,24,353.0,409.41221488961367,56.412214889613665
CA_1,HOBBIES_1,CA,d_1938,2016-05-19,25,354.0,412.6998099387475,58.69980993874748
CA_1,HOBBIES_1,CA,d_1939,2016-05-20,26,494.0,466.9960581219205,-27.0039418780795
CA_1,HOBBIES_1,CA,d_1940,2016-05-21,27,656.0,580.7978649308809,-75.2021350691191
CA_1,HOBBIES_1,CA,d_1941,2016-05-22,28,588.0,562.8037268669539,-25.196273133046134
CA_1,HOBBIES_2,CA,d_1914,2016-04-25,1,43.0,39.41232543160608,-3.587674568393922
CA_1,HOBBIES_2,CA,d_1915,2016-04-26,2,31.0,39.45486697721361,8.454866977213612
CA_1,HOBBIES_2,CA,d_1916,2016-04-27,3,33.0,38.876381407212875,5.876381407212875
CA_1,HOBBIES_2,CA,d_1917,2016-04-28,4,47.0,39.46180521807372,-7.538194781926279
CA_1,HOBBIES_2,CA,d_1918,2016-04-29,5,34.0,45.366464814321674,11.366464814321674
CA_1,HOBBIES_2,CA,d_1919,2016-04-30,6,62.0,48.82254779843951,-13.177452201560492
CA_1,HOBBIES_2,CA,d_1920,2016-05-01,7,59.0,44.20129083418341,-14.79870916581659
CA_1,HOBBIES_2,CA,d_1921,2016-05-02,8,51.0,41.96773278489603,-9.032267215103971
CA_1,HOBBIES_2,CA,d_1922,2016-05-03,9,46.0,42.38189001216476,-3.61810998783524
CA_1,HOBBIES_2,CA,d_1923,2016-05-04,10,43.0,39.92880772210643,-3.071192277893573
CA_1,HOBBIES_2,CA,d_1924,2016-05-05,11,34.0,35.021173721343985,1.0211737213439847
CA_1,HOBBIES_2,CA,d_1925,2016-05-06,12,41.0,43.1254279033636,2.125427903363601
CA_1,HOBBIES_2,CA,d_1926,2016-05-07,13,67.0,49.36780731230167,-17.63219268769833
CA_1,HOBBIES_2,CA,d_1927,2016-05-08,14,62.0,35.4041533514032,-26.595846648596797
CA_1,HOBBIES_2,CA,d_1928,2016-05-09,15,49.0,39.50405531921324,-9.495944680786756
CA_1,HOBBIES_2,CA,d_1929,2016-05-10,16,55.0,39.54659686482078,-15.453403135179222
CA_1,HOBBIES_2,CA,d_1930,2016-05-11,17,52.0,39.8679741862564,-12.132025813743603
CA_1,HOBBIES_2,CA,d_1931,2016-05-12,18,50.0,40.14203950650229,-9.857960493497707
CA_1,HOBBIES_2,CA,d_1932,2016-05-13,19,42.0,43.43330867324945,1.4333086732494493
CA_1,HOBBIES_2,CA,d_1933,2016-05-14,20,74.0,49.675688082187534,-24.324311917812466
CA_1,HOBBIES_2,CA,d_1934,2016-05-15,21,56.0,49.08439156497539,-6.915608435024609
CA_1,HOBBIES_2,CA,d_1935,2016-05-16,22,28.0,39.82543264064886,11.825432640648863
CA_1,HOBBIES_2,CA,d_1936,2016-05-17,23,46.0,39.857836645617645,-6.142163354382355
CA_1,HOBBIES_2,CA,d_1937,2016-05-18,24,28.0,39.857836645617645,11.857836645617645
CA_1,HOBBIES_2,CA,d_1938,2016-05-19,25,52.0,40.13190196586354,-11.868098034136459
CA_1,HOBBIES_2,CA,d_1939,2016-05-20,26,45.0,43.92083466582975,-1.0791653341702485
CA_1,HOBBIES_2,CA,d_1940,2016-05-21,27,63.0,50.163214074767836,-12.836785925232164
CA_1,HOBBIES_2,CA,d_1941,2016-05-22,28,58.0,49.578542553640055,-8.421457446359945
CA_1,HOUSEHOLD_1,CA,d_1914,2016-04-25,1,780.0,702.1482992986475,-77.85170070135246
CA_1,HOUSEHOLD_1,CA,d_1915,2016-04-26,2,583.0,632.157631879131,49.15763187913103
CA_1,HOUSEHOLD_1,CA,d_1916,2016-04-27,3,615.0,630.2105969520644,15.210596952064407
CA_1,HOUSEHOLD_1,CA,d_1917,2016-04-28,4,552.0,632.084232757019,80.08423275701898
CA_1,HOUSEHOLD_1,CA,d_1918,2016-04-29,5,708.0,742.8140769878648,34.81407698786484
CA_1,HOUSEHOLD_1,CA,d_1919,2016-04-30,6,991.0,931.6523255345387,-59.347674465461296
CA_1,HOUSEHOLD_1,CA,d_1920,2016-05-01,7,1118.0,1027.1675134315324,-90.83248656846763
CA_1,HOUSEHOLD_1,CA,d_1921,2016-05-02,8,763.0,789.2555539735523,26.25555397355231
CA_1,HOUSEHOLD_1,CA,d_1922,2016-05-03,9,761.0,713.3422094267742,-47.65779057322584
CA_1,HOUSEHOLD_1,CA,d_1923,2016-05-04,10,637.0,637.7800617519696,0.7800617519695834
CA_1,HOUSEHOLD_1,CA,d_1924,2016-05-05,11,578.0,613.4245574315636,35.424557431563585
CA_1,HOUSEHOLD_1,CA,d_1925,2016-05-06,12,702.0,734.1624662459546,32.16246624595465
CA_1,HOUSEHOLD_1,CA,d_1926,2016-05-07,13,1048.0,969.1404768695423,-78.85952313045766
CA_1,HOUSEHOLD_1,CA,d_1927,2016-05-08,14,768.0,786.4478529069581,18.447852906958133
CA_1,HOUSEHOLD_1,CA,d_1928,2016-05-09,15,752.0,719.443907389791,-32.55609261020902
CA_1,HOUSEHOLD_1,CA,d_1929,2016-05-10,16,623.0,639.1728793874438,16.1728793874438
CA_1,HOUSEHOLD_1,CA,d_1930,2016-05-11,17,593.0,633.5776539035355,40.57765390353552
CA_1,HOUSEHOLD_1,CA,d_1931,2016-05-12,18,597.0,635.1399312178751,38.13993121787507
CA_1,HOUSEHOLD_1,CA,d_1932,2016-05-13,19,777.0,740.7475201522421,-36.252479847757854
CA_1,HOUSEHOLD_1,CA,d_1933,2016-05-14,20,1055.0,978.3084289272659,-76.69157107273406
CA_1,HOUSEHOLD_1,CA,d_1934,2016-05-15,21,965.0,1022.0988642101802,57.09886421018018
CA_1,HOUSEHOLD_1,CA,d_1935,2016-05-16,22,725.0,717.9343598026522,-7.065640197347761
CA_1,HOUSEHOLD_1,CA,d_1936,2016-05-17,23,607.0,637.1193881038221,30.119388103822075
CA_1,HOUSEHOLD_1,CA,d_1937,2016-05-18,24,602.0,631.9602333650361,29.96023336503606
CA_1,HOUSEHOLD_1,CA,d_1938,2016-05-19,25,658.0,634.1888605192778,-23.811139480722204
CA_1,HOUSEHOLD_1,CA,d_1939,2016-05-20,26,665.0,740.5090839123345,75.50908391233452
CA_1,HOUSEHOLD_1,CA,d_1940,2016-05-21,27,978.0,961.9294222938489,-16.070577706151084
CA_1,HOUSEHOLD_1,CA,d_1941,2016-05-22,28,1022.0,1004.9034576840554,-17.09654231594459
CA_1,HOUSEHOLD_2,CA,d_1914,2016-04-25,1,210.0,199.67928242611683,-10.320717573883172
CA_1,HOUSEHOLD_2,CA,d_1915,2016-04-26,2,176.0,197.72158500418314,21.72158500418314
CA_1,HOUSEHOLD_2,CA,d_1916,2016-04-27,3,182.0,197.1430994341824,15.143099434182403
CA_1,HOUSEHOLD_2,CA,d_1917,2016-04-28,4,188.0,198.84109550192315,10.84109550192315
CA_1,HOUSEHOLD_2,CA,d_1918,2016-04-29,5,249.0,240.9026175831108,-8.09738241688919
CA_1,HOUSEHOLD_2,CA,d_1919,2016-04-30,6,321.0,279.2249733360496,-41.77502666395043
CA_1,HOUSEHOLD_2,CA,d_1920,2016-05-01,7,341.0,271.9277124876771,-69.07228751232287
CA_1,HOUSEHOLD_2,CA,d_1921,2016-05-02,8,224.0,204.8701172391052,-19.129882760894787
CA_1,HOUSEHOLD_2,CA,d_1922,2016-05-03,9,208.0,205.2990099277236,-2.7009900722763973
CA_1,HOUSEHOLD_2,CA,d_1923,2016-05-04,10,192.0,200.99968490090578,8.999684900905777
CA_1,HOUSEHOLD_2,CA,d_1924,2016-05-05,11,166.0,196.12865149456064,30.128651494560643
CA_1,HOUSEHOLD_2,CA,d_1925,2016-05-06,12,229.0,241.6922382813099,12.692238281309898
CA_1,HOUSEHOLD_2,CA,d_1926,2016-05-07,13,269.0,281.190112887417,12.190112887417001
CA_1,HOUSEHOLD_2,CA,d_1927,2016-05-08,14,301.0,244.65388775164598,-56.34611224835402
CA_1,HOUSEHOLD_2,CA,d_1928,2016-05-09,15,221.0,202.57517146555384,-18.424828534446164
CA_1,HOUSEHOLD_2,CA,d_1929,2016-05-10,16,196.0,200.61747404362015,4.617474043620149
CA_1,HOUSEHOLD_2,CA,d_1930,2016-05-11,17,197.0,199.11191839421477,2.1119183942147686
CA_1,HOUSEHOLD_2,CA,d_1931,2016-05-12,18,193.0,200.49855597134055,7.498555971340551
CA_1,HOUSEHOLD_2,CA,d_1932,2016-05-13,19,221.0,240.29417391368193,19.29417391368193
CA_1,HOUSEHOLD_2,CA,d_1933,2016-05-14,20,338.0,281.0700607374463,-56.92993926255372
CA_1,HOUSEHOLD_2,CA,d_1934,2016-05-15,21,338.0,285.3445595637698,-52.65544043623021
CA_1,HOUSEHOLD_2,CA,d_1935,2016-05-16,22,228.0,201.06961581614846,-26.930384183851544
CA_1,HOUSEHOLD_2,CA,d_1936,2016-05-17,23,155.0,198.05153773517281,43.051537735172815
CA_1,HOUSEHOLD_2,CA,d_1937,2016-05-18,24,196.0,198.05153773517281,2.051537735172815
CA_1,HOUSEHOLD_2,CA,d_1938,2016-05-19,25,218.0,199.4381753122986,-18.561824687701403
CA_1,HOUSEHOLD_2,CA,d_1939,2016-05-20,26,236.0,239.3839704972045,3.3839704972045013
CA_1,HOUSEHOLD_2,CA,d_1940,2016-05-21,27,284.0,280.6185619079068,-3.3814380920932194
CA_1,HOUSEHOLD_2,CA,d_1941,2016-05-22,28,294.0,286.28970849820894,-7.710291501791062
CA_2,FOODS_1,CA,d_1914,2016-04-25,1,439.0,380.5689789621326,-58.431021037867424
CA_2,FOODS_1,CA,d_1915,2016-04-26,2,362.0,364.1808592636978,2.180859263697812
CA_2,FOODS_1,CA,d_1916,2016-04-27,3,445.0,390.57036798292586,-54.42963201707414
CA_2,FOODS_1,CA,d_1917,2016-04-28,4,445.0,393.6660756294739,-51.33392437052612
CA_2,FOODS_1,CA,d_1918,2016-04-29,5,478.0,465.54812473222887,-12.451875267771129
CA_2,FOODS_1,CA,d_1919,2016-04-30,6,711.0,551.7691133973198,-159.23088660268024
CA_2,FOODS_1,CA,d_1920,2016-05-01,7,576.0,532.4100379073544,-43.58996209264558
CA_2,FOODS_1,CA,d_1921,2016-05-02,8,475.0,425.84098477157596,-49.15901522842404
CA_2,FOODS_1,CA,d_1922,2016-05-03,9,476.0,413.0038999945275,-62.9961000054725
CA_2,FOODS_1,CA,d_1923,2016-05-04,10,537.0,396.1085486010616,-140.8914513989384
CA_2,FOODS_1,CA,d_1924,2016-05-05,11,557.0,396.2118756350639,-160.7881243649361
CA_2,FOODS_1,CA,d_1925,2016-05-06,12,494.0,474.35173120086466,-19.648268799135337
CA_2,FOODS_1,CA,d_1926,2016-05-07,13,719.0,571.2570679356821,-147.74293206431787
CA_2,FOODS_1,CA,d_1927,2016-05-08,14,607.0,432.2949284692336,-174.70507153076642
CA_2,FOODS_1,CA,d_1928,2016-05-09,15,404.0,409.33092208995083,5.330922089950832
CA_2,FOODS_1,CA,d_1929,2016-05-10,16,435.0,396.4938373129024,-38.50616268709763
CA_2,FOODS_1,CA,d_1930,2016-05-11,17,386.0,377.3282572211368,-8.671742778863177
CA_2,FOODS_1,CA,d_1931,2016-05-12,18,494.0,381.11722639438744,-112.88277360561256
CA_2,FOODS_1,CA,d_1932,2016-05-13,19,683.0,448.70006328788145,-234.29993671211855
CA_2,FOODS_1,CA,d_1933,2016-05-14,20,628.0,561.324187715819,-66.675812284181
CA_2,FOODS_1,CA,d_1934,2016-05-15,21,598.0,533.1437171553089,-64.85628284469112
CA_2,FOODS_1,CA,d_1935,2016-05-16,22,468.0,393.7163769195716,-74.28362308042841
CA_2,FOODS_1,CA,d_1936,2016-05-17,23,389.0,365.1606697461982,-23.83933025380179
CA_2,FOODS_1,CA,d_1937,2016-05-18,24,388.0,365.9202910747706,-22.079708925229397
CA_2,FOODS_1,CA,d_1938,2016-05-19,25,404.0,368.7902915952377,-35.209708404762296
CA_2,FOODS_1,CA,d_1939,2016-05-20,26,584.0,431.80787205099614,-152.19212794900386
CA_2,FOODS_1,CA,d_1940,2016-05-21,27,809.0,549.3132577536926,-259.6867422463074
CA_2,FOODS_1,CA,d_1941,2016-05-22,28,735.0,524.6139833208454,-210.38601667915464
CA_2,FOODS_2,CA,d_1914,2016-04-25,1,444.0,423.5122368993244,-20.48776310067558
CA_2,FOODS_2,CA,d_1915,2016-04-26,2,436.0,397.74110411244624,-38.25889588755376
CA_2,FOODS_2,CA,d_1916,2016-04-27,3,359.0,396.60316063892986,37.603160638929864
CA_2,FOODS_2,CA,d_1917,2016-04-28,4,376.0,394.1494398174993,18.149439817499285
CA_2,FOODS_2,CA,d_1918,2016-04-29,5,421.0,450.3875557337945,29.3875557337945
CA_2,FOODS_2,CA,d_1919,2016-04-30,6,597.0,609.2593956555653,12.2593956555653
CA_2,FOODS_2,CA,d_1920,2016-05-01,7,758.0,704.6251483299537,-53.37485167004627
CA_2,FOODS_2,CA,d_1921,2016-05-02,8,625.0,502.47181876191326,-122.52818123808674
CA_2,FOODS_2,CA,d_1922,2016-05-03,9,459.0,468.6634108476359,9.663410847635873
CA_2,FOODS_2,CA,d_1923,2016-05-04,10,557.0,454.07751857822285,-102.92248142177715
CA_2,FOODS_2,CA,d_1924,2016-05-05,11,433.0,454.27630469981415,21.276304699814148
CA_2,FOODS_2,CA,d_1925,2016-05-06,12,556.0,515.6545076109863,-40.34549238901366
CA_2,FOODS_2,CA,d_1926,2016-05-07,13,802.0,682.6570615977755,-119.34293840222449
CA_2,FOODS_2,CA,d_1927,2016-05-08,14,629.0,549.0896320798894,-79.91036792011062
CA_2,FOODS_2,CA,d_1928,2016-05-09,15,607.0,491.2502240977518,-115.74977590224819
CA_2,FOODS_2,CA,d_1929,2016-05-10,16,490.0,457.44181618347443,-32.55818381652557
CA_2,FOODS_2,CA,d_1930,2016-05-11,17,439.0,409.8557152527627,-29.144284747237293
CA_2,FOODS_2,CA,d_1931,2016-05-12,18,413.0,407.1248118829444,-5.875188117055586
CA_2,FOODS_2,CA,d_1932,2016-05-13,19,510.0,460.2691529719978,-49.73084702800219
CA_2,FOODS_2,CA,d_1933,2016-05-14,20,621.0,638.8094790491095,17.80947904910954
CA_2,FOODS_2,CA,d_1934,2016-05-15,21,881.0,681.2022139373992,-199.79778606260084
CA_2,FOODS_2,CA,d_1935,2016-05-16,22,524.0,448.60160306037903,-75.39839693962097
CA_2,FOODS_2,CA,d_1936,2016-05-17,23,460.0,399.19548629689587,-60.804513703104135
CA_2,FOODS_2,CA,d_1937,2016-05-18,24,400.0,396.58598713947066,-3.41401286052934
CA_2,FOODS_2,CA,d_1938,2016-05-19,25,501.0,387.7669621901238,-113.23303780987618
CA_2,FOODS_2,CA,d_1939,2016-05-20,26,476.0,440.25215023158864,-35.747849768411356
CA_2,FOODS_2,CA,d_1940,2016-05-21,27,751.0,612.3815486504955,-138.61845134950454
CA_2,FOODS_2,CA,d_1941,2016-05-22,28,835.0,653.3988327581673,-181.60116724183274
CA_2,FOODS_3,CA,d_1914,2016-04-25,1,1771.0,1588.6364136877637,-182.3635863122363
CA_2,FOODS_3,CA,d_1915,2016-04-26,2,1508.0,1513.7651902822424,5.765190282242429
CA_2,FOODS_3,CA,d_1916,2016-04-27,3,1420.0,1529.4257305234685,109.42573052346847
CA_2,FOODS_3,CA,d_1917,2016-04-28,4,1636.0,1535.876955500366,-100.12304449963403
CA_2,FOODS_3,CA,d_1918,2016-04-29,5,1962.0,1961.1917469698103,-0.8082530301896895
CA_2,FOODS_3,CA,d_1919,2016-04-30,6,2733.0,2569.586689037632,-163.4133109623681
CA_2,FOODS_3,CA,d_1920,2016-05-01,7,2683.0,2748.9747210223313,65.97472102233132
CA_2,FOODS_3,CA,d_1921,2016-05-02,8,1895.0,1843.428890921581,-51.57110907841911
CA_2,FOODS_3,CA,d_1922,2016-05-03,9,1689.0,1723.0928404002,34.092840400199975
CA_2,FOODS_3,CA,d_1923,2016-05-04,10,1921.0,1710.1870702538583,-210.81292974614166
CA_2,FOODS_3,CA,d_1924,2016-05-05,11,1659.0,1710.6653824430766,51.66538244307662
CA_2,FOODS_3,CA,d_1925,2016-05-06,12,1935.0,2022.2364280623106,87.23642806231055
CA_2,FOODS_3,CA,d_1926,2016-05-07,13,2776.0,2733.7874482853526,-42.21255171464736
CA_2,FOODS_3,CA,d_1927,2016-05-08,14,2222.0,2411.464746673879,189.46474667387884
CA_2,FOODS_3,CA,d_1928,2016-05-09,15,1719.0,1840.763639793008,121.763639793008
CA_2,FOODS_3,CA,d_1929,2016-05-10,16,1755.0,1721.310275902217,-33.68972409778303
CA_2,FOODS_3,CA,d_1930,2016-05-11,17,1681.0,1618.5471197712684,-62.4528802287316
CA_2,FOODS_3,CA,d_1931,2016-05-12,18,1584.0,1626.7228343562788,42.72283435627878
CA_2,FOODS_3,CA,d_1932,2016-05-13,19,2062.0,1981.6560508297835,-80.34394917021655
CA_2,FOODS_3,CA,d_1933,2016-05-14,20,2723.0,2517.185490182853,-205.81450981714715
CA_2,FOODS_3,CA,d_1934,2016-05-15,21,2806.0,2554.175517645059,-251.8244823549412
CA_2,FOODS_3,CA,d_1935,2016-05-16,22,1910.0,1733.0398752508559,-176.96012474914414
CA_2,FOODS_3,CA,d_1936,2016-05-17,23,1800.0,1565.317365600208,-234.68263439979205
CA_2,FOODS_3,CA,d_1937,2016-05-18,24,1773.0,1537.0387541474865,-235.96124585251346
CA_2,FOODS_3,CA,d_1938,2016-05-19,25,1820.0,1509.6035312696217,-310.3964687303783
CA_2,FOODS_3,CA,d_1939,2016-05-20,26,2119.0,1904.5112171252958,-214.48878287470416
CA_2,FOODS_3,CA,d_1940,2016-05-21,27,2942.0,2468.4509941786587,-473.5490058213413
CA_2,FOODS_3,CA,d_1941,2016-05-22,28,2628.0,2510.7289352117014,-117.27106478829864
CA_2,HOBBIES_1,CA,d_1914,2016-04-25,1,330.0,322.5847927528309,-7.415207247169121
CA_2,HOBBIES_1,CA,d_1915,2016-04-26,2,278.0,321.0992126330668,43.09921263306683
CA_2,HOBBIES_1,CA,d_1916,2016-04-27,3,333.0,321.96999267137204,-11.03000732862796
CA_2,HOBBIES_1,CA,d_1917,2016-04-28,4,344.0,324.1341149837351,-19.865885016264883
CA_2,HOBBIES_1,CA,d_1918,2016-04-29,5,384.0,382.19058160607284,-1.8094183939271602
CA_2,HOBBIES_1,CA,d_1919,2016-04-30,6,491.0,470.7971366073489,-20.202863392651125
CA_2,HOBBIES_1,CA,d_1920,2016-05-01,7,509.0,439.3566202929082,-69.64337970709181
CA_2,HOBBIES_1,CA,d_1921,2016-05-02,8,334.0,344.9776306072714,10.977630607271408
CA_2,HOBBIES_1,CA,d_1922,2016-05-03,9,340.0,343.49205048750736,3.492050487507356
CA_2,HOBBIES_1,CA,d_1923,2016-05-04,10,307.0,331.32604584566946,24.326045845669455
CA_2,HOBBIES_1,CA,d_1924,2016-05-05,11,368.0,329.2204814663349,-38.77951853366511
CA_2,HOBBIES_1,CA,d_1925,2016-05-06,12,406.0,383.32464815398623,-22.67535184601377
CA_2,HOBBIES_1,CA,d_1926,2016-05-07,13,500.0,473.7649314670894,-26.23506853291059
CA_2,HOBBIES_1,CA,d_1927,2016-05-08,14,481.0,364.9456657503113,-116.05433424968868
CA_2,HOBBIES_1,CA,d_1928,2016-05-09,15,324.0,332.8966757167491,8.896675716749087
CA_2,HOBBIES_1,CA,d_1929,2016-05-10,16,411.0,331.41109559698504,-79.58890440301496
CA_2,HOBBIES_1,CA,d_1930,2016-05-11,17,303.0,323.3410264412338,20.341026441233794
CA_2,HOBBIES_1,CA,d_1931,2016-05-12,18,258.0,325.22796620520916,67.22796620520916
CA_2,HOBBIES_1,CA,d_1932,2016-05-13,19,327.0,383.67198809398116,56.671988093981156
CA_2,HOBBIES_1,CA,d_1933,2016-05-14,20,604.0,478.2479432324255,-125.75205676757452
CA_2,HOBBIES_1,CA,d_1934,2016-05-15,21,530.0,445.87771557116855,-84.12228442883145
CA_2,HOBBIES_1,CA,d_1935,2016-05-16,22,291.0,324.82660656099785,33.826606560997845
CA_2,HOBBIES_1,CA,d_1936,2016-05-17,23,350.0,320.3767098931023,-29.623290106897684
CA_2,HOBBIES_1,CA,d_1937,2016-05-18,24,301.0,319.2836938012685,18.283693801268498
CA_2,HOBBIES_1,CA,d_1938,2016-05-19,25,315.0,319.21722163167163,4.217221631671634
CA_2,HOBBIES_1,CA,d_1939,2016-05-20,26,395.0,376.35003284359044,-18.64996715640956
CA_2,HOBBIES_1,CA,d_1940,2016-05-21,27,691.0,470.0798091731382,-220.9201908268618
CA_2,HOBBIES_1,CA,d_1941,2016-05-22,28,581.0,441.19077763954414,-139.80922236045586
CA_2,HOBBIES_2,CA,d_1914,2016-04-25,1,31.0,37.13191348191653,6.131913481916527
CA_2,HOBBIES_2,CA,d_1915,2016-04-26,2,58.0,37.26602664867439,-20.73397335132561
CA_2,HOBBIES_2,CA,d_1916,2016-04-27,3,27.0,37.54103697997289,10.541036979972887
CA_2,HOBBIES_2,CA,d_1917,2016-04-28,4,56.0,38.12646079083373,-17.873539209166267
CA_2,HOBBIES_2,CA,d_1918,2016-04-29,5,54.0,44.99115236895476,-9.008847631045242
CA_2,HOBBIES_2,CA,d_1919,2016-04-30,6,103.0,51.45797803243182,-51.54202196756818
CA_2,HOBBIES_2,CA,d_1920,2016-05-01,7,70.0,48.834961007370154,-21.165038992629846
CA_2,HOBBIES_2,CA,d_1921,2016-05-02,8,26.0,38.05277538789807,12.052775387898073
CA_2,HOBBIES_2,CA,d_1922,2016-05-03,9,37.0,38.18688855465594,1.186888554655937
CA_2,HOBBIES_2,CA,d_1923,2016-05-04,10,43.0,36.83791823409737,-6.162081765902627
CA_2,HOBBIES_2,CA,d_1924,2016-05-05,11,64.0,38.08354124260858,-25.916458757391418
CA_2,HOBBIES_2,CA,d_1925,2016-05-06,12,65.0,41.496006948056134,-23.503993051943866
CA_2,HOBBIES_2,CA,d_1926,2016-05-07,13,82.0,50.051124730387805,-31.948875269612195
CA_2,HOBBIES_2,CA,d_1927,2016-05-08,14,57.0,41.17974868267722,-15.820251317322779
CA_2,HOBBIES_2,CA,d_1928,2016-05-09,15,29.0,36.788854818655146,7.788854818655146
CA_2,HOBBIES_2,CA,d_1929,2016-05-10,16,55.0,36.92296798541301,-18.07703201458699
CA_2,HOBBIES_2,CA,d_1930,2016-05-11,17,39.0,37.083316794721505,-1.9166832052784954
CA_2,HOBBIES_2,CA,d_1931,2016-05-12,18,57.0,37.39155805719462,-19.608441942805378
CA_2,HOBBIES_2,CA,d_1932,2016-05-13,19,43.0,41.64285920581486,-1.3571407941851419
CA_2,HOBBIES_2,CA,d_1933,2016-05-14,20,83.0,50.19797698814654,-32.80202301185346
CA_2,HOBBIES_2,CA,d_1934,2016-05-15,21,58.0,49.985027702012104,-8.014972297987896
CA_2,HOBBIES_2,CA,d_1935,2016-05-16,22,35.0,36.94920362796364,1.9492036279636409
CA_2,HOBBIES_2,CA,d_1936,2016-05-17,23,35.0,37.07317925408275,2.0731792540827527
CA_2,HOBBIES_2,CA,d_1937,2016-05-18,24,33.0,37.07317925408275,4.073179254082753
CA_2,HOBBIES_2,CA,d_1938,2016-05-19,25,42.0,37.38142051655587,-4.61857948344413
CA_2,HOBBIES_2,CA,d_1939,2016-05-20,26,39.0,42.13038519839516,3.1303851983951603
CA_2,HOBBIES_2,CA,d_1940,2016-05-21,27,71.0,50.685502980726845,-20.314497019273155
CA_2,HOBBIES_2,CA,d_1941,2016-05-22,28,79.0,50.47917869067677,-28.52082130932323
CA_2,HOUSEHOLD_1,CA,d_1914,2016-04-25,1,667.0,646.5772195304443,-20.422780469555732
CA_2,HOUSEHOLD_1,CA,d_1915,2016-04-26,2,634.0,618.680840934365,-15.319159065634949
CA_2,HOUSEHOLD_1,CA,d_1916,2016-04-27,3,696.0,619.5516209726703,-76.44837902732968
CA_2,HOUSEHOLD_1,CA,d_1917,2016-04-28,4,614.0,623.0213974268419,9.021397426841872
CA_2,HOUSEHOLD_1,CA,d_1918,2016-04-29,5,774.0,780.8439383273911,6.843938327391129
CA_2,HOUSEHOLD_1,CA,d_1919,2016-04-30,6,1276.0,1029.952864439606,-246.04713556039405
CA_2,HOUSEHOLD_1,CA,d_1920,2016-05-01,7,1140.0,1092.5318789020075,-47.46812109799248
CA_2,HOUSEHOLD_1,CA,d_1921,2016-05-02,8,754.0,722.7496981263669,-31.250301873633134
CA_2,HOUSEHOLD_1,CA,d_1922,2016-05-03,9,673.0,689.1401939109946,16.14019391099464
CA_2,HOUSEHOLD_1,CA,d_1923,2016-05-04,10,626.0,618.1369103941441,-7.863089605855862
CA_2,HOUSEHOLD_1,CA,d_1924,2016-05-05,11,694.0,616.6843862193333,-77.3156137806667
CA_2,HOUSEHOLD_1,CA,d_1925,2016-05-06,12,709.0,761.7340330012368,52.73403300123675
CA_2,HOUSEHOLD_1,CA,d_1926,2016-05-07,13,1316.0,1066.0118790548365,-249.98812094516347
CA_2,HOUSEHOLD_1,CA,d_1927,2016-05-08,14,974.0,898.2440147100033,-75.75598528999672
CA_2,HOUSEHOLD_1,CA,d_1928,2016-05-09,15,671.0,657.8056959943049,-13.19430400569513
CA_2,HOUSEHOLD_1,CA,d_1929,2016-05-10,16,659.0,622.2250984339157,-36.77490156608428
CA_2,HOUSEHOLD_1,CA,d_1930,2016-05-11,17,632.0,617.3535079504105,-14.646492049589483
CA_2,HOUSEHOLD_1,CA,d_1931,2016-05-12,18,673.0,620.5461018561944,-52.453898143805645
CA_2,HOUSEHOLD_1,CA,d_1932,2016-05-13,19,819.0,772.0110997880365,-46.98890021196348
CA_2,HOUSEHOLD_1,CA,d_1933,2016-05-14,20,1273.0,1077.0607446720956,-195.93925532790445
CA_2,HOUSEHOLD_1,CA,d_1934,2016-05-15,21,1370.0,1100.993455167006,-269.006544832994
CA_2,HOUSEHOLD_1,CA,d_1935,2016-05-16,22,700.0,655.8349666915011,-44.16503330849889
CA_2,HOUSEHOLD_1,CA,d_1936,2016-05-17,23,668.0,618.6420588049734,-49.35794119502657
CA_2,HOUSEHOLD_1,CA,d_1937,2016-05-18,24,668.0,613.4829040661874,-54.517095933812584
CA_2,HOUSEHOLD_1,CA,d_1938,2016-05-19,25,675.0,617.3418478118734,-57.658152188126564
CA_2,HOUSEHOLD_1,CA,d_1939,2016-05-20,26,842.0,772.8501509079607,-69.14984909203929
CA_2,HOUSEHOLD_1,CA,d_1940,2016-05-21,27,1283.0,1066.6057330531203,-216.39426694687972
CA_2,HOUSEHOLD_1,CA,d_1941,2016-05-22,28,1260.0,1088.2610128884403,-171.7389871115597
CA_2,HOUSEHOLD_2,CA,d_1914,2016-04-25,1,244.0,274.7310085549012,30.731008554901223
CA_2,HOUSEHOLD_2,CA,d_1915,2016-04-26,2,249.0,274.5294998112621,25.5294998112621
CA_2,HOUSEHOLD_2,CA,d_1916,2016-04-27,3,247.0,274.80451014256056,27.80451014256056
CA_2,HOUSEHOLD_2,CA,d_1917,2016-04-28,4,283.0,276.96863245492364,-6.031367545076364
CA_2,HOUSEHOLD_2,CA,d_1918,2016-04-29,5,309.0,328.03791588605816,19.03791588605816
CA_2,HOUSEHOLD_2,CA,d_1919,2016-04-30,6,438.0,398.92787675796933,-39.07212324203067
CA_2,HOUSEHOLD_2,CA,d_1920,2016-05-01,7,457.0,391.89707709262757,-65.10292290737243
CA_2,HOUSEHOLD_2,CA,d_1921,2016-05-02,8,325.0,280.1420968321609,-44.85790316783908
CA_2,HOUSEHOLD_2,CA,d_1922,2016-05-03,9,303.0,279.9405880885218,-23.059411911478207
CA_2,HOUSEHOLD_2,CA,d_1923,2016-05-04,10,252.0,274.77829356325475,22.77829356325475
CA_2,HOUSEHOLD_2,CA,d_1924,2016-05-05,11,245.0,274.610903462651,29.61090346265098
CA_2,HOUSEHOLD_2,CA,d_1925,2016-05-06,12,327.0,325.8312502307495,-1.1687497692504962
CA_2,HOUSEHOLD_2,CA,d_1926,2016-05-07,13,441.0,411.9495856212193,-29.050414378780715
CA_2,HOUSEHOLD_2,CA,d_1927,2016-05-08,14,360.0,347.22040265636195,-12.779597343638045
CA_2,HOUSEHOLD_2,CA,d_1928,2016-05-09,15,245.0,275.06485205820945,30.064852058209453
CA_2,HOUSEHOLD_2,CA,d_1929,2016-05-10,16,287.0,274.86334331457033,-12.13665668542967
CA_2,HOUSEHOLD_2,CA,d_1930,2016-05-11,17,242.0,273.281651297443,31.281651297442977
CA_2,HOUSEHOLD_2,CA,d_1931,2016-05-12,18,272.0,275.16859106141834,3.16859106141834
CA_2,HOUSEHOLD_2,CA,d_1932,2016-05-13,19,395.0,326.66074529984684,-68.33925470015316
CA_2,HOUSEHOLD_2,CA,d_1933,2016-05-14,20,575.0,413.10774775356157,-161.89225224643843
CA_2,HOUSEHOLD_2,CA,d_1934,2016-05-15,21,467.0,406.6365931467896,-60.36340685321039
CA_2,HOUSEHOLD_2,CA,d_1935,2016-05-16,22,310.0,273.4831600410821,-36.5168399589179
CA_2,HOUSEHOLD_2,CA,d_1936,2016-05-17,23,261.0,271.98494907491533,10.984949074915335
CA_2,HOUSEHOLD_2,CA,d_1937,2016-05-18,24,226.0,272.521395672373,46.52139567237299
CA_2,HOUSEHOLD_2,CA,d_1938,2016-05-19,25,280.0,274.2563929059617,-5.743607094038282
CA_2,HOUSEHOLD_2,CA,d_1939,2016-05-20,26,296.0,323.4899813895115,27.489981389511513
CA_2,HOUSEHOLD_2,CA,d_1940,2016-05-21,27,573.0,410.3956884301643,-162.60431156983572
CA_2,HOUSEHOLD_2,CA,d_1941,2016-05-22,28,496.0,407.4057299510552,-88.5942700489448
CA_3,FOODS_1,CA,d_1914,2016-04-25,1,451.0,340.95083475321513,-110.04916524678487
CA_3,FOODS_1,CA,d_1915,2016-04-26,2,330.0,332.76258831328664,2.762588313286642
CA_3,FOODS_1,CA,d_1916,2016-04-27,3,413.0,356.274280642395,-56.72571935760499
CA_3,FOODS_1,CA,d_1917,2016-04-28,4,454.0,356.9203885732973,-97.07961142670268
CA_3,FOODS_1,CA,d_1918,2016-04-29,5,386.0,400.4354909741386,14.435490974138588
CA_3,FOODS_1,CA,d_1919,2016-04-30,6,514.0,438.097946270477,-75.902053729523
CA_3,FOODS_1,CA,d_1920,2016-05-01,7,592.0,444.86670161150346,-147.13329838849654
CA_3,FOODS_1,CA,d_1921,2016-05-02,8,523.0,375.242435933261,-147.757564066739
CA_3,FOODS_1,CA,d_1922,2016-05-03,9,555.0,368.85842608902425,-186.14157391097575
CA_3,FOODS_1,CA,d_1923,2016-05-04,10,577.0,357.63465456019446,-219.36534543980554
CA_3,FOODS_1,CA,d_1924,2016-05-05,11,453.0,350.6517572410229,-102.34824275897711
CA_3,FOODS_1,CA,d_1925,2016-05-06,12,486.0,389.52557705525487,-96.47442294474513
CA_3,FOODS_1,CA,d_1926,2016-05-07,13,585.0,453.5789343954614,-131.42106560453863
CA_3,FOODS_1,CA,d_1927,2016-05-08,14,471.0,375.87149485930763,-95.12850514069237
CA_3,FOODS_1,CA,d_1928,2016-05-09,15,514.0,366.86184366048224,-147.13815633951776
CA_3,FOODS_1,CA,d_1929,2016-05-10,16,353.0,358.38945254399226,5.389452543992263
CA_3,FOODS_1,CA,d_1930,2016-05-11,17,321.0,349.42419654749494,28.424196547494944
CA_3,FOODS_1,CA,d_1931,2016-05-12,18,323.0,351.04350052807246,28.043500528072457
CA_3,FOODS_1,CA,d_1932,2016-05-13,19,552.0,382.5165152887193,-169.4834847112807
CA_3,FOODS_1,CA,d_1933,2016-05-14,20,497.0,450.3112527712965,-46.688747228703505
CA_3,FOODS_1,CA,d_1934,2016-05-15,21,565.0,440.97028205613964,-124.02971794386036
CA_3,FOODS_1,CA,d_1935,2016-05-16,22,377.0,360.9182379355028,-16.081762064497184
CA_3,FOODS_1,CA,d_1936,2016-05-17,23,382.0,344.14190173571035,-37.85809826428965
CA_3,FOODS_1,CA,d_1937,2016-05-18,24,345.0,341.8451875323298,-3.154812467670183
CA_3,FOODS_1,CA,d_1938,2016-05-19,25,408.0,339.45098576026527,-68.54901423973473
CA_3,FOODS_1,CA,d_1939,2016-05-20,26,457.0,374.36731119590235,-82.63268880409765
CA_3,FOODS_1,CA,d_1940,2016-05-21,27,574.0,440.9738754915277,-133.02612450847232
CA_3,FOODS_1,CA,d_1941,2016-05-22,28,651.0,433.4920651230548,-217.50793487694523
CA_3,FOODS_2,CA,d_1914,2016-04-25,1,683.0,625.9540992294839,-57.04590077051614
CA_3,FOODS_2,CA,d_1915,2016-04-26,2,612.0,553.4049888760115,-58.595011123988456
CA_3,FOODS_2,CA,d_1916,2016-04-27,3,530.0,537.2682538631682,7.268253863168184
CA_3,FOODS_2,CA,d_1917,2016-04-28,4,452.0,532.874957918418,80.87495791841798
CA_3,FOODS_2,CA,d_1918,2016-04-29,5,624.0,563.0610119693221,-60.93898803067793
CA_3,FOODS_2,CA,d_1919,2016-04-30,6,731.0,687.3361694407358,-43.66383055926417
CA_3,FOODS_2,CA,d_1920,2016-05-01,7,927.0,847.5998023751337,-79.40019762486634
CA_3,FOODS_2,CA,d_1921,2016-05-02,8,741.0,773.7332644492321,32.73326444923214
CA_3,FOODS_2,CA,d_1922,2016-05-03,9,673.0,712.2266366894522,39.22663668945222
CA_3,FOODS_2,CA,d_1923,2016-05-04,10,634.0,672.928140326463,38.928140326462994
CA_3,FOODS_2,CA,d_1924,2016-05-05,11,738.0,664.7211216517395,-73.27887834826049
CA_3,FOODS_2,CA,d_1925,2016-05-06,12,629.0,724.1332841161178,95.1332841161178
CA_3,FOODS_2,CA,d_1926,2016-05-07,13,789.0,840.8659920667543,51.8659920667543
CA_3,FOODS_2,CA,d_1927,2016-05-08,14,855.0,648.7530847703929,-206.2469152296071
CA_3,FOODS_2,CA,d_1928,2016-05-09,15,831.0,782.0541356135828,-48.945864386417156
CA_3,FOODS_2,CA,d_1929,2016-05-10,16,759.0,700.4202015938467,-58.57979840615326
CA_3,FOODS_2,CA,d_1930,2016-05-11,17,712.0,612.2097274120998,-99.79027258790018
CA_3,FOODS_2,CA,d_1931,2016-05-12,18,590.0,608.7896275170249,18.789627517024883
CA_3,FOODS_2,CA,d_1932,2016-05-13,19,718.0,624.9150667252273,-93.08493327477265
CA_3,FOODS_2,CA,d_1933,2016-05-14,20,755.0,768.2360977259842,13.236097725984223
CA_3,FOODS_2,CA,d_1934,2016-05-15,21,919.0,819.0601708672535,-99.93982913274647
CA_3,FOODS_2,CA,d_1935,2016-05-16,22,693.0,710.5117091168715,17.511709116871543
CA_3,FOODS_2,CA,d_1936,2016-05-17,23,637.0,571.4485538268416,-65.55144617315841
CA_3,FOODS_2,CA,d_1937,2016-05-18,24,604.0,553.1207153851337,-50.879284614866265
CA_3,FOODS_2,CA,d_1938,2016-05-19,25,554.0,544.5166805134909,-9.483319486509117
CA_3,FOODS_2,CA,d_1939,2016-05-20,26,520.0,573.3792091384596,53.3792091384596
CA_3,FOODS_2,CA,d_1940,2016-05-21,27,639.0,694.1430257830342,55.143025783034204
CA_3,FOODS_2,CA,d_1941,2016-05-22,28,845.0,736.4736109645683,-108.52638903543175
CA_3,FOODS_3,CA,d_1914,2016-04-25,1,2972.0,2752.0316731533726,-219.9683268466274
CA_3,FOODS_3,CA,d_1915,2016-04-26,2,2240.0,2522.371289117014,282.37128911701393
CA_3,FOODS_3,CA,d_1916,2016-04-27,3,2291.0,2481.9448539124123,190.94485391241233
CA_3,FOODS_3,CA,d_1917,2016-04-28,4,2209.0,2478.644152213387,269.64415221338686
CA_3,FOODS_3,CA,d_1918,2016-04-29,5,2493.0,2680.7673664133395,187.76736641333946
CA_3,FOODS_3,CA,d_1919,2016-04-30,6,3070.0,3162.607213035963,92.60721303596301
CA_3,FOODS_3,CA,d_1920,2016-05-01,7,3359.0,3459.0591825330384,100.05918253303844
CA_3,FOODS_3,CA,d_1921,2016-05-02,8,2894.0,2998.4800247235125,104.48002472351254
CA_3,FOODS_3,CA,d_1922,2016-05-03,9,2655.0,2801.3827095161537,146.38270951615368
CA_3,FOODS_3,CA,d_1923,2016-05-04,10,2902.0,2667.278840308887,-234.72115969111292
CA_3,FOODS_3,CA,d_1924,2016-05-05,11,2432.0,2664.3009823914504,232.30098239145036
CA_3,FOODS_3,CA,d_1925,2016-05-06,12,2528.0,2812.217640524288,284.2176405242881
CA_3,FOODS_3,CA,d_1926,2016-05-07,13,3135.0,3389.188160289019,254.18816028901892
CA_3,FOODS_3,CA,d_1927,2016-05-08,14,3001.0,3313.4351697382017,312.4351697382017
CA_3,FOODS_3,CA,d_1928,2016-05-09,15,3238.0,3052.919408616308,-185.08059138369208
CA_3,FOODS_3,CA,d_1929,2016-05-10,16,2763.0,2806.2039809336557,43.20398093365566
CA_3,FOODS_3,CA,d_1930,2016-05-11,17,2582.0,2544.408991538412,-37.59100846158799
CA_3,FOODS_3,CA,d_1931,2016-05-12,18,2202.0,2555.1124680485245,353.11246804852453
CA_3,FOODS_3,CA,d_1932,2016-05-13,19,2594.0,2723.6093828034896,129.60938280348955
CA_3,FOODS_3,CA,d_1933,2016-05-14,20,3059.0,3302.530892503349,243.53089250334915
CA_3,FOODS_3,CA,d_1934,2016-05-15,21,3496.0,3600.9411279830797,104.9411279830797
CA_3,FOODS_3,CA,d_1935,2016-05-16,22,2615.0,2858.705792893838,243.70579289383795
CA_3,FOODS_3,CA,d_1936,2016-05-17,23,2472.0,2561.300455942857,89.30045594285684
CA_3,FOODS_3,CA,d_1937,2016-05-18,24,2476.0,2434.9020020567773,-41.09799794322271
CA_3,FOODS_3,CA,d_1938,2016-05-19,25,2494.0,2442.5196254021826,-51.480374597817445
CA_3,FOODS_3,CA,d_1939,2016-05-20,26,2520.0,2639.6982789586273,119.69827895862727
CA_3,FOODS_3,CA,d_1940,2016-05-21,27,3102.0,3145.154872550773,43.15487255077278
CA_3,FOODS_3,CA,d_1941,2016-05-22,28,3573.0,3482.086114675898,-90.91388532410201
CA_3,HOBBIES_1,CA,d_1914,2016-04-25,1,479.0,498.7344696813722,19.734469681372218
CA_3,HOBBIES_1,CA,d_1915,2016-04-26,2,563.0,470.4614040103727,-92.53859598962731
CA_3,HOBBIES_1,CA,d_1916,2016-04-27,3,378.0,468.3705942823995,90.37059428239951
CA_3,HOBBIES_1,CA,d_1917,2016-04-28,4,435.0,468.57398093834684,33.573980938346836
CA_3,HOBBIES_1,CA,d_1918,2016-04-29,5,477.0,495.23688276326556,18.236882763265555
CA_3,HOBBIES_1,CA,d_1919,2016-04-30,6,576.0,600.7845599674048,24.78455996740479
CA_3,HOBBIES_1,CA,d_1920,2016-05-01,7,658.0,624.7956026410683,-33.204397358931715
CA_3,HOBBIES_1,CA,d_1921,2016-05-02,8,573.0,559.1911112958248,-13.80888870417516
CA_3,HOBBIES_1,CA,d_1922,2016-05-03,9,585.0,532.2976212409726,-52.7023787590274
CA_3,HOBBIES_1,CA,d_1923,2016-05-04,10,482.0,489.2170511759716,7.217051175971619
CA_3,HOBBIES_1,CA,d_1924,2016-05-05,11,483.0,473.8662383255982,-9.133761674401796
CA_3,HOBBIES_1,CA,d_1925,2016-05-06,12,443.0,525.4178170436414,82.41781704364143
CA_3,HOBBIES_1,CA,d_1926,2016-05-07,13,653.0,638.0047223838138,-14.995277616186172
CA_3,HOBBIES_1,CA,d_1927,2016-05-08,14,509.0,483.29043967881694,-25.709560321183062
CA_3,HOBBIES_1,CA,d_1928,2016-05-09,15,530.0,522.8093287829823,-7.190671217017666
CA_3,HOBBIES_1,CA,d_1929,2016-05-10,16,469.0,490.8195182001096,21.8195182001096
CA_3,HOBBIES_1,CA,d_1930,2016-05-11,17,505.0,482.87894981212725,-22.121050187872754
CA_3,HOBBIES_1,CA,d_1931,2016-05-12,18,381.0,483.5666684585198,102.56666845851981
CA_3,HOBBIES_1,CA,d_1932,2016-05-13,19,428.0,503.3067050555963,75.3067050555963
CA_3,HOBBIES_1,CA,d_1933,2016-05-14,20,593.0,621.6456652207128,28.64566522071277
CA_3,HOBBIES_1,CA,d_1934,2016-05-15,21,641.0,615.0494427235735,-25.95055727642648
CA_3,HOBBIES_1,CA,d_1935,2016-05-16,22,432.0,522.5043019348689,90.50430193486886
CA_3,HOBBIES_1,CA,d_1936,2016-05-17,23,471.0,478.96026859468395,7.960268594683953
CA_3,HOBBIES_1,CA,d_1937,2016-05-18,24,503.0,472.66399437909763,-30.33600562090237
CA_3,HOBBIES_1,CA,d_1938,2016-05-19,25,525.0,474.65657507454046,-50.343424925459544
CA_3,HOBBIES_1,CA,d_1939,2016-05-20,26,522.0,497.87990918450515,-24.120090815494848
CA_3,HOBBIES_1,CA,d_1940,2016-05-21,27,605.0,603.4809393285051,-1.5190606714949126
CA_3,HOBBIES_1,CA,d_1941,2016-05-22,28,655.0,595.6986508101509,-59.301349189849134
CA_3,HOBBIES_2,CA,d_1914,2016-04-25,1,80.0,53.23693889911833,-26.76306110088167
CA_3,HOBBIES_2,CA,d_1915,2016-04-26,2,73.0,53.58933457175386,-19.41066542824614
CA_3,HOBBIES_2,CA,d_1916,2016-04-27,3,101.0,52.538308675856264,-48.461691324143736
CA_3,HOBBIES_2,CA,d_1917,2016-04-28,4,101.0,52.27789779552808,-48.72210220447192
CA_3,HOBBIES_2,CA,d_1918,2016-04-29,5,79.0,55.02194360280183,-23.978056397198173
CA_3,HOBBIES_2,CA,d_1919,2016-04-30,6,131.0,54.455627150136436,-76.54437284986356
CA_3,HOBBIES_2,CA,d_1920,2016-05-01,7,115.0,53.888059796643574,-61.111940203356426
CA_3,HOBBIES_2,CA,d_1921,2016-05-02,8,70.0,53.1994392232207,-16.8005607767793
CA_3,HOBBIES_2,CA,d_1922,2016-05-03,9,76.0,54.48759229124102,-21.51240770875898
CA_3,HOBBIES_2,CA,d_1923,2016-05-04,10,92.0,50.76378224376091,-41.23621775623909
CA_3,HOBBIES_2,CA,d_1924,2016-05-05,11,83.0,47.233516814156054,-35.766483185843946
CA_3,HOBBIES_2,CA,d_1925,2016-05-06,12,53.0,52.38103933175153,-0.6189606682484694
CA_3,HOBBIES_2,CA,d_1926,2016-05-07,13,77.0,56.17949646638399,-20.820503533616012
CA_3,HOBBIES_2,CA,d_1927,2016-05-08,14,75.0,45.94625316166097,-29.05374683833903
CA_3,HOBBIES_2,CA,d_1928,2016-05-09,15,55.0,50.37830005618095,-4.621699943819053
CA_3,HOBBIES_2,CA,d_1929,2016-05-10,16,68.0,50.730695728816485,-17.269304271183515
CA_3,HOBBIES_2,CA,d_1930,2016-05-11,17,48.0,50.70294870791088,2.7029487079108776
CA_3,HOBBIES_2,CA,d_1931,2016-05-12,18,55.0,50.92686981802793,-4.073130181972068
CA_3,HOBBIES_2,CA,d_1932,2016-05-13,19,74.0,52.68892010163739,-21.311079898362607
CA_3,HOBBIES_2,CA,d_1933,2016-05-14,20,72.0,56.487377236269836,-15.512622763730164
CA_3,HOBBIES_2,CA,d_1934,2016-05-15,21,72.0,56.18175370337464,-15.818246296625361
CA_3,HOBBIES_2,CA,d_1935,2016-05-16,22,50.0,50.69967737761657,0.6996773776165668
CA_3,HOBBIES_2,CA,d_1936,2016-05-17,23,61.0,51.04193550961335,-9.958064490386647
CA_3,HOBBIES_2,CA,d_1937,2016-05-18,24,62.0,50.692811167272126,-11.307188832727874
CA_3,HOBBIES_2,CA,d_1938,2016-05-19,25,71.0,50.91673227738918,-20.08326772261082
CA_3,HOBBIES_2,CA,d_1939,2016-05-20,26,49.0,53.176446094217695,4.176446094217695
CA_3,HOBBIES_2,CA,d_1940,2016-05-21,27,70.0,56.97490322885014,-13.025096771149862
CA_3,HOBBIES_2,CA,d_1941,2016-05-22,28,99.0,56.6759046920393,-42.3240953079607
CA_3,HOUSEHOLD_1,CA,d_1914,2016-04-25,1,1346.0,1391.6891410751236,45.68914107512364
CA_3,HOUSEHOLD_1,CA,d_1915,2016-04-26,2,1160.0,1255.917586434961,95.9175864349611
CA_3,HOUSEHOLD_1,CA,d_1916,2016-04-27,3,1073.0,1237.1580753190476,164.1580753190476
CA_3,HOUSEHOLD_1,CA,d_1917,2016-04-28,4,1113.0,1235.8151084802776,122.81510848027756
CA_3,HOUSEHOLD_1,CA,d_1918,2016-04-29,5,1335.0,1375.9647116477477,40.96471164774766
CA_3,HOUSEHOLD_1,CA,d_1919,2016-04-30,6,1637.0,1758.1017649095056,121.10176490950562
CA_3,HOUSEHOLD_1,CA,d_1920,2016-05-01,7,1781.0,1845.222892067006,64.22289206700589
CA_3,HOUSEHOLD_1,CA,d_1921,2016-05-02,8,1608.0,1513.6228507447508,-94.37714925524915
CA_3,HOUSEHOLD_1,CA,d_1922,2016-05-03,9,1463.0,1389.1640699139316,-73.8359300860684
CA_3,HOUSEHOLD_1,CA,d_1923,2016-05-04,10,1255.0,1332.3196470034366,77.31964700343656
CA_3,HOUSEHOLD_1,CA,d_1924,2016-05-05,11,1265.0,1184.449538525004,-80.55046147499593
CA_3,HOUSEHOLD_1,CA,d_1925,2016-05-06,12,1368.0,1443.1775267274397,75.17752672743973
CA_3,HOUSEHOLD_1,CA,d_1926,2016-05-07,13,1644.0,1816.24960921334,172.2496092133399
CA_3,HOUSEHOLD_1,CA,d_1927,2016-05-08,14,1392.0,1637.228681916497,245.22868191649695
CA_3,HOUSEHOLD_1,CA,d_1928,2016-05-09,15,1462.0,1492.715432242042,30.71543224204197
CA_3,HOUSEHOLD_1,CA,d_1929,2016-05-10,16,1213.0,1367.2368213371174,154.23682133711736
CA_3,HOUSEHOLD_1,CA,d_1930,2016-05-11,17,1365.0,1287.6409873912323,-77.35901260876767
CA_3,HOUSEHOLD_1,CA,d_1931,2016-05-12,18,1195.0,1287.7919156516418,92.79191565164183
CA_3,HOUSEHOLD_1,CA,d_1932,2016-05-13,19,1333.0,1395.8899908379763,62.889990837976256
CA_3,HOUSEHOLD_1,CA,d_1933,2016-05-14,20,1600.0,1763.1927576746384,163.19275767463841
CA_3,HOUSEHOLD_1,CA,d_1934,2016-05-15,21,1754.0,1862.2905873870177,108.2905873870177
CA_3,HOUSEHOLD_1,CA,d_1935,2016-05-16,22,1358.0,1451.569775476017,93.56977547601696
CA_3,HOUSEHOLD_1,CA,d_1936,2016-05-17,23,1098.0,1301.379732531707,203.37973253170708
CA_3,HOUSEHOLD_1,CA,d_1937,2016-05-18,24,1021.0,1283.0673281081101,262.06732810811013
CA_3,HOUSEHOLD_1,CA,d_1938,2016-05-19,25,1183.0,1267.6578401588947,84.65784015889471
CA_3,HOUSEHOLD_1,CA,d_1939,2016-05-20,26,1105.0,1381.5495330402127,276.54953304021274
CA_3,HOUSEHOLD_1,CA,d_1940,2016-05-21,27,1558.0,1728.4664900354403,170.4664900354403
CA_3,HOUSEHOLD_1,CA,d_1941,2016-05-22,28,1793.0,1830.5534896631832,37.5534896631832
CA_3,HOUSEHOLD_2,CA,d_1914,2016-04-25,1,348.0,305.23226754398576,-42.767732456014244
CA_3,HOUSEHOLD_2,CA,d_1915,2016-04-26,2,311.0,298.19198314886887,-12.808016851131129
CA_3,HOUSEHOLD_2,CA,d_1916,2016-04-27,3,279.0,296.9529246862445,17.9529246862445
CA_3,HOUSEHOLD_2,CA,d_1917,2016-04-28,4,251.0,297.1563113421918,46.15631134219183
CA_3,HOUSEHOLD_2,CA,d_1918,2016-04-29,5,311.0,328.3398454745023,17.339845474502283
CA_3,HOUSEHOLD_2,CA,d_1919,2016-04-30,6,398.0,382.6250900188988,-15.374909981101212
CA_3,HOUSEHOLD_2,CA,d_1920,2016-05-01,7,396.0,394.3239819207148,-1.6760180792851997
CA_3,HOUSEHOLD_2,CA,d_1921,2016-05-02,8,367.0,323.76218050610123,-43.23781949389877
CA_3,HOUSEHOLD_2,CA,d_1922,2016-05-03,9,318.0,318.74718403171215,0.7471840317121519
CA_3,HOUSEHOLD_2,CA,d_1923,2016-05-04,10,262.0,310.7918047211138,48.791804721113806
CA_3,HOUSEHOLD_2,CA,d_1924,2016-05-05,11,339.0,301.6673706050262,-37.33262939497382
CA_3,HOUSEHOLD_2,CA,d_1925,2016-05-06,12,335.0,337.7648603781088,2.7648603781087786
CA_3,HOUSEHOLD_2,CA,d_1926,2016-05-07,13,463.0,398.4143970568929,-64.58560294310712
CA_3,HOUSEHOLD_2,CA,d_1927,2016-05-08,14,440.0,353.9558105951583,-86.04418940484169
CA_3,HOUSEHOLD_2,CA,d_1928,2016-05-09,15,328.0,318.09398740011045,-9.90601259988955
CA_3,HOUSEHOLD_2,CA,d_1929,2016-05-10,16,335.0,310.9467507728962,-24.053249227103777
CA_3,HOUSEHOLD_2,CA,d_1930,2016-05-11,17,351.0,305.62754917261543,-45.37245082738457
CA_3,HOUSEHOLD_2,CA,d_1931,2016-05-12,18,293.0,306.315267819008,13.315267819008
CA_3,HOUSEHOLD_2,CA,d_1932,2016-05-13,19,347.0,335.3368023755452,-11.663197624454824
CA_3,HOUSEHOLD_2,CA,d_1933,2016-05-14,20,453.0,397.26435127198636,-55.73564872801364
CA_3,HOUSEHOLD_2,CA,d_1934,2016-05-15,21,522.0,400.67504809128684,-121.32495190871316
CA_3,HOUSEHOLD_2,CA,d_1935,2016-05-16,22,366.0,314.22695472988886,-51.77304527011114
CA_3,HOUSEHOLD_2,CA,d_1936,2016-05-17,23,402.0,304.5075357269339,-97.4924642730661
CA_3,HOUSEHOLD_2,CA,d_1937,2016-05-18,24,364.0,301.7713548543273,-62.228645145672715
CA_3,HOUSEHOLD_2,CA,d_1938,2016-05-19,25,345.0,299.04777021227244,-45.95222978772756
CA_3,HOUSEHOLD_2,CA,d_1939,2016-05-20,26,369.0,329.74374547360463,-39.25625452639537
CA_3,HOUSEHOLD_2,CA,d_1940,2016-05-21,27,525.0,387.799863144864,-137.200136855136
CA_3,HOUSEHOLD_2,CA,d_1941,2016-05-22,28,528.0,393.0697203108484,-134.93027968915158
CA_4,FOODS_1,CA,d_1914,2016-04-25,1,233.0,196.09310870304407,-36.90689129695593
CA_4,FOODS_1,CA,d_1915,2016-04-26,2,324.0,196.29867529907293,-127.70132470092707
CA_4,FOODS_1,CA,d_1916,2016-04-27,3,226.0,221.73935312826086,-4.260646871739141
CA_4,FOODS_1,CA,d_1917,2016-04-28,4,213.0,221.98449376243752,8.984493762437523
CA_4,FOODS_1,CA,d_1918,2016-04-29,5,255.0,259.2493667011615,4.2493667011614775
CA_4,FOODS_1,CA,d_1919,2016-04-30,6,280.0,249.42925514991114,-30.570744850088857
CA_4,FOODS_1,CA,d_1920,2016-05-01,7,343.0,237.49959779691258,-105.50040220308742
CA_4,FOODS_1,CA,d_1921,2016-05-02,8,275.0,204.38182780942498,-70.61817219057502
CA_4,FOODS_1,CA,d_1922,2016-05-03,9,251.0,206.1116339639835,-44.88836603601649
CA_4,FOODS_1,CA,d_1923,2016-05-04,10,212.0,200.48393030896557,-11.516069691034431
CA_4,FOODS_1,CA,d_1924,2016-05-05,11,266.0,198.33025803601655,-67.66974196398345
CA_4,FOODS_1,CA,d_1925,2016-05-06,12,303.0,228.83709289823696,-74.16290710176304
CA_4,FOODS_1,CA,d_1926,2016-05-07,13,341.0,241.51215157421078,-99.48784842578922
CA_4,FOODS_1,CA,d_1927,2016-05-08,14,256.0,216.31037513791244,-39.689624862087555
CA_4,FOODS_1,CA,d_1928,2016-05-09,15,231.0,201.2008093338456,-29.799190666154402
CA_4,FOODS_1,CA,d_1929,2016-05-10,16,263.0,201.40637592987446,-61.59362407012554
CA_4,FOODS_1,CA,d_1930,2016-05-11,17,253.0,198.98719275897164,-54.012807241028355
CA_4,FOODS_1,CA,d_1931,2016-05-12,18,201.0,200.20552944282355,-0.794470557176453
CA_4,FOODS_1,CA,d_1932,2016-05-13,19,284.0,226.19562829809362,-57.804371701906376
CA_4,FOODS_1,CA,d_1933,2016-05-14,20,294.0,239.2858737520408,-54.7141262479592
CA_4,FOODS_1,CA,d_1934,2016-05-15,21,242.0,234.56425667506605,-7.435743324933952
CA_4,FOODS_1,CA,d_1935,2016-05-16,22,286.0,199.3187830720109,-86.68121692798911
CA_4,FOODS_1,CA,d_1936,2016-05-17,23,243.0,198.20537341382666,-44.79462658617334
CA_4,FOODS_1,CA,d_1937,2016-05-18,24,244.0,197.66821650475856,-46.33178349524144
CA_4,FOODS_1,CA,d_1938,2016-05-19,25,222.0,198.88655318861046,-23.113446811389537
CA_4,FOODS_1,CA,d_1939,2016-05-20,26,280.0,228.27253337318092,-51.72746662681908
CA_4,FOODS_1,CA,d_1940,2016-05-21,27,285.0,240.3243558211128,-44.67564417888721
CA_4,FOODS_1,CA,d_1941,2016-05-22,28,321.0,236.07187632292772,-84.92812367707228
CA_4,FOODS_2,CA,d_1914,2016-04-25,1,408.0,342.7377427480445,-65.26225725195548
CA_4,FOODS_2,CA,d_1915,2016-04-26,2,354.0,314.5429408798599,-39.457059120140116
CA_4,FOODS_2,CA,d_1916,2016-04-27,3,304.0,311.56899717287763,7.56899717287763
CA_4,FOODS_2,CA,d_1917,2016-04-28,4,277.0,307.1757012281275,30.17570122812748
CA_4,FOODS_2,CA,d_1918,2016-04-29,5,319.0,324.8777093587857,5.877709358785694
CA_4,FOODS_2,CA,d_1919,2016-04-30,6,380.0,378.2521333409103,-1.7478666590897092
CA_4,FOODS_2,CA,d_1920,2016-05-01,7,536.0,465.0134313113462,-70.98656868865379
CA_4,FOODS_2,CA,d_1921,2016-05-02,8,447.0,445.3742359394245,-1.6257640605754773
CA_4,FOODS_2,CA,d_1922,2016-05-03,9,395.0,393.96727243182187,-1.0327275681781316
CA_4,FOODS_2,CA,d_1923,2016-05-04,10,345.0,384.35165614653806,39.35165614653806
CA_4,FOODS_2,CA,d_1924,2016-05-05,11,367.0,368.25374169321026,1.2537416932102587
CA_4,FOODS_2,CA,d_1925,2016-05-06,12,337.0,387.6447932944965,50.64479329449648
CA_4,FOODS_2,CA,d_1926,2016-05-07,13,420.0,448.4697508395325,28.46975083953248
CA_4,FOODS_2,CA,d_1927,2016-05-08,14,407.0,389.4058694222566,-17.594130577743385
CA_4,FOODS_2,CA,d_1928,2016-05-09,15,474.0,449.2593247274066,-24.74067527259342
CA_4,FOODS_2,CA,d_1929,2016-05-10,16,388.0,393.4710338313738,5.471033831373802
CA_4,FOODS_2,CA,d_1930,2016-05-11,17,358.0,339.50282214744436,-18.497177852555637
CA_4,FOODS_2,CA,d_1931,2016-05-12,18,336.0,336.0827222523694,0.08272225236942177
CA_4,FOODS_2,CA,d_1932,2016-05-13,19,335.0,347.6903835836082,12.690383583608195
CA_4,FOODS_2,CA,d_1933,2016-05-14,20,409.0,418.5956050224636,9.595605022463587
CA_4,FOODS_2,CA,d_1934,2016-05-15,21,549.0,442.7373191978504,-106.26268080214959
CA_4,FOODS_2,CA,d_1935,2016-05-16,22,431.0,397.81828898745107,-33.18171101254893
CA_4,FOODS_2,CA,d_1936,2016-05-17,23,382.0,333.8689410921123,-48.13105890788768
CA_4,FOODS_2,CA,d_1937,2016-05-18,24,305.0,326.23127573823416,21.23127573823416
CA_4,FOODS_2,CA,d_1938,2016-05-19,25,329.0,316.8800479611695,-12.11995203883049
CA_4,FOODS_2,CA,d_1939,2016-05-20,26,375.0,331.4282086323477,-43.57179136765228
CA_4,FOODS_2,CA,d_1940,2016-05-21,27,404.0,395.4092000854443,-8.590799914555703
CA_4,FOODS_2,CA,d_1941,2016-05-22,28,489.0,416.5930593062977,-72.40694069370232
CA_4,FOODS_3,CA,d_1914,2016-04-25,1,1200.0,1149.3157954838694,-50.68420451613065
CA_4,FOODS_3,CA,d_1915,2016-04-26,2,1014.0,1082.2131845705414,68.21318457054144
CA_4,FOODS_3,CA,d_1916,2016-04-27,3,1086.0,1097.107383811019,11.107383811018963
CA_4,FOODS_3,CA,d_1917,2016-04-28,4,977.0,1096.2851160217533,119.28511602175331
CA_4,FOODS_3,CA,d_1918,2016-04-29,5,1144.0,1216.5297662402415,72.52976624024154
CA_4,FOODS_3,CA,d_1919,2016-04-30,6,1270.0,1334.0163323455847,64.01633234558471
CA_4,FOODS_3,CA,d_1920,2016-05-01,7,1412.0,1368.297608543046,-43.70239145695405
CA_4,FOODS_3,CA,d_1921,2016-05-02,8,1297.0,1198.8158499891954,-98.18415001080461
CA_4,FOODS_3,CA,d_1922,2016-05-03,9,1141.0,1105.980482443316,-35.01951755668392
CA_4,FOODS_3,CA,d_1923,2016-05-04,10,1150.0,1082.2175393414764,-67.78246065852363
CA_4,FOODS_3,CA,d_1924,2016-05-05,11,1002.0,1054.760909881581,52.76090988158103
CA_4,FOODS_3,CA,d_1925,2016-05-06,12,1046.0,1196.9350785539855,150.93507855398548
CA_4,FOODS_3,CA,d_1926,2016-05-07,13,1251.0,1354.8375614659692,103.8375614659692
CA_4,FOODS_3,CA,d_1927,2016-05-08,14,1161.0,1251.0133618408117,90.01336184081174
CA_4,FOODS_3,CA,d_1928,2016-05-09,15,1388.0,1192.941393415707,-195.0586065842931
CA_4,FOODS_3,CA,d_1929,2016-05-10,16,1168.0,1093.9572155346154,-74.04278446538456
CA_4,FOODS_3,CA,d_1930,2016-05-11,17,1081.0,1078.9894703662294,-2.0105296337706022
CA_4,FOODS_3,CA,d_1931,2016-05-12,18,1147.0,1079.140398626639,-67.8596013733611
CA_4,FOODS_3,CA,d_1932,2016-05-13,19,1048.0,1177.2031927512405,129.20319275124052
CA_4,FOODS_3,CA,d_1933,2016-05-14,20,1415.0,1337.930176986055,-77.0698230139451
CA_4,FOODS_3,CA,d_1934,2016-05-15,21,1424.0,1371.2063175210892,-52.793682478910796
CA_4,FOODS_3,CA,d_1935,2016-05-16,22,1357.0,1182.064755981669,-174.9352440183311
CA_4,FOODS_3,CA,d_1936,2016-05-17,23,1200.0,1083.5571985886077,-116.44280141139234
CA_4,FOODS_3,CA,d_1937,2016-05-18,24,1114.0,1077.6819338145835,-36.318066185416455
CA_4,FOODS_3,CA,d_1938,2016-05-19,25,1064.0,1075.7394264975726,11.739426497572595
CA_4,FOODS_3,CA,d_1939,2016-05-20,26,1030.0,1175.7123997643916,145.71239976439165
CA_4,FOODS_3,CA,d_1940,2016-05-21,27,1200.0,1332.2488131957402,132.24881319574024
CA_4,FOODS_3,CA,d_1941,2016-05-22,28,1566.0,1357.687606831425,-208.312393168575
CA_4,HOBBIES_1,CA,d_1914,2016-04-25,1,391.0,329.8530769394347,-61.146923060565314
CA_4,HOBBIES_1,CA,d_1915,2016-04-26,2,269.0,320.9526124742508,51.95261247425083
CA_4,HOBBIES_1,CA,d_1916,2016-04-27,3,428.0,319.42704065016034,-108.57295934983966
CA_4,HOBBIES_1,CA,d_1917,2016-04-28,4,345.0,319.22946000938214,-25.770539990617863
CA_4,HOBBIES_1,CA,d_1918,2016-04-29,5,275.0,340.9947809821074,65.99478098210739
CA_4,HOBBIES_1,CA,d_1919,2016-04-30,6,509.0,391.1304019177032,-117.86959808229682
CA_4,HOBBIES_1,CA,d_1920,2016-05-01,7,298.0,405.73541209185527,107.73541209185527
CA_4,HOBBIES_1,CA,d_1921,2016-05-02,8,426.0,354.4671961638345,-71.5328038361655
CA_4,HOBBIES_1,CA,d_1922,2016-05-03,9,571.0,345.6252828292539,-225.37471717074612
CA_4,HOBBIES_1,CA,d_1923,2016-05-04,10,299.0,330.15003132925506,31.150031329255057
CA_4,HOBBIES_1,CA,d_1924,2016-05-05,11,340.0,320.2102903001342,-19.789709699865796
CA_4,HOBBIES_1,CA,d_1925,2016-05-06,12,301.0,357.50838179449977,56.50838179449977
CA_4,HOBBIES_1,CA,d_1926,2016-05-07,13,351.0,413.2878735268755,62.2878735268755
CA_4,HOBBIES_1,CA,d_1927,2016-05-08,14,326.0,328.9827489440067,2.982748944006687
CA_4,HOBBIES_1,CA,d_1928,2016-05-09,15,363.0,342.22849939835623,-20.771500601643766
CA_4,HOBBIES_1,CA,d_1929,2016-05-10,16,410.0,332.21975896199433,-77.78024103800567
CA_4,HOBBIES_1,CA,d_1930,2016-05-11,17,353.0,322.98026833560766,-30.01973166439234
CA_4,HOBBIES_1,CA,d_1931,2016-05-12,18,391.0,323.2670196852747,-67.7329803147253
CA_4,HOBBIES_1,CA,d_1932,2016-05-13,19,342.0,346.3845947407548,4.384594740754778
CA_4,HOBBIES_1,CA,d_1933,2016-05-14,20,457.0,404.74660701955037,-52.25339298044963
CA_4,HOBBIES_1,CA,d_1934,2016-05-15,21,393.0,394.7190031259371,1.7190031259370926
CA_4,HOBBIES_1,CA,d_1935,2016-05-16,22,303.0,337.07351539045237,34.07351539045237
CA_4,HOBBIES_1,CA,d_1936,2016-05-17,23,327.0,322.0006296688999,-4.999370331100124
CA_4,HOBBIES_1,CA,d_1937,2016-05-18,24,303.0,317.8169278239378,14.816927823937817
CA_4,HOBBIES_1,CA,d_1938,2016-05-19,25,351.0,316.8579487841251,-34.142051215874915
CA_4,HOBBIES_1,CA,d_1939,2016-05-20,26,405.0,337.42228043588733,-67.57771956411267
CA_4,HOBBIES_1,CA,d_1940,2016-05-21,27,517.0,392.17047490899773,-124.82952509100227
CA_4,HOBBIES_1,CA,d_1941,2016-05-22,28,424.0,384.0020313620684,-39.99796863793159
CA_4,HOBBIES_2,CA,d_1914,2016-04-25,1,16.0,21.740206204235072,5.740206204235072
CA_4,HOBBIES_2,CA,d_1915,2016-04-26,2,19.0,22.26072916828737,3.2607291682873694
CA_4,HOBBIES_2,CA,d_1916,2016-04-27,3,15.0,21.96194486887144,6.961944868871441
CA_4,HOBBIES_2,CA,d_1917,2016-04-28,4,17.0,21.4313359910792,4.431335991079202
CA_4,HOBBIES_2,CA,d_1918,2016-04-29,5,13.0,22.52569158284135,9.52569158284135
CA_4,HOBBIES_2,CA,d_1919,2016-04-30,6,11.0,21.0574995227058,10.0574995227058
CA_4,HOBBIES_2,CA,d_1920,2016-05-01,7,27.0,18.928917330288886,-8.071082669711114
CA_4,HOBBIES_2,CA,d_1921,2016-05-02,8,36.0,20.69184267851492,-15.30815732148508
CA_4,HOBBIES_2,CA,d_1922,2016-05-03,9,16.0,20.791973625389478,4.791973625389478
CA_4,HOBBIES_2,CA,d_1923,2016-05-04,10,24.0,20.235920264167124,-3.764079735832876
CA_4,HOBBIES_2,CA,d_1924,2016-05-05,11,25.0,17.0238755952182,-7.9761244047818
CA_4,HOBBIES_2,CA,d_1925,2016-05-06,12,17.0,20.400549747783387,3.400549747783387
CA_4,HOBBIES_2,CA,d_1926,2016-05-07,13,22.0,21.203409600892222,-0.7965903991077781
CA_4,HOBBIES_2,CA,d_1927,2016-05-08,14,29.0,13.03767085091103,-15.96232914908897
CA_4,HOBBIES_2,CA,d_1928,2016-05-09,15,30.0,19.798446919085848,-10.201553080914152
CA_4,HOBBIES_2,CA,d_1929,2016-05-10,16,16.0,20.318969883138145,4.318969883138145
CA_4,HOBBIES_2,CA,d_1930,2016-05-11,17,21.0,20.481318824791252,-0.5186811752087479
CA_4,HOBBIES_2,CA,d_1931,2016-05-12,18,12.0,20.249390933147716,8.249390933147716
CA_4,HOBBIES_2,CA,d_1932,2016-05-13,19,29.0,20.54740200554211,-8.45259799445789
CA_4,HOBBIES_2,CA,d_1933,2016-05-14,20,23.0,21.350261858650946,-1.6497381413490544
CA_4,HOBBIES_2,CA,d_1934,2016-05-15,21,20.0,21.411691794623042,1.4116917946230423
CA_4,HOBBIES_2,CA,d_1935,2016-05-16,22,26.0,19.95879572839434,-6.041204271605661
CA_4,HOBBIES_2,CA,d_1936,2016-05-17,23,12.0,20.469181151807888,8.469181151807888
CA_4,HOBBIES_2,CA,d_1937,2016-05-18,24,23.0,20.471181284152504,-2.528818715847496
CA_4,HOBBIES_2,CA,d_1938,2016-05-19,25,25.0,20.239253392508967,-4.760746607491033
CA_4,HOBBIES_2,CA,d_1939,2016-05-20,26,26.0,21.034927998122413,-4.965072001877587
CA_4,HOBBIES_2,CA,d_1940,2016-05-21,27,28.0,21.695069691813142,-6.304930308186858
CA_4,HOBBIES_2,CA,d_1941,2016-05-22,28,30.0,21.763124623869604,-8.236875376130396
CA_4,HOUSEHOLD_1,CA,d_1914,2016-04-25,1,384.0,395.80433017554503,11.804330175545033
CA_4,HOUSEHOLD_1,CA,d_1915,2016-04-26,2,359.0,359.9996722664962,0.9996722664961908
CA_4,HOUSEHOLD_1,CA,d_1916,2016-04-27,3,344.0,357.6214982665207,13.621498266520689
CA_4,HOUSEHOLD_1,CA,d_1917,2016-04-28,4,323.0,357.4239176257425,34.42391762574249
CA_4,HOUSEHOLD_1,CA,d_1918,2016-04-29,5,338.0,402.3960119743415,64.39601197434149
CA_4,HOUSEHOLD_1,CA,d_1919,2016-04-30,6,413.0,496.4951817650664,83.49518176506638
CA_4,HOUSEHOLD_1,CA,d_1920,2016-05-01,7,444.0,501.8156805589654,57.815680558965425
CA_4,HOUSEHOLD_1,CA,d_1921,2016-05-02,8,496.0,448.45533514244335,-47.544664857556654
CA_4,HOUSEHOLD_1,CA,d_1922,2016-05-03,9,408.0,414.4350744555078,6.435074455507788
CA_4,HOUSEHOLD_1,CA,d_1923,2016-05-04,10,393.0,387.07976370574494,-5.920236294255062
CA_4,HOUSEHOLD_1,CA,d_1924,2016-05-05,11,323.0,374.69125302321885,51.69125302321885
CA_4,HOUSEHOLD_1,CA,d_1925,2016-05-06,12,358.0,428.399568263714,70.399568263714
CA_4,HOUSEHOLD_1,CA,d_1926,2016-05-07,13,490.0,500.42152111150926,10.421521111509264
CA_4,HOUSEHOLD_1,CA,d_1927,2016-05-08,14,357.0,399.9388698531029,42.938869853102915
CA_4,HOUSEHOLD_1,CA,d_1928,2016-05-09,15,464.0,426.17875355650085,-37.82124644349915
CA_4,HOUSEHOLD_1,CA,d_1929,2016-05-10,16,426.0,388.8460770640391,-37.15392293596091
CA_4,HOUSEHOLD_1,CA,d_1930,2016-05-11,17,397.0,367.4945346508411,-29.505465349158897
CA_4,HOUSEHOLD_1,CA,d_1931,2016-05-12,18,416.0,367.78128600050815,-48.218713999491854
CA_4,HOUSEHOLD_1,CA,d_1932,2016-05-13,19,449.0,412.93478363448156,-36.06521636551844
CA_4,HOUSEHOLD_1,CA,d_1933,2016-05-14,20,470.0,500.27749496293967,30.27749496293967
CA_4,HOUSEHOLD_1,CA,d_1934,2016-05-15,21,509.0,498.7073154381464,-10.292684561853605
CA_4,HOUSEHOLD_1,CA,d_1935,2016-05-16,22,484.0,412.3814943644503,-71.6185056355497
CA_4,HOUSEHOLD_1,CA,d_1936,2016-05-17,23,426.0,360.18919220004693,-65.81080779995307
CA_4,HOUSEHOLD_1,CA,d_1937,2016-05-18,24,372.0,355.15288817919986,-16.847111820800137
CA_4,HOUSEHOLD_1,CA,d_1938,2016-05-19,25,412.0,354.8602589792893,-57.13974102071069
CA_4,HOUSEHOLD_1,CA,d_1939,2016-05-20,26,433.0,397.42271650184557,-35.57728349815443
CA_4,HOUSEHOLD_1,CA,d_1940,2016-05-21,27,523.0,479.85456608576567,-43.14543391423433
CA_4,HOUSEHOLD_1,CA,d_1941,2016-05-22,28,563.0,481.31069004197604,-81.68930995802396
CA_4,HOUSEHOLD_2,CA,d_1914,2016-04-25,1,135.0,140.1277161042467,5.127716104246701
CA_4,HOUSEHOLD_2,CA,d_1915,2016-04-26,2,156.0,138.90992709343746,-17.09007290656254
CA_4,HOUSEHOLD_2,CA,d_1916,2016-04-27,3,126.0,138.42413910142264,12.42413910142264
CA_4,HOUSEHOLD_2,CA,d_1917,2016-04-28,4,125.0,138.22655846064438,13.226558460644384
CA_4,HOUSEHOLD_2,CA,d_1918,2016-04-29,5,176.0,151.9760050465188,-24.023994953481207
CA_4,HOUSEHOLD_2,CA,d_1919,2016-04-30,6,160.0,170.8966627131448,10.896662713144792
CA_4,HOUSEHOLD_2,CA,d_1920,2016-05-01,7,211.0,170.00620896798242,-40.99379103201758
CA_4,HOUSEHOLD_2,CA,d_1921,2016-05-02,8,136.0,139.44034310325796,3.440343103257959
CA_4,HOUSEHOLD_2,CA,d_1922,2016-05-03,9,152.0,139.38938119422997,-12.61061880577003
CA_4,HOUSEHOLD_2,CA,d_1923,2016-05-04,10,162.0,136.26685172780816,-25.73314827219184
CA_4,HOUSEHOLD_2,CA,d_1924,2016-05-05,11,143.0,134.12243219365618,-8.87756780634382
CA_4,HOUSEHOLD_2,CA,d_1925,2016-05-06,12,138.0,149.83396175847923,11.833961758479234
CA_4,HOUSEHOLD_2,CA,d_1926,2016-05-07,13,193.0,167.7675687676371,-25.2324312323629
CA_4,HOUSEHOLD_2,CA,d_1927,2016-05-08,14,139.0,151.67688401008857,12.676884010088571
CA_4,HOUSEHOLD_2,CA,d_1928,2016-05-09,15,150.0,137.91881483227425,-12.08118516772575
CA_4,HOUSEHOLD_2,CA,d_1929,2016-05-10,16,144.0,136.701025821465,-7.298974178534991
CA_4,HOUSEHOLD_2,CA,d_1930,2016-05-11,17,140.0,136.26570361064728,-3.7342963893527212
CA_4,HOUSEHOLD_2,CA,d_1931,2016-05-12,18,156.0,136.55245496031426,-19.447545039685735
CA_4,HOUSEHOLD_2,CA,d_1932,2016-05-13,19,148.0,149.31990602252438,1.3199060225243784
CA_4,HOUSEHOLD_2,CA,d_1933,2016-05-14,20,188.0,167.33991038356166,-20.66008961643834
CA_4,HOUSEHOLD_2,CA,d_1934,2016-05-15,21,181.0,169.75812922209772,-11.241870777902278
CA_4,HOUSEHOLD_2,CA,d_1935,2016-05-16,22,137.0,137.83261696379773,0.832616963797733
CA_4,HOUSEHOLD_2,CA,d_1936,2016-05-17,23,125.0,136.2899943119491,11.289994311949101
CA_4,HOUSEHOLD_2,CA,d_1937,2016-05-18,24,158.0,135.9408699696079,-22.05913003039211
CA_4,HOUSEHOLD_2,CA,d_1938,2016-05-19,25,141.0,136.22762131927487,-4.772378680725126
CA_4,HOUSEHOLD_2,CA,d_1939,2016-05-20,26,155.0,149.49273591470404,-5.507264085295958
CA_4,HOUSEHOLD_2,CA,d_1940,2016-05-21,27,189.0,167.32726743746443,-21.672732562535572
CA_4,HOUSEHOLD_2,CA,d_1941,2016-05-22,28,204.0,169.75211127208487,-34.247888727915125
TX_1,FOODS_1,TX,d_1914,2016-04-25,1,219.0,174.74123097336013,-44.25876902663987
TX_1,FOODS_1,TX,d_1915,2016-04-26,2,167.0,175.05753597537793,8.057535975377931
TX_1,FOODS_1,TX,d_1916,2016-04-27,3,198.0,199.51846681106318,1.5184668110631776
TX_1,FOODS_1,TX,d_1917,2016-04-28,4,169.0,200.3960798474604,31.396079847460413
TX_1,FOODS_1,TX,d_1918,2016-04-29,5,241.0,227.8472486609214,-13.152751339078605
TX_1,FOODS_1,TX,d_1919,2016-04-30,6,288.0,228.30825239369005,-59.691747606309946
TX_1,FOODS_1,TX,d_1920,2016-05-01,7,317.0,231.64264984122025,-85.35735015877975
TX_1,FOODS_1,TX,d_1921,2016-05-02,8,187.0,180.59485765412055,-6.4051423458794545
TX_1,FOODS_1,TX,d_1922,2016-05-03,9,307.0,183.71997084443836,-123.28002915556164
TX_1,FOODS_1,TX,d_1923,2016-05-04,10,248.0,179.26578930290572,-68.73421069709428
TX_1,FOODS_1,TX,d_1924,2016-05-05,11,272.0,184.50464787029938,-87.49535212970062
TX_1,FOODS_1,TX,d_1925,2016-05-06,12,333.0,208.68033222526938,-124.31966777473062
TX_1,FOODS_1,TX,d_1926,2016-05-07,13,303.0,229.47980564945257,-73.52019435054743
TX_1,FOODS_1,TX,d_1927,2016-05-08,14,233.0,210.4809603307558,-22.519039669244194
TX_1,FOODS_1,TX,d_1928,2016-05-09,15,220.0,179.92306664844537,-40.07693335155463
TX_1,FOODS_1,TX,d_1929,2016-05-10,16,252.0,179.6510780147465,-72.3489219852535
TX_1,FOODS_1,TX,d_1930,2016-05-11,17,270.0,180.23937165046317,-89.76062834953683
TX_1,FOODS_1,TX,d_1931,2016-05-12,18,231.0,183.9384236536318,-47.06157634636821
TX_1,FOODS_1,TX,d_1932,2016-05-13,19,239.0,211.12667604195588,-27.873323958044125
TX_1,FOODS_1,TX,d_1933,2016-05-14,20,281.0,229.9529661016563,-51.0470338983437
TX_1,FOODS_1,TX,d_1934,2016-05-15,21,316.0,229.05150995935387,-86.94849004064613
TX_1,FOODS_1,TX,d_1935,2016-05-16,22,261.0,179.3347730127287,-81.6652269872713
TX_1,FOODS_1,TX,d_1936,2016-05-17,23,235.0,177.52914646637257,-57.470853533627434
TX_1,FOODS_1,TX,d_1937,2016-05-18,24,241.0,177.52914646637257,-63.470853533627434
TX_1,FOODS_1,TX,d_1938,2016-05-19,25,220.0,179.06859706183008,-40.931402938169924
TX_1,FOODS_1,TX,d_1939,2016-05-20,26,299.0,205.54656982561582,-93.45343017438418
TX_1,FOODS_1,TX,d_1940,2016-05-21,27,279.0,227.0891939918216,-51.91080600817841
TX_1,FOODS_1,TX,d_1941,2016-05-22,28,398.0,224.22117948112077,-173.77882051887923
TX_1,FOODS_2,TX,d_1914,2016-04-25,1,278.0,304.0902354314801,26.090235431480096
TX_1,FOODS_2,TX,d_1915,2016-04-26,2,311.0,286.5312415952571,-24.468758404742914
TX_1,FOODS_2,TX,d_1916,2016-04-27,3,256.0,284.8776740430128,28.877674043012803
TX_1,FOODS_2,TX,d_1917,2016-04-28,4,252.0,280.4680757798788,28.468075779878802
TX_1,FOODS_2,TX,d_1918,2016-04-29,5,385.0,298.382062855469,-86.61793714453103
TX_1,FOODS_2,TX,d_1919,2016-04-30,6,345.0,363.0680336573385,18.068033657338503
TX_1,FOODS_2,TX,d_1920,2016-05-01,7,438.0,476.68901783509534,38.68901783509534
TX_1,FOODS_2,TX,d_1921,2016-05-02,8,323.0,372.713880710386,49.71388071038598
TX_1,FOODS_2,TX,d_1922,2016-05-03,9,434.0,386.5576752378726,-47.442324762127384
TX_1,FOODS_2,TX,d_1923,2016-05-04,10,239.0,332.26839307061744,93.26839307061744
TX_1,FOODS_2,TX,d_1924,2016-05-05,11,300.0,375.8374564706774,75.83745647067741
TX_1,FOODS_2,TX,d_1925,2016-05-06,12,372.0,386.67569252352587,14.675692523525868
TX_1,FOODS_2,TX,d_1926,2016-05-07,13,426.0,451.57452633983036,25.574526339830356
TX_1,FOODS_2,TX,d_1927,2016-05-08,14,318.0,377.45110568603155,59.45110568603155
TX_1,FOODS_2,TX,d_1928,2016-05-09,15,428.0,431.0753295179942,3.0753295179941915
TX_1,FOODS_2,TX,d_1929,2016-05-10,16,361.0,334.8203583044978,-26.179641695502198
TX_1,FOODS_2,TX,d_1930,2016-05-11,17,428.0,381.1267794568007,-46.873220543199295
TX_1,FOODS_2,TX,d_1931,2016-05-12,18,382.0,380.1003724275303,-1.899627572469683
TX_1,FOODS_2,TX,d_1932,2016-05-13,19,398.0,390.21649292235315,-7.783507077646846
TX_1,FOODS_2,TX,d_1933,2016-05-14,20,419.0,419.3220738384511,0.3220738384511037
TX_1,FOODS_2,TX,d_1934,2016-05-15,21,538.0,498.821556930162,-39.17844306983801
TX_1,FOODS_2,TX,d_1935,2016-05-16,22,368.0,376.39531881463057,8.39531881463057
TX_1,FOODS_2,TX,d_1936,2016-05-17,23,327.0,318.9453515530159,-8.054648446984118
TX_1,FOODS_2,TX,d_1937,2016-05-18,24,273.0,312.0188992839728,39.018899283972814
TX_1,FOODS_2,TX,d_1938,2016-05-19,25,250.0,300.87692405768524,50.876924057685244
TX_1,FOODS_2,TX,d_1939,2016-05-20,26,313.0,311.3802366396385,-1.6197633603615031
TX_1,FOODS_2,TX,d_1940,2016-05-21,27,396.0,383.863814500455,-12.136185499544979
TX_1,FOODS_2,TX,d_1941,2016-05-22,28,343.0,412.4672261692439,69.46722616924387
TX_1,FOODS_3,TX,d_1914,2016-04-25,1,1506.0,1348.9513551733164,-157.04864482668359
TX_1,FOODS_3,TX,d_1915,2016-04-26,2,1312.0,1278.54937310229,-33.45062689770998
TX_1,FOODS_3,TX,d_1916,2016-04-27,3,1496.0,1295.3586076482409,-200.64139235175912
TX_1,FOODS_3,TX,d_1917,2016-04-28,4,1202.0,1291.5584900159834,89.55849001598335
TX_1,FOODS_3,TX,d_1918,2016-04-29,5,1650.0,1452.6182402366387,-197.3817597633613
TX_1,FOODS_3,TX,d_1919,2016-04-30,6,1910.0,1794.396767891708,-115.6032321082921
TX_1,FOODS_3,TX,d_1920,2016-05-01,7,2014.0,2039.040612557335,25.040612557334953
TX_1,FOODS_3,TX,d_1921,2016-05-02,8,1240.0,1410.57954227948,170.57954227947994
TX_1,FOODS_3,TX,d_1922,2016-05-03,9,1267.0,1478.776009379328,211.7760093793279
TX_1,FOODS_3,TX,d_1923,2016-05-04,10,1292.0,1329.5653425847172,37.5653425847172
TX_1,FOODS_3,TX,d_1924,2016-05-05,11,1562.0,1428.6554165021585,-133.34458349784154
TX_1,FOODS_3,TX,d_1925,2016-05-06,12,1599.0,1590.7869436319386,-8.213056368061416
TX_1,FOODS_3,TX,d_1926,2016-05-07,13,1963.0,1943.1945889291944,-19.805411070805576
TX_1,FOODS_3,TX,d_1927,2016-05-08,14,1494.0,1780.7150078279283,286.7150078279283
TX_1,FOODS_3,TX,d_1928,2016-05-09,15,1683.0,1563.861224432386,-119.13877556761395
TX_1,FOODS_3,TX,d_1929,2016-05-10,16,1364.0,1339.8554348981236,-24.144565101876424
TX_1,FOODS_3,TX,d_1930,2016-05-11,17,1600.0,1474.7806747040586,-125.21932529594142
TX_1,FOODS_3,TX,d_1931,2016-05-12,18,1598.0,1489.980276154948,-108.01972384505211
TX_1,FOODS_3,TX,d_1932,2016-05-13,19,1766.0,1623.142862211687,-142.8571377883129
TX_1,FOODS_3,TX,d_1933,2016-05-14,20,1828.0,1853.5005907979782,25.500590797978248
TX_1,FOODS_3,TX,d_1934,2016-05-15,21,2282.0,2044.1207304905358,-237.87926950946417
TX_1,FOODS_3,TX,d_1935,2016-05-16,22,1564.0,1431.9740842696715,-132.0259157303285
TX_1,FOODS_3,TX,d_1936,2016-05-17,23,1464.0,1331.914435584473,-132.08556441552696
TX_1,FOODS_3,TX,d_1937,2016-05-18,24,1410.0,1328.5436295595132,-81.45637044048681
TX_1,FOODS_3,TX,d_1938,2016-05-19,25,1294.0,1313.2441165194543,19.244116519454337
TX_1,FOODS_3,TX,d_1939,2016-05-20,26,1772.0,1445.281933138588,-326.7180668614119
TX_1,FOODS_3,TX,d_1940,2016-05-21,27,1929.0,1797.500901873437,-131.499098126563
TX_1,FOODS_3,TX,d_1941,2016-05-22,28,2159.0,1906.538735798584,-252.46126420141604
TX_1,HOBBIES_1,TX,d_1914,2016-04-25,1,205.0,228.97808044348105,23.978080443481048
TX_1,HOBBIES_1,TX,d_1915,2016-04-26,2,187.0,227.29414647795767,40.29414647795767
TX_1,HOBBIES_1,TX,d_1916,2016-04-27,3,224.0,226.15403612453366,2.1540361245336612
TX_1,HOBBIES_1,TX,d_1917,2016-04-28,4,248.0,226.58892788597598,-21.411072114024023
TX_1,HOBBIES_1,TX,d_1918,2016-04-29,5,249.0,261.79084353808327,12.790843538083266
TX_1,HOBBIES_1,TX,d_1919,2016-04-30,6,386.0,289.6990227502447,-96.3009772497553
TX_1,HOBBIES_1,TX,d_1920,2016-05-01,7,333.0,302.55202695807947,-30.447973041920534
TX_1,HOBBIES_1,TX,d_1921,2016-05-02,8,175.0,237.1674832924524,62.1674832924524
TX_1,HOBBIES_1,TX,d_1922,2016-05-03,9,227.0,240.40595238245226,13.405952382452256
TX_1,HOBBIES_1,TX,d_1923,2016-05-04,10,225.0,231.45432916455835,6.454329164558345
TX_1,HOBBIES_1,TX,d_1924,2016-05-05,11,198.0,236.8827278620433,38.88272786204331
TX_1,HOBBIES_1,TX,d_1925,2016-05-06,12,226.0,274.1642747510312,48.1642747510312
TX_1,HOBBIES_1,TX,d_1926,2016-05-07,13,298.0,300.8101832387999,2.8101832387998797
TX_1,HOBBIES_1,TX,d_1927,2016-05-08,14,247.0,266.09181453380745,19.09181453380745
TX_1,HOBBIES_1,TX,d_1928,2016-05-09,15,229.0,236.00870364385284,7.00870364385284
TX_1,HOBBIES_1,TX,d_1929,2016-05-10,16,213.0,231.53937891587398,18.539378915873982
TX_1,HOBBIES_1,TX,d_1930,2016-05-11,17,256.0,234.32476967832946,-21.67523032167054
TX_1,HOBBIES_1,TX,d_1931,2016-05-12,18,289.0,234.93263493960205,-54.06736506039795
TX_1,HOBBIES_1,TX,d_1932,2016-05-13,19,241.0,273.7364168835528,32.736416883552806
TX_1,HOBBIES_1,TX,d_1933,2016-05-14,20,207.0,298.1243856011682,91.12438560116823
TX_1,HOBBIES_1,TX,d_1934,2016-05-15,21,323.0,297.0010971640503,-25.998902835949707
TX_1,HOBBIES_1,TX,d_1935,2016-05-16,22,372.0,233.22331288139736,-138.77668711860264
TX_1,HOBBIES_1,TX,d_1936,2016-05-17,23,210.0,226.77428610483727,16.774286104837273
TX_1,HOBBIES_1,TX,d_1937,2016-05-18,24,200.0,225.44560928524785,25.445609285247855
TX_1,HOBBIES_1,TX,d_1938,2016-05-19,25,187.0,226.05347454652045,39.05347454652045
TX_1,HOBBIES_1,TX,d_1939,2016-05-20,26,234.0,260.7710582081824,26.77105820818241
TX_1,HOBBIES_1,TX,d_1940,2016-05-21,27,346.0,288.5375216586526,-57.46247834134738
TX_1,HOBBIES_1,TX,d_1941,2016-05-22,28,376.0,285.6649841160536,-90.33501588394643
TX_1,HOBBIES_2,TX,d_1914,2016-04-25,1,48.0,32.820763968258674,-15.179236031741326
TX_1,HOBBIES_2,TX,d_1915,2016-04-26,2,50.0,33.1370689702765,-16.862931029723498
TX_1,HOBBIES_2,TX,d_1916,2016-04-27,3,39.0,32.69369825501475,-6.306301744985248
TX_1,HOBBIES_2,TX,d_1917,2016-04-28,4,44.0,32.0160177595772,-11.983982240422797
TX_1,HOBBIES_2,TX,d_1918,2016-04-29,5,37.0,33.80581841415647,-3.1941815858435305
TX_1,HOBBIES_2,TX,d_1919,2016-04-30,6,34.0,35.661084828987114,1.6610848289871143
TX_1,HOBBIES_2,TX,d_1920,2016-05-01,7,45.0,38.904950969115006,-6.095049030884994
TX_1,HOBBIES_2,TX,d_1921,2016-05-02,8,39.0,32.4380370971426,-6.5619629028574025
TX_1,HOBBIES_2,TX,d_1922,2016-05-03,9,51.0,32.9002253863261,-18.0997746136739
TX_1,HOBBIES_2,TX,d_1923,2016-05-04,10,34.0,31.40537177860185,-2.5946282213981497
TX_1,HOBBIES_2,TX,d_1924,2016-05-05,11,46.0,34.16631434415655,-11.833685655843453
TX_1,HOBBIES_2,TX,d_1925,2016-05-06,12,26.0,31.983302428558414,5.983302428558414
TX_1,HOBBIES_2,TX,d_1926,2016-05-07,13,36.0,35.87440293929078,-0.12559706070921806
TX_1,HOBBIES_2,TX,d_1927,2016-05-08,14,48.0,31.28452165556798,-16.71547834443202
TX_1,HOBBIES_2,TX,d_1928,2016-05-09,15,32.0,30.852739206464026,-1.147260793535974
TX_1,HOBBIES_2,TX,d_1929,2016-05-10,16,33.0,31.490421529917487,-1.5095784700825128
TX_1,HOBBIES_2,TX,d_1930,2016-05-11,17,32.0,31.169044208481864,-0.8309557915181358
TX_1,HOBBIES_2,TX,d_1931,2016-05-12,18,37.0,30.664337212874607,-6.335662787125393
TX_1,HOBBIES_2,TX,d_1932,2016-05-13,19,46.0,31.96980587700865,-14.03019412299135
TX_1,HOBBIES_2,TX,d_1933,2016-05-14,20,27.0,36.18228370917663,9.18228370917663
TX_1,HOBBIES_2,TX,d_1934,2016-05-15,21,67.0,35.55528285484582,-31.44471714515418
TX_1,HOBBIES_2,TX,d_1935,2016-05-16,22,71.0,31.17411652789965,-39.82588347210035
TX_1,HOBBIES_2,TX,d_1936,2016-05-17,23,68.0,31.424311742398775,-36.57568825760123
TX_1,HOBBIES_2,TX,d_1937,2016-05-18,24,57.0,31.424311742398775,-25.575688257601225
TX_1,HOBBIES_2,TX,d_1938,2016-05-19,25,42.0,30.919604746791517,-11.080395253208483
TX_1,HOBBIES_2,TX,d_1939,2016-05-20,26,47.0,32.22507341092555,-14.774926589074447
TX_1,HOBBIES_2,TX,d_1940,2016-05-21,27,40.0,36.11617392165792,-3.883826078342082
TX_1,HOBBIES_2,TX,d_1941,2016-05-22,28,62.0,35.81717538484708,-26.182824615152917
TX_1,HOUSEHOLD_1,TX,d_1914,2016-04-25,1,670.0,653.1840115735723,-16.81598842642768
TX_1,HOUSEHOLD_1,TX,d_1915,2016-04-26,2,648.0,611.6341173063815,-36.36588269361846
TX_1,HOUSEHOLD_1,TX,d_1916,2016-04-27,3,614.0,610.4940069529573,-3.5059930470426934
TX_1,HOUSEHOLD_1,TX,d_1917,2016-04-28,4,592.0,610.0324192301417,18.032419230141727
TX_1,HOUSEHOLD_1,TX,d_1918,2016-04-29,5,904.0,686.4949945887357,-217.50500541126428
TX_1,HOUSEHOLD_1,TX,d_1919,2016-04-30,6,868.0,864.7535825289058,-3.246417471094219
TX_1,HOUSEHOLD_1,TX,d_1920,2016-05-01,7,1005.0,936.4946320251319,-68.50536797486814
TX_1,HOUSEHOLD_1,TX,d_1921,2016-05-02,8,722.0,719.6694302784726,-2.330569721527354
TX_1,HOUSEHOLD_1,TX,d_1922,2016-05-03,9,733.0,694.6344403146801,-38.36555968531991
TX_1,HOUSEHOLD_1,TX,d_1923,2016-05-04,10,625.0,630.1741118411782,5.17411184117816
TX_1,HOUSEHOLD_1,TX,d_1924,2016-05-05,11,606.0,630.244031523564,24.24403152356399
TX_1,HOUSEHOLD_1,TX,d_1925,2016-05-06,12,682.0,696.1645181796816,14.164518179681636
TX_1,HOUSEHOLD_1,TX,d_1926,2016-05-07,13,827.0,881.9728108593283,54.97281085932832
TX_1,HOUSEHOLD_1,TX,d_1927,2016-05-08,14,629.0,690.3191040561103,61.31910405611029
TX_1,HOUSEHOLD_1,TX,d_1928,2016-05-09,15,661.0,678.833266074206,17.833266074205994
TX_1,HOUSEHOLD_1,TX,d_1929,2016-05-10,16,590.0,626.8750353464677,36.87503534646771
TX_1,HOUSEHOLD_1,TX,d_1930,2016-05-11,17,638.0,631.2002729138973,-6.799727086102735
TX_1,HOUSEHOLD_1,TX,d_1931,2016-05-12,18,599.0,630.911658690912,31.911658690911963
TX_1,HOUSEHOLD_1,TX,d_1932,2016-05-13,19,742.0,695.9017549610836,-46.09824503891639
TX_1,HOUSEHOLD_1,TX,d_1933,2016-05-14,20,875.0,884.0065564201677,9.006556420167726
TX_1,HOUSEHOLD_1,TX,d_1934,2016-05-15,21,1195.0,899.920189934714,-295.079810065286
TX_1,HOUSEHOLD_1,TX,d_1935,2016-05-16,22,837.0,674.3054687432303,-162.69453125676966
TX_1,HOUSEHOLD_1,TX,d_1936,2016-05-17,23,755.0,619.4166735063687,-135.58332649363126
TX_1,HOUSEHOLD_1,TX,d_1937,2016-05-18,24,746.0,619.4166735063687,-126.58332649363126
TX_1,HOUSEHOLD_1,TX,d_1938,2016-05-19,25,602.0,618.6936674047215,16.69366740472151
TX_1,HOUSEHOLD_1,TX,d_1939,2016-05-20,26,796.0,688.8472388152036,-107.15276118479642
TX_1,HOUSEHOLD_1,TX,d_1940,2016-05-21,27,949.0,863.6462662122069,-85.35373378779309
TX_1,HOUSEHOLD_1,TX,d_1941,2016-05-22,28,1027.0,880.1825155303396,-146.81748446966037
TX_1,HOUSEHOLD_2,TX,d_1914,2016-04-25,1,150.0,172.48276619735012,22.482766197350116
TX_1,HOUSEHOLD_2,TX,d_1915,2016-04-26,2,178.0,171.22888651592316,-6.771113484076835
TX_1,HOUSEHOLD_2,TX,d_1916,2016-04-27,3,157.0,170.78551580066141,13.785515800661415
TX_1,HOUSEHOLD_2,TX,d_1917,2016-04-28,4,157.0,171.22040756210373,14.22040756210373
TX_1,HOUSEHOLD_2,TX,d_1918,2016-04-29,5,221.0,197.91689500142954,-23.083104998570462
TX_1,HOUSEHOLD_2,TX,d_1919,2016-04-30,6,221.0,232.45699917924674,11.456999179246736
TX_1,HOUSEHOLD_2,TX,d_1920,2016-05-01,7,260.0,237.1210484932748,-22.8789515067252
TX_1,HOUSEHOLD_2,TX,d_1921,2016-05-02,8,173.0,172.95677456739256,-0.043225432607442826
TX_1,HOUSEHOLD_2,TX,d_1922,2016-05-03,9,198.0,172.09532485091626,-25.904675149083744
TX_1,HOUSEHOLD_2,TX,d_1923,2016-05-04,10,176.0,170.15414860201886,-5.845851397981136
TX_1,HOUSEHOLD_2,TX,d_1924,2016-05-05,11,186.0,174.27035430879505,-11.72964569120495
TX_1,HOUSEHOLD_2,TX,d_1925,2016-05-06,12,190.0,197.41224628731538,7.412246287315384
TX_1,HOUSEHOLD_2,TX,d_1926,2016-05-07,13,270.0,229.28608301814694,-40.71391698185306
TX_1,HOUSEHOLD_2,TX,d_1927,2016-05-08,14,227.0,216.66237040573756,-10.337629594262438
TX_1,HOUSEHOLD_2,TX,d_1928,2016-05-09,15,184.0,171.41824739111084,-12.581752608889161
TX_1,HOUSEHOLD_2,TX,d_1929,2016-05-10,16,207.0,170.2391983533345,-36.7608016466655
TX_1,HOUSEHOLD_2,TX,d_1930,2016-05-11,17,174.0,170.1643677096839,-3.835632290316113
TX_1,HOUSEHOLD_2,TX,d_1931,2016-05-12,18,215.0,170.77223297095648,-44.22776702904352
TX_1,HOUSEHOLD_2,TX,d_1932,2016-05-13,19,178.0,196.98438841983705,18.984388419837046
TX_1,HOUSEHOLD_2,TX,d_1933,2016-05-14,20,150.0,229.34741711024773,79.34741711024773
TX_1,HOUSEHOLD_2,TX,d_1934,2016-05-15,21,279.0,235.5002583074335,-43.49974169256649
TX_1,HOUSEHOLD_2,TX,d_1935,2016-05-16,22,235.0,171.49307803476145,-63.50692196523855
TX_1,HOUSEHOLD_2,TX,d_1936,2016-05-17,23,251.0,169.85839246541514,-81.14160753458486
TX_1,HOUSEHOLD_2,TX,d_1937,2016-05-18,24,220.0,169.85839246541514,-50.141607534584864
TX_1,HOUSEHOLD_2,TX,d_1938,2016-05-19,25,153.0,170.46625772668773,17.46625772668773
TX_1,HOUSEHOLD_2,TX,d_1939,2016-05-20,26,203.0,196.6784131755683,-6.321586824431705
TX_1,HOUSEHOLD_2,TX,d_1940,2016-05-21,27,228.0,228.96661122232842,0.9666112223284244
TX_1,HOUSEHOLD_2,TX,d_1941,2016-05-22,28,259.0,235.20090805924914,-23.799091940750856
TX_2,FOODS_1,TX,d_1914,2016-04-25,1,216.0,207.33122161173793,-8.66877838826207
TX_2,FOODS_1,TX,d_1915,2016-04-26,2,211.0,207.3058122652458,-3.6941877347541947
TX_2,FOODS_1,TX,d_1916,2016-04-27,3,207.0,232.3959173521662,25.395917352166208
TX_2,FOODS_1,TX,d_1917,2016-04-28,4,257.0,233.65133540769108,-23.34866459230892
TX_2,FOODS_1,TX,d_1918,2016-04-29,5,295.0,283.02867596416337,-11.97132403583663
TX_2,FOODS_1,TX,d_1919,2016-04-30,6,303.0,280.73842099205365,-22.261579007946352
TX_2,FOODS_1,TX,d_1920,2016-05-01,7,331.0,276.6561614146277,-54.34383858537228
TX_2,FOODS_1,TX,d_1921,2016-05-02,8,301.0,212.65198841104493,-88.34801158895507
TX_2,FOODS_1,TX,d_1922,2016-05-03,9,276.0,217.11711849752274,-58.88288150247726
TX_2,FOODS_1,TX,d_1923,2016-05-04,10,234.0,210.92337397296757,-23.076626027032432
TX_2,FOODS_1,TX,d_1924,2016-05-05,11,341.0,216.4706141847417,-124.52938581525831
TX_2,FOODS_1,TX,d_1925,2016-05-06,12,327.0,253.8307928448694,-73.16920715513061
TX_2,FOODS_1,TX,d_1926,2016-05-07,13,429.0,275.909407075841,-153.090592924159
TX_2,FOODS_1,TX,d_1927,2016-05-08,14,363.0,247.42924259041925,-115.57075740958075
TX_2,FOODS_1,TX,d_1928,2016-05-09,15,259.0,212.43726980990587,-46.56273019009413
TX_2,FOODS_1,TX,d_1929,2016-05-10,16,257.0,211.30866268480835,-45.691337315191646
TX_2,FOODS_1,TX,d_1930,2016-05-11,17,252.0,212.41186046341375,-39.588139536586255
TX_2,FOODS_1,TX,d_1931,2016-05-12,18,315.0,216.48871748571,-98.51128251429
TX_2,FOODS_1,TX,d_1932,2016-05-13,19,349.0,256.27713666155586,-92.72286333844414
TX_2,FOODS_1,TX,d_1933,2016-05-14,20,317.0,275.2395765975218,-41.76042340247818
TX_2,FOODS_1,TX,d_1934,2016-05-15,21,367.0,273.3463603959561,-93.65363960404392
TX_2,FOODS_1,TX,d_1935,2016-05-16,22,239.0,211.33407203130048,-27.66592796869952
TX_2,FOODS_1,TX,d_1936,2016-05-17,23,264.0,209.25413941259262,-54.74586058740738
TX_2,FOODS_1,TX,d_1937,2016-05-18,24,214.0,209.25413941259262,-4.745860587407378
TX_2,FOODS_1,TX,d_1938,2016-05-19,25,264.0,211.17139502717777,-52.828604972822234
TX_2,FOODS_1,TX,d_1939,2016-05-20,26,299.0,252.66984282949667,-46.33015717050333
TX_2,FOODS_1,TX,d_1940,2016-05-21,27,389.0,274.5053055528293,-114.49469444717067
TX_2,FOODS_1,TX,d_1941,2016-05-22,28,270.0,271.3550754029419,1.3550754029419068
TX_2,FOODS_2,TX,d_1914,2016-04-25,1,467.0,362.15182889190316,-104.84817110809684
TX_2,FOODS_2,TX,d_1915,2016-04-26,2,348.0,328.5318674218373,-19.46813257816268
TX_2,FOODS_2,TX,d_1916,2016-04-27,3,308.0,327.5074741208282,19.507474120828192
TX_2,FOODS_2,TX,d_1917,2016-04-28,4,343.0,323.4756808768218,-19.524319123178202
TX_2,FOODS_2,TX,d_1918,2016-04-29,5,377.0,342.8131843195305,-34.18681568046952
TX_2,FOODS_2,TX,d_1919,2016-04-30,6,404.0,420.39000628675075,16.390006286750747
TX_2,FOODS_2,TX,d_1920,2016-05-01,7,507.0,534.661014097197,27.66101409719704
TX_2,FOODS_2,TX,d_1921,2016-05-02,8,471.0,425.28054321284463,-45.719456787155366
TX_2,FOODS_2,TX,d_1922,2016-05-03,9,434.0,441.1000361109998,7.100036110999781
TX_2,FOODS_2,TX,d_1923,2016-05-04,10,379.0,369.5634221016717,-9.436577898328323
TX_2,FOODS_2,TX,d_1924,2016-05-05,11,345.0,426.0684175695153,81.0684175695153
TX_2,FOODS_2,TX,d_1925,2016-05-06,12,426.0,445.93101347869555,19.931013478695547
TX_2,FOODS_2,TX,d_1926,2016-05-07,13,440.0,512.2050554221348,72.20505542213482
TX_2,FOODS_2,TX,d_1927,2016-05-08,14,353.0,416.5302063127761,63.5302063127761
TX_2,FOODS_2,TX,d_1928,2016-05-09,15,544.0,497.44751228917784,-46.55248771082216
TX_2,FOODS_2,TX,d_1929,2016-05-10,16,438.0,372.11538733555204,-65.88461266444796
TX_2,FOODS_2,TX,d_1930,2016-05-11,17,424.0,433.89916445953526,9.899164459535257
TX_2,FOODS_2,TX,d_1931,2016-05-12,18,441.0,432.18058036935753,-8.819419630642471
TX_2,FOODS_2,TX,d_1932,2016-05-13,19,422.0,450.3607780359419,28.360778035941905
TX_2,FOODS_2,TX,d_1933,2016-05-14,20,398.0,467.6915445288275,69.69154452882748
TX_2,FOODS_2,TX,d_1934,2016-05-15,21,597.0,558.2369445316017,-38.763055468398306
TX_2,FOODS_2,TX,d_1935,2016-05-16,22,537.0,429.75131547952753,-107.24868452047247
TX_2,FOODS_2,TX,d_1936,2016-05-17,23,439.0,354.2802945576093,-84.7197054423907
TX_2,FOODS_2,TX,d_1937,2016-05-18,24,303.0,349.47990926103984,46.479909261039836
TX_2,FOODS_2,TX,d_1938,2016-05-19,25,396.0,336.5517071042651,-59.44829289573488
TX_2,FOODS_2,TX,d_1939,2016-05-20,26,356.0,350.3239469637759,-5.676053036224118
TX_2,FOODS_2,TX,d_1940,2016-05-21,27,491.0,438.507681285092,-52.49231871490798
TX_2,FOODS_2,TX,d_1941,2016-05-22,28,517.0,467.30379634902727,-49.696203650972734
TX_2,FOODS_3,TX,d_1914,2016-04-25,1,1841.0,1740.0069246508217,-100.9930753491783
TX_2,FOODS_3,TX,d_1915,2016-04-26,2,1760.0,1568.3545972159754,-191.64540278402455
TX_2,FOODS_3,TX,d_1916,2016-04-27,3,1704.0,1582.3390572447372,-121.6609427552628
TX_2,FOODS_3,TX,d_1917,2016-04-28,4,1573.0,1580.5140018847728,7.514001884772824
TX_2,FOODS_3,TX,d_1918,2016-04-29,5,1962.0,1816.125172112477,-145.874827887523
TX_2,FOODS_3,TX,d_1919,2016-04-30,6,2170.0,2241.2538573665433,71.25385736654334
TX_2,FOODS_3,TX,d_1920,2016-05-01,7,2401.0,2500.9594211406375,99.95942114063746
TX_2,FOODS_3,TX,d_1921,2016-05-02,8,1720.0,1811.3647356853276,91.36473568532756
TX_2,FOODS_3,TX,d_1922,2016-05-03,9,1942.0,1805.0362896899555,-136.96371031004446
TX_2,FOODS_3,TX,d_1923,2016-05-04,10,1768.0,1629.595552325037,-138.40444767496297
TX_2,FOODS_3,TX,d_1924,2016-05-05,11,1819.0,1755.1910909411852,-63.808909058814834
TX_2,FOODS_3,TX,d_1925,2016-05-06,12,2187.0,1949.8529532062369,-237.14704679376314
TX_2,FOODS_3,TX,d_1926,2016-05-07,13,2279.0,2490.1589864035495,211.15898640354953
TX_2,FOODS_3,TX,d_1927,2016-05-08,14,1937.0,2132.562945143255,195.5629451432551
TX_2,FOODS_3,TX,d_1928,2016-05-09,15,2044.0,1972.0348011783426,-71.9651988216574
TX_2,FOODS_3,TX,d_1929,2016-05-10,16,1746.0,1650.146870013889,-95.85312998611107
TX_2,FOODS_3,TX,d_1930,2016-05-11,17,1946.0,1797.6767771220777,-148.32322287792226
TX_2,FOODS_3,TX,d_1931,2016-05-12,18,1944.0,1805.9061070672994,-138.09389293270056
TX_2,FOODS_3,TX,d_1932,2016-05-13,19,2193.0,1984.4121555553563,-208.58784444464368
TX_2,FOODS_3,TX,d_1933,2016-05-14,20,2174.0,2338.1884483389376,164.18844833893763
TX_2,FOODS_3,TX,d_1934,2016-05-15,21,2923.0,2576.3864000568788,-346.61359994312124
TX_2,FOODS_3,TX,d_1935,2016-05-16,22,2082.0,1844.767048503889,-237.2329514961109
TX_2,FOODS_3,TX,d_1936,2016-05-17,23,1911.0,1635.4007562262668,-275.5992437737332
TX_2,FOODS_3,TX,d_1937,2016-05-18,24,1753.0,1608.7125908717219,-144.2874091282781
TX_2,FOODS_3,TX,d_1938,2016-05-19,25,1454.0,1611.1596953160301,157.15969531603014
TX_2,FOODS_3,TX,d_1939,2016-05-20,26,2082.0,1821.6246456459494,-260.3753543540506
TX_2,FOODS_3,TX,d_1940,2016-05-21,27,2305.0,2250.4459374063567,-54.554062593643266
TX_2,FOODS_3,TX,d_1941,2016-05-22,28,2567.0,2317.7639950600237,-249.23600493997628
TX_2,HOBBIES_1,TX,d_1914,2016-04-25,1,352.0,299.07546738835646,-52.92453261164354
TX_2,HOBBIES_1,TX,d_1915,2016-04-26,2,364.0,293.1725932342377,-70.8274067657623
TX_2,HOBBIES_1,TX,d_1916,2016-04-27,3,247.0,292.0437825036646,45.0437825036646
TX_2,HOBBIES_1,TX,d_1917,2016-04-28,4,321.0,292.8564792842345,-28.143520715765476
TX_2,HOBBIES_1,TX,d_1918,2016-04-29,5,375.0,323.18345202326367,-51.81654797673633
TX_2,HOBBIES_1,TX,d_1919,2016-04-30,6,466.0,371.6945005929636,-94.3054994070364
TX_2,HOBBIES_1,TX,d_1920,2016-05-01,7,399.0,380.7846811757605,-18.21531882423949
TX_2,HOBBIES_1,TX,d_1921,2016-05-02,8,357.0,306.99758746421776,-50.00241253578224
TX_2,HOBBIES_1,TX,d_1922,2016-05-03,9,377.0,311.83472382254547,-65.16527617745453
TX_2,HOBBIES_1,TX,d_1923,2016-05-04,10,307.0,295.1769290675258,-11.823070932474195
TX_2,HOBBIES_1,TX,d_1924,2016-05-05,11,296.0,301.73108820465524,5.7310882046552365
TX_2,HOBBIES_1,TX,d_1925,2016-05-06,12,342.0,329.543692756086,-12.456307243914011
TX_2,HOBBIES_1,TX,d_1926,2016-05-07,13,355.0,380.5455365162513,25.545536516251275
TX_2,HOBBIES_1,TX,d_1927,2016-05-08,14,375.0,325.25674534399917,-49.74325465600083
TX_2,HOBBIES_1,TX,d_1928,2016-05-09,15,339.0,306.12040213775225,-32.87959786224775
TX_2,HOBBIES_1,TX,d_1929,2016-05-10,16,343.0,295.2619788188414,-47.738021181158615
TX_2,HOBBIES_1,TX,d_1930,2016-05-11,17,331.0,301.2953924676042,-29.704607532395812
TX_2,HOBBIES_1,TX,d_1931,2016-05-12,18,381.0,302.28106274800444,-78.71893725199556
TX_2,HOBBIES_1,TX,d_1932,2016-05-13,19,330.0,329.20152914129125,-0.7984708587087539
TX_2,HOBBIES_1,TX,d_1933,2016-05-14,20,333.0,380.131198970809,47.13119897080901
TX_2,HOBBIES_1,TX,d_1934,2016-05-15,21,487.0,372.54279378546903,-114.45720621453097
TX_2,HOBBIES_1,TX,d_1935,2016-05-16,22,288.0,302.18681722604856,14.18681722604856
TX_2,HOBBIES_1,TX,d_1936,2016-05-17,23,397.0,292.7714550380067,-104.2285449619933
TX_2,HOBBIES_1,TX,d_1937,2016-05-18,24,321.0,291.6784389461728,-29.321561053827224
TX_2,HOBBIES_1,TX,d_1938,2016-05-19,25,283.0,292.11426316866846,9.114263168668458
TX_2,HOBBIES_1,TX,d_1939,2016-05-20,26,401.0,321.95690391725236,-79.04309608274764
TX_2,HOBBIES_1,TX,d_1940,2016-05-21,27,501.0,371.90023612390354,-129.09976387609646
TX_2,HOBBIES_1,TX,d_1941,2016-05-22,28,515.0,364.83404192527183,-150.16595807472817
TX_2,HOBBIES_2,TX,d_1914,2016-04-25,1,52.0,44.56504541935442,-7.434954580645581
TX_2,HOBBIES_2,TX,d_1915,2016-04-26,2,54.0,44.539636072862336,-9.460363927137664
TX_2,HOBBIES_2,TX,d_1916,2016-04-27,3,78.0,44.107564980451436,-33.892435019548564
TX_2,HOBBIES_2,TX,d_1917,2016-04-28,4,45.0,43.807689504141486,-1.1923104958585142
TX_2,HOBBIES_2,TX,d_1918,2016-04-29,5,45.0,46.456582329503824,1.4565823295038243
TX_2,HOBBIES_2,TX,d_1919,2016-04-30,6,56.0,48.550154435564664,-7.449845564435336
TX_2,HOBBIES_2,TX,d_1920,2016-05-01,7,52.0,51.5269865533556,-0.47301344664440137
TX_2,HOBBIES_2,TX,d_1921,2016-05-02,8,86.0,43.66089469606312,-42.33910530393688
TX_2,HOBBIES_2,TX,d_1922,2016-05-03,9,52.0,44.152984318397905,-7.847015681602095
TX_2,HOBBIES_2,TX,d_1923,2016-05-04,10,69.0,42.228683290659895,-26.771316709340105
TX_2,HOBBIES_2,TX,d_1924,2016-05-05,11,89.0,44.78310335770627,-44.21689664229373
TX_2,HOBBIES_2,TX,d_1925,2016-05-06,12,73.0,43.54584759730807,-29.454152402691932
TX_2,HOBBIES_2,TX,d_1926,2016-05-07,13,65.0,47.999773897864685,-17.000226102135315
TX_2,HOBBIES_2,TX,d_1927,2016-05-08,14,46.0,43.90655723980861,-2.0934427601913868
TX_2,HOBBIES_2,TX,d_1928,2016-05-09,15,48.0,42.01776506703199,-5.982234932968012
TX_2,HOBBIES_2,TX,d_1929,2016-05-10,16,50.0,42.31373304197553,-7.6862669580244685
TX_2,HOBBIES_2,TX,d_1930,2016-05-11,17,76.0,41.99235572053991,-34.00764427946009
TX_2,HOBBIES_2,TX,d_1931,2016-05-12,18,61.0,41.86545374406027,-19.134546255939732
TX_2,HOBBIES_2,TX,d_1932,2016-05-13,19,51.0,43.532351045758304,-7.467648954241696
TX_2,HOBBIES_2,TX,d_1933,2016-05-14,20,41.0,48.30765466775055,7.307654667750548
TX_2,HOBBIES_2,TX,d_1934,2016-05-15,21,69.0,47.45865730228135,-21.541342697718648
TX_2,HOBBIES_2,TX,d_1935,2016-05-16,22,55.0,42.33914238846761,-12.660857611532393
TX_2,HOBBIES_2,TX,d_1936,2016-05-17,23,61.0,42.30359550133678,-18.69640449866322
TX_2,HOBBIES_2,TX,d_1937,2016-05-18,24,64.0,42.30359550133678,-21.69640449866322
TX_2,HOBBIES_2,TX,d_1938,2016-05-19,25,40.0,42.176693524857136,2.1766935248571357
TX_2,HOBBIES_2,TX,d_1939,2016-05-20,26,41.0,44.34125435977423,3.341254359774233
TX_2,HOBBIES_2,TX,d_1940,2016-05-21,27,54.0,48.79518066033085,-5.20481933966915
TX_2,HOBBIES_2,TX,d_1941,2016-05-22,28,62.0,48.27418561238163,-13.725814387618371
TX_2,HOUSEHOLD_1,TX,d_1914,2016-04-25,1,776.0,708.9447454931651,-67.0552545068349
TX_2,HOUSEHOLD_1,TX,d_1915,2016-04-26,2,597.0,650.532646307686,53.532646307686036
TX_2,HOUSEHOLD_1,TX,d_1916,2016-04-27,3,549.0,649.4038355771128,100.40383557711277
TX_2,HOUSEHOLD_1,TX,d_1917,2016-04-28,4,713.0,649.3200528734247,-63.67994712657526
TX_2,HOUSEHOLD_1,TX,d_1918,2016-04-29,5,786.0,744.0924220713499,-41.907577928650085
TX_2,HOUSEHOLD_1,TX,d_1919,2016-04-30,6,857.0,877.6908284862639,20.690828486263854
TX_2,HOUSEHOLD_1,TX,d_1920,2016-05-01,7,919.0,964.055554484943,45.055554484942945
TX_2,HOUSEHOLD_1,TX,d_1921,2016-05-02,8,705.0,776.3252479892493,71.3252479892493
TX_2,HOUSEHOLD_1,TX,d_1922,2016-05-03,9,813.0,723.8759401114361,-89.12405988856392
TX_2,HOUSEHOLD_1,TX,d_1923,2016-05-04,10,672.0,663.375781385883,-8.624218614117012
TX_2,HOUSEHOLD_1,TX,d_1924,2016-05-05,11,647.0,656.787034727884,9.78703472788402
TX_2,HOUSEHOLD_1,TX,d_1925,2016-05-06,12,731.0,741.7378016915393,10.737801691539289
TX_2,HOUSEHOLD_1,TX,d_1926,2016-05-07,13,804.0,907.6962735196139,103.6962735196139
TX_2,HOUSEHOLD_1,TX,d_1927,2016-05-08,14,730.0,739.7151611418554,9.715161141855447
TX_2,HOUSEHOLD_1,TX,d_1928,2016-05-09,15,760.0,724.217198583674,-35.78280141632604
TX_2,HOUSEHOLD_1,TX,d_1929,2016-05-10,16,661.0,660.0767048911725,-0.9232951088274604
TX_2,HOUSEHOLD_1,TX,d_1930,2016-05-11,17,702.0,657.9497986167256,-44.050201383274384
TX_2,HOUSEHOLD_1,TX,d_1931,2016-05-12,18,703.0,658.0389894128679,-44.96101058713214
TX_2,HOUSEHOLD_1,TX,d_1932,2016-05-13,19,866.0,741.5607327256248,-124.4392672743752
TX_2,HOUSEHOLD_1,TX,d_1933,2016-05-14,20,925.0,912.1553550040053,-12.844644995994713
TX_2,HOUSEHOLD_1,TX,d_1934,2016-05-15,21,1156.0,918.5864283494333,-237.41357165056672
TX_2,HOUSEHOLD_1,TX,d_1935,2016-05-16,22,793.0,725.2706280161044,-67.72937198389559
TX_2,HOUSEHOLD_1,TX,d_1936,2016-05-17,23,766.0,655.4112462248966,-110.58875377510344
TX_2,HOUSEHOLD_1,TX,d_1937,2016-05-18,24,687.0,655.4112462248966,-31.58875377510344
TX_2,HOUSEHOLD_1,TX,d_1938,2016-05-19,25,522.0,655.0660451423769,133.06604514237688
TX_2,HOUSEHOLD_1,TX,d_1939,2016-05-20,26,816.0,745.910083331319,-70.08991666868098
TX_2,HOUSEHOLD_1,TX,d_1940,2016-05-21,27,816.0,892.9678395369973,76.9678395369973
TX_2,HOUSEHOLD_1,TX,d_1941,2016-05-22,28,1011.0,902.0278967725739,-108.97210322742615
TX_2,HOUSEHOLD_2,TX,d_1914,2016-04-25,1,179.0,184.5013877727297,5.501387772729686
TX_2,HOUSEHOLD_2,TX,d_1915,2016-04-26,2,168.0,182.9057937427928,14.90579374279281
TX_2,HOUSEHOLD_2,TX,d_1916,2016-04-27,3,163.0,182.4737226503819,19.473722650381887
TX_2,HOUSEHOLD_2,TX,d_1917,2016-04-28,4,189.0,183.28641943095184,-5.713580569048162
TX_2,HOUSEHOLD_2,TX,d_1918,2016-04-29,5,183.0,213.1790842945977,30.179084294597686
TX_2,HOUSEHOLD_2,TX,d_1919,2016-04-30,6,252.0,244.63088963869447,-7.36911036130553
TX_2,HOUSEHOLD_2,TX,d_1920,2016-05-01,7,263.0,249.66251217991453,-13.337487820085471
TX_2,HOUSEHOLD_2,TX,d_1921,2016-05-02,8,191.0,184.45397229059694,-6.546027709403063
TX_2,HOUSEHOLD_2,TX,d_1922,2016-05-03,9,194.0,184.41763532739196,-9.582364672608037
TX_2,HOUSEHOLD_2,TX,d_1923,2016-05-04,10,183.0,181.25180023836072,-1.7481997616392846
TX_2,HOUSEHOLD_2,TX,d_1924,2016-05-05,11,171.0,185.16148344662864,14.161483446628637
TX_2,HOUSEHOLD_2,TX,d_1925,2016-05-06,12,204.0,211.50052258120223,7.500522581202233
TX_2,HOUSEHOLD_2,TX,d_1926,2016-05-07,13,247.0,241.37566077653457,-5.624339223465427
TX_2,HOUSEHOLD_2,TX,d_1927,2016-05-08,14,231.0,229.20383409237735,-1.796165907622651
TX_2,HOUSEHOLD_2,TX,d_1928,2016-05-09,15,178.0,182.85761337596261,4.8576133759626146
TX_2,HOUSEHOLD_2,TX,d_1929,2016-05-10,16,201.0,181.33684998967635,-19.663150010323648
TX_2,HOUSEHOLD_2,TX,d_1930,2016-05-11,17,168.0,181.26201934602574,13.262019346025738
TX_2,HOUSEHOLD_2,TX,d_1931,2016-05-12,18,174.0,182.24768962642597,8.247689626425966
TX_2,HOUSEHOLD_2,TX,d_1932,2016-05-13,19,204.0,211.15835896640752,7.158358966407519
TX_2,HOUSEHOLD_2,TX,d_1933,2016-05-14,20,236.0,241.43699486863537,5.436994868635367
TX_2,HOUSEHOLD_2,TX,d_1934,2016-05-15,21,267.0,245.9988233061694,-21.001176693830587
TX_2,HOUSEHOLD_2,TX,d_1935,2016-05-16,22,185.0,182.93244401961323,-2.0675559803867714
TX_2,HOUSEHOLD_2,TX,d_1936,2016-05-17,23,170.0,181.01201634863696,11.012016348636962
TX_2,HOUSEHOLD_2,TX,d_1937,2016-05-18,24,176.0,181.01201634863696,5.012016348636962
TX_2,HOUSEHOLD_2,TX,d_1938,2016-05-19,25,167.0,181.9976866290372,14.99768662903719
TX_2,HOUSEHOLD_2,TX,d_1939,2016-05-20,26,254.0,211.4060195022378,-42.5939804977622
TX_2,HOUSEHOLD_2,TX,d_1940,2016-05-21,27,246.0,241.6098247608151,-4.390175239184913
TX_2,HOUSEHOLD_2,TX,d_1941,2016-05-22,28,275.0,246.25310883808407,-28.746891161915926
TX_3,FOODS_1,TX,d_1914,2016-04-25,1,218.0,242.64368816035446,24.643688160354458
TX_3,FOODS_1,TX,d_1915,2016-04-26,2,305.0,242.84925475638332,-62.15074524361668
TX_3,FOODS_1,TX,d_1916,2016-04-27,3,298.0,266.3609470854915,-31.63905291450851
TX_3,FOODS_1,TX,d_1917,2016-04-28,4,326.0,267.00705501639385,-58.99294498360615
TX_3,FOODS_1,TX,d_1918,2016-04-29,5,428.0,305.2100268573192,-122.78997314268082
TX_3,FOODS_1,TX,d_1919,2016-04-30,6,355.0,307.0962028440481,-47.90379715595191
TX_3,FOODS_1,TX,d_1920,2016-05-01,7,316.0,310.2261984423383,-5.773801557661727
TX_3,FOODS_1,TX,d_1921,2016-05-02,8,361.0,252.4360810567727,-108.56391894322729
TX_3,FOODS_1,TX,d_1922,2016-05-03,9,463.0,260.2561555174411,-202.74384448255893
TX_3,FOODS_1,TX,d_1923,2016-05-04,10,291.0,249.67923903746308,-41.32076096253692
TX_3,FOODS_1,TX,d_1924,2016-05-05,11,359.0,253.63049448674775,-105.36950551325225
TX_3,FOODS_1,TX,d_1925,2016-05-06,12,332.0,285.1421533324038,-46.85784666759622
TX_3,FOODS_1,TX,d_1926,2016-05-07,13,494.0,310.56774945709566,-183.43225054290434
TX_3,FOODS_1,TX,d_1927,2016-05-08,14,407.0,279.5329882452018,-127.4670117547982
TX_3,FOODS_1,TX,d_1928,2016-05-09,15,308.0,253.8914949217832,-54.10850507821681
TX_3,FOODS_1,TX,d_1929,2016-05-10,16,302.0,250.4340370212608,-51.56596297873921
TX_3,FOODS_1,TX,d_1930,2016-05-11,17,300.0,253.99937127796997,-46.00062872203003
TX_3,FOODS_1,TX,d_1931,2016-05-12,18,303.0,257.77827666625853,-45.221723333741465
TX_3,FOODS_1,TX,d_1932,2016-05-13,19,434.0,287.8603161812051,-146.13968381879488
TX_3,FOODS_1,TX,d_1933,2016-05-14,20,326.0,308.43877699828107,-17.56122300171893
TX_3,FOODS_1,TX,d_1934,2016-05-15,21,342.0,308.73593573340173,-33.26406426659827
TX_3,FOODS_1,TX,d_1935,2016-05-16,22,324.0,250.22847042523193,-73.77152957476807
TX_3,FOODS_1,TX,d_1936,2016-05-17,23,298.0,245.8186966095556,-52.18130339044441
TX_3,FOODS_1,TX,d_1937,2016-05-18,24,294.0,245.49783163859877,-48.50216836140123
TX_3,FOODS_1,TX,d_1938,2016-05-19,25,355.0,246.01412316063178,-108.98587683936822
TX_3,FOODS_1,TX,d_1939,2016-05-20,26,400.0,276.33820224740356,-123.66179775259644
TX_3,FOODS_1,TX,d_1940,2016-05-21,27,312.0,301.9347984752335,-10.065201524766508
TX_3,FOODS_1,TX,d_1941,2016-05-22,28,294.0,299.51580128153705,5.515801281537051
TX_3,FOODS_2,TX,d_1914,2016-04-25,1,482.0,443.5950183554462,-38.4049816445538
TX_3,FOODS_2,TX,d_1915,2016-04-26,2,383.0,399.7739543690787,16.773954369078695
TX_3,FOODS_2,TX,d_1916,2016-04-27,3,344.0,390.25433442554004,46.25433442554004
TX_3,FOODS_2,TX,d_1917,2016-04-28,4,372.0,386.4659148536905,14.465914853690492
TX_3,FOODS_2,TX,d_1918,2016-04-29,5,492.0,386.6278073078726,-105.37219269212738
TX_3,FOODS_2,TX,d_1919,2016-04-30,6,357.0,473.6135854942281,116.61358549422812
TX_3,FOODS_2,TX,d_1920,2016-05-01,7,652.0,640.2087505279138,-11.791249472086179
TX_3,FOODS_2,TX,d_1921,2016-05-02,8,499.0,520.3790270720198,21.379027072019767
TX_3,FOODS_2,TX,d_1922,2016-05-03,9,580.0,518.1343125370221,-61.86568746297792
TX_3,FOODS_2,TX,d_1923,2016-05-04,10,345.0,444.51797677364283,99.51797677364283
TX_3,FOODS_2,TX,d_1924,2016-05-05,11,523.0,492.7075818050477,-30.29241819495229
TX_3,FOODS_2,TX,d_1925,2016-05-06,12,521.0,519.5143641818621,-1.4856358181378937
TX_3,FOODS_2,TX,d_1926,2016-05-07,13,565.0,612.9296969205699,47.92969692056988
TX_3,FOODS_2,TX,d_1927,2016-05-08,14,421.0,457.23079261677765,36.23079261677765
TX_3,FOODS_2,TX,d_1928,2016-05-09,15,618.0,569.790247012539,-48.209752987461
TX_3,FOODS_2,TX,d_1929,2016-05-10,16,492.0,456.2486599542592,-35.75134004574079
TX_3,FOODS_2,TX,d_1930,2016-05-11,17,569.0,495.1872182340693,-73.81278176593071
TX_3,FOODS_2,TX,d_1931,2016-05-12,18,571.0,494.0233663066633,-76.97663369333668
TX_3,FOODS_2,TX,d_1932,2016-05-13,19,500.0,524.2159477712233,24.21594777122334
TX_3,FOODS_2,TX,d_1933,2016-05-14,20,522.0,547.7960354055999,25.796035405599923
TX_3,FOODS_2,TX,d_1934,2016-05-15,21,779.0,657.2975003556207,-121.70249964437926
TX_3,FOODS_2,TX,d_1935,2016-05-16,22,616.0,519.7247878994389,-96.27521210056113
TX_3,FOODS_2,TX,d_1936,2016-05-17,23,488.0,436.2823173546484,-51.7176826453516
TX_3,FOODS_2,TX,d_1937,2016-05-18,24,443.0,423.7353040078583,-19.264695992141696
TX_3,FOODS_2,TX,d_1938,2016-05-19,25,378.0,410.5768704578505,32.576870457850475
TX_3,FOODS_2,TX,d_1939,2016-05-20,26,458.0,398.79804809884837,-59.20195190115163
TX_3,FOODS_2,TX,d_1940,2016-05-21,27,511.0,492.14597934690727,-18.854020653092732
TX_3,FOODS_2,TX,d_1941,2016-05-22,28,568.0,512.1978751229807,-55.80212487701931
TX_3,FOODS_3,TX,d_1914,2016-04-25,1,1727.0,1574.1084998703295,-152.89150012967048
TX_3,FOODS_3,TX,d_1915,2016-04-26,2,1684.0,1430.1560434612693,-253.8439565387307
TX_3,FOODS_3,TX,d_1916,2016-04-27,3,1542.0,1424.6295646014244,-117.37043539857564
TX_3,FOODS_3,TX,d_1917,2016-04-28,4,1584.0,1423.743230123866,-160.25676987613406
TX_3,FOODS_3,TX,d_1918,2016-04-29,5,1926.0,1603.055173654353,-322.944826345647
TX_3,FOODS_3,TX,d_1919,2016-04-30,6,1819.0,1930.2559137024807,111.25591370248071
TX_3,FOODS_3,TX,d_1920,2016-05-01,7,2299.0,2187.6682600399354,-111.33173996006462
TX_3,FOODS_3,TX,d_1921,2016-05-02,8,1719.0,1696.3374241199276,-22.66257588007238
TX_3,FOODS_3,TX,d_1922,2016-05-03,9,1975.0,1697.090316370771,-277.909683629229
TX_3,FOODS_3,TX,d_1923,2016-05-04,10,1599.0,1508.223861755442,-90.77613824455807
TX_3,FOODS_3,TX,d_1924,2016-05-05,11,1736.0,1636.9994321908687,-99.00056780913133
TX_3,FOODS_3,TX,d_1925,2016-05-06,12,1911.0,1804.9846920269672,-106.0153079730328
TX_3,FOODS_3,TX,d_1926,2016-05-07,13,2325.0,2106.7797357997733,-218.22026420022667
TX_3,FOODS_3,TX,d_1927,2016-05-08,14,2036.0,1918.7941096407333,-117.20589035926673
TX_3,FOODS_3,TX,d_1928,2016-05-09,15,2071.0,1868.5280173937228,-202.47198260627715
TX_3,FOODS_3,TX,d_1929,2016-05-10,16,1826.0,1544.4857311406536,-281.51426885934643
TX_3,FOODS_3,TX,d_1930,2016-05-11,17,1873.0,1665.0248342921216,-207.97516570787843
TX_3,FOODS_3,TX,d_1931,2016-05-12,18,2058.0,1682.37959530829,-375.62040469171006
TX_3,FOODS_3,TX,d_1932,2016-05-13,19,2068.0,1840.1104574113313,-227.88954258866875
TX_3,FOODS_3,TX,d_1933,2016-05-14,20,1830.0,2026.0311694448242,196.03116944482417
TX_3,FOODS_3,TX,d_1934,2016-05-15,21,2519.0,2192.0088207389686,-326.99117926103145
TX_3,FOODS_3,TX,d_1935,2016-05-16,22,1914.0,1722.7866797953016,-191.21332020469845
TX_3,FOODS_3,TX,d_1936,2016-05-17,23,1738.0,1491.292895627767,-246.70710437223306
TX_3,FOODS_3,TX,d_1937,2016-05-18,24,1665.0,1460.8808096478351,-204.11919035216488
TX_3,FOODS_3,TX,d_1938,2016-05-19,25,1472.0,1447.666232085127,-24.33376791487308
TX_3,FOODS_3,TX,d_1939,2016-05-20,26,1986.0,1601.3569734893479,-384.64302651065213
TX_3,FOODS_3,TX,d_1940,2016-05-21,27,2222.0,1929.3444144146501,-292.65558558534985
TX_3,FOODS_3,TX,d_1941,2016-05-22,28,2384.0,2021.8817594854897,-362.11824051451026
TX_3,HOBBIES_1,TX,d_1914,2016-04-25,1,289.0,320.50034239583897,31.50034239583897
TX_3,HOBBIES_1,TX,d_1915,2016-04-26,2,313.0,311.8640181236019,-1.1359818763980911
TX_3,HOBBIES_1,TX,d_1916,2016-04-27,3,323.0,308.48069905045975,-14.519300949540252
TX_3,HOBBIES_1,TX,d_1917,2016-04-28,4,353.0,308.6840857064071,-44.315914293592925
TX_3,HOBBIES_1,TX,d_1918,2016-04-29,5,371.0,332.7709523994441,-38.22904760055587
TX_3,HOBBIES_1,TX,d_1919,2016-04-30,6,468.0,386.6613478581437,-81.3386521418563
TX_3,HOBBIES_1,TX,d_1920,2016-05-01,7,429.0,404.6316167354944,-24.36838326450561
TX_3,HOBBIES_1,TX,d_1921,2016-05-02,8,375.0,342.71760985596774,-32.28239014403226
TX_3,HOBBIES_1,TX,d_1922,2016-05-03,9,397.0,348.02271573116445,-48.97728426883555
TX_3,HOBBIES_1,TX,d_1923,2016-05-04,10,243.0,319.69280551198096,76.69280551198096
TX_3,HOBBIES_1,TX,d_1924,2016-05-05,11,317.0,321.9077370892502,4.90773708925019
TX_3,HOBBIES_1,TX,d_1925,2016-05-06,12,344.0,351.2253954771332,7.2253954771331905
TX_3,HOBBIES_1,TX,d_1926,2016-05-07,13,422.0,404.7073462064274,-17.292653793572583
TX_3,HOBBIES_1,TX,d_1927,2016-05-08,14,332.0,332.31215633039227,0.31215633039226987
TX_3,HOBBIES_1,TX,d_1928,2016-05-09,15,364.0,336.98374935854395,-27.016250641456054
TX_3,HOBBIES_1,TX,d_1929,2016-05-10,16,331.0,321.76253314472024,-9.237466855279763
TX_3,HOBBIES_1,TX,d_1930,2016-05-11,17,336.0,327.4406116888539,-8.559388311146108
TX_3,HOBBIES_1,TX,d_1931,2016-05-12,18,257.0,328.12833033524646,71.12833033524646
TX_3,HOBBIES_1,TX,d_1932,2016-05-13,19,301.0,350.88323186233845,49.88323186233845
TX_3,HOBBIES_1,TX,d_1933,2016-05-14,20,287.0,401.2780538429138,114.27805384291378
TX_3,HOBBIES_1,TX,d_1934,2016-05-15,21,443.0,395.9688616253533,-47.03113837464667
TX_3,HOBBIES_1,TX,d_1935,2016-05-16,22,350.0,331.4208216700457,-18.57917832995429
TX_3,HOBBIES_1,TX,d_1936,2016-05-17,23,368.0,316.6131707940213,-51.3868292059787
TX_3,HOBBIES_1,TX,d_1937,2016-05-18,24,321.0,311.4089040650603,-9.591095934939688
TX_3,HOBBIES_1,TX,d_1938,2016-05-19,25,235.0,309.29871610311244,74.29871610311244
TX_3,HOBBIES_1,TX,d_1939,2016-05-20,26,371.0,333.70461350070866,-37.29538649929134
TX_3,HOBBIES_1,TX,d_1940,2016-05-21,27,445.0,386.0695727180539,-58.930427281946095
TX_3,HOBBIES_1,TX,d_1941,2016-05-22,28,471.0,378.26763666913035,-92.73236333086965
TX_3,HOBBIES_2,TX,d_1914,2016-04-25,1,36.0,52.18819662585723,16.18819662585723
TX_3,HOBBIES_2,TX,d_1915,2016-04-26,2,39.0,52.54059229849276,13.540592298492761
TX_3,HOBBIES_2,TX,d_1916,2016-04-27,3,83.0,51.489566402595166,-31.510433597404834
TX_3,HOBBIES_2,TX,d_1917,2016-04-28,4,78.0,51.22915552226698,-26.77084447773302
TX_3,HOBBIES_2,TX,d_1918,2016-04-29,5,75.0,52.95600456614615,-22.04399543385385
TX_3,HOBBIES_2,TX,d_1919,2016-04-30,6,52.0,52.928418767790625,0.9284187677906246
TX_3,HOBBIES_2,TX,d_1920,2016-05-01,7,56.0,55.39823118153332,-0.601768818466681
TX_3,HOBBIES_2,TX,d_1921,2016-05-02,8,68.0,52.679478212279925,-15.320521787720075
TX_3,HOBBIES_2,TX,d_1922,2016-05-03,9,59.0,54.11351456746591,-4.886485432534087
TX_3,HOBBIES_2,TX,d_1923,2016-05-04,10,94.0,49.56915668333414,-44.43084331666586
TX_3,HOBBIES_2,TX,d_1924,2016-05-05,11,90.0,49.61031446726556,-40.38968553273444
TX_3,HOBBIES_2,TX,d_1925,2016-05-06,12,69.0,50.315100295095846,-18.684899704904154
TX_3,HOBBIES_2,TX,d_1926,2016-05-07,13,55.0,53.01954300763492,-1.9804569923650774
TX_3,HOBBIES_2,TX,d_1927,2016-05-08,14,45.0,47.442688511504564,2.4426885115045636
TX_3,HOBBIES_2,TX,d_1928,2016-05-09,15,83.0,49.32955778291985,-33.67044221708015
TX_3,HOBBIES_2,TX,d_1929,2016-05-10,16,49.0,50.00333077699101,1.0033307769910067
TX_3,HOBBIES_2,TX,d_1930,2016-05-11,17,65.0,49.33282911321416,-15.66717088678584
TX_3,HOBBIES_2,TX,d_1931,2016-05-12,18,54.0,49.556750223331214,-4.443249776668786
TX_3,HOBBIES_2,TX,d_1932,2016-05-13,19,59.0,50.30160374354608,-8.698396256453918
TX_3,HOBBIES_2,TX,d_1933,2016-05-14,20,38.0,52.999459813471624,14.999459813471624
TX_3,HOBBIES_2,TX,d_1934,2016-05-15,21,72.0,53.14944024019428,-18.85055975980572
TX_3,HOBBIES_2,TX,d_1935,2016-05-16,22,69.0,49.65093510435547,-19.34906489564453
TX_3,HOBBIES_2,TX,d_1936,2016-05-17,23,95.0,49.993193236352255,-45.006806763647745
TX_3,HOBBIES_2,TX,d_1937,2016-05-18,24,93.0,49.64406889401103,-43.35593110598897
TX_3,HOBBIES_2,TX,d_1938,2016-05-19,25,43.0,49.86799000412808,6.867990004128082
TX_3,HOBBIES_2,TX,d_1939,2016-05-20,26,38.0,51.11050705756201,13.11050705756201
TX_3,HOBBIES_2,TX,d_1940,2016-05-21,27,54.0,53.30151296777504,-0.6984870322249606
TX_3,HOBBIES_2,TX,d_1941,2016-05-22,28,57.0,53.451531747968524,-3.5484682520314763
TX_3,HOUSEHOLD_1,TX,d_1914,2016-04-25,1,800.0,725.3544271133877,-74.64557288661229
TX_3,HOUSEHOLD_1,TX,d_1915,2016-04-26,2,713.0,656.3297948306538,-56.67020516934622
TX_3,HOUSEHOLD_1,TX,d_1916,2016-04-27,3,601.0,651.2225653869498,50.22256538694978
TX_3,HOUSEHOLD_1,TX,d_1917,2016-04-28,4,680.0,651.1343489315399,-28.865651068460124
TX_3,HOUSEHOLD_1,TX,d_1918,2016-04-29,5,946.0,736.7746177074305,-209.22538229256952
TX_3,HOUSEHOLD_1,TX,d_1919,2016-04-30,6,872.0,851.4001278782569,-20.599872121743147
TX_3,HOUSEHOLD_1,TX,d_1920,2016-05-01,7,937.0,966.6315752866747,29.63157528667466
TX_3,HOUSEHOLD_1,TX,d_1921,2016-05-02,8,820.0,825.6262131262106,5.626213126210587
TX_3,HOUSEHOLD_1,TX,d_1922,2016-05-03,9,983.0,772.9154351955436,-210.08456480445636
TX_3,HOUSEHOLD_1,TX,d_1923,2016-05-04,10,715.0,671.3262781398395,-43.673721860160526
TX_3,HOUSEHOLD_1,TX,d_1924,2016-05-05,11,754.0,659.110050048947,-94.88994995105304
TX_3,HOUSEHOLD_1,TX,d_1925,2016-05-06,12,709.0,740.6717621227868,31.671762122786845
TX_3,HOUSEHOLD_1,TX,d_1926,2016-05-07,13,875.0,908.2397437226268,33.23974372262683
TX_3,HOUSEHOLD_1,TX,d_1927,2016-05-08,14,713.0,731.0221323351948,18.022132335194783
TX_3,HOUSEHOLD_1,TX,d_1928,2016-05-09,15,806.0,742.0909265862359,-63.90907341376408
TX_3,HOUSEHOLD_1,TX,d_1929,2016-05-10,16,674.0,671.7357898971142,-2.2642101028858406
TX_3,HOUSEHOLD_1,TX,d_1930,2016-05-11,17,687.0,664.8922732032272,-22.107726796772795
TX_3,HOUSEHOLD_1,TX,d_1931,2016-05-12,18,676.0,665.2883887382626,-10.711611261737403
TX_3,HOUSEHOLD_1,TX,d_1932,2016-05-13,19,739.0,740.4946931568724,1.4946931568723585
TX_3,HOUSEHOLD_1,TX,d_1933,2016-05-14,20,917.0,909.9455253194171,-7.054474680582871
TX_3,HOUSEHOLD_1,TX,d_1934,2016-05-15,21,1002.0,916.4796849178916,-85.52031508210837
TX_3,HOUSEHOLD_1,TX,d_1935,2016-05-16,22,885.0,744.1523781861213,-140.84762181387873
TX_3,HOUSEHOLD_1,TX,d_1936,2016-05-17,23,862.0,661.7415309320174,-200.25846906798256
TX_3,HOUSEHOLD_1,TX,d_1937,2016-05-18,24,737.0,658.0329426800323,-78.9670573199677
TX_3,HOUSEHOLD_1,TX,d_1938,2016-05-19,25,631.0,657.1501716616376,26.150171661637614
TX_3,HOUSEHOLD_1,TX,d_1939,2016-05-20,26,935.0,738.8621094285452,-196.13789057145482
TX_3,HOUSEHOLD_1,TX,d_1940,2016-05-21,27,955.0,880.8100615921277,-74.18993840787232
TX_3,HOUSEHOLD_1,TX,d_1941,2016-05-22,28,980.0,887.6388730301395,-92.36112696986049
TX_3,HOUSEHOLD_2,TX,d_1914,2016-04-25,1,151.0,160.6500515604773,9.650051560477294
TX_3,HOUSEHOLD_2,TX,d_1915,2016-04-26,2,141.0,159.43226254966805,18.432262549668053
TX_3,HOUSEHOLD_2,TX,d_1916,2016-04-27,3,144.0,158.3812366537705,14.381236653770486
TX_3,HOUSEHOLD_2,TX,d_1917,2016-04-28,4,157.0,158.58462330971778,1.5846233097177844
TX_3,HOUSEHOLD_2,TX,d_1918,2016-04-29,5,214.0,183.9907033415551,-30.009296658444896
TX_3,HOUSEHOLD_2,TX,d_1919,2016-04-30,6,211.0,207.51954068488703,-3.4804593151129666
TX_3,HOUSEHOLD_2,TX,d_1920,2016-05-01,7,220.0,211.39306526004637,-8.60693473995363
TX_3,HOUSEHOLD_2,TX,d_1921,2016-05-02,8,187.0,161.6558052106888,-25.34419478931119
TX_3,HOUSEHOLD_2,TX,d_1922,2016-05-03,9,187.0,162.56141498033506,-24.43858501966494
TX_3,HOUSEHOLD_2,TX,d_1923,2016-05-04,10,171.0,156.77552303491007,-14.224476965089934
TX_3,HOUSEHOLD_2,TX,d_1924,2016-05-05,11,176.0,157.52316923945864,-18.47683076054136
TX_3,HOUSEHOLD_2,TX,d_1925,2016-05-06,12,169.0,182.23970891193537,13.239708911935367
TX_3,HOUSEHOLD_2,TX,d_1926,2016-05-07,13,190.0,206.12182452628699,16.121824526286986
TX_3,HOUSEHOLD_2,TX,d_1927,2016-05-08,14,200.0,190.59927381602742,-9.40072618397258
TX_3,HOUSEHOLD_2,TX,d_1928,2016-05-09,15,176.0,158.35265549572554,-17.647344504274457
TX_3,HOUSEHOLD_2,TX,d_1929,2016-05-10,16,190.0,157.20969712856692,-32.790302871433084
TX_3,HOUSEHOLD_2,TX,d_1930,2016-05-11,17,187.0,156.7857421425751,-30.21425785742491
TX_3,HOUSEHOLD_2,TX,d_1931,2016-05-12,18,202.0,157.47346078896763,-44.52653921103237
TX_3,HOUSEHOLD_2,TX,d_1932,2016-05-13,19,194.0,181.89754529714065,-12.102454702859347
TX_3,HOUSEHOLD_2,TX,d_1933,2016-05-14,20,235.0,205.85519465433867,-29.144805345661325
TX_3,HOUSEHOLD_2,TX,d_1934,2016-05-15,21,226.0,208.90767842343786,-17.092321576562142
TX_3,HOUSEHOLD_2,TX,d_1935,2016-05-16,22,183.0,158.42748613937616,-24.572513860623843
TX_3,HOUSEHOLD_2,TX,d_1936,2016-05-17,23,203.0,156.88486348752753,-46.115136512472475
TX_3,HOUSEHOLD_2,TX,d_1937,2016-05-18,24,157.0,156.5357391451863,-0.46426085481368773
TX_3,HOUSEHOLD_2,TX,d_1938,2016-05-19,25,174.0,157.22345779157885,-16.776542208421148
TX_3,HOUSEHOLD_2,TX,d_1939,2016-05-20,26,202.0,182.14520583297093,-19.85479416702907
TX_3,HOUSEHOLD_2,TX,d_1940,2016-05-21,27,213.0,205.84255170824144,-7.157448291758556
TX_3,HOUSEHOLD_2,TX,d_1941,2016-05-22,28,220.0,208.64852715302646,-11.351472846973536
WI_1,FOODS_1,WI,d_1914,2016-04-25,1,243.0,264.25183883937234,21.25183883937234
WI_1,FOODS_1,WI,d_1915,2016-04-26,2,288.0,264.157425119715,-23.842574880284985
WI_1,FOODS_1,WI,d_1916,2016-04-27,3,261.0,290.54693383894306,29.546933838943062
WI_1,FOODS_1,WI,d_1917,2016-04-28,4,313.0,293.65080990122914,-19.349190098770862
WI_1,FOODS_1,WI,d_1918,2016-04-29,5,393.0,363.1175771759974,-29.882422824002617
WI_1,FOODS_1,WI,d_1919,2016-04-30,6,513.0,406.02972885054953,-106.97027114945047
WI_1,FOODS_1,WI,d_1920,2016-05-01,7,412.0,338.8263404445026,-73.17365955549741
WI_1,FOODS_1,WI,d_1921,2016-05-02,8,325.0,282.55909514632305,-42.440904853676955
WI_1,FOODS_1,WI,d_1922,2016-05-03,9,340.0,282.4646814266657,-57.53531857333428
WI_1,FOODS_1,WI,d_1923,2016-05-04,10,414.0,269.86539426764233,-144.13460573235767
WI_1,FOODS_1,WI,d_1924,2016-05-05,11,375.0,268.2422789140439,-106.75772108595612
WI_1,FOODS_1,WI,d_1925,2016-05-06,12,361.0,329.0658099446138,-31.934190055386182
WI_1,FOODS_1,WI,d_1926,2016-05-07,13,523.0,396.86792717725064,-126.13207282274936
WI_1,FOODS_1,WI,d_1927,2016-05-08,14,348.0,298.6212281924667,-49.378771807533326
WI_1,FOODS_1,WI,d_1928,2016-05-09,15,305.0,274.6403039193601,-30.35969608063988
WI_1,FOODS_1,WI,d_1929,2016-05-10,16,364.0,270.2506829794831,-93.74931702051691
WI_1,FOODS_1,WI,d_1930,2016-05-11,17,385.0,274.5458901997028,-110.4541098002972
WI_1,FOODS_1,WI,d_1931,2016-05-12,18,345.0,278.3430277886915,-66.65697221130853
WI_1,FOODS_1,WI,d_1932,2016-05-13,19,375.0,330.33012605604466,-44.66987394395534
WI_1,FOODS_1,WI,d_1933,2016-05-14,20,478.0,395.433945141748,-82.56605485825202
WI_1,FOODS_1,WI,d_1934,2016-05-15,21,420.0,350.5895095214844,-69.41049047851561
WI_1,FOODS_1,WI,d_1935,2016-05-16,22,307.0,270.3450966991404,-36.65490330085959
WI_1,FOODS_1,WI,d_1936,2016-05-17,23,341.0,267.82038837034526,-73.17961162965474
WI_1,FOODS_1,WI,d_1937,2016-05-18,24,292.0,266.7273722785114,-25.272627721488618
WI_1,FOODS_1,WI,d_1938,2016-05-19,25,374.0,270.3725673371134,-103.62743266288658
WI_1,FOODS_1,WI,d_1939,2016-05-20,26,388.0,326.76469747426574,-61.235302525734255
WI_1,FOODS_1,WI,d_1940,2016-05-21,27,378.0,394.04794559138514,16.047945591385144
WI_1,FOODS_1,WI,d_1941,2016-05-22,28,352.0,352.72910778746655,0.7291077874665461
WI_1,FOODS_2,WI,d_1914,2016-04-25,1,547.0,540.5484178538153,-6.451582146184705
WI_1,FOODS_2,WI,d_1915,2016-04-26,2,472.0,512.8648932789503,40.86489327895026
WI_1,FOODS_2,WI,d_1916,2016-04-27,3,479.0,508.06590645452457,29.065906454524566
WI_1,FOODS_2,WI,d_1917,2016-04-28,4,481.0,507.2094428862597,26.209442886259694
WI_1,FOODS_2,WI,d_1918,2016-04-29,5,580.0,562.0431263893182,-17.956873610681782
WI_1,FOODS_2,WI,d_1919,2016-04-30,6,871.0,735.8584190418986,-135.14158095810137
WI_1,FOODS_2,WI,d_1920,2016-05-01,7,1047.0,772.5105167693484,-274.48948323065156
WI_1,FOODS_2,WI,d_1921,2016-05-02,8,641.0,677.6836551118265,36.68365511182651
WI_1,FOODS_2,WI,d_1922,2016-05-03,9,634.0,644.8722011948342,10.872201194834247
WI_1,FOODS_2,WI,d_1923,2016-05-04,10,593.0,571.3836911908429,-21.61630880915709
WI_1,FOODS_2,WI,d_1924,2016-05-05,11,643.0,598.1274686938524,-44.87253130614761
WI_1,FOODS_2,WI,d_1925,2016-05-06,12,610.0,721.0172991695155,111.01729916951547
WI_1,FOODS_2,WI,d_1926,2016-05-07,13,888.0,796.6128632026162,-91.38713679738385
WI_1,FOODS_2,WI,d_1927,2016-05-08,14,704.0,654.1217449253522,-49.87825507464777
WI_1,FOODS_2,WI,d_1928,2016-05-09,15,783.0,651.4062995442818,-131.59370045571825
WI_1,FOODS_2,WI,d_1929,2016-05-10,16,572.0,571.5510293113375,-0.44897068866248446
WI_1,FOODS_2,WI,d_1930,2016-05-11,17,741.0,619.6235081157838,-121.3764918842162
WI_1,FOODS_2,WI,d_1931,2016-05-12,18,598.0,619.6444236273554,21.644423627355422
WI_1,FOODS_2,WI,d_1932,2016-05-13,19,665.0,612.0735883399659,-52.92641166003409
WI_1,FOODS_2,WI,d_1933,2016-05-14,20,982.0,889.6464544277418,-92.35354557225821
WI_1,FOODS_2,WI,d_1934,2016-05-15,21,1068.0,912.192779829338,-155.80722017066205
WI_1,FOODS_2,WI,d_1935,2016-05-16,22,587.0,604.947572990614,17.94757299061405
WI_1,FOODS_2,WI,d_1936,2016-05-17,23,602.0,530.8944201488492,-71.10557985115076
WI_1,FOODS_2,WI,d_1937,2016-05-18,24,510.0,526.568141196722,16.568141196721967
WI_1,FOODS_2,WI,d_1938,2016-05-19,25,501.0,521.4597927777393,20.459792777739267
WI_1,FOODS_2,WI,d_1939,2016-05-20,26,501.0,573.5203448807666,72.52034488076663
WI_1,FOODS_2,WI,d_1940,2016-05-21,27,672.0,750.1812348863701,78.18123488637013
WI_1,FOODS_2,WI,d_1941,2016-05-22,28,809.0,766.2685128999887,-42.73148710001135
WI_1,FOODS_3,WI,d_1914,2016-04-25,1,1419.0,1385.081040172563,-33.91895982743699
WI_1,FOODS_3,WI,d_1915,2016-04-26,2,1375.0,1364.0916610326367,-10.908338967363306
WI_1,FOODS_3,WI,d_1916,2016-04-27,3,1477.0,1376.0414546878055,-100.95854531219447
WI_1,FOODS_3,WI,d_1917,2016-04-28,4,1397.0,1385.860322380061,-11.139677619938993
WI_1,FOODS_3,WI,d_1918,2016-04-29,5,1801.0,1776.5678525093965,-24.432147490603484
WI_1,FOODS_3,WI,d_1919,2016-04-30,6,2292.0,2229.854676624112,-62.14532337588798
WI_1,FOODS_3,WI,d_1920,2016-05-01,7,2302.0,2136.1194127330523,-165.8805872669477
WI_1,FOODS_3,WI,d_1921,2016-05-02,8,1494.0,1565.3319789500126,71.33197895001263
WI_1,FOODS_3,WI,d_1922,2016-05-03,9,1456.0,1540.274651403087,84.27465140308709
WI_1,FOODS_3,WI,d_1923,2016-05-04,10,1463.0,1434.792734398898,-28.207265601102108
WI_1,FOODS_3,WI,d_1924,2016-05-05,11,1596.0,1490.0262671318683,-105.97373286813172
WI_1,FOODS_3,WI,d_1925,2016-05-06,12,1918.0,1829.8451732832846,-88.15482671671543
WI_1,FOODS_3,WI,d_1926,2016-05-07,13,2376.0,2265.549533150772,-110.45046684922818
WI_1,FOODS_3,WI,d_1927,2016-05-08,14,1919.0,1924.8905193416176,5.890519341617619
WI_1,FOODS_3,WI,d_1928,2016-05-09,15,1821.0,1562.080303172777,-258.9196968272231
WI_1,FOODS_3,WI,d_1929,2016-05-10,16,1416.0,1441.6555567432715,25.655556743271518
WI_1,FOODS_3,WI,d_1930,2016-05-11,17,1645.0,1515.5499798427472,-129.45002015725277
WI_1,FOODS_3,WI,d_1931,2016-05-12,18,1638.0,1534.8633287115379,-103.13667128846214
WI_1,FOODS_3,WI,d_1932,2016-05-13,19,1699.0,1787.5568884540482,88.55688845404825
WI_1,FOODS_3,WI,d_1933,2016-05-14,20,2452.0,2328.0312542233746,-123.96874577662538
WI_1,FOODS_3,WI,d_1934,2016-05-15,21,2427.0,2306.52733243425,-120.47266756574982
WI_1,FOODS_3,WI,d_1935,2016-05-16,22,1686.0,1482.0303901634893,-203.9696098365107
WI_1,FOODS_3,WI,d_1936,2016-05-17,23,1487.0,1392.4236109617034,-94.57638903829661
WI_1,FOODS_3,WI,d_1937,2016-05-18,24,1481.0,1390.2417249460664,-90.75827505393363
WI_1,FOODS_3,WI,d_1938,2016-05-19,25,1535.0,1388.9428287708338,-146.05717122916622
WI_1,FOODS_3,WI,d_1939,2016-05-20,26,1727.0,1728.2582592334802,1.258259233480203
WI_1,FOODS_3,WI,d_1940,2016-05-21,27,2345.0,2162.573120347022,-182.4268796529782
WI_1,FOODS_3,WI,d_1941,2016-05-22,28,2295.0,2141.3791899703624,-153.6208100296376
WI_1,HOBBIES_1,WI,d_1914,2016-04-25,1,368.0,332.84186983878305,-35.158130161216945
WI_1,HOBBIES_1,WI,d_1915,2016-04-26,2,435.0,329.5183988022926,-105.48160119770739
WI_1,HOBBIES_1,WI,d_1916,2016-04-27,3,417.0,329.09666949542884,-87.90333050457116
WI_1,HOBBIES_1,WI,d_1917,2016-04-28,4,395.0,332.2005455577149,-62.79945444228508
WI_1,HOBBIES_1,WI,d_1918,2016-04-29,5,391.0,405.48863338860036,14.488633388600363
WI_1,HOBBIES_1,WI,d_1919,2016-04-30,6,504.0,516.5696426174089,12.569642617408931
WI_1,HOBBIES_1,WI,d_1920,2016-05-01,7,451.0,417.9060277408587,-33.09397225914131
WI_1,HOBBIES_1,WI,d_1921,2016-05-02,8,359.0,356.3379376564201,-2.662062343579919
WI_1,HOBBIES_1,WI,d_1922,2016-05-03,9,312.0,356.3798183324453,44.379818332445325
WI_1,HOBBIES_1,WI,d_1923,2016-05-04,10,292.0,329.64368515922837,37.64368515922837
WI_1,HOBBIES_1,WI,d_1924,2016-05-05,11,336.0,322.54506306303585,-13.454936936964145
WI_1,HOBBIES_1,WI,d_1925,2016-05-06,12,383.0,398.20563997978326,15.205639979783257
WI_1,HOBBIES_1,WI,d_1926,2016-05-07,13,573.0,510.17567929970176,-62.824320700298244
WI_1,HOBBIES_1,WI,d_1927,2016-05-08,14,388.0,349.54338353157283,-38.45661646842717
WI_1,HOBBIES_1,WI,d_1928,2016-05-09,15,266.0,339.36285999386655,73.36285999386655
WI_1,HOBBIES_1,WI,d_1929,2016-05-10,16,287.0,329.72873491054395,42.72873491054395
WI_1,HOBBIES_1,WI,d_1930,2016-05-11,17,308.0,336.0393889573761,28.039388957376104
WI_1,HOBBIES_1,WI,d_1931,2016-05-12,18,310.0,338.86608247127447,28.866082471274467
WI_1,HOBBIES_1,WI,d_1932,2016-05-13,19,457.0,404.05702145273415,-52.94297854726585
WI_1,HOBBIES_1,WI,d_1933,2016-05-14,20,531.0,500.9047836403327,-30.09521635966729
WI_1,HOBBIES_1,WI,d_1934,2016-05-15,21,473.0,452.2624992024219,-20.737500797578093
WI_1,HOBBIES_1,WI,d_1935,2016-05-16,22,273.0,333.0522059470344,60.052205947034395
WI_1,HOBBIES_1,WI,d_1936,2016-05-17,23,260.0,327.28307568809686,67.28307568809686
WI_1,HOBBIES_1,WI,d_1937,2016-05-18,24,364.0,326.19005959626304,-37.80994040373696
WI_1,HOBBIES_1,WI,d_1938,2016-05-19,25,308.0,328.5761615508204,20.576161550820416
WI_1,HOBBIES_1,WI,d_1939,2016-05-20,26,403.0,395.5722319536345,-7.427768046365486
WI_1,HOBBIES_1,WI,d_1940,2016-05-21,27,502.0,500.0394577281677,-1.9605422718323098
WI_1,HOBBIES_1,WI,d_1941,2016-05-22,28,560.0,448.2812655499668,-111.7187344500332
WI_1,HOBBIES_2,WI,d_1914,2016-04-25,1,26.0,28.848555846712273,2.848555846712273
WI_1,HOBBIES_2,WI,d_1915,2016-04-26,2,37.0,28.982669013470126,-8.017330986529874
WI_1,HOBBIES_2,WI,d_1916,2016-04-27,3,30.0,29.25767934476862,-0.7423206552313815
WI_1,HOBBIES_2,WI,d_1917,2016-04-28,4,46.0,29.442135858903928,-16.557864141096072
WI_1,HOBBIES_2,WI,d_1918,2016-04-29,5,42.0,36.30682743702497,-5.693172562975029
WI_1,HOBBIES_2,WI,d_1919,2016-04-30,6,46.0,39.338803094515406,-6.661196905484594
WI_1,HOBBIES_2,WI,d_1920,2016-05-01,7,48.0,32.87234451592857,-15.127655484071433
WI_1,HOBBIES_2,WI,d_1921,2016-05-02,8,32.0,29.827249491046402,-2.172750508953598
WI_1,HOBBIES_2,WI,d_1922,2016-05-03,9,62.0,29.961362657804255,-32.03863734219574
WI_1,HOBBIES_2,WI,d_1923,2016-05-04,10,35.0,28.714909408201596,-6.285090591798404
WI_1,HOBBIES_2,WI,d_1924,2016-05-05,11,49.0,24.438588753060596,-24.561411246939404
WI_1,HOBBIES_2,WI,d_1925,2016-05-06,12,40.0,32.81168201612635,-7.188317983873652
WI_1,HOBBIES_2,WI,d_1926,2016-05-07,13,65.0,39.62743589982342,-25.372564100176582
WI_1,HOBBIES_2,WI,d_1927,2016-05-08,14,47.0,25.05678338192711,-21.94321661807289
WI_1,HOBBIES_2,WI,d_1928,2016-05-09,15,17.0,28.50549718345088,11.505497183450881
WI_1,HOBBIES_2,WI,d_1929,2016-05-10,16,38.0,28.799959159517233,-9.200040840482767
WI_1,HOBBIES_2,WI,d_1930,2016-05-11,17,37.0,28.639610350208734,-8.360389649791266
WI_1,HOBBIES_2,WI,d_1931,2016-05-12,18,33.0,28.54688431595632,-4.453115684043681
WI_1,HOBBIES_2,WI,d_1932,2016-05-13,19,33.0,32.958534273885085,-0.0414657261149145
WI_1,HOBBIES_2,WI,d_1933,2016-05-14,20,33.0,39.45359053896515,6.453590538965152
WI_1,HOBBIES_2,WI,d_1934,2016-05-15,21,55.0,37.962829891227834,-17.037170108772166
WI_1,HOBBIES_2,WI,d_1935,2016-05-16,22,25.0,28.66584599275938,3.6658459927593796
WI_1,HOBBIES_2,WI,d_1936,2016-05-17,23,29.0,28.789821618878484,-0.21017838112151566
WI_1,HOBBIES_2,WI,d_1937,2016-05-18,24,9.0,28.789821618878484,19.789821618878484
WI_1,HOBBIES_2,WI,d_1938,2016-05-19,25,52.0,28.69709558462607,-23.30290441537393
WI_1,HOBBIES_2,WI,d_1939,2016-05-20,26,35.0,33.44606026646539,-1.5539397335346123
WI_1,HOBBIES_2,WI,d_1940,2016-05-21,27,62.0,40.101465340853956,-21.898534659146044
WI_1,HOBBIES_2,WI,d_1941,2016-05-22,28,40.0,38.617329689200986,-1.3826703107990141
WI_1,HOUSEHOLD_1,WI,d_1914,2016-04-25,1,427.0,519.6196999235682,92.61969992356819
WI_1,HOUSEHOLD_1,WI,d_1915,2016-04-26,2,437.0,492.68022205262355,55.68022205262355
WI_1,HOUSEHOLD_1,WI,d_1916,2016-04-27,3,465.0,492.2584927457598,27.25849274575978
WI_1,HOUSEHOLD_1,WI,d_1917,2016-04-28,4,439.0,497.5645024341121,58.564502434112114
WI_1,HOUSEHOLD_1,WI,d_1918,2016-04-29,5,758.0,645.6774996668221,-112.32250033317791
WI_1,HOUSEHOLD_1,WI,d_1919,2016-04-30,6,847.0,856.7171711463137,9.717171146313717
WI_1,HOUSEHOLD_1,WI,d_1920,2016-05-01,7,767.0,788.6437649168088,21.643764916808777
WI_1,HOUSEHOLD_1,WI,d_1921,2016-05-02,8,512.0,589.2929466933459,77.29294669334593
WI_1,HOUSEHOLD_1,WI,d_1922,2016-05-03,9,496.0,562.90995457479,66.90995457479005
WI_1,HOUSEHOLD_1,WI,d_1923,2016-05-04,10,509.0,491.2150119665027,-17.784988033497314
WI_1,HOUSEHOLD_1,WI,d_1924,2016-05-05,11,552.0,494.7008898792827,-57.29911012071727
WI_1,HOUSEHOLD_1,WI,d_1925,2016-05-06,12,649.0,625.5792571929942,-23.42074280700581
WI_1,HOUSEHOLD_1,WI,d_1926,2016-05-07,13,762.0,819.0455624413181,57.04556244131811
WI_1,HOUSEHOLD_1,WI,d_1927,2016-05-08,14,485.0,553.2181678407626,68.21816784076259
WI_1,HOUSEHOLD_1,WI,d_1928,2016-05-09,15,520.0,538.4822333709997,18.482233370999666
WI_1,HOUSEHOLD_1,WI,d_1929,2016-05-10,16,426.0,490.14404526748814,64.14404526748814
WI_1,HOUSEHOLD_1,WI,d_1930,2016-05-11,17,655.0,508.7338895399283,-146.26611046007167
WI_1,HOUSEHOLD_1,WI,d_1931,2016-05-12,18,594.0,513.762716679893,-80.23728332010705
WI_1,HOUSEHOLD_1,WI,d_1932,2016-05-13,19,595.0,620.9190033215518,25.919003321551827
WI_1,HOUSEHOLD_1,WI,d_1933,2016-05-14,20,818.0,808.8027627012601,-9.197237298739878
WI_1,HOUSEHOLD_1,WI,d_1934,2016-05-15,21,810.0,772.0643013130946,-37.935698686905425
WI_1,HOUSEHOLD_1,WI,d_1935,2016-05-16,22,487.0,524.0516504360406,37.05165043604063
WI_1,HOUSEHOLD_1,WI,d_1936,2016-05-17,23,440.0,484.67496296433694,44.67496296433694
WI_1,HOUSEHOLD_1,WI,d_1937,2016-05-18,24,448.0,481.139133025691,33.139133025691024
WI_1,HOUSEHOLD_1,WI,d_1938,2016-05-19,25,533.0,489.0230225740057,-43.97697742599428
WI_1,HOUSEHOLD_1,WI,d_1939,2016-05-20,26,579.0,614.9988777539515,35.99887775395155
WI_1,HOUSEHOLD_1,WI,d_1940,2016-05-21,27,793.0,797.2273110811213,4.227311081121343
WI_1,HOUSEHOLD_1,WI,d_1941,2016-05-22,28,752.0,754.3176721485745,2.317672148574502
WI_1,HOUSEHOLD_2,WI,d_1914,2016-04-25,1,136.0,157.56869023342372,21.568690233423723
WI_1,HOUSEHOLD_2,WI,d_1915,2016-04-26,2,150.0,157.70280340018158,7.70280340018158
WI_1,HOUSEHOLD_2,WI,d_1916,2016-04-27,3,138.0,157.97781373148004,19.97781373148004
WI_1,HOUSEHOLD_2,WI,d_1917,2016-04-28,4,130.0,160.62224927624598,30.62224927624598
WI_1,HOUSEHOLD_2,WI,d_1918,2016-04-29,5,178.0,198.0360871451166,20.036087145116596
WI_1,HOUSEHOLD_2,WI,d_1919,2016-04-30,6,245.0,230.6935143952314,-14.306485604768596
WI_1,HOUSEHOLD_2,WI,d_1920,2016-05-01,7,201.0,211.8194477402986,10.819447740298614
WI_1,HOUSEHOLD_2,WI,d_1921,2016-05-02,8,139.0,159.0923338881585,20.092333888158493
WI_1,HOUSEHOLD_2,WI,d_1922,2016-05-03,9,156.0,160.44621006368718,4.446210063687175
WI_1,HOUSEHOLD_2,WI,d_1923,2016-05-04,10,138.0,157.90217881966007,19.902178819660065
WI_1,HOUSEHOLD_2,WI,d_1924,2016-05-05,11,179.0,156.32852807949138,-22.671471920508623
WI_1,HOUSEHOLD_2,WI,d_1925,2016-05-06,12,181.0,190.39157247335186,9.391572473351857
WI_1,HOUSEHOLD_2,WI,d_1926,2016-05-07,13,245.0,228.35734581008248,-16.642654189917522
WI_1,HOUSEHOLD_2,WI,d_1927,2016-05-08,14,168.0,194.30445074350618,26.30445074350618
WI_1,HOUSEHOLD_2,WI,d_1928,2016-05-09,15,183.0,157.93931327269436,-25.060686727305637
WI_1,HOUSEHOLD_2,WI,d_1929,2016-05-10,16,124.0,157.9872285709757,33.9872285709757
WI_1,HOUSEHOLD_2,WI,d_1930,2016-05-11,17,177.0,158.07342643945222,-18.92657356054778
WI_1,HOUSEHOLD_2,WI,d_1931,2016-05-12,18,164.0,160.44067943583045,-3.5593205641695533
WI_1,HOUSEHOLD_2,WI,d_1932,2016-05-13,19,154.0,189.96321099008063,35.963210990080626
WI_1,HOUSEHOLD_2,WI,d_1933,2016-05-14,20,233.0,228.43004712700923,-4.569952872990768
WI_1,HOUSEHOLD_2,WI,d_1934,2016-05-15,21,235.0,219.68755132255004,-15.312448677449964
WI_1,HOUSEHOLD_2,WI,d_1935,2016-05-16,22,140.0,157.85311540421785,17.853115404217846
WI_1,HOUSEHOLD_2,WI,d_1936,2016-05-17,23,164.0,157.50995600558994,-6.490043994410058
WI_1,HOUSEHOLD_2,WI,d_1937,2016-05-18,24,138.0,157.50995600558994,19.50995600558994
WI_1,HOUSEHOLD_2,WI,d_1938,2016-05-19,25,175.0,159.87720900196817,-15.122790998031832
WI_1,HOUSEHOLD_2,WI,d_1939,2016-05-20,26,180.0,189.98360195791392,9.983601957913919
WI_1,HOUSEHOLD_2,WI,d_1940,2016-05-21,27,250.0,228.364240226366,-21.635759773633993
WI_1,HOUSEHOLD_2,WI,d_1941,2016-05-22,28,246.0,219.62836941799114,-26.371630582008862
WI_2,FOODS_1,WI,d_1914,2016-04-25,1,301.0,318.9064671064987,17.906467106498724
WI_2,FOODS_1,WI,d_1915,2016-04-26,2,324.0,314.9158654186206,-9.084134581379374
WI_2,FOODS_1,WI,d_1916,2016-04-27,3,270.0,342.019078077579,72.01907807757902
WI_2,FOODS_1,WI,d_1917,2016-04-28,4,417.0,344.1729203677878,-72.82707963221219
WI_2,FOODS_1,WI,d_1918,2016-04-29,5,576.0,372.9885896064307,-203.0114103935693
WI_2,FOODS_1,WI,d_1919,2016-04-30,6,637.0,415.13039397296325,-221.86960602703675
WI_2,FOODS_1,WI,d_1920,2016-05-01,7,608.0,400.48556486216046,-207.51443513783954
WI_2,FOODS_1,WI,d_1921,2016-05-02,8,493.0,375.77568276023294,-117.22431723976706
WI_2,FOODS_1,WI,d_1922,2016-05-03,9,598.0,384.1915564225405,-213.8084435774595
WI_2,FOODS_1,WI,d_1923,2016-05-04,10,410.0,349.28281925449096,-60.71718074550904
WI_2,FOODS_1,WI,d_1924,2016-05-05,11,458.0,355.4596430401225,-102.5403569598775
WI_2,FOODS_1,WI,d_1925,2016-05-06,12,529.0,397.3318826007872,-131.6681173992128
WI_2,FOODS_1,WI,d_1926,2016-05-07,13,633.0,440.09476365194297,-192.90523634805703
WI_2,FOODS_1,WI,d_1927,2016-05-08,14,523.0,365.66262386099834,-157.33737613900166
WI_2,FOODS_1,WI,d_1928,2016-05-09,15,553.0,371.70087895892726,-181.29912104107274
WI_2,FOODS_1,WI,d_1929,2016-05-10,16,452.0,351.28835551231583,-100.71164448768417
WI_2,FOODS_1,WI,d_1930,2016-05-11,17,508.0,366.89618990800534,-141.10381009199466
WI_2,FOODS_1,WI,d_1931,2016-05-12,18,434.0,377.6148729796283,-56.385127020371726
WI_2,FOODS_1,WI,d_1932,2016-05-13,19,466.0,379.62853204807243,-86.37146795192757
WI_2,FOODS_1,WI,d_1933,2016-05-14,20,578.0,460.27893626006596,-117.72106373993404
WI_2,FOODS_1,WI,d_1934,2016-05-15,21,574.0,438.95013671144113,-135.04986328855887
WI_2,FOODS_1,WI,d_1935,2016-05-16,22,454.0,358.6414031929675,-95.35859680703248
WI_2,FOODS_1,WI,d_1936,2016-05-17,23,386.0,335.3857214686004,-50.61427853139958
WI_2,FOODS_1,WI,d_1937,2016-05-18,24,394.0,332.36266926097306,-61.637330739026936
WI_2,FOODS_1,WI,d_1938,2016-05-19,25,336.0,326.6078992342224,-9.392100765777627
WI_2,FOODS_1,WI,d_1939,2016-05-20,26,433.0,345.5566807432017,-87.4433192567983
WI_2,FOODS_1,WI,d_1940,2016-05-21,27,427.0,410.0242232836281,-16.97577671637191
WI_2,FOODS_1,WI,d_1941,2016-05-22,28,398.0,386.2872270721406,-11.712772927859419
WI_2,FOODS_2,WI,d_1914,2016-04-25,1,744.0,826.6838373755155,82.68383737551551
WI_2,FOODS_2,WI,d_1915,2016-04-26,2,843.0,808.020475348062,-34.97952465193805
WI_2,FOODS_2,WI,d_1916,2016-04-27,3,779.0,799.4426402237126,20.4426402237126
WI_2,FOODS_2,WI,d_1917,2016-04-28,4,724.0,792.0275960882667,68.0275960882667
WI_2,FOODS_2,WI,d_1918,2016-04-29,5,912.0,886.5529582468176,-25.44704175318236
WI_2,FOODS_2,WI,d_1919,2016-04-30,6,886.0,1004.1587424695157,118.15874246951569
WI_2,FOODS_2,WI,d_1920,2016-05-01,7,940.0,1049.2117420276063,109.2117420276063
WI_2,FOODS_2,WI,d_1921,2016-05-02,8,1323.0,1280.654676682185,-42.34532331781497
WI_2,FOODS_2,WI,d_1922,2016-05-03,9,1470.0,1311.1933115675715,-158.80668843242847
WI_2,FOODS_2,WI,d_1923,2016-05-04,10,1140.0,1004.0786613990573,-135.9213386009427
WI_2,FOODS_2,WI,d_1924,2016-05-05,11,1434.0,1252.9586153017701,-181.04138469822988
WI_2,FOODS_2,WI,d_1925,2016-05-06,12,1340.0,1358.1040663704136,18.104066370413648
WI_2,FOODS_2,WI,d_1926,2016-05-07,13,1283.0,1199.7300595954405,-83.26994040455952
WI_2,FOODS_2,WI,d_1927,2016-05-08,14,1317.0,1214.7353052657197,-102.26469473428028
WI_2,FOODS_2,WI,d_1928,2016-05-09,15,1826.0,1324.5933128721897,-501.4066871278103
WI_2,FOODS_2,WI,d_1929,2016-05-10,16,1191.0,1010.2054906268918,-180.7945093731082
WI_2,FOODS_2,WI,d_1930,2016-05-11,17,1723.0,1303.358207245378,-419.641792754622
WI_2,FOODS_2,WI,d_1931,2016-05-12,18,1547.0,1310.5231212679407,-236.47687873205928
WI_2,FOODS_2,WI,d_1932,2016-05-13,19,1154.0,1085.7708904659078,-68.22910953409223
WI_2,FOODS_2,WI,d_1933,2016-05-14,20,1934.0,1490.0289315394755,-443.9710684605245
WI_2,FOODS_2,WI,d_1934,2016-05-15,21,2011.0,1492.1037711255901,-518.8962288744099
WI_2,FOODS_2,WI,d_1935,2016-05-16,22,1203.0,1033.8853686079478,-169.11463139205216
WI_2,FOODS_2,WI,d_1936,2016-05-17,23,1023.0,964.7180467147439,-58.28195328525612
WI_2,FOODS_2,WI,d_1937,2016-05-18,24,924.0,926.9184962320503,2.918496232050302
WI_2,FOODS_2,WI,d_1938,2016-05-19,25,800.0,887.9376196463076,87.93761964630755
WI_2,FOODS_2,WI,d_1939,2016-05-20,26,815.0,960.4288512376654,145.4288512376654
WI_2,FOODS_2,WI,d_1940,2016-05-21,27,850.0,1066.2939943165363,216.29399431653633
WI_2,FOODS_2,WI,d_1941,2016-05-22,28,836.0,1044.8993705659711,208.89937056597114
WI_2,FOODS_3,WI,d_1914,2016-04-25,1,1888.0,1925.7294516117793,37.72945161177927
WI_2,FOODS_3,WI,d_1915,2016-04-26,2,1801.0,1809.3778350859516,8.377835085951574
WI_2,FOODS_3,WI,d_1916,2016-04-27,3,1643.0,1820.5628078689065,177.56280786890648
WI_2,FOODS_3,WI,d_1917,2016-04-28,4,1870.0,1823.2182186210807,-46.78178137891928
WI_2,FOODS_3,WI,d_1918,2016-04-29,5,2076.0,2109.33696633429,33.33696633429008
WI_2,FOODS_3,WI,d_1919,2016-04-30,6,2122.0,2568.4194446159927,446.4194446159927
WI_2,FOODS_3,WI,d_1920,2016-05-01,7,2205.0,2546.2984018295915,341.2984018295915
WI_2,FOODS_3,WI,d_1921,2016-05-02,8,2370.0,2530.5366477561497,160.5366477561497
WI_2,FOODS_3,WI,d_1922,2016-05-03,9,2768.0,2581.3482915075565,-186.6517084924435
WI_2,FOODS_3,WI,d_1923,2016-05-04,10,2303.0,2073.079365102233,-229.92063489776683
WI_2,FOODS_3,WI,d_1924,2016-05-05,11,2742.0,2460.8779926367806,-281.1220073632194
WI_2,FOODS_3,WI,d_1925,2016-05-06,12,2903.0,2619.933360301659,-283.0666396983411
WI_2,FOODS_3,WI,d_1926,2016-05-07,13,2894.0,2745.6630686582816,-148.33693134171835
WI_2,FOODS_3,WI,d_1927,2016-05-08,14,2827.0,2661.176199070446,-165.82380092955418
WI_2,FOODS_3,WI,d_1928,2016-05-09,15,3388.0,2584.9654741147647,-803.0345258852353
WI_2,FOODS_3,WI,d_1929,2016-05-10,16,2279.0,2091.991919123082,-187.00808087691803
WI_2,FOODS_3,WI,d_1930,2016-05-11,17,3103.0,2497.1275152671988,-605.8724847328012
WI_2,FOODS_3,WI,d_1931,2016-05-12,18,2654.0,2525.792699204313,-128.20730079568693
WI_2,FOODS_3,WI,d_1932,2016-05-13,19,2236.0,2319.9978215586243,83.99782155862431
WI_2,FOODS_3,WI,d_1933,2016-05-14,20,3460.0,3015.546173570607,-444.45382642939285
WI_2,FOODS_3,WI,d_1934,2016-05-15,21,3593.0,3045.4880503208306,-547.5119496791694
WI_2,FOODS_3,WI,d_1935,2016-05-16,22,2222.0,2204.909602724501,-17.090397275499072
WI_2,FOODS_3,WI,d_1936,2016-05-17,23,2028.0,1977.2157193573692,-50.78428064263085
WI_2,FOODS_3,WI,d_1937,2016-05-18,24,1811.0,1883.3902817817527,72.39028178175272
WI_2,FOODS_3,WI,d_1938,2016-05-19,25,2062.0,1883.9607679394076,-178.03923206059244
WI_2,FOODS_3,WI,d_1939,2016-05-20,26,2090.0,2126.6422831424006,36.64228314240063
WI_2,FOODS_3,WI,d_1940,2016-05-21,27,2330.0,2558.8186548722274,228.8186548722274
WI_2,FOODS_3,WI,d_1941,2016-05-22,28,2323.0,2547.4073511532215,224.4073511532215
WI_2,HOBBIES_1,WI,d_1914,2016-04-25,1,233.0,225.84462465237843,-7.155375347621572
WI_2,HOBBIES_1,WI,d_1915,2016-04-26,2,195.0,229.0457344392923,34.04573443929229
WI_2,HOBBIES_1,WI,d_1916,2016-04-27,3,246.0,230.24164132112725,-15.758358678872753
WI_2,HOBBIES_1,WI,d_1917,2016-04-28,4,247.0,232.42490715304587,-14.575092846954135
WI_2,HOBBIES_1,WI,d_1918,2016-04-29,5,336.0,262.8285431910176,-73.17145680898238
WI_2,HOBBIES_1,WI,d_1919,2016-04-30,6,370.0,298.56966903365907,-71.43033096634093
WI_2,HOBBIES_1,WI,d_1920,2016-05-01,7,275.0,273.3384401976369,-1.661559802363115
WI_2,HOBBIES_1,WI,d_1921,2016-05-02,8,277.0,249.66222794166396,-27.337772058336043
WI_2,HOBBIES_1,WI,d_1922,2016-05-03,9,298.0,254.30754978414816,-43.692450215851835
WI_2,HOBBIES_1,WI,d_1923,2016-05-04,10,269.0,233.66099495697577,-35.33900504302423
WI_2,HOBBIES_1,WI,d_1924,2016-05-05,11,223.0,229.59026521017466,6.590265210174664
WI_2,HOBBIES_1,WI,d_1925,2016-05-06,12,220.0,269.7801360108002,49.78013601080022
WI_2,HOBBIES_1,WI,d_1926,2016-05-07,13,233.0,295.7835335614151,62.783533561415084
WI_2,HOBBIES_1,WI,d_1927,2016-05-08,14,247.0,251.58916504592398,4.589165045923977
WI_2,HOBBIES_1,WI,d_1928,2016-05-09,15,266.0,232.0060066363796,-33.993993363620405
WI_2,HOBBIES_1,WI,d_1929,2016-05-10,16,212.0,230.77791535709375,18.777915357093747
WI_2,HOBBIES_1,WI,d_1930,2016-05-11,17,312.0,235.41732303210043,-76.58267696789957
WI_2,HOBBIES_1,WI,d_1931,2016-05-12,18,233.0,237.77356236384932,4.773562363849322
WI_2,HOBBIES_1,WI,d_1932,2016-05-13,19,248.0,266.90804776778197,18.908047767781966
WI_2,HOBBIES_1,WI,d_1933,2016-05-14,20,325.0,296.84973545301955,-28.150264546980452
WI_2,HOBBIES_1,WI,d_1934,2016-05-15,21,249.0,283.990463816487,34.99046381648702
WI_2,HOBBIES_1,WI,d_1935,2016-05-16,22,224.0,229.85165701256793,5.851657012567927
WI_2,HOBBIES_1,WI,d_1936,2016-05-17,23,238.0,228.70238050222378,-9.297619497776225
WI_2,HOBBIES_1,WI,d_1937,2016-05-18,24,338.0,228.67574241101894,-109.32425758898106
WI_2,HOBBIES_1,WI,d_1938,2016-05-19,25,249.0,231.03198174276784,-17.96801825723216
WI_2,HOBBIES_1,WI,d_1939,2016-05-20,26,294.0,260.0013166695401,-33.998683330459926
WI_2,HOBBIES_1,WI,d_1940,2016-05-21,27,296.0,287.69153082368473,-8.30846917631527
WI_2,HOBBIES_1,WI,d_1941,2016-05-22,28,245.0,273.3454089848802,28.34540898488018
WI_2,HOBBIES_2,WI,d_1914,2016-04-25,1,28.0,33.49657894382283,5.496578943822833
WI_2,HOBBIES_2,WI,d_1915,2016-04-26,2,27.0,33.870265330280354,6.870265330280354
WI_2,HOBBIES_2,WI,d_1916,2016-04-27,3,38.0,33.168363776723986,-4.831636223276014
WI_2,HOBBIES_2,WI,d_1917,2016-04-28,4,25.0,32.891650578011976,7.891650578011976
WI_2,HOBBIES_2,WI,d_1918,2016-04-29,5,22.0,34.67933932660934,12.679339326609337
WI_2,HOBBIES_2,WI,d_1919,2016-04-30,6,55.0,33.149780324567814,-21.850219675432186
WI_2,HOBBIES_2,WI,d_1920,2016-05-01,7,31.0,33.35333145425622,2.353331454256221
WI_2,HOBBIES_2,WI,d_1921,2016-05-02,8,30.0,35.87757787566557,5.8775778756655725
WI_2,HOBBIES_2,WI,d_1922,2016-05-03,9,23.0,37.18702165750787,14.18702165750787
WI_2,HOBBIES_2,WI,d_1923,2016-05-04,10,35.0,32.58884618215324,-2.4111538178467598
WI_2,HOBBIES_2,WI,d_1924,2016-05-05,11,83.0,28.393731930712594,-54.60626806928741
WI_2,HOBBIES_2,WI,d_1925,2016-05-06,12,38.0,32.52405768491354,-5.4759423150864635
WI_2,HOBBIES_2,WI,d_1926,2016-05-07,13,26.0,33.65346661771382,7.653466617713818
WI_2,HOBBIES_2,WI,d_1927,2016-05-08,14,25.0,24.373921371861726,-0.6260786281382735
WI_2,HOBBIES_2,WI,d_1928,2016-05-09,15,15.0,31.495760925573087,16.495760925573087
WI_2,HOBBIES_2,WI,d_1929,2016-05-10,16,23.0,32.19082463346622,9.190824633466221
WI_2,HOBBIES_2,WI,d_1930,2016-05-11,17,31.0,31.8694473120306,0.8694473120306014
WI_2,HOBBIES_2,WI,d_1931,2016-05-12,18,51.0,31.765707613148887,-19.234292386851113
WI_2,HOBBIES_2,WI,d_1932,2016-05-13,19,51.0,32.831938454799385,-18.168061545200615
WI_2,HOBBIES_2,WI,d_1933,2016-05-14,20,51.0,33.64655670877759,-17.353443291222412
WI_2,HOBBIES_2,WI,d_1934,2016-05-15,21,45.0,33.78995049288671,-11.21004950711329
WI_2,HOBBIES_2,WI,d_1935,2016-05-16,22,49.0,31.817138247008707,-17.182861752991293
WI_2,HOBBIES_2,WI,d_1936,2016-05-17,23,35.0,32.15750810240264,-2.8424918975973625
WI_2,HOBBIES_2,WI,d_1937,2016-05-18,24,35.0,32.15750810240264,-2.8424918975973625
WI_2,HOBBIES_2,WI,d_1938,2016-05-19,25,35.0,32.05376840352091,-2.9462315964790875
WI_2,HOBBIES_2,WI,d_1939,2016-05-20,26,35.0,33.35712516167303,-1.6428748383269678
WI_2,HOBBIES_2,WI,d_1940,2016-05-21,27,28.0,33.979683934760814,5.979683934760814
WI_2,HOBBIES_2,WI,d_1941,2016-05-22,28,36.0,32.9012956159913,-3.0987043840086983
WI_2,HOUSEHOLD_1,WI,d_1914,2016-04-25,1,874.0,794.6192384903164,-79.38076150968357
WI_2,HOUSEHOLD_1,WI,d_1915,2016-04-26,2,810.0,781.3527217357909,-28.64727826420915
WI_2,HOUSEHOLD_1,WI,d_1916,2016-04-27,3,705.0,781.8768188987221,76.87681889872215
WI_2,HOUSEHOLD_1,WI,d_1917,2016-04-28,4,920.0,789.8668856478413,-130.1331143521587
WI_2,HOUSEHOLD_1,WI,d_1918,2016-04-29,5,1635.0,979.0769117891841,-655.9230882108159
WI_2,HOUSEHOLD_1,WI,d_1919,2016-04-30,6,1263.0,1070.9588003938886,-192.04119960611138
WI_2,HOUSEHOLD_1,WI,d_1920,2016-05-01,7,1133.0,1078.455307655604,-54.544692344396026
WI_2,HOUSEHOLD_1,WI,d_1921,2016-05-02,8,981.0,1024.3972787797768,43.3972787797768
WI_2,HOUSEHOLD_1,WI,d_1922,2016-05-03,9,1267.0,1052.4486095333932,-214.5513904666068
WI_2,HOUSEHOLD_1,WI,d_1923,2016-05-04,10,872.0,841.8326544329182,-30.16734556708184
WI_2,HOUSEHOLD_1,WI,d_1924,2016-05-05,11,865.0,858.0320044648912,-6.967995535108798
WI_2,HOUSEHOLD_1,WI,d_1925,2016-05-06,12,935.0,963.1196098970348,28.11960989703482
WI_2,HOUSEHOLD_1,WI,d_1926,2016-05-07,13,1133.0,1019.1113795950766,-113.88862040492336
WI_2,HOUSEHOLD_1,WI,d_1927,2016-05-08,14,730.0,807.8691836751759,77.86918367517592
WI_2,HOUSEHOLD_1,WI,d_1928,2016-05-09,15,888.0,859.5656806237189,-28.43431937628111
WI_2,HOUSEHOLD_1,WI,d_1929,2016-05-10,16,795.0,829.2541275483158,34.25412754831575
WI_2,HOUSEHOLD_1,WI,d_1930,2016-05-11,17,989.0,872.7743157098114,-116.22568429018861
WI_2,HOUSEHOLD_1,WI,d_1931,2016-05-12,18,809.0,881.9469190674951,72.94691906749506
WI_2,HOUSEHOLD_1,WI,d_1932,2016-05-13,19,1008.0,943.214399697961,-64.78560030203903
WI_2,HOUSEHOLD_1,WI,d_1933,2016-05-14,20,1172.0,1027.9341033110159,-144.06589668898414
WI_2,HOUSEHOLD_1,WI,d_1934,2016-05-15,21,937.0,999.6162668194366,62.616266819436646
WI_2,HOUSEHOLD_1,WI,d_1935,2016-05-16,22,714.0,815.2166224663418,101.21662246634185
WI_2,HOUSEHOLD_1,WI,d_1936,2016-05-17,23,780.0,784.8147328097369,4.814732809736938
WI_2,HOUSEHOLD_1,WI,d_1937,2016-05-18,24,874.0,783.1093538482977,-90.8906461517023
WI_2,HOUSEHOLD_1,WI,d_1938,2016-05-19,25,948.0,790.315709958915,-157.68429004108498
WI_2,HOUSEHOLD_1,WI,d_1939,2016-05-20,26,1039.0,918.4384780870738,-120.5615219129262
WI_2,HOUSEHOLD_1,WI,d_1940,2016-05-21,27,1090.0,974.945913706198,-115.05408629380202
WI_2,HOUSEHOLD_1,WI,d_1941,2016-05-22,28,1034.0,923.8335680191084,-110.16643198089162
WI_2,HOUSEHOLD_2,WI,d_1914,2016-04-25,1,110.0,136.82415080151918,26.82415080151918
WI_2,HOUSEHOLD_2,WI,d_1915,2016-04-26,2,148.0,137.19783718797666,-10.80216281202334
WI_2,HOUSEHOLD_2,WI,d_1916,2016-04-27,3,124.0,136.4959356344203,12.495935634420306
WI_2,HOUSEHOLD_2,WI,d_1917,2016-04-28,4,139.0,138.67920146633892,-0.32079853366107614
WI_2,HOUSEHOLD_2,WI,d_1918,2016-04-29,5,162.0,159.91749652678197,-2.0825034732180256
WI_2,HOUSEHOLD_2,WI,d_1919,2016-04-30,6,152.0,180.2702800412708,28.27028004127081
WI_2,HOUSEHOLD_2,WI,d_1920,2016-05-01,7,156.0,165.51506737753914,9.51506737753914
WI_2,HOUSEHOLD_2,WI,d_1921,2016-05-02,8,123.0,139.59766081941615,16.59766081941615
WI_2,HOUSEHOLD_2,WI,d_1922,2016-05-03,9,143.0,143.69041070383201,0.6904107038320149
WI_2,HOUSEHOLD_2,WI,d_1923,2016-05-04,10,146.0,136.23111414025016,-9.768885859749844
WI_2,HOUSEHOLD_2,WI,d_1924,2016-05-05,11,140.0,134.73866980378185,-5.261330196218154
WI_2,HOUSEHOLD_2,WI,d_1925,2016-05-06,12,138.0,153.54610096255723,15.546100962557233
WI_2,HOUSEHOLD_2,WI,d_1926,2016-05-07,13,183.0,172.69143902387188,-10.30856097612812
WI_2,HOUSEHOLD_2,WI,d_1927,2016-05-08,14,133.0,148.34566068453285,15.345660684532845
WI_2,HOUSEHOLD_2,WI,d_1928,2016-05-09,15,144.0,135.38457556145505,-8.615424438544949
WI_2,HOUSEHOLD_2,WI,d_1929,2016-05-10,16,127.0,135.83309259156314,8.833092591563144
WI_2,HOUSEHOLD_2,WI,d_1930,2016-05-11,17,141.0,135.75826194791253,-5.24173805208747
WI_2,HOUSEHOLD_2,WI,d_1931,2016-05-12,18,115.0,138.11450127966143,23.114501279661425
WI_2,HOUSEHOLD_2,WI,d_1932,2016-05-13,19,154.0,153.19307373872945,-0.8069262612705472
WI_2,HOUSEHOLD_2,WI,d_1933,2016-05-14,20,184.0,172.93107579272072,-11.06892420727928
WI_2,HOUSEHOLD_2,WI,d_1934,2016-05-15,21,177.0,166.24161778356265,-10.758382216437354
WI_2,HOUSEHOLD_2,WI,d_1935,2016-05-16,22,145.0,135.45940620510567,-9.540593794894335
WI_2,HOUSEHOLD_2,WI,d_1936,2016-05-17,23,138.0,135.48507996009891,-2.514920039901085
WI_2,HOUSEHOLD_2,WI,d_1937,2016-05-18,24,157.0,135.48507996009891,-21.514920039901085
WI_2,HOUSEHOLD_2,WI,d_1938,2016-05-19,25,198.0,137.8413192918478,-60.15868070815219
WI_2,HOUSEHOLD_2,WI,d_1939,2016-05-20,26,174.0,153.4035643452025,-20.59643565479749
WI_2,HOUSEHOLD_2,WI,d_1940,2016-05-21,27,192.0,172.70296024051828,-19.29703975948172
WI_2,HOUSEHOLD_2,WI,d_1941,2016-05-22,28,196.0,164.7917201284816,-31.208279871518414
WI_3,FOODS_1,WI,d_1914,2016-04-25,1,227.0,201.88572820714433,-25.114271792855675
WI_3,FOODS_1,WI,d_1915,2016-04-26,2,290.0,202.03684446360347,-87.96315553639653
WI_3,FOODS_1,WI,d_1916,2016-04-27,3,213.0,227.8380183941771,14.838018394177112
WI_3,FOODS_1,WI,d_1917,2016-04-28,4,262.0,230.8834212356686,-31.116578764331393
WI_3,FOODS_1,WI,d_1918,2016-04-29,5,361.0,276.0146935255238,-84.9853064744762
WI_3,FOODS_1,WI,d_1919,2016-04-30,6,359.0,277.30324598448345,-81.69675401551655
WI_3,FOODS_1,WI,d_1920,2016-05-01,7,387.0,261.3592885913699,-125.64071140863012
WI_3,FOODS_1,WI,d_1921,2016-05-02,8,304.0,232.97732402232504,-71.02267597767496
WI_3,FOODS_1,WI,d_1922,2016-05-03,9,422.0,235.62774076797174,-186.37225923202826
WI_3,FOODS_1,WI,d_1923,2016-05-04,10,407.0,218.34809947250972,-188.65190052749028
WI_3,FOODS_1,WI,d_1924,2016-05-05,11,367.0,220.9002760531859,-146.0997239468141
WI_3,FOODS_1,WI,d_1925,2016-05-06,12,336.0,274.70024490446565,-61.29975509553435
WI_3,FOODS_1,WI,d_1926,2016-05-07,13,450.0,288.74687817501814,-161.25312182498186
WI_3,FOODS_1,WI,d_1927,2016-05-08,14,367.0,250.15363307931315,-116.84636692068685
WI_3,FOODS_1,WI,d_1928,2016-05-09,15,325.0,223.959230704023,-101.04076929597699
WI_3,FOODS_1,WI,d_1929,2016-05-10,16,302.0,219.18849594260115,-82.81150405739885
WI_3,FOODS_1,WI,d_1930,2016-05-11,17,308.0,224.54981362970815,-83.45018637029185
WI_3,FOODS_1,WI,d_1931,2016-05-12,18,350.0,229.96960143603613,-120.03039856396387
WI_3,FOODS_1,WI,d_1932,2016-05-13,19,336.0,269.11858561823794,-66.88141438176206
WI_3,FOODS_1,WI,d_1933,2016-05-14,20,423.0,298.2667056728413,-124.73329432715872
WI_3,FOODS_1,WI,d_1934,2016-05-15,21,386.0,278.08672441879975,-107.91327558120025
WI_3,FOODS_1,WI,d_1935,2016-05-16,22,271.0,219.70667499802474,-51.29332500197526
WI_3,FOODS_1,WI,d_1936,2016-05-17,23,279.0,212.63705242017818,-66.36294757982182
WI_3,FOODS_1,WI,d_1937,2016-05-18,24,264.0,211.74784226981478,-52.25215773018522
WI_3,FOODS_1,WI,d_1938,2016-05-19,25,338.0,210.2677673429346,-127.7322326570654
WI_3,FOODS_1,WI,d_1939,2016-05-20,26,285.0,251.87970770571928,-33.120292294280716
WI_3,FOODS_1,WI,d_1940,2016-05-21,27,315.0,273.7742520098417,-41.22574799015831
WI_3,FOODS_1,WI,d_1941,2016-05-22,28,278.0,255.74830820903975,-22.25169179096025
WI_3,FOODS_2,WI,d_1914,2016-04-25,1,446.0,458.63354199731936,12.633541997319355
WI_3,FOODS_2,WI,d_1915,2016-04-26,2,403.0,428.17813741939756,25.178137419397558
WI_3,FOODS_2,WI,d_1916,2016-04-27,3,340.0,421.83516842075005,81.83516842075005
WI_3,FOODS_2,WI,d_1917,2016-04-28,4,412.0,419.3814475993195,7.381447599319472
WI_3,FOODS_2,WI,d_1918,2016-04-29,5,400.0,426.0561130402988,26.056113040298783
WI_3,FOODS_2,WI,d_1919,2016-04-30,6,557.0,515.4008155657089,-41.599184434291146
WI_3,FOODS_2,WI,d_1920,2016-05-01,7,604.0,607.2228178827659,3.2228178827658667
WI_3,FOODS_2,WI,d_1921,2016-05-02,8,694.0,710.6821093118615,16.682109311861495
WI_3,FOODS_2,WI,d_1922,2016-05-03,9,692.0,682.2857899446096,-9.714210055390367
WI_3,FOODS_2,WI,d_1923,2016-05-04,10,647.0,522.4645240072333,-124.53547599276669
WI_3,FOODS_2,WI,d_1924,2016-05-05,11,673.0,642.934434794982,-30.065565205017947
WI_3,FOODS_2,WI,d_1925,2016-05-06,12,546.0,719.2679736625423,173.26797366254232
WI_3,FOODS_2,WI,d_1926,2016-05-07,13,701.0,673.1425326429373,-27.85746735706266
WI_3,FOODS_2,WI,d_1927,2016-05-08,14,645.0,640.4686536043919,-4.531346395608125
WI_3,FOODS_2,WI,d_1928,2016-05-09,15,803.0,699.9578387843891,-103.04216121561092
WI_3,FOODS_2,WI,d_1929,2016-05-10,16,555.0,529.1332530267322,-25.866746973267823
WI_3,FOODS_2,WI,d_1930,2016-05-11,17,697.0,654.9895639197653,-42.01043608023474
WI_3,FOODS_2,WI,d_1931,2016-05-12,18,647.0,656.6265419584876,9.626541958487564
WI_3,FOODS_2,WI,d_1932,2016-05-13,19,595.0,530.8406606655484,-64.1593393344516
WI_3,FOODS_2,WI,d_1933,2016-05-14,20,912.0,840.824778330538,-71.17522166946196
WI_3,FOODS_2,WI,d_1934,2016-05-15,21,946.0,858.5773906075223,-87.42260939247774
WI_3,FOODS_2,WI,d_1935,2016-05-16,22,712.0,574.6545014336036,-137.34549856639637
WI_3,FOODS_2,WI,d_1936,2016-05-17,23,477.0,491.72781269044674,14.72781269044674
WI_3,FOODS_2,WI,d_1937,2016-05-18,24,459.0,475.4814861290359,16.481486129035886
WI_3,FOODS_2,WI,d_1938,2016-05-19,25,431.0,455.0003063830175,24.000306383017517
WI_3,FOODS_2,WI,d_1939,2016-05-20,26,567.0,452.3503245837192,-114.64967541628079
WI_3,FOODS_2,WI,d_1940,2016-05-21,27,599.0,548.2567734583254,-50.74322654167463
WI_3,FOODS_2,WI,d_1941,2016-05-22,28,574.0,557.4793370194035,-16.520662980596512
WI_3,FOODS_3,WI,d_1914,2016-04-25,1,1690.0,1557.4412179031276,-132.5587820968724
WI_3,FOODS_3,WI,d_1915,2016-04-26,2,1544.0,1480.7986188183395,-63.20138118166051
WI_3,FOODS_3,WI,d_1916,2016-04-27,3,1516.0,1488.9555212439284,-27.044478756071612
WI_3,FOODS_3,WI,d_1917,2016-04-28,4,1476.0,1498.1695125632834,22.169512563283433
WI_3,FOODS_3,WI,d_1918,2016-04-29,5,1699.0,1857.6847080536813,158.68470805368133
WI_3,FOODS_3,WI,d_1919,2016-04-30,6,2299.0,2250.045241681304,-48.954758318695895
WI_3,FOODS_3,WI,d_1920,2016-05-01,7,2149.0,2343.513533748956,194.51353374895598
WI_3,FOODS_3,WI,d_1921,2016-05-02,8,2227.0,2148.08130007265,-78.91869992735019
WI_3,FOODS_3,WI,d_1922,2016-05-03,9,2245.0,2109.132046196696,-135.86795380330386
WI_3,FOODS_3,WI,d_1923,2016-05-04,10,1752.0,1658.200358265918,-93.79964173408189
WI_3,FOODS_3,WI,d_1924,2016-05-05,11,2006.0,2015.4146032407384,9.414603240738415
WI_3,FOODS_3,WI,d_1925,2016-05-06,12,2239.0,2240.3986128252377,1.3986128252377057
WI_3,FOODS_3,WI,d_1926,2016-05-07,13,2856.0,2448.390526631352,-407.6094733686482
WI_3,FOODS_3,WI,d_1927,2016-05-08,14,2384.0,2326.1727094657676,-57.82729053423236
WI_3,FOODS_3,WI,d_1928,2016-05-09,15,2276.0,2149.9673730902186,-126.03262690978136
WI_3,FOODS_3,WI,d_1929,2016-05-10,16,1892.0,1687.607645170988,-204.392354829012
WI_3,FOODS_3,WI,d_1930,2016-05-11,17,2031.0,2039.033384785893,8.033384785893077
WI_3,FOODS_3,WI,d_1931,2016-05-12,18,2133.0,2061.5029347997706,-71.49706520022937
WI_3,FOODS_3,WI,d_1932,2016-05-13,19,2061.0,1984.596738158434,-76.40326184156606
WI_3,FOODS_3,WI,d_1933,2016-05-14,20,2815.0,2752.682281862309,-62.31771813769092
WI_3,FOODS_3,WI,d_1934,2016-05-15,21,3162.0,2777.0770785273794,-384.9229214726206
WI_3,FOODS_3,WI,d_1935,2016-05-16,22,1952.0,1832.225243016026,-119.77475698397393
WI_3,FOODS_3,WI,d_1936,2016-05-17,23,1602.0,1611.3097888068476,9.309788806847564
WI_3,FOODS_3,WI,d_1937,2016-05-18,24,1594.0,1563.893067640924,-30.106932359075927
WI_3,FOODS_3,WI,d_1938,2016-05-19,25,1627.0,1537.582613898662,-89.41738610133802
WI_3,FOODS_3,WI,d_1939,2016-05-20,26,2011.0,1836.7019852329881,-174.29801476701186
WI_3,FOODS_3,WI,d_1940,2016-05-21,27,2360.0,2168.487031479863,-191.51296852013684
WI_3,FOODS_3,WI,d_1941,2016-05-22,28,2632.0,2145.2031376843224,-486.7968623156776
WI_3,HOBBIES_1,WI,d_1914,2016-04-25,1,196.0,215.89885389594443,19.898853895944427
WI_3,HOBBIES_1,WI,d_1915,2016-04-26,2,218.0,216.98995757814174,-1.0100424218582589
WI_3,HOBBIES_1,WI,d_1916,2016-04-27,3,222.0,215.59131638642313,-6.408683613576869
WI_3,HOBBIES_1,WI,d_1917,2016-04-28,4,180.0,218.63671922791463,38.636719227914625
WI_3,HOBBIES_1,WI,d_1918,2016-04-29,5,241.0,265.64619269119197,24.64619269119197
WI_3,HOBBIES_1,WI,d_1919,2016-04-30,6,283.0,290.8093113880373,7.809311388037315
WI_3,HOBBIES_1,WI,d_1920,2016-05-01,7,345.0,263.07318029380855,-81.92681970619145
WI_3,HOBBIES_1,WI,d_1921,2016-05-02,8,241.0,236.97011577671378,-4.029884223286217
WI_3,HOBBIES_1,WI,d_1922,2016-05-03,9,218.0,241.2058005298219,23.205800529821886
WI_3,HOBBIES_1,WI,d_1923,2016-05-04,10,244.0,222.56397482103412,-21.436025178965878
WI_3,HOBBIES_1,WI,d_1924,2016-05-05,11,229.0,219.15498539813785,-9.845014601862147
WI_3,HOBBIES_1,WI,d_1925,2016-05-06,12,218.0,277.1210602720457,59.121060272045725
WI_3,HOBBIES_1,WI,d_1926,2016-05-07,13,484.0,294.4679188905393,-189.5320811094607
WI_3,HOBBIES_1,WI,d_1927,2016-05-08,14,250.0,244.31417720544422,-5.685822794555776
WI_3,HOBBIES_1,WI,d_1928,2016-05-09,15,241.0,224.43472277965293,-16.56527722034707
WI_3,HOBBIES_1,WI,d_1929,2016-05-10,16,162.0,222.1659532723471,60.16595327234711
WI_3,HOBBIES_1,WI,d_1930,2016-05-11,17,227.0,224.95134403480264,-2.048655965197355
WI_3,HOBBIES_1,WI,d_1931,2016-05-12,18,210.0,227.68538838567918,17.685388385679175
WI_3,HOBBIES_1,WI,d_1932,2016-05-13,19,202.0,272.4140996747344,70.41409967473442
WI_3,HOBBIES_1,WI,d_1933,2016-05-14,20,345.0,297.45468738912047,-47.545312610879535
WI_3,HOBBIES_1,WI,d_1934,2016-05-15,21,294.0,280.22573480765124,-13.774265192348764
WI_3,HOBBIES_1,WI,d_1935,2016-05-16,22,187.0,221.6493320171974,34.649332017197395
WI_3,HOBBIES_1,WI,d_1936,2016-05-17,23,174.0,217.43365371776557,43.433653717765566
WI_3,HOBBIES_1,WI,d_1937,2016-05-18,24,287.0,217.43365371776557,-69.56634628223443
WI_3,HOBBIES_1,WI,d_1938,2016-05-19,25,220.0,220.1676980686421,0.16769806864209613
WI_3,HOBBIES_1,WI,d_1939,2016-05-20,26,242.0,264.1114755148834,22.11147551488341
WI_3,HOBBIES_1,WI,d_1940,2016-05-21,27,273.0,284.1556009652888,11.155600965288784
WI_3,HOBBIES_1,WI,d_1941,2016-05-22,28,305.0,268.2877307351183,-36.712269264881684
WI_3,HOBBIES_2,WI,d_1914,2016-04-25,1,33.0,29.361884599837452,-3.6381154001625475
WI_3,HOBBIES_2,WI,d_1915,2016-04-26,2,40.0,29.5130008562966,-10.4869991437034
WI_3,HOBBIES_2,WI,d_1916,2016-04-27,3,50.0,28.811099302740246,-21.188900697259754
WI_3,HOBBIES_2,WI,d_1917,2016-04-28,4,30.0,29.396523113601095,-0.6034768863989051
WI_3,HOBBIES_2,WI,d_1918,2016-04-29,5,35.0,35.4043695607397,0.40436956073970265
WI_3,HOBBIES_2,WI,d_1919,2016-04-30,6,37.0,34.33774002415001,-2.6622599758499916
WI_3,HOBBIES_2,WI,d_1920,2016-05-01,7,33.0,34.910397338579656,1.9103973385796564
WI_3,HOBBIES_2,WI,d_1921,2016-05-02,8,26.0,33.858610427961935,7.858610427961935
WI_3,HOBBIES_2,WI,d_1922,2016-05-03,9,44.0,34.94548407980589,-9.054515920194113
WI_3,HOBBIES_2,WI,d_1923,2016-05-04,10,49.0,30.34730860445122,-18.65269139554878
WI_3,HOBBIES_2,WI,d_1924,2016-05-05,11,44.0,25.71411221822435,-18.28588778177565
WI_3,HOBBIES_2,WI,d_1925,2016-05-06,12,45.0,33.2490879190439,-11.750912080956098
WI_3,HOBBIES_2,WI,d_1926,2016-05-07,13,60.0,34.99511872952258,-25.00488127047742
WI_3,HOBBIES_2,WI,d_1927,2016-05-08,14,22.0,26.11165355449677,4.111653554496769
WI_3,HOBBIES_2,WI,d_1928,2016-05-09,15,23.0,29.476793477869435,6.476793477869435
WI_3,HOBBIES_2,WI,d_1929,2016-05-10,16,29.0,29.949287055764202,0.9492870557642021
WI_3,HOBBIES_2,WI,d_1930,2016-05-11,17,32.0,29.627909734328583,-2.3720902656714173
WI_3,HOBBIES_2,WI,d_1931,2016-05-12,18,40.0,29.901975054574482,-10.098024945425518
WI_3,HOBBIES_2,WI,d_1932,2016-05-13,19,21.0,33.55696868892975,12.55696868892975
WI_3,HOBBIES_2,WI,d_1933,2016-05-14,20,37.0,34.98820882058635,-2.011791179413649
WI_3,HOBBIES_2,WI,d_1934,2016-05-15,21,38.0,35.4448630283278,-2.555136971672198
WI_3,HOBBIES_2,WI,d_1935,2016-05-16,22,11.0,29.798170799305055,18.798170799305055
WI_3,HOBBIES_2,WI,d_1936,2016-05-17,23,45.0,29.91597052470062,-15.084029475299381
WI_3,HOBBIES_2,WI,d_1937,2016-05-18,24,45.0,29.91597052470062,-15.084029475299381
WI_3,HOBBIES_2,WI,d_1938,2016-05-19,25,46.0,30.190035844946514,-15.809964155053486
WI_3,HOBBIES_2,WI,d_1939,2016-05-20,26,27.0,34.0821553958034,7.082155395803397
WI_3,HOBBIES_2,WI,d_1940,2016-05-21,27,31.0,35.32133604656958,4.321336046569577
WI_3,HOBBIES_2,WI,d_1941,2016-05-22,28,37.0,34.55620815143239,-2.4437918485676065
WI_3,HOUSEHOLD_1,WI,d_1914,2016-04-25,1,543.0,570.7470838290474,27.74708382904737
WI_3,HOUSEHOLD_1,WI,d_1915,2016-04-26,2,573.0,537.843733913384,-35.15626608661603
WI_3,HOUSEHOLD_1,WI,d_1916,2016-04-27,3,502.0,536.4450927216651,34.445092721665105
WI_3,HOUSEHOLD_1,WI,d_1917,2016-04-28,4,426.0,540.5548124535774,114.55481245357737
WI_3,HOUSEHOLD_1,WI,d_1918,2016-04-29,5,770.0,689.068364429215,-80.93163557078503
WI_3,HOUSEHOLD_1,WI,d_1919,2016-04-30,6,851.0,873.1753655224114,22.175365522411425
WI_3,HOUSEHOLD_1,WI,d_1920,2016-05-01,7,855.0,838.6193387107177,-16.38066128928233
WI_3,HOUSEHOLD_1,WI,d_1921,2016-05-02,8,618.0,708.8350355597712,90.8350355597712
WI_3,HOUSEHOLD_1,WI,d_1922,2016-05-03,9,715.0,684.8782391897673,-30.121760810232672
WI_3,HOUSEHOLD_1,WI,d_1923,2016-05-04,10,548.0,558.1183928791572,10.118392879157227
WI_3,HOUSEHOLD_1,WI,d_1924,2016-05-05,11,580.0,557.9288991433643,-22.071100856635667
WI_3,HOUSEHOLD_1,WI,d_1925,2016-05-06,12,600.0,675.5119312851292,75.51193128512921
WI_3,HOUSEHOLD_1,WI,d_1926,2016-05-07,13,866.0,825.433739440475,-40.56626055952495
WI_3,HOUSEHOLD_1,WI,d_1927,2016-05-08,14,570.0,579.1730531207,9.173053120700047
WI_3,HOUSEHOLD_1,WI,d_1928,2016-05-09,15,669.0,602.0202603082902,-66.97973969170982
WI_3,HOUSEHOLD_1,WI,d_1929,2016-05-10,16,460.0,554.8560176722499,94.85601767224989
WI_3,HOUSEHOLD_1,WI,d_1930,2016-05-11,17,566.0,567.5822106998974,1.5822106998973595
WI_3,HOUSEHOLD_1,WI,d_1931,2016-05-12,18,488.0,571.3805719411946,83.3805719411946
WI_3,HOUSEHOLD_1,WI,d_1932,2016-05-13,19,608.0,671.9512529641627,63.95125296416268
WI_3,HOUSEHOLD_1,WI,d_1933,2016-05-14,20,937.0,818.6358624215653,-118.36413757843468
WI_3,HOUSEHOLD_1,WI,d_1934,2016-05-15,21,874.0,792.7431181633026,-81.2568818366974
WI_3,HOUSEHOLD_1,WI,d_1935,2016-05-16,22,626.0,591.4562803072816,-34.543719692718355
WI_3,HOUSEHOLD_1,WI,d_1936,2016-05-17,23,597.0,539.2345862520588,-57.76541374794124
WI_3,HOUSEHOLD_1,WI,d_1937,2016-05-18,24,486.0,539.2345862520588,53.23458625205876
WI_3,HOUSEHOLD_1,WI,d_1938,2016-05-19,25,595.0,543.2744478089107,-51.725552191089264
WI_3,HOUSEHOLD_1,WI,d_1939,2016-05-20,26,764.0,663.1730301847582,-100.8269698152418
WI_3,HOUSEHOLD_1,WI,d_1940,2016-05-21,27,723.0,759.0742078853581,36.07420788535808
WI_3,HOUSEHOLD_1,WI,d_1941,2016-05-22,28,723.0,726.9913770211159,3.991377021115909
WI_3,HOUSEHOLD_2,WI,d_1914,2016-04-25,1,128.0,144.68416712352644,16.684167123526436
WI_3,HOUSEHOLD_2,WI,d_1915,2016-04-26,2,132.0,144.83528337998558,12.835283379985583
WI_3,HOUSEHOLD_2,WI,d_1916,2016-04-27,3,119.0,144.13338182642923,25.13338182642923
WI_3,HOUSEHOLD_2,WI,d_1917,2016-04-28,4,84.0,147.17878466792072,63.17878466792072
WI_3,HOUSEHOLD_2,WI,d_1918,2016-04-29,5,186.0,180.10265035104473,-5.89734964895527
WI_3,HOUSEHOLD_2,WI,d_1919,2016-04-30,6,219.0,205.70500965981216,-13.294990340187837
WI_3,HOUSEHOLD_2,WI,d_1920,2016-05-01,7,201.0,191.09545077589897,-9.904549224101032
WI_3,HOUSEHOLD_2,WI,d_1921,2016-05-02,8,136.0,149.57340403770516,13.57340403770516
WI_3,HOUSEHOLD_2,WI,d_1922,2016-05-03,9,176.0,153.4435837921227,-22.556416207877305
WI_3,HOUSEHOLD_2,WI,d_1923,2016-05-04,10,160.0,145.98428722854078,-14.01571277145922
WI_3,HOUSEHOLD_2,WI,d_1924,2016-05-05,11,159.0,144.05376075728626,-14.946239242713744
WI_3,HOUSEHOLD_2,WI,d_1925,2016-05-06,12,165.0,173.64556053413637,8.645560534136365
WI_3,HOUSEHOLD_2,WI,d_1926,2016-05-07,13,218.0,198.15017361774076,-19.849826382259238
WI_3,HOUSEHOLD_2,WI,d_1927,2016-05-08,14,165.0,171.75364480491467,6.753644804914671
WI_3,HOUSEHOLD_2,WI,d_1928,2016-05-09,15,137.0,145.36031877974406,8.360318779744063
WI_3,HOUSEHOLD_2,WI,d_1929,2016-05-10,16,122.0,145.58626567985377,23.586265679853767
WI_3,HOUSEHOLD_2,WI,d_1930,2016-05-11,17,127.0,145.5114350362032,18.51143503620321
WI_3,HOUSEHOLD_2,WI,d_1931,2016-05-12,18,121.0,148.24547938707974,27.24547938707974
WI_3,HOUSEHOLD_2,WI,d_1932,2016-05-13,19,164.0,173.3782275629922,9.378227562992208
WI_3,HOUSEHOLD_2,WI,d_1933,2016-05-14,20,205.0,198.3898103865896,-6.610189613410398
WI_3,HOUSEHOLD_2,WI,d_1934,2016-05-15,21,194.0,192.6582698124773,-1.3417301875226997
WI_3,HOUSEHOLD_2,WI,d_1935,2016-05-16,22,138.0,145.43514942339462,7.43514942339462
WI_3,HOUSEHOLD_2,WI,d_1936,2016-05-17,23,132.0,145.2382530483896,13.238253048389595
WI_3,HOUSEHOLD_2,WI,d_1937,2016-05-18,24,133.0,145.2382530483896,12.238253048389595
WI_3,HOUSEHOLD_2,WI,d_1938,2016-05-19,25,141.0,147.97229739926613,6.972297399266125
WI_3,HOUSEHOLD_2,WI,d_1939,2016-05-20,26,230.0,173.58871816946527,-56.41128183053473
WI_3,HOUSEHOLD_2,WI,d_1940,2016-05-21,27,218.0,198.16169483438716,-19.838305165612837
WI_3,HOUSEHOLD_2,WI,d_1941,2016-05-22,28,208.0,191.20837215739624,-16.79162784260376
