household_id,snapshot_date,risk_score,risk_rank,top_05_flag,top_10_flag,top_20_flag
1538,2017-11-30 23:59:59,0.6376290627896795,1,True,True,True
252,2017-11-30 23:59:59,0.6140901782766987,2,True,True,True
1262,2017-11-30 23:59:59,0.595264075725699,3,True,True,True
1343,2017-11-30 23:59:59,0.5947516672081349,4,True,True,True
2383,2017-11-30 23:59:59,0.5840205663609584,5,True,True,True
635,2017-11-30 23:59:59,0.5821716832035895,6,True,True,True
226,2017-11-30 23:59:59,0.5818270215232382,7,True,True,True
173,2017-11-30 23:59:59,0.5794501470513056,8,True,True,True
1523,2017-11-30 23:59:59,0.5679814822852567,9,True,True,True
1855,2017-11-30 23:59:59,0.562697350589552,10,True,True,True
120,2017-11-30 23:59:59,0.5591756415990929,11,True,True,True
89,2017-11-30 23:59:59,0.5526371594301697,12,True,True,True
1893,2017-11-30 23:59:59,0.5479052830312049,13,True,True,True
2166,2017-11-30 23:59:59,0.5467166781079187,14,True,True,True
54,2017-11-30 23:59:59,0.5442013321562946,15,True,True,True
2384,2017-11-30 23:59:59,0.5435594758899185,16,True,True,True
1144,2017-11-30 23:59:59,0.5428018687011948,17,True,True,True
1915,2017-11-30 23:59:59,0.5408641288861322,18,True,True,True
1101,2017-11-30 23:59:59,0.5384723796632405,19,True,True,True
2463,2017-11-30 23:59:59,0.5372814595458383,20,True,True,True
958,2017-11-30 23:59:59,0.5346251018472198,21,True,True,True
2164,2017-11-30 23:59:59,0.5329302362944652,22,True,True,True
1441,2017-11-30 23:59:59,0.5280612614068736,23,True,True,True
1026,2017-11-30 23:59:59,0.5274051075522221,24,True,True,True
1516,2017-11-30 23:59:59,0.5245453179425453,25,True,True,True
839,2017-11-30 23:59:59,0.5221970263781702,26,True,True,True
96,2017-11-30 23:59:59,0.5194959921426858,27,True,True,True
1036,2017-11-30 23:59:59,0.5170383043981349,28,True,True,True
990,2017-11-30 23:59:59,0.5135493099983484,29,True,True,True
1095,2017-11-30 23:59:59,0.5126273610771729,30,True,True,True
323,2017-11-30 23:59:59,0.5098715708613649,31,True,True,True
780,2017-11-30 23:59:59,0.5094427872882424,32,True,True,True
1496,2017-11-30 23:59:59,0.5074248047804168,33,True,True,True
234,2017-11-30 23:59:59,0.5072126219477923,34,True,True,True
1162,2017-11-30 23:59:59,0.5054704160425498,35,True,True,True
2202,2017-11-30 23:59:59,0.5053514450922817,36,True,True,True
1342,2017-11-30 23:59:59,0.5037902805101478,37,True,True,True
2219,2017-11-30 23:59:59,0.5023517210616055,38,True,True,True
368,2017-11-30 23:59:59,0.5016814231209271,39,True,True,True
1044,2017-11-30 23:59:59,0.5012108428885014,40,True,True,True
2458,2017-11-30 23:59:59,0.4991224750044674,41,True,True,True
1341,2017-11-30 23:59:59,0.49793579135577026,42,True,True,True
559,2017-11-30 23:59:59,0.4977289381278332,43,True,True,True
2476,2017-11-30 23:59:59,0.49692833078589815,44,True,True,True
399,2017-11-30 23:59:59,0.4952932312237348,45,True,True,True
478,2017-11-30 23:59:59,0.49417838600436925,46,True,True,True
704,2017-11-30 23:59:59,0.4929591427620764,47,True,True,True
2061,2017-11-30 23:59:59,0.4921803471146375,48,True,True,True
255,2017-11-30 23:59:59,0.4921081598541717,49,True,True,True
2304,2017-11-30 23:59:59,0.4889470452716009,50,True,True,True
1789,2017-11-30 23:59:59,0.4879071287348169,51,True,True,True
1322,2017-11-30 23:59:59,0.48746322358796645,52,True,True,True
995,2017-11-30 23:59:59,0.48712404698488093,53,True,True,True
2105,2017-11-30 23:59:59,0.485994783061208,54,True,True,True
1670,2017-11-30 23:59:59,0.4852289249666702,55,True,True,True
899,2017-11-30 23:59:59,0.4770569520807753,56,True,True,True
2192,2017-11-30 23:59:59,0.4752062357114321,57,True,True,True
1564,2017-11-30 23:59:59,0.47511365968830754,58,True,True,True
1442,2017-11-30 23:59:59,0.474732680648996,59,True,True,True
163,2017-11-30 23:59:59,0.4743570353645941,60,True,True,True
629,2017-11-30 23:59:59,0.47292937127106616,61,True,True,True
174,2017-11-30 23:59:59,0.47109518470371464,62,True,True,True
767,2017-11-30 23:59:59,0.47067324472400696,63,True,True,True
179,2017-11-30 23:59:59,0.4695403742325435,64,True,True,True
1601,2017-11-30 23:59:59,0.46941003275154014,65,True,True,True
2136,2017-11-30 23:59:59,0.46927902440790387,66,True,True,True
1063,2017-11-30 23:59:59,0.468413415547494,67,True,True,True
2212,2017-11-30 23:59:59,0.4675715032728408,68,True,True,True
774,2017-11-30 23:59:59,0.4659337190284299,69,True,True,True
2106,2017-11-30 23:59:59,0.46088707511758986,70,True,True,True
1973,2017-11-30 23:59:59,0.4604475562937091,71,True,True,True
1381,2017-11-30 23:59:59,0.4600373074293453,72,True,True,True
2495,2017-11-30 23:59:59,0.4595663266535347,73,True,True,True
1986,2017-11-30 23:59:59,0.45840855176684775,74,True,True,True
634,2017-11-30 23:59:59,0.4576947430183654,75,True,True,True
1090,2017-11-30 23:59:59,0.45709240803002427,76,True,True,True
834,2017-11-30 23:59:59,0.4558029372684549,77,True,True,True
1878,2017-11-30 23:59:59,0.45498020215116364,78,True,True,True
2051,2017-11-30 23:59:59,0.4519089933991516,79,True,True,True
1439,2017-11-30 23:59:59,0.44981192053012603,80,True,True,True
2163,2017-11-30 23:59:59,0.448856052941406,81,True,True,True
1276,2017-11-30 23:59:59,0.44824803357885873,82,True,True,True
835,2017-11-30 23:59:59,0.4482076760092315,83,True,True,True
1533,2017-11-30 23:59:59,0.44788222475651746,84,True,True,True
775,2017-11-30 23:59:59,0.44523235071933187,85,True,True,True
1811,2017-11-30 23:59:59,0.44151498681351986,86,True,True,True
2316,2017-11-30 23:59:59,0.4411208643442753,87,True,True,True
1251,2017-11-30 23:59:59,0.44087126446081604,88,True,True,True
827,2017-11-30 23:59:59,0.4397933781659967,89,True,True,True
2255,2017-11-30 23:59:59,0.43936008217654354,90,True,True,True
2443,2017-11-30 23:59:59,0.4386898367408001,91,True,True,True
261,2017-11-30 23:59:59,0.43655580379441317,92,True,True,True
626,2017-11-30 23:59:59,0.4359058290443428,93,True,True,True
2428,2017-11-30 23:59:59,0.43354183912684513,94,True,True,True
233,2017-11-30 23:59:59,0.4326873361898114,95,True,True,True
2332,2017-11-30 23:59:59,0.4325546106185534,96,True,True,True
2128,2017-11-30 23:59:59,0.4323159670589524,97,True,True,True
1554,2017-11-30 23:59:59,0.4317793876610788,98,True,True,True
1868,2017-11-30 23:59:59,0.43155963909326894,99,True,True,True
50,2017-11-30 23:59:59,0.431255536327352,100,True,True,True
320,2017-11-30 23:59:59,0.4301788800033454,101,True,True,True
2350,2017-11-30 23:59:59,0.4293557159047888,102,True,True,True
1871,2017-11-30 23:59:59,0.4289585763911355,103,True,True,True
584,2017-11-30 23:59:59,0.4288882416702746,104,True,True,True
2155,2017-11-30 23:59:59,0.42841834061314177,105,True,True,True
1034,2017-11-30 23:59:59,0.42811917938948313,106,True,True,True
640,2017-11-30 23:59:59,0.4266631369902038,107,True,True,True
509,2017-11-30 23:59:59,0.42592136141466064,108,True,True,True
38,2017-11-30 23:59:59,0.4251943915934881,109,True,True,True
1079,2017-11-30 23:59:59,0.42333139667769165,110,True,True,True
2103,2017-11-30 23:59:59,0.422521729823388,111,True,True,True
2313,2017-11-30 23:59:59,0.4224761704818628,112,True,True,True
1377,2017-11-30 23:59:59,0.4220015813866285,113,True,True,True
758,2017-11-30 23:59:59,0.42147599913486467,114,True,True,True
1239,2017-11-30 23:59:59,0.42059414152747593,115,True,True,True
1320,2017-11-30 23:59:59,0.4204789874861001,116,True,True,True
645,2017-11-30 23:59:59,0.4186741330598558,117,True,True,True
832,2017-11-30 23:59:59,0.41836403140384043,118,False,True,True
502,2017-11-30 23:59:59,0.41829225801864833,119,False,True,True
917,2017-11-30 23:59:59,0.4175347141080347,120,False,True,True
1532,2017-11-30 23:59:59,0.415566418928297,121,False,True,True
1539,2017-11-30 23:59:59,0.41518839720116907,122,False,True,True
439,2017-11-30 23:59:59,0.4150267246506486,123,False,True,True
2175,2017-11-30 23:59:59,0.41425767834709726,124,False,True,True
2469,2017-11-30 23:59:59,0.4132422550965099,125,False,True,True
488,2017-11-30 23:59:59,0.41249844125046875,126,False,True,True
2032,2017-11-30 23:59:59,0.41194709192380635,127,False,True,True
1043,2017-11-30 23:59:59,0.41162592092190753,128,False,True,True
1725,2017-11-30 23:59:59,0.41135629460979506,129,False,True,True
1842,2017-11-30 23:59:59,0.4113388811715376,130,False,True,True
169,2017-11-30 23:59:59,0.40945899696959953,131,False,True,True
452,2017-11-30 23:59:59,0.40911965118440075,132,False,True,True
1100,2017-11-30 23:59:59,0.40907120308883244,133,False,True,True
2403,2017-11-30 23:59:59,0.4089004398232627,134,False,True,True
2025,2017-11-30 23:59:59,0.4081414960039847,135,False,True,True
504,2017-11-30 23:59:59,0.4078613786641717,136,False,True,True
1741,2017-11-30 23:59:59,0.4077490484264119,137,False,True,True
828,2017-11-30 23:59:59,0.40716566266022786,138,False,True,True
1654,2017-11-30 23:59:59,0.406729047033416,139,False,True,True
1482,2017-11-30 23:59:59,0.40597723734395286,140,False,True,True
579,2017-11-30 23:59:59,0.4050838853649374,141,False,True,True
1006,2017-11-30 23:59:59,0.4044121200606667,142,False,True,True
1122,2017-11-30 23:59:59,0.4037753274582547,143,False,True,True
420,2017-11-30 23:59:59,0.40340480277816954,144,False,True,True
566,2017-11-30 23:59:59,0.40335948933869625,145,False,True,True
657,2017-11-30 23:59:59,0.4012584226898789,146,False,True,True
966,2017-11-30 23:59:59,0.397590362111951,147,False,True,True
1242,2017-11-30 23:59:59,0.3970357788348878,148,False,True,True
76,2017-11-30 23:59:59,0.3963930376240361,149,False,True,True
1360,2017-11-30 23:59:59,0.39473737546204785,150,False,True,True
382,2017-11-30 23:59:59,0.39408290913649596,151,False,True,True
555,2017-11-30 23:59:59,0.39377784347380984,152,False,True,True
861,2017-11-30 23:59:59,0.392646556924577,153,False,True,True
1022,2017-11-30 23:59:59,0.3915331550413904,154,False,True,True
529,2017-11-30 23:59:59,0.3900207826509732,155,False,True,True
1243,2017-11-30 23:59:59,0.38979749622022897,156,False,True,True
1292,2017-11-30 23:59:59,0.38908099428575843,157,False,True,True
1371,2017-11-30 23:59:59,0.3882243081136346,158,False,True,True
565,2017-11-30 23:59:59,0.3880930469980781,159,False,True,True
783,2017-11-30 23:59:59,0.38757243697706073,160,False,True,True
1999,2017-11-30 23:59:59,0.3875515670675732,161,False,True,True
2091,2017-11-30 23:59:59,0.3870043564505092,162,False,True,True
2218,2017-11-30 23:59:59,0.386701380902902,163,False,True,True
2308,2017-11-30 23:59:59,0.38618391311958006,164,False,True,True
1544,2017-11-30 23:59:59,0.3861520175055778,165,False,True,True
416,2017-11-30 23:59:59,0.3836201382319477,166,False,True,True
1688,2017-11-30 23:59:59,0.38143652474877104,167,False,True,True
455,2017-11-30 23:59:59,0.38045970421441216,168,False,True,True
729,2017-11-30 23:59:59,0.3799749839342049,169,False,True,True
1885,2017-11-30 23:59:59,0.3797250157834959,170,False,True,True
678,2017-11-30 23:59:59,0.3780667988669327,171,False,True,True
1771,2017-11-30 23:59:59,0.377213486948346,172,False,True,True
2157,2017-11-30 23:59:59,0.3767655448591844,173,False,True,True
1278,2017-11-30 23:59:59,0.37651330869433247,174,False,True,True
2046,2017-11-30 23:59:59,0.37645164015851507,175,False,True,True
2480,2017-11-30 23:59:59,0.3761826442450939,176,False,True,True
241,2017-11-30 23:59:59,0.3761611422776175,177,False,True,True
659,2017-11-30 23:59:59,0.37613630144845234,178,False,True,True
446,2017-11-30 23:59:59,0.37314081587233794,179,False,True,True
1150,2017-11-30 23:59:59,0.37302662389984204,180,False,True,True
1286,2017-11-30 23:59:59,0.37299380897595946,181,False,True,True
1583,2017-11-30 23:59:59,0.3708581008838827,182,False,True,True
615,2017-11-30 23:59:59,0.37074796258104703,183,False,True,True
1093,2017-11-30 23:59:59,0.3691641348931295,184,False,True,True
1232,2017-11-30 23:59:59,0.3691274998246158,185,False,True,True
620,2017-11-30 23:59:59,0.36794862009872553,186,False,True,True
1348,2017-11-30 23:59:59,0.36688761561213384,187,False,True,True
1734,2017-11-30 23:59:59,0.3667776633590509,188,False,True,True
921,2017-11-30 23:59:59,0.3667230852241498,189,False,True,True
2368,2017-11-30 23:59:59,0.3666975429850067,190,False,True,True
268,2017-11-30 23:59:59,0.3662338375512111,191,False,True,True
2473,2017-11-30 23:59:59,0.3661047284604059,192,False,True,True
2436,2017-11-30 23:59:59,0.3649092630568107,193,False,True,True
1493,2017-11-30 23:59:59,0.36415326859216185,194,False,True,True
951,2017-11-30 23:59:59,0.36288258501584986,195,False,True,True
550,2017-11-30 23:59:59,0.3625583301515562,196,False,True,True
1444,2017-11-30 23:59:59,0.3620947440021775,197,False,True,True
1518,2017-11-30 23:59:59,0.3620316546881549,198,False,True,True
1249,2017-11-30 23:59:59,0.35931699669840406,199,False,True,True
487,2017-11-30 23:59:59,0.3586505027891863,200,False,True,True
154,2017-11-30 23:59:59,0.3579750564966787,201,False,True,True
2026,2017-11-30 23:59:59,0.3569132032751927,202,False,True,True
1448,2017-11-30 23:59:59,0.3561350020891817,203,False,True,True
1603,2017-11-30 23:59:59,0.35569759010779306,204,False,True,True
719,2017-11-30 23:59:59,0.3551536221484976,205,False,True,True
970,2017-11-30 23:59:59,0.3549924740839806,206,False,True,True
2191,2017-11-30 23:59:59,0.3545941059131694,207,False,True,True
822,2017-11-30 23:59:59,0.354396829075557,208,False,True,True
447,2017-11-30 23:59:59,0.3532795276174862,209,False,True,True
1951,2017-11-30 23:59:59,0.35300054636204076,210,False,True,True
2253,2017-11-30 23:59:59,0.35287146498944394,211,False,True,True
2228,2017-11-30 23:59:59,0.35266248133749756,212,False,True,True
884,2017-11-30 23:59:59,0.3526505374786959,213,False,True,True
1952,2017-11-30 23:59:59,0.35262317599484216,214,False,True,True
646,2017-11-30 23:59:59,0.35261169795686337,215,False,True,True
1209,2017-11-30 23:59:59,0.352130020912637,216,False,True,True
1013,2017-11-30 23:59:59,0.35102659244166085,217,False,True,True
1853,2017-11-30 23:59:59,0.35091777289911213,218,False,True,True
905,2017-11-30 23:59:59,0.35040453636560365,219,False,True,True
1048,2017-11-30 23:59:59,0.350233547057832,220,False,True,True
1736,2017-11-30 23:59:59,0.3501228570264491,221,False,True,True
686,2017-11-30 23:59:59,0.3500864240689584,222,False,True,True
482,2017-11-30 23:59:59,0.34995713228178826,223,False,True,True
2054,2017-11-30 23:59:59,0.34982670141979066,224,False,True,True
1840,2017-11-30 23:59:59,0.34965830410795123,225,False,True,True
2362,2017-11-30 23:59:59,0.34895073886889577,226,False,True,True
1099,2017-11-30 23:59:59,0.3479194077045915,227,False,True,True
1033,2017-11-30 23:59:59,0.34596544083460257,228,False,True,True
1904,2017-11-30 23:59:59,0.3458982736648163,229,False,True,True
1902,2017-11-30 23:59:59,0.34571474836306987,230,False,True,True
2461,2017-11-30 23:59:59,0.345700026268216,231,False,True,True
1667,2017-11-30 23:59:59,0.3453645581432744,232,False,True,True
1469,2017-11-30 23:59:59,0.34494614705132176,233,False,True,True
1756,2017-11-30 23:59:59,0.3438520125862996,234,False,False,True
103,2017-11-30 23:59:59,0.3432004511245887,235,False,False,True
1466,2017-11-30 23:59:59,0.3429462111253047,236,False,False,True
1780,2017-11-30 23:59:59,0.3419747620080029,237,False,False,True
30,2017-11-30 23:59:59,0.3418079023199789,238,False,False,True
2045,2017-11-30 23:59:59,0.3416204061607229,239,False,False,True
904,2017-11-30 23:59:59,0.341479141580849,240,False,False,True
349,2017-11-30 23:59:59,0.341206943012813,241,False,False,True
1671,2017-11-30 23:59:59,0.3408725120088279,242,False,False,True
73,2017-11-30 23:59:59,0.33990135830119045,243,False,False,True
1233,2017-11-30 23:59:59,0.3396000833556925,244,False,False,True
2434,2017-11-30 23:59:59,0.3393574650061453,245,False,False,True
1068,2017-11-30 23:59:59,0.33856834451606993,246,False,False,True
795,2017-11-30 23:59:59,0.33843914595883406,247,False,False,True
2268,2017-11-30 23:59:59,0.3383896218662634,248,False,False,True
370,2017-11-30 23:59:59,0.33778256540096,249,False,False,True
1009,2017-11-30 23:59:59,0.33670748748665585,250,False,False,True
1235,2017-11-30 23:59:59,0.3363477892330983,251,False,False,True
1456,2017-11-30 23:59:59,0.3360162034521518,252,False,False,True
2286,2017-11-30 23:59:59,0.3354814042176911,253,False,False,True
1646,2017-11-30 23:59:59,0.335343267809779,254,False,False,True
1866,2017-11-30 23:59:59,0.3342767521359049,255,False,False,True
366,2017-11-30 23:59:59,0.3342000733496654,256,False,False,True
2490,2017-11-30 23:59:59,0.33409379819174106,257,False,False,True
628,2017-11-30 23:59:59,0.3337427553876174,258,False,False,True
45,2017-11-30 23:59:59,0.3335005712890327,259,False,False,True
1974,2017-11-30 23:59:59,0.3314462921166284,260,False,False,True
890,2017-11-30 23:59:59,0.33144360756943414,261,False,False,True
344,2017-11-30 23:59:59,0.3309024138012467,262,False,False,True
649,2017-11-30 23:59:59,0.33058927294044105,263,False,False,True
1002,2017-11-30 23:59:59,0.3298197593901596,264,False,False,True
2081,2017-11-30 23:59:59,0.32947918254604713,265,False,False,True
2493,2017-11-30 23:59:59,0.32870010288660845,266,False,False,True
1772,2017-11-30 23:59:59,0.3282634155010373,267,False,False,True
1030,2017-11-30 23:59:59,0.3282162041719252,268,False,False,True
2073,2017-11-30 23:59:59,0.32740221029533945,269,False,False,True
1202,2017-11-30 23:59:59,0.32726302488126163,270,False,False,True
2355,2017-11-30 23:59:59,0.32664304642244196,271,False,False,True
1750,2017-11-30 23:59:59,0.32423730248830385,272,False,False,True
479,2017-11-30 23:59:59,0.323991347253135,273,False,False,True
2487,2017-11-30 23:59:59,0.32378453798390455,274,False,False,True
2454,2017-11-30 23:59:59,0.32254065745873617,275,False,False,True
2327,2017-11-30 23:59:59,0.32253338432547013,276,False,False,True
2044,2017-11-30 23:59:59,0.32240278388258986,277,False,False,True
516,2017-11-30 23:59:59,0.3213045740893621,278,False,False,True
1589,2017-11-30 23:59:59,0.32047232524312597,279,False,False,True
1828,2017-11-30 23:59:59,0.3199840687834462,280,False,False,True
1635,2017-11-30 23:59:59,0.3196927713284603,281,False,False,True
1910,2017-11-30 23:59:59,0.31851734862207426,282,False,False,True
1521,2017-11-30 23:59:59,0.3183855833886367,283,False,False,True
2151,2017-11-30 23:59:59,0.3179892276194139,284,False,False,True
1107,2017-11-30 23:59:59,0.3177647378611387,285,False,False,True
974,2017-11-30 23:59:59,0.3172198304987884,286,False,False,True
821,2017-11-30 23:59:59,0.3159468994954168,287,False,False,True
1031,2017-11-30 23:59:59,0.3157925965782679,288,False,False,True
501,2017-11-30 23:59:59,0.31570760941499854,289,False,False,True
836,2017-11-30 23:59:59,0.31512081958530286,290,False,False,True
1503,2017-11-30 23:59:59,0.31491750392537465,291,False,False,True
749,2017-11-30 23:59:59,0.3148390379117734,292,False,False,True
1436,2017-11-30 23:59:59,0.31476621054177706,293,False,False,True
2357,2017-11-30 23:59:59,0.3136745228650447,294,False,False,True
2353,2017-11-30 23:59:59,0.3135263121184364,295,False,False,True
66,2017-11-30 23:59:59,0.3130938666037361,296,False,False,True
760,2017-11-30 23:59:59,0.3126498964482335,297,False,False,True
2309,2017-11-30 23:59:59,0.3125347289234012,298,False,False,True
2092,2017-11-30 23:59:59,0.31227517091884693,299,False,False,True
1118,2017-11-30 23:59:59,0.31154009601414395,300,False,False,True
1230,2017-11-30 23:59:59,0.31150697371912595,301,False,False,True
465,2017-11-30 23:59:59,0.3112678472346951,302,False,False,True
789,2017-11-30 23:59:59,0.30957188579100925,303,False,False,True
267,2017-11-30 23:59:59,0.3095161848071479,304,False,False,True
2165,2017-11-30 23:59:59,0.30883738977531666,305,False,False,True
24,2017-11-30 23:59:59,0.30744655146022015,306,False,False,True
1895,2017-11-30 23:59:59,0.3070054141000594,307,False,False,True
571,2017-11-30 23:59:59,0.3068845560992041,308,False,False,True
589,2017-11-30 23:59:59,0.30671468035262606,309,False,False,True
549,2017-11-30 23:59:59,0.3062399971178186,310,False,False,True
1880,2017-11-30 23:59:59,0.30577495184976416,311,False,False,True
5,2017-11-30 23:59:59,0.3054878554639433,312,False,False,True
791,2017-11-30 23:59:59,0.30492258575227443,313,False,False,True
746,2017-11-30 23:59:59,0.30430798926119274,314,False,False,True
1867,2017-11-30 23:59:59,0.30401540585769127,315,False,False,True
610,2017-11-30 23:59:59,0.30374107904615816,316,False,False,True
340,2017-11-30 23:59:59,0.30352765828134914,317,False,False,True
1372,2017-11-30 23:59:59,0.30183078072846203,318,False,False,True
1641,2017-11-30 23:59:59,0.3018220676907835,319,False,False,True
756,2017-11-30 23:59:59,0.3005843227284046,320,False,False,True
481,2017-11-30 23:59:59,0.30057941146426875,321,False,False,True
70,2017-11-30 23:59:59,0.29979517039071196,322,False,False,True
765,2017-11-30 23:59:59,0.29913086851816706,323,False,False,True
1410,2017-11-30 23:59:59,0.29853843976398586,324,False,False,True
151,2017-11-30 23:59:59,0.2979011004212506,325,False,False,True
1152,2017-11-30 23:59:59,0.2973964378124669,326,False,False,True
326,2017-11-30 23:59:59,0.29637569294052396,327,False,False,True
1606,2017-11-30 23:59:59,0.2963551133757984,328,False,False,True
994,2017-11-30 23:59:59,0.2962779174288969,329,False,False,True
1399,2017-11-30 23:59:59,0.2951656984186341,330,False,False,True
751,2017-11-30 23:59:59,0.29331680059112225,331,False,False,True
341,2017-11-30 23:59:59,0.2919343380604134,332,False,False,True
1652,2017-11-30 23:59:59,0.291636336535786,333,False,False,True
759,2017-11-30 23:59:59,0.29153981081918656,334,False,False,True
1237,2017-11-30 23:59:59,0.29134009627125024,335,False,False,True
453,2017-11-30 23:59:59,0.2904193948314754,336,False,False,True
1938,2017-11-30 23:59:59,0.29018670625752385,337,False,False,True
93,2017-11-30 23:59:59,0.28977003522892447,338,False,False,True
1576,2017-11-30 23:59:59,0.28908284006801793,339,False,False,True
652,2017-11-30 23:59:59,0.28767822597141884,340,False,False,True
207,2017-11-30 23:59:59,0.28682922836665314,341,False,False,True
519,2017-11-30 23:59:59,0.28594093949325056,342,False,False,True
1486,2017-11-30 23:59:59,0.28564560182752813,343,False,False,True
1846,2017-11-30 23:59:59,0.2843550199946332,344,False,False,True
1108,2017-11-30 23:59:59,0.28422850850990405,345,False,False,True
2210,2017-11-30 23:59:59,0.2841017349831497,346,False,False,True
1215,2017-11-30 23:59:59,0.2836381551960973,347,False,False,True
9,2017-11-30 23:59:59,0.2830357491205295,348,False,False,True
1909,2017-11-30 23:59:59,0.2787990667454654,349,False,False,True
1311,2017-11-30 23:59:59,0.2780948746440036,350,False,False,True
1432,2017-11-30 23:59:59,0.2777971178088402,351,False,False,True
1755,2017-11-30 23:59:59,0.27731609052983947,352,False,False,True
2214,2017-11-30 23:59:59,0.27719850627275383,353,False,False,True
44,2017-11-30 23:59:59,0.27705657409619444,354,False,False,True
126,2017-11-30 23:59:59,0.27696695415357614,355,False,False,True
2213,2017-11-30 23:59:59,0.276769569174806,356,False,False,True
333,2017-11-30 23:59:59,0.2756747110620007,357,False,False,True
2093,2017-11-30 23:59:59,0.27565688491777235,358,False,False,True
2016,2017-11-30 23:59:59,0.2751002482655336,359,False,False,True
1426,2017-11-30 23:59:59,0.27455628202940435,360,False,False,True
1252,2017-11-30 23:59:59,0.2728237343340207,361,False,False,True
1177,2017-11-30 23:59:59,0.27282047150040595,362,False,False,True
188,2017-11-30 23:59:59,0.2727576653226809,363,False,False,True
1435,2017-11-30 23:59:59,0.2724873196145568,364,False,False,True
1201,2017-11-30 23:59:59,0.27201061727971637,365,False,False,True
1889,2017-11-30 23:59:59,0.2713827156815114,366,False,False,True
838,2017-11-30 23:59:59,0.27134494838448353,367,False,False,True
1413,2017-11-30 23:59:59,0.27107847400932966,368,False,False,True
2491,2017-11-30 23:59:59,0.270770127613121,369,False,False,True
1380,2017-11-30 23:59:59,0.2705475862311488,370,False,False,True
486,2017-11-30 23:59:59,0.2705355446603501,371,False,False,True
29,2017-11-30 23:59:59,0.2690587836454192,372,False,False,True
1507,2017-11-30 23:59:59,0.26892265544476396,373,False,False,True
665,2017-11-30 23:59:59,0.2688336880433623,374,False,False,True
260,2017-11-30 23:59:59,0.26844882832625316,375,False,False,True
1281,2017-11-30 23:59:59,0.26773548706903405,376,False,False,True
537,2017-11-30 23:59:59,0.26732959478806867,377,False,False,True
141,2017-11-30 23:59:59,0.26616915911322714,378,False,False,True
63,2017-11-30 23:59:59,0.2659162847096828,379,False,False,True
677,2017-11-30 23:59:59,0.26582758919807403,380,False,False,True
773,2017-11-30 23:59:59,0.2641679477486916,381,False,False,True
2167,2017-11-30 23:59:59,0.2640166141014229,382,False,False,True
1569,2017-11-30 23:59:59,0.2635649934000231,383,False,False,True
3,2017-11-30 23:59:59,0.26271106052607235,384,False,False,True
444,2017-11-30 23:59:59,0.262180523443383,385,False,False,True
1255,2017-11-30 23:59:59,0.2621076753497954,386,False,False,True
1468,2017-11-30 23:59:59,0.26189190563963893,387,False,False,True
274,2017-11-30 23:59:59,0.26150971968960673,388,False,False,True
107,2017-11-30 23:59:59,0.2614319349362732,389,False,False,True
1884,2017-11-30 23:59:59,0.26080219626867335,390,False,False,True
1301,2017-11-30 23:59:59,0.2602382967618197,391,False,False,True
1977,2017-11-30 23:59:59,0.2600938023256935,392,False,False,True
570,2017-11-30 23:59:59,0.25964552991573503,393,False,False,True
2074,2017-11-30 23:59:59,0.2589082014635263,394,False,False,True
794,2017-11-30 23:59:59,0.258289129815222,395,False,False,True
471,2017-11-30 23:59:59,0.2581519918195362,396,False,False,True
1571,2017-11-30 23:59:59,0.2579738134405735,397,False,False,True
1697,2017-11-30 23:59:59,0.2572792780230246,398,False,False,True
277,2017-11-30 23:59:59,0.2571310432652244,399,False,False,True
1086,2017-11-30 23:59:59,0.2567660241848197,400,False,False,True
190,2017-11-30 23:59:59,0.2565114665532721,401,False,False,True
2323,2017-11-30 23:59:59,0.2564887623261803,402,False,False,True
111,2017-11-30 23:59:59,0.2561890543399911,403,False,False,True
2477,2017-11-30 23:59:59,0.2558483679008759,404,False,False,True
1958,2017-11-30 23:59:59,0.25560950096824087,405,False,False,True
202,2017-11-30 23:59:59,0.25496433175555006,406,False,False,True
938,2017-11-30 23:59:59,0.25476249232126,407,False,False,True
1565,2017-11-30 23:59:59,0.25471577402971995,408,False,False,True
587,2017-11-30 23:59:59,0.2545854464143242,409,False,False,True
1701,2017-11-30 23:59:59,0.2542641993884285,410,False,False,True
1615,2017-11-30 23:59:59,0.2538264452337427,411,False,False,True
1859,2017-11-30 23:59:59,0.25374738087745835,412,False,False,True
826,2017-11-30 23:59:59,0.2533894886897172,413,False,False,True
2387,2017-11-30 23:59:59,0.25317902247307944,414,False,False,True
717,2017-11-30 23:59:59,0.2529488646630074,415,False,False,True
236,2017-11-30 23:59:59,0.2525371494537217,416,False,False,True
2096,2017-11-30 23:59:59,0.25238188831006486,417,False,False,True
554,2017-11-30 23:59:59,0.2521106292967589,418,False,False,True
449,2017-11-30 23:59:59,0.2520441988213264,419,False,False,True
1983,2017-11-30 23:59:59,0.25199693238216125,420,False,False,True
2197,2017-11-30 23:59:59,0.2506241861005576,421,False,False,True
203,2017-11-30 23:59:59,0.2505413160597355,422,False,False,True
713,2017-11-30 23:59:59,0.25011497522003057,423,False,False,True
419,2017-11-30 23:59:59,0.249260640964716,424,False,False,True
43,2017-11-30 23:59:59,0.24919344491438442,425,False,False,True
892,2017-11-30 23:59:59,0.24894332533064778,426,False,False,True
1498,2017-11-30 23:59:59,0.2483183365601254,427,False,False,True
1398,2017-11-30 23:59:59,0.24831536770154378,428,False,False,True
1784,2017-11-30 23:59:59,0.24827973760172886,429,False,False,True
2042,2017-11-30 23:59:59,0.24655174596367882,430,False,False,True
423,2017-11-30 23:59:59,0.24654751010975773,431,False,False,True
592,2017-11-30 23:59:59,0.24616270385380598,432,False,False,True
1091,2017-11-30 23:59:59,0.24614643010759754,433,False,False,True
1438,2017-11-30 23:59:59,0.2459325706427383,434,False,False,True
48,2017-11-30 23:59:59,0.24543428733360434,435,False,False,True
147,2017-11-30 23:59:59,0.24502157567259417,436,False,False,True
436,2017-11-30 23:59:59,0.24393942604825222,437,False,False,True
810,2017-11-30 23:59:59,0.24364405496091338,438,False,False,True
935,2017-11-30 23:59:59,0.24355543042069622,439,False,False,True
1415,2017-11-30 23:59:59,0.24323854328179573,440,False,False,True
124,2017-11-30 23:59:59,0.24304921598685145,441,False,False,True
168,2017-11-30 23:59:59,0.24302444577624016,442,False,False,True
664,2017-11-30 23:59:59,0.24265458076701635,443,False,False,True
375,2017-11-30 23:59:59,0.24242808433996596,444,False,False,True
1003,2017-11-30 23:59:59,0.24220279949444284,445,False,False,True
1573,2017-11-30 23:59:59,0.24191269619902078,446,False,False,True
2078,2017-11-30 23:59:59,0.24177143716396504,447,False,False,True
912,2017-11-30 23:59:59,0.2413375743481339,448,False,False,True
1115,2017-11-30 23:59:59,0.2411597983430733,449,False,False,True
2254,2017-11-30 23:59:59,0.24099284371684243,450,False,False,True
225,2017-11-30 23:59:59,0.24085264950767726,451,False,False,True
642,2017-11-30 23:59:59,0.24046681862984234,452,False,False,True
2098,2017-11-30 23:59:59,0.24037969728697614,453,False,False,True
1422,2017-11-30 23:59:59,0.2400277263151535,454,False,False,True
2346,2017-11-30 23:59:59,0.2394250358898581,455,False,False,True
2402,2017-11-30 23:59:59,0.2391663874378051,456,False,False,True
1344,2017-11-30 23:59:59,0.2388310269396233,457,False,False,True
535,2017-11-30 23:59:59,0.23852365486161242,458,False,False,True
1994,2017-11-30 23:59:59,0.23714426813173348,459,False,False,True
1087,2017-11-30 23:59:59,0.23708320653383477,460,False,False,True
2415,2017-11-30 23:59:59,0.23604147726919658,461,False,False,True
1307,2017-11-30 23:59:59,0.23578982263943876,462,False,False,True
1787,2017-11-30 23:59:59,0.23566303095812288,463,False,False,True
1945,2017-11-30 23:59:59,0.23509602906784768,464,False,False,True
2035,2017-11-30 23:59:59,0.2349191609157698,465,False,False,True
1913,2017-11-30 23:59:59,0.23445944674922392,466,False,False,False
801,2017-11-30 23:59:59,0.23395578611508971,467,False,False,False
812,2017-11-30 23:59:59,0.23340499689012645,468,False,False,False
2014,2017-11-30 23:59:59,0.23332169533083036,469,False,False,False
181,2017-11-30 23:59:59,0.23323116903582555,470,False,False,False
682,2017-11-30 23:59:59,0.2330553849155326,471,False,False,False
854,2017-11-30 23:59:59,0.23292047448124323,472,False,False,False
459,2017-11-30 23:59:59,0.23208972706217598,473,False,False,False
1156,2017-11-30 23:59:59,0.2305895754159682,474,False,False,False
466,2017-11-30 23:59:59,0.22937681576014146,475,False,False,False
2271,2017-11-30 23:59:59,0.22916631177259764,476,False,False,False
2329,2017-11-30 23:59:59,0.22855896659043745,477,False,False,False
2277,2017-11-30 23:59:59,0.22852713098864305,478,False,False,False
1127,2017-11-30 23:59:59,0.22826460981271468,479,False,False,False
625,2017-11-30 23:59:59,0.22813928899206595,480,False,False,False
477,2017-11-30 23:59:59,0.22759389544106856,481,False,False,False
772,2017-11-30 23:59:59,0.2275015438237734,482,False,False,False
688,2017-11-30 23:59:59,0.22749736767280784,483,False,False,False
1220,2017-11-30 23:59:59,0.2259421171316455,484,False,False,False
2059,2017-11-30 23:59:59,0.22554065804707335,485,False,False,False
266,2017-11-30 23:59:59,0.2253173331686917,486,False,False,False
1608,2017-11-30 23:59:59,0.22516706201837147,487,False,False,False
815,2017-11-30 23:59:59,0.2250361306978121,488,False,False,False
309,2017-11-30 23:59:59,0.2244903851167469,489,False,False,False
1731,2017-11-30 23:59:59,0.22448866670376622,490,False,False,False
1851,2017-11-30 23:59:59,0.22445412023583458,491,False,False,False
1310,2017-11-30 23:59:59,0.2235658624707213,492,False,False,False
1908,2017-11-30 23:59:59,0.22347018640014932,493,False,False,False
2145,2017-11-30 23:59:59,0.2228840825245392,494,False,False,False
963,2017-11-30 23:59:59,0.22271118795045108,495,False,False,False
2118,2017-11-30 23:59:59,0.22226359612293392,496,False,False,False
1238,2017-11-30 23:59:59,0.22196732952883647,497,False,False,False
528,2017-11-30 23:59:59,0.22127751315547595,498,False,False,False
171,2017-11-30 23:59:59,0.22084208512585954,499,False,False,False
176,2017-11-30 23:59:59,0.22022639530435986,500,False,False,False
2411,2017-11-30 23:59:59,0.21834355026755162,501,False,False,False
238,2017-11-30 23:59:59,0.21806294683765984,502,False,False,False
35,2017-11-30 23:59:59,0.21797336560548825,503,False,False,False
1728,2017-11-30 23:59:59,0.21793787726633126,504,False,False,False
2242,2017-11-30 23:59:59,0.21746443892329234,505,False,False,False
1480,2017-11-30 23:59:59,0.21742252986255556,506,False,False,False
927,2017-11-30 23:59:59,0.21697621232670186,507,False,False,False
427,2017-11-30 23:59:59,0.2168782063908148,508,False,False,False
1302,2017-11-30 23:59:59,0.2168050891654822,509,False,False,False
2386,2017-11-30 23:59:59,0.21625233215362796,510,False,False,False
1586,2017-11-30 23:59:59,0.21540519283898577,511,False,False,False
980,2017-11-30 23:59:59,0.21525168362997088,512,False,False,False
2389,2017-11-30 23:59:59,0.21521805822005913,513,False,False,False
711,2017-11-30 23:59:59,0.21467852749223842,514,False,False,False
1582,2017-11-30 23:59:59,0.21426904469035604,515,False,False,False
137,2017-11-30 23:59:59,0.21327926434545022,516,False,False,False
2066,2017-11-30 23:59:59,0.21327670028905132,517,False,False,False
1446,2017-11-30 23:59:59,0.21233039009227406,518,False,False,False
617,2017-11-30 23:59:59,0.21188458569737642,519,False,False,False
848,2017-11-30 23:59:59,0.21129705846752156,520,False,False,False
506,2017-11-30 23:59:59,0.21096929735349038,521,False,False,False
721,2017-11-30 23:59:59,0.21075407596205253,522,False,False,False
1562,2017-11-30 23:59:59,0.20998626357334574,523,False,False,False
278,2017-11-30 23:59:59,0.20951060458159043,524,False,False,False
167,2017-11-30 23:59:59,0.2088223472298291,525,False,False,False
2413,2017-11-30 23:59:59,0.20845256327548378,526,False,False,False
1745,2017-11-30 23:59:59,0.20812822700227288,527,False,False,False
254,2017-11-30 23:59:59,0.20805058853464004,528,False,False,False
1037,2017-11-30 23:59:59,0.20683177306506786,529,False,False,False
858,2017-11-30 23:59:59,0.20678327108057387,530,False,False,False
2176,2017-11-30 23:59:59,0.20674266314389972,531,False,False,False
369,2017-11-30 23:59:59,0.20645590683395132,532,False,False,False
1319,2017-11-30 23:59:59,0.2062216738044712,533,False,False,False
557,2017-11-30 23:59:59,0.20589813963227668,534,False,False,False
1874,2017-11-30 23:59:59,0.20574178303730914,535,False,False,False
837,2017-11-30 23:59:59,0.2051731492945969,536,False,False,False
796,2017-11-30 23:59:59,0.20487056712040908,537,False,False,False
1257,2017-11-30 23:59:59,0.20459686849781908,538,False,False,False
311,2017-11-30 23:59:59,0.2042608277639456,539,False,False,False
1699,2017-11-30 23:59:59,0.20406365513233793,540,False,False,False
187,2017-11-30 23:59:59,0.20394340088465346,541,False,False,False
2482,2017-11-30 23:59:59,0.20340057185731558,542,False,False,False
82,2017-11-30 23:59:59,0.20311768070745256,543,False,False,False
2187,2017-11-30 23:59:59,0.20274620014505476,544,False,False,False
2320,2017-11-30 23:59:59,0.20244230428608564,545,False,False,False
1825,2017-11-30 23:59:59,0.20236867130468641,546,False,False,False
1838,2017-11-30 23:59:59,0.20215639018150455,547,False,False,False
422,2017-11-30 23:59:59,0.20170913049382663,548,False,False,False
585,2017-11-30 23:59:59,0.20090926147605898,549,False,False,False
461,2017-11-30 23:59:59,0.20052792303414155,550,False,False,False
987,2017-11-30 23:59:59,0.2002325582309645,551,False,False,False
1195,2017-11-30 23:59:59,0.2001139525582031,552,False,False,False
357,2017-11-30 23:59:59,0.19916626541702961,553,False,False,False
1898,2017-11-30 23:59:59,0.1989439787587063,554,False,False,False
1259,2017-11-30 23:59:59,0.19861910010314557,555,False,False,False
1464,2017-11-30 23:59:59,0.19793152039584613,556,False,False,False
2460,2017-11-30 23:59:59,0.19790263485156825,557,False,False,False
2089,2017-11-30 23:59:59,0.19687338563479453,558,False,False,False
1657,2017-11-30 23:59:59,0.1964275506488768,559,False,False,False
1712,2017-11-30 23:59:59,0.19641947024902037,560,False,False,False
2206,2017-11-30 23:59:59,0.19582018205364474,561,False,False,False
318,2017-11-30 23:59:59,0.19568770714759598,562,False,False,False
1290,2017-11-30 23:59:59,0.1952283922005104,563,False,False,False
2161,2017-11-30 23:59:59,0.19511512782038734,564,False,False,False
476,2017-11-30 23:59:59,0.19511167430004903,565,False,False,False
1373,2017-11-30 23:59:59,0.19506220643960642,566,False,False,False
271,2017-11-30 23:59:59,0.19467503334653177,567,False,False,False
2127,2017-11-30 23:59:59,0.19448244234820458,568,False,False,False
1773,2017-11-30 23:59:59,0.19413073612361373,569,False,False,False
407,2017-11-30 23:59:59,0.19397553134505618,570,False,False,False
2494,2017-11-30 23:59:59,0.19379852710956139,571,False,False,False
1173,2017-11-30 23:59:59,0.1934326808316971,572,False,False,False
2049,2017-11-30 23:59:59,0.19297622262203565,573,False,False,False
1283,2017-11-30 23:59:59,0.19275943941938836,574,False,False,False
2319,2017-11-30 23:59:59,0.19186822386341024,575,False,False,False
531,2017-11-30 23:59:59,0.19124103454847602,576,False,False,False
1905,2017-11-30 23:59:59,0.1910432397373924,577,False,False,False
1660,2017-11-30 23:59:59,0.19097370356663848,578,False,False,False
2373,2017-11-30 23:59:59,0.19093763743258654,579,False,False,False
2330,2017-11-30 23:59:59,0.1908844391118655,580,False,False,False
2251,2017-11-30 23:59:59,0.19033312090956653,581,False,False,False
1126,2017-11-30 23:59:59,0.1889129002870674,582,False,False,False
246,2017-11-30 23:59:59,0.18890659466963378,583,False,False,False
505,2017-11-30 23:59:59,0.18860221388136197,584,False,False,False
724,2017-11-30 23:59:59,0.18789407947635953,585,False,False,False
1875,2017-11-30 23:59:59,0.1875574276956281,586,False,False,False
191,2017-11-30 23:59:59,0.18737243982144464,587,False,False,False
1596,2017-11-30 23:59:59,0.18691137245699196,588,False,False,False
146,2017-11-30 23:59:59,0.1865222155186008,589,False,False,False
700,2017-11-30 23:59:59,0.18623122650563187,590,False,False,False
1054,2017-11-30 23:59:59,0.18620259873735742,591,False,False,False
1907,2017-11-30 23:59:59,0.1860187117678277,592,False,False,False
1992,2017-11-30 23:59:59,0.1847599715758134,593,False,False,False
1241,2017-11-30 23:59:59,0.18456487749346337,594,False,False,False
813,2017-11-30 23:59:59,0.18416548112039235,595,False,False,False
1574,2017-11-30 23:59:59,0.18351644538653122,596,False,False,False
1502,2017-11-30 23:59:59,0.18349464934464546,597,False,False,False
991,2017-11-30 23:59:59,0.18291100128826113,598,False,False,False
918,2017-11-30 23:59:59,0.18255808058898298,599,False,False,False
1213,2017-11-30 23:59:59,0.18220557459743628,600,False,False,False
1114,2017-11-30 23:59:59,0.18154471110312004,601,False,False,False
1530,2017-11-30 23:59:59,0.18151363564276768,602,False,False,False
2431,2017-11-30 23:59:59,0.18147966037230762,603,False,False,False
1356,2017-11-30 23:59:59,0.18144306737589622,604,False,False,False
716,2017-11-30 23:59:59,0.18139251108880491,605,False,False,False
1709,2017-11-30 23:59:59,0.1808973660003372,606,False,False,False
245,2017-11-30 23:59:59,0.18053173012224885,607,False,False,False
136,2017-11-30 23:59:59,0.18032686986305768,608,False,False,False
1817,2017-11-30 23:59:59,0.18017275677609182,609,False,False,False
1244,2017-11-30 23:59:59,0.18010935915509443,610,False,False,False
965,2017-11-30 23:59:59,0.18002535462717936,611,False,False,False
2152,2017-11-30 23:59:59,0.17958408533266845,612,False,False,False
1104,2017-11-30 23:59:59,0.17912619873993724,613,False,False,False
1721,2017-11-30 23:59:59,0.17779614889839906,614,False,False,False
2099,2017-11-30 23:59:59,0.17716457876385464,615,False,False,False
258,2017-11-30 23:59:59,0.1769512976931977,616,False,False,False
194,2017-11-30 23:59:59,0.17574468583817807,617,False,False,False
204,2017-11-30 23:59:59,0.17574351832994323,618,False,False,False
845,2017-11-30 23:59:59,0.1756726506879919,619,False,False,False
561,2017-11-30 23:59:59,0.175505806154978,620,False,False,False
521,2017-11-30 23:59:59,0.17461628273974705,621,False,False,False
2439,2017-11-30 23:59:59,0.1743538008443149,622,False,False,False
364,2017-11-30 23:59:59,0.17433142966997595,623,False,False,False
754,2017-11-30 23:59:59,0.17303350933607534,624,False,False,False
1329,2017-11-30 23:59:59,0.17270478323471258,625,False,False,False
2276,2017-11-30 23:59:59,0.172594231814959,626,False,False,False
1153,2017-11-30 23:59:59,0.17231882357811437,627,False,False,False
650,2017-11-30 23:59:59,0.17192964904756886,628,False,False,False
977,2017-11-30 23:59:59,0.1717337855919522,629,False,False,False
2180,2017-11-30 23:59:59,0.17171197611503383,630,False,False,False
1471,2017-11-30 23:59:59,0.1715629897153799,631,False,False,False
1135,2017-11-30 23:59:59,0.1714418519345528,632,False,False,False
2174,2017-11-30 23:59:59,0.17128586499184137,633,False,False,False
1891,2017-11-30 23:59:59,0.17087811286619004,634,False,False,False
4,2017-11-30 23:59:59,0.17063179086671393,635,False,False,False
1196,2017-11-30 23:59:59,0.1704616181361734,636,False,False,False
242,2017-11-30 23:59:59,0.170379757326623,637,False,False,False
2474,2017-11-30 23:59:59,0.17007584383620034,638,False,False,False
894,2017-11-30 23:59:59,0.1697763019229454,639,False,False,False
1148,2017-11-30 23:59:59,0.16951729994743953,640,False,False,False
2423,2017-11-30 23:59:59,0.1693484385996403,641,False,False,False
1060,2017-11-30 23:59:59,0.16931950741036042,642,False,False,False
33,2017-11-30 23:59:59,0.1691534337863971,643,False,False,False
21,2017-11-30 23:59:59,0.1691208835357729,644,False,False,False
360,2017-11-30 23:59:59,0.16884857150020058,645,False,False,False
2159,2017-11-30 23:59:59,0.16819699609293978,646,False,False,False
286,2017-11-30 23:59:59,0.1676792320369467,647,False,False,False
1112,2017-11-30 23:59:59,0.16699164293766328,648,False,False,False
778,2017-11-30 23:59:59,0.16678804408750567,649,False,False,False
930,2017-11-30 23:59:59,0.16677113383847736,650,False,False,False
735,2017-11-30 23:59:59,0.16674982277678235,651,False,False,False
1543,2017-11-30 23:59:59,0.1667319453204497,652,False,False,False
1223,2017-11-30 23:59:59,0.16668262935007744,653,False,False,False
694,2017-11-30 23:59:59,0.16646325268175677,654,False,False,False
1729,2017-11-30 23:59:59,0.16562625097117836,655,False,False,False
94,2017-11-30 23:59:59,0.16558994697894158,656,False,False,False
431,2017-11-30 23:59:59,0.1653664248896758,657,False,False,False
763,2017-11-30 23:59:59,0.16527948036115894,658,False,False,False
1335,2017-11-30 23:59:59,0.16494524747063774,659,False,False,False
34,2017-11-30 23:59:59,0.1648981660669515,660,False,False,False
474,2017-11-30 23:59:59,0.1647223853316968,661,False,False,False
1055,2017-11-30 23:59:59,0.16443287696674716,662,False,False,False
2321,2017-11-30 23:59:59,0.16428694380949882,663,False,False,False
1313,2017-11-30 23:59:59,0.16364861149234614,664,False,False,False
1870,2017-11-30 23:59:59,0.1635745716050754,665,False,False,False
1392,2017-11-30 23:59:59,0.16325586212914073,666,False,False,False
1799,2017-11-30 23:59:59,0.16305051114080468,667,False,False,False
507,2017-11-30 23:59:59,0.16256111530284933,668,False,False,False
723,2017-11-30 23:59:59,0.16192788453198873,669,False,False,False
2248,2017-11-30 23:59:59,0.1619137817925279,670,False,False,False
2382,2017-11-30 23:59:59,0.16177979390423114,671,False,False,False
865,2017-11-30 23:59:59,0.1614268779806009,672,False,False,False
1552,2017-11-30 23:59:59,0.1608216694645139,673,False,False,False
1161,2017-11-30 23:59:59,0.1599873553959555,674,False,False,False
954,2017-11-30 23:59:59,0.15970371493415422,675,False,False,False
1959,2017-11-30 23:59:59,0.15969493295085307,676,False,False,False
1678,2017-11-30 23:59:59,0.1585511291105971,677,False,False,False
2146,2017-11-30 23:59:59,0.15813636520568652,678,False,False,False
1739,2017-11-30 23:59:59,0.15809822184749864,679,False,False,False
1559,2017-11-30 23:59:59,0.15801982687515076,680,False,False,False
2132,2017-11-30 23:59:59,0.15800718429554245,681,False,False,False
1940,2017-11-30 23:59:59,0.15796746197042913,682,False,False,False
1403,2017-11-30 23:59:59,0.15771354027474174,683,False,False,False
2311,2017-11-30 23:59:59,0.15720766436622255,684,False,False,False
1345,2017-11-30 23:59:59,0.15707107524758243,685,False,False,False
1643,2017-11-30 23:59:59,0.15690675468492493,686,False,False,False
594,2017-11-30 23:59:59,0.15688644547549424,687,False,False,False
497,2017-11-30 23:59:59,0.15688604260254088,688,False,False,False
2472,2017-11-30 23:59:59,0.15684899624373858,689,False,False,False
881,2017-11-30 23:59:59,0.156804310100608,690,False,False,False
1531,2017-11-30 23:59:59,0.15671239202296613,691,False,False,False
1008,2017-11-30 23:59:59,0.15653079448598117,692,False,False,False
662,2017-11-30 23:59:59,0.15649100717996567,693,False,False,False
833,2017-11-30 23:59:59,0.15637935445606008,694,False,False,False
2169,2017-11-30 23:59:59,0.15634321749301625,695,False,False,False
2258,2017-11-30 23:59:59,0.1558075467219355,696,False,False,False
229,2017-11-30 23:59:59,0.15569878560092967,697,False,False,False
1593,2017-11-30 23:59:59,0.15484962196550606,698,False,False,False
2390,2017-11-30 23:59:59,0.15482449949262445,699,False,False,False
1089,2017-11-30 23:59:59,0.15455768975072656,700,False,False,False
2344,2017-11-30 23:59:59,0.15429291081336635,701,False,False,False
2232,2017-11-30 23:59:59,0.1540394812938575,702,False,False,False
1637,2017-11-30 23:59:59,0.1540095712005251,703,False,False,False
128,2017-11-30 23:59:59,0.15373034977945055,704,False,False,False
339,2017-11-30 23:59:59,0.15358030936893483,705,False,False,False
508,2017-11-30 23:59:59,0.15356259578051717,706,False,False,False
59,2017-11-30 23:59:59,0.15330379161833013,707,False,False,False
1793,2017-11-30 23:59:59,0.15309312351456827,708,False,False,False
1194,2017-11-30 23:59:59,0.15258971744846092,709,False,False,False
673,2017-11-30 23:59:59,0.1525142883211819,710,False,False,False
445,2017-11-30 23:59:59,0.15207080188222968,711,False,False,False
590,2017-11-30 23:59:59,0.15206790429757763,712,False,False,False
2273,2017-11-30 23:59:59,0.15200152393900532,713,False,False,False
199,2017-11-30 23:59:59,0.15173409498589635,714,False,False,False
981,2017-11-30 23:59:59,0.15151230643137487,715,False,False,False
433,2017-11-30 23:59:59,0.15128128228248838,716,False,False,False
429,2017-11-30 23:59:59,0.15114818712816014,717,False,False,False
1508,2017-11-30 23:59:59,0.149130529466915,718,False,False,False
524,2017-11-30 23:59:59,0.14898810504218352,719,False,False,False
2392,2017-11-30 23:59:59,0.14844592673080387,720,False,False,False
530,2017-11-30 23:59:59,0.14842108765238618,721,False,False,False
547,2017-11-30 23:59:59,0.14800595252113283,722,False,False,False
292,2017-11-30 23:59:59,0.14685827430273815,723,False,False,False
643,2017-11-30 23:59:59,0.1463829555659539,724,False,False,False
1522,2017-11-30 23:59:59,0.14627982809243834,725,False,False,False
86,2017-11-30 23:59:59,0.14586184595572707,726,False,False,False
1449,2017-11-30 23:59:59,0.14521255176167952,727,False,False,False
2179,2017-11-30 23:59:59,0.14487025906040799,728,False,False,False
2442,2017-11-30 23:59:59,0.14473162114385346,729,False,False,False
1903,2017-11-30 23:59:59,0.14462152775627649,730,False,False,False
1465,2017-11-30 23:59:59,0.14460750022760233,731,False,False,False
809,2017-11-30 23:59:59,0.1445383551690672,732,False,False,False
2216,2017-11-30 23:59:59,0.1439410196037758,733,False,False,False
1597,2017-11-30 23:59:59,0.1438822070379212,734,False,False,False
1092,2017-11-30 23:59:59,0.14372653803024593,735,False,False,False
2297,2017-11-30 23:59:59,0.14353637220421084,736,False,False,False
185,2017-11-30 23:59:59,0.14339586322530903,737,False,False,False
2299,2017-11-30 23:59:59,0.14330455923561347,738,False,False,False
1189,2017-11-30 23:59:59,0.14292192624526676,739,False,False,False
129,2017-11-30 23:59:59,0.14274322508513804,740,False,False,False
2435,2017-11-30 23:59:59,0.14248915702068102,741,False,False,False
1632,2017-11-30 23:59:59,0.14232280695440308,742,False,False,False
424,2017-11-30 23:59:59,0.1422555000138066,743,False,False,False
1746,2017-11-30 23:59:59,0.14224113493255497,744,False,False,False
1116,2017-11-30 23:59:59,0.14215135103281998,745,False,False,False
658,2017-11-30 23:59:59,0.14190181443612038,746,False,False,False
525,2017-11-30 23:59:59,0.14184837634082875,747,False,False,False
1460,2017-11-30 23:59:59,0.14087008064551743,748,False,False,False
607,2017-11-30 23:59:59,0.14084711865932878,749,False,False,False
1200,2017-11-30 23:59:59,0.14053750885564298,750,False,False,False
1210,2017-11-30 23:59:59,0.14049730698867643,751,False,False,False
108,2017-11-30 23:59:59,0.14036973046654896,752,False,False,False
244,2017-11-30 23:59:59,0.14034032674546162,753,False,False,False
1049,2017-11-30 23:59:59,0.14033098916903028,754,False,False,False
2239,2017-11-30 23:59:59,0.14032579236215417,755,False,False,False
1963,2017-11-30 23:59:59,0.14017912783557573,756,False,False,False
217,2017-11-30 23:59:59,0.13928320335507088,757,False,False,False
627,2017-11-30 23:59:59,0.13919059767197053,758,False,False,False
1932,2017-11-30 23:59:59,0.1388368172834621,759,False,False,False
1106,2017-11-30 23:59:59,0.13843398083978334,760,False,False,False
752,2017-11-30 23:59:59,0.138365403582581,761,False,False,False
1786,2017-11-30 23:59:59,0.13776204038647671,762,False,False,False
1760,2017-11-30 23:59:59,0.13770266066703762,763,False,False,False
180,2017-11-30 23:59:59,0.13712282198346049,764,False,False,False
1500,2017-11-30 23:59:59,0.13697566508753137,765,False,False,False
1862,2017-11-30 23:59:59,0.13696317433406086,766,False,False,False
1182,2017-11-30 23:59:59,0.13598616756725596,767,False,False,False
1368,2017-11-30 23:59:59,0.13598449637898838,768,False,False,False
1408,2017-11-30 23:59:59,0.13538513112595082,769,False,False,False
1625,2017-11-30 23:59:59,0.1347408513837561,770,False,False,False
1080,2017-11-30 23:59:59,0.13407903907677204,771,False,False,False
1019,2017-11-30 23:59:59,0.13349112701526203,772,False,False,False
343,2017-11-30 23:59:59,0.13337449264614648,773,False,False,False
2000,2017-11-30 23:59:59,0.1330457046221164,774,False,False,False
2283,2017-11-30 23:59:59,0.13274531009849969,775,False,False,False
1288,2017-11-30 23:59:59,0.1324645679114947,776,False,False,False
448,2017-11-30 23:59:59,0.13236548897539285,777,False,False,False
1782,2017-11-30 23:59:59,0.13189559989814187,778,False,False,False
802,2017-11-30 23:59:59,0.13143131145806905,779,False,False,False
693,2017-11-30 23:59:59,0.1312460163828477,780,False,False,False
544,2017-11-30 23:59:59,0.13113913033563507,781,False,False,False
62,2017-11-30 23:59:59,0.13050320350278538,782,False,False,False
1700,2017-11-30 23:59:59,0.12973773209432443,783,False,False,False
551,2017-11-30 23:59:59,0.12970358153457917,784,False,False,False
1805,2017-11-30 23:59:59,0.1296628686014556,785,False,False,False
2433,2017-11-30 23:59:59,0.12891450394479836,786,False,False,False
1027,2017-11-30 23:59:59,0.12886828203967582,787,False,False,False
2278,2017-11-30 23:59:59,0.128316560293399,788,False,False,False
2060,2017-11-30 23:59:59,0.1282552479183801,789,False,False,False
1102,2017-11-30 23:59:59,0.12822666544117936,790,False,False,False
1312,2017-11-30 23:59:59,0.12745893798154978,791,False,False,False
2352,2017-11-30 23:59:59,0.12702876753390516,792,False,False,False
2468,2017-11-30 23:59:59,0.12658851930918513,793,False,False,False
1384,2017-11-30 23:59:59,0.12652511652790652,794,False,False,False
782,2017-11-30 23:59:59,0.12533919780472297,795,False,False,False
1743,2017-11-30 23:59:59,0.12507308064142522,796,False,False,False
265,2017-11-30 23:59:59,0.1241936471688495,797,False,False,False
903,2017-11-30 23:59:59,0.1240883273268759,798,False,False,False
2388,2017-11-30 23:59:59,0.1240508018876176,799,False,False,False
2408,2017-11-30 23:59:59,0.12403625267103993,800,False,False,False
1519,2017-11-30 23:59:59,0.12400480768388938,801,False,False,False
753,2017-11-30 23:59:59,0.1237105673273511,802,False,False,False
2471,2017-11-30 23:59:59,0.12357856104323982,803,False,False,False
1814,2017-11-30 23:59:59,0.12353220693413701,804,False,False,False
830,2017-11-30 23:59:59,0.12349847633102336,805,False,False,False
1064,2017-11-30 23:59:59,0.12318523110804966,806,False,False,False
885,2017-11-30 23:59:59,0.12279221262565929,807,False,False,False
910,2017-11-30 23:59:59,0.12203621406885357,808,False,False,False
1025,2017-11-30 23:59:59,0.12203015358680623,809,False,False,False
852,2017-11-30 23:59:59,0.12195990612261776,810,False,False,False
1407,2017-11-30 23:59:59,0.12183507326860299,811,False,False,False
2222,2017-11-30 23:59:59,0.1212655850400971,812,False,False,False
1704,2017-11-30 23:59:59,0.12108065868636508,813,False,False,False
2393,2017-11-30 23:59:59,0.12083267744965272,814,False,False,False
2363,2017-11-30 23:59:59,0.12076576520560725,815,False,False,False
1661,2017-11-30 23:59:59,0.12058209535810176,816,False,False,False
829,2017-11-30 23:59:59,0.12027881775246087,817,False,False,False
1198,2017-11-30 23:59:59,0.12021970032356892,818,False,False,False
984,2017-11-30 23:59:59,0.12011013553225984,819,False,False,False
1832,2017-11-30 23:59:59,0.11975696727927998,820,False,False,False
1617,2017-11-30 23:59:59,0.11880998009762962,821,False,False,False
1698,2017-11-30 23:59:59,0.11876339966214047,822,False,False,False
2182,2017-11-30 23:59:59,0.11847198757368779,823,False,False,False
1587,2017-11-30 23:59:59,0.11826135776907326,824,False,False,False
312,2017-11-30 23:59:59,0.11780822412464706,825,False,False,False
750,2017-11-30 23:59:59,0.11776613056603512,826,False,False,False
1781,2017-11-30 23:59:59,0.11756332125826335,827,False,False,False
1331,2017-11-30 23:59:59,0.11721895397242564,828,False,False,False
1600,2017-11-30 23:59:59,0.11699471942958362,829,False,False,False
577,2017-11-30 23:59:59,0.1163431278565804,830,False,False,False
1171,2017-11-30 23:59:59,0.11633225506349058,831,False,False,False
2287,2017-11-30 23:59:59,0.11630942841430389,832,False,False,False
1991,2017-11-30 23:59:59,0.11630584333425782,833,False,False,False
1713,2017-11-30 23:59:59,0.11621609271573893,834,False,False,False
604,2017-11-30 23:59:59,0.11610248852333128,835,False,False,False
1155,2017-11-30 23:59:59,0.11583889311004067,836,False,False,False
1841,2017-11-30 23:59:59,0.11549870283295903,837,False,False,False
247,2017-11-30 23:59:59,0.11549370398281876,838,False,False,False
1724,2017-11-30 23:59:59,0.1154124111199809,839,False,False,False
1912,2017-11-30 23:59:59,0.11535411503640894,840,False,False,False
148,2017-11-30 23:59:59,0.11505475080630286,841,False,False,False
770,2017-11-30 23:59:59,0.11471061477632989,842,False,False,False
388,2017-11-30 23:59:59,0.11442160739580322,843,False,False,False
177,2017-11-30 23:59:59,0.11435400307515671,844,False,False,False
1956,2017-11-30 23:59:59,0.11372470306811944,845,False,False,False
1132,2017-11-30 23:59:59,0.11357612916717807,846,False,False,False
85,2017-11-30 23:59:59,0.11347225798689062,847,False,False,False
811,2017-11-30 23:59:59,0.11330016568060347,848,False,False,False
182,2017-11-30 23:59:59,0.11292926072220803,849,False,False,False
1457,2017-11-30 23:59:59,0.11292628486038205,850,False,False,False
472,2017-11-30 23:59:59,0.11250340713121076,851,False,False,False
270,2017-11-30 23:59:59,0.11249466795589806,852,False,False,False
1185,2017-11-30 23:59:59,0.11224402985313356,853,False,False,False
189,2017-11-30 23:59:59,0.11217129122873092,854,False,False,False
2419,2017-11-30 23:59:59,0.11212838247133547,855,False,False,False
1605,2017-11-30 23:59:59,0.11191094947444669,856,False,False,False
152,2017-11-30 23:59:59,0.1119024855541598,857,False,False,False
264,2017-11-30 23:59:59,0.11185628323141704,858,False,False,False
16,2017-11-30 23:59:59,0.11171862152448071,859,False,False,False
769,2017-11-30 23:59:59,0.11171464993110819,860,False,False,False
1075,2017-11-30 23:59:59,0.11164832198844955,861,False,False,False
1560,2017-11-30 23:59:59,0.11141083179476667,862,False,False,False
1316,2017-11-30 23:59:59,0.11118179331135103,863,False,False,False
1801,2017-11-30 23:59:59,0.11088702035059918,864,False,False,False
140,2017-11-30 23:59:59,0.1106630567073844,865,False,False,False
1217,2017-11-30 23:59:59,0.11060897372410071,866,False,False,False
1051,2017-11-30 23:59:59,0.11052532403508501,867,False,False,False
2358,2017-11-30 23:59:59,0.11021438751574245,868,False,False,False
2090,2017-11-30 23:59:59,0.11001468532623344,869,False,False,False
2425,2017-11-30 23:59:59,0.10982437398541026,870,False,False,False
925,2017-11-30 23:59:59,0.10962414653585445,871,False,False,False
1487,2017-11-30 23:59:59,0.10937925678621341,872,False,False,False
1140,2017-11-30 23:59:59,0.10937840284302157,873,False,False,False
1860,2017-11-30 23:59:59,0.10913278516719634,874,False,False,False
941,2017-11-30 23:59:59,0.10866347746783137,875,False,False,False
897,2017-11-30 23:59:59,0.10813964876667188,876,False,False,False
395,2017-11-30 23:59:59,0.10811971270504285,877,False,False,False
1181,2017-11-30 23:59:59,0.10761763534538858,878,False,False,False
2063,2017-11-30 23:59:59,0.10757346524203022,879,False,False,False
2104,2017-11-30 23:59:59,0.10749265933209673,880,False,False,False
2401,2017-11-30 23:59:59,0.10711780457545612,881,False,False,False
2,2017-11-30 23:59:59,0.10707334546391055,882,False,False,False
999,2017-11-30 23:59:59,0.10678613868727818,883,False,False,False
1766,2017-11-30 23:59:59,0.106604233601163,884,False,False,False
2391,2017-11-30 23:59:59,0.10655182109892358,885,False,False,False
92,2017-11-30 23:59:59,0.10653231614737105,886,False,False,False
2291,2017-11-30 23:59:59,0.10608454821968034,887,False,False,False
603,2017-11-30 23:59:59,0.10590779039694911,888,False,False,False
1581,2017-11-30 23:59:59,0.10587232314828714,889,False,False,False
144,2017-11-30 23:59:59,0.1055491092672335,890,False,False,False
1447,2017-11-30 23:59:59,0.10548029013903923,891,False,False,False
1666,2017-11-30 23:59:59,0.10532316313947404,892,False,False,False
155,2017-11-30 23:59:59,0.10512327573469232,893,False,False,False
887,2017-11-30 23:59:59,0.10485161951761302,894,False,False,False
726,2017-11-30 23:59:59,0.10472219357166102,895,False,False,False
1404,2017-11-30 23:59:59,0.10471867491708735,896,False,False,False
2256,2017-11-30 23:59:59,0.10465969725129516,897,False,False,False
1961,2017-11-30 23:59:59,0.10442916278852227,898,False,False,False
1362,2017-11-30 23:59:59,0.10431634168323368,899,False,False,False
1744,2017-11-30 23:59:59,0.1036164284925456,900,False,False,False
1119,2017-11-30 23:59:59,0.10358978508512003,901,False,False,False
1852,2017-11-30 23:59:59,0.10342211226463792,902,False,False,False
1071,2017-11-30 23:59:59,0.1033606557040012,903,False,False,False
2456,2017-11-30 23:59:59,0.10312242313970435,904,False,False,False
757,2017-11-30 23:59:59,0.10311860551771676,905,False,False,False
1065,2017-11-30 23:59:59,0.10307428124688506,906,False,False,False
698,2017-11-30 23:59:59,0.10303840730204326,907,False,False,False
1072,2017-11-30 23:59:59,0.10278045783208957,908,False,False,False
1611,2017-11-30 23:59:59,0.10274711981709536,909,False,False,False
1340,2017-11-30 23:59:59,0.10259980959954242,910,False,False,False
1658,2017-11-30 23:59:59,0.10164774690365354,911,False,False,False
1129,2017-11-30 23:59:59,0.10122337207987828,912,False,False,False
1317,2017-11-30 23:59:59,0.10091090364310591,913,False,False,False
720,2017-11-30 23:59:59,0.10058410174884419,914,False,False,False
536,2017-11-30 23:59:59,0.1003714904931276,915,False,False,False
2379,2017-11-30 23:59:59,0.09997632609831839,916,False,False,False
1174,2017-11-30 23:59:59,0.09938105835374232,917,False,False,False
1168,2017-11-30 23:59:59,0.0992182917433546,918,False,False,False
1685,2017-11-30 23:59:59,0.09919787631862625,919,False,False,False
314,2017-11-30 23:59:59,0.09894792680771311,920,False,False,False
1298,2017-11-30 23:59:59,0.0988136549683154,921,False,False,False
734,2017-11-30 23:59:59,0.09815926590032352,922,False,False,False
1649,2017-11-30 23:59:59,0.09811434369444746,923,False,False,False
2135,2017-11-30 23:59:59,0.09800491785814755,924,False,False,False
145,2017-11-30 23:59:59,0.09786186196214954,925,False,False,False
1761,2017-11-30 23:59:59,0.09775464436579231,926,False,False,False
1513,2017-11-30 23:59:59,0.0975485392614214,927,False,False,False
1225,2017-11-30 23:59:59,0.09747135352122913,928,False,False,False
336,2017-11-30 23:59:59,0.09714727677108624,929,False,False,False
183,2017-11-30 23:59:59,0.09712369161051122,930,False,False,False
116,2017-11-30 23:59:59,0.09701952400798618,931,False,False,False
2160,2017-11-30 23:59:59,0.09693914262248722,932,False,False,False
1324,2017-11-30 23:59:59,0.0968710135512921,933,False,False,False
1038,2017-11-30 23:59:59,0.0966796121770243,934,False,False,False
515,2017-11-30 23:59:59,0.096646230090145,935,False,False,False
2153,2017-11-30 23:59:59,0.09662136640112232,936,False,False,False
435,2017-11-30 23:59:59,0.09656214123940038,937,False,False,False
2410,2017-11-30 23:59:59,0.09563109543787351,938,False,False,False
1702,2017-11-30 23:59:59,0.09560794380648495,939,False,False,False
1920,2017-11-30 23:59:59,0.0954194340280643,940,False,False,False
2021,2017-11-30 23:59:59,0.09524822838510133,941,False,False,False
1208,2017-11-30 23:59:59,0.09508766762520948,942,False,False,False
1616,2017-11-30 23:59:59,0.09496170327014306,943,False,False,False
1548,2017-11-30 23:59:59,0.09421665714784831,944,False,False,False
701,2017-11-30 23:59:59,0.094164010542845,945,False,False,False
26,2017-11-30 23:59:59,0.09362708391354586,946,False,False,False
1021,2017-11-30 23:59:59,0.09353223074851562,947,False,False,False
122,2017-11-30 23:59:59,0.09347053381483046,948,False,False,False
132,2017-11-30 23:59:59,0.09342668752481056,949,False,False,False
913,2017-11-30 23:59:59,0.09340635212309419,950,False,False,False
248,2017-11-30 23:59:59,0.09305202159644407,951,False,False,False
1405,2017-11-30 23:59:59,0.09301394973390716,952,False,False,False
997,2017-11-30 23:59:59,0.09292100678329732,953,False,False,False
385,2017-11-30 23:59:59,0.092511745374735,954,False,False,False
87,2017-11-30 23:59:59,0.09249905662764833,955,False,False,False
195,2017-11-30 23:59:59,0.0924175867796489,956,False,False,False
978,2017-11-30 23:59:59,0.09241638006360219,957,False,False,False
2356,2017-11-30 23:59:59,0.0923630919518396,958,False,False,False
1351,2017-11-30 23:59:59,0.09234685181991223,959,False,False,False
1877,2017-11-30 23:59:59,0.09223557287333053,960,False,False,False
1515,2017-11-30 23:59:59,0.09214614465670283,961,False,False,False
1690,2017-11-30 23:59:59,0.09196992785215008,962,False,False,False
457,2017-11-30 23:59:59,0.09184801930914288,963,False,False,False
541,2017-11-30 23:59:59,0.09156166200796356,964,False,False,False
338,2017-11-30 23:59:59,0.09153858539519279,965,False,False,False
857,2017-11-30 23:59:59,0.09135208896525905,966,False,False,False
403,2017-11-30 23:59:59,0.09129629140784888,967,False,False,False
668,2017-11-30 23:59:59,0.09129605282701583,968,False,False,False
1147,2017-11-30 23:59:59,0.09120911398224686,969,False,False,False
1120,2017-11-30 23:59:59,0.09119475160294316,970,False,False,False
81,2017-11-30 23:59:59,0.09118595091475624,971,False,False,False
940,2017-11-30 23:59:59,0.09116435757835498,972,False,False,False
2223,2017-11-30 23:59:59,0.09101362445621784,973,False,False,False
1843,2017-11-30 23:59:59,0.09080228688812371,974,False,False,False
514,2017-11-30 23:59:59,0.09063673917521693,975,False,False,False
2037,2017-11-30 23:59:59,0.09033284082917932,976,False,False,False
2050,2017-11-30 23:59:59,0.08994802821413328,977,False,False,False
170,2017-11-30 23:59:59,0.08986487340563526,978,False,False,False
1121,2017-11-30 23:59:59,0.08971913047039566,979,False,False,False
2279,2017-11-30 23:59:59,0.08937371807441638,980,False,False,False
552,2017-11-30 23:59:59,0.089282698066815,981,False,False,False
1525,2017-11-30 23:59:59,0.08883079970082784,982,False,False,False
1715,2017-11-30 23:59:59,0.08883068060963321,983,False,False,False
2048,2017-11-30 23:59:59,0.08880508918657927,984,False,False,False
2013,2017-11-30 23:59:59,0.08880423247527103,985,False,False,False
684,2017-11-30 23:59:59,0.0886522660660484,986,False,False,False
1141,2017-11-30 23:59:59,0.08832794386199155,987,False,False,False
1334,2017-11-30 23:59:59,0.08825524128162994,988,False,False,False
475,2017-11-30 23:59:59,0.08813691516741796,989,False,False,False
1572,2017-11-30 23:59:59,0.08803050358609724,990,False,False,False
1424,2017-11-30 23:59:59,0.08793626240759365,991,False,False,False
1858,2017-11-30 23:59:59,0.08750325627544614,992,False,False,False
2230,2017-11-30 23:59:59,0.08733311726369046,993,False,False,False
1800,2017-11-30 23:59:59,0.08730890333283564,994,False,False,False
2205,2017-11-30 23:59:59,0.0872440536390365,995,False,False,False
2138,2017-11-30 23:59:59,0.0872200522332052,996,False,False,False
1124,2017-11-30 23:59:59,0.0869405925495001,997,False,False,False
850,2017-11-30 23:59:59,0.0866878227769893,998,False,False,False
1978,2017-11-30 23:59:59,0.08620891135537284,999,False,False,False
2485,2017-11-30 23:59:59,0.08600019373376827,1000,False,False,False
406,2017-11-30 23:59:59,0.08572520332539883,1001,False,False,False
1779,2017-11-30 23:59:59,0.08549274888591614,1002,False,False,False
142,2017-11-30 23:59:59,0.085487983600824,1003,False,False,False
1638,2017-11-30 23:59:59,0.08545451258795342,1004,False,False,False
220,2017-11-30 23:59:59,0.08541788751183113,1005,False,False,False
843,2017-11-30 23:59:59,0.08528500859413521,1006,False,False,False
1733,2017-11-30 23:59:59,0.08514951086078318,1007,False,False,False
1883,2017-11-30 23:59:59,0.08502988488985946,1008,False,False,False
281,2017-11-30 23:59:59,0.08493692846945214,1009,False,False,False
39,2017-11-30 23:59:59,0.08484306132882401,1010,False,False,False
1774,2017-11-30 23:59:59,0.08478852921148249,1011,False,False,False
1970,2017-11-30 23:59:59,0.08429955797568678,1012,False,False,False
2027,2017-11-30 23:59:59,0.08422920003568443,1013,False,False,False
1056,2017-11-30 23:59:59,0.08412536252545967,1014,False,False,False
205,2017-11-30 23:59:59,0.08398193258594842,1015,False,False,False
1016,2017-11-30 23:59:59,0.0837556495928916,1016,False,False,False
1066,2017-11-30 23:59:59,0.08361726318653599,1017,False,False,False
824,2017-11-30 23:59:59,0.08338920236162772,1018,False,False,False
737,2017-11-30 23:59:59,0.08337438552578139,1019,False,False,False
945,2017-11-30 23:59:59,0.08273753392658555,1020,False,False,False
1485,2017-11-30 23:59:59,0.08263685415429749,1021,False,False,False
450,2017-11-30 23:59:59,0.08260651039405874,1022,False,False,False
2257,2017-11-30 23:59:59,0.08142688234858789,1023,False,False,False
381,2017-11-30 23:59:59,0.08133753524410971,1024,False,False,False
2241,2017-11-30 23:59:59,0.08101307604821549,1025,False,False,False
1570,2017-11-30 23:59:59,0.08100389947369874,1026,False,False,False
1069,2017-11-30 23:59:59,0.08081651634616693,1027,False,False,False
143,2017-11-30 23:59:59,0.08080633065357073,1028,False,False,False
799,2017-11-30 23:59:59,0.080794830572408,1029,False,False,False
697,2017-11-30 23:59:59,0.08066787827399373,1030,False,False,False
2178,2017-11-30 23:59:59,0.0803383669526368,1031,False,False,False
1790,2017-11-30 23:59:59,0.08032617546402702,1032,False,False,False
564,2017-11-30 23:59:59,0.08018576919153497,1033,False,False,False
269,2017-11-30 23:59:59,0.08008206307124789,1034,False,False,False
708,2017-11-30 23:59:59,0.08006970095364184,1035,False,False,False
907,2017-11-30 23:59:59,0.08000916600879675,1036,False,False,False
288,2017-11-30 23:59:59,0.07957139415151876,1037,False,False,False
201,2017-11-30 23:59:59,0.07869554086864566,1038,False,False,False
928,2017-11-30 23:59:59,0.07865777213156394,1039,False,False,False
776,2017-11-30 23:59:59,0.07861934563073451,1040,False,False,False
2274,2017-11-30 23:59:59,0.07861368498491061,1041,False,False,False
2117,2017-11-30 23:59:59,0.07828416706301536,1042,False,False,False
875,2017-11-30 23:59:59,0.07823134627458947,1043,False,False,False
2250,2017-11-30 23:59:59,0.07796589130379598,1044,False,False,False
1077,2017-11-30 23:59:59,0.07794731789348312,1045,False,False,False
222,2017-11-30 23:59:59,0.07781684588375835,1046,False,False,False
748,2017-11-30 23:59:59,0.07774185811282405,1047,False,False,False
1350,2017-11-30 23:59:59,0.07769046387737889,1048,False,False,False
75,2017-11-30 23:59:59,0.07767271658879613,1049,False,False,False
1165,2017-11-30 23:59:59,0.07749661677181868,1050,False,False,False
803,2017-11-30 23:59:59,0.07719121603097213,1051,False,False,False
133,2017-11-30 23:59:59,0.07705951887715252,1052,False,False,False
1890,2017-11-30 23:59:59,0.07702313698491922,1053,False,False,False
943,2017-11-30 23:59:59,0.07660789092057801,1054,False,False,False
655,2017-11-30 23:59:59,0.07647177423532855,1055,False,False,False
1926,2017-11-30 23:59:59,0.07644322455884013,1056,False,False,False
175,2017-11-30 23:59:59,0.07642405236824477,1057,False,False,False
2047,2017-11-30 23:59:59,0.07635315544658347,1058,False,False,False
1665,2017-11-30 23:59:59,0.07631560468609386,1059,False,False,False
160,2017-11-30 23:59:59,0.07630883724493347,1060,False,False,False
153,2017-11-30 23:59:59,0.07613648210561665,1061,False,False,False
1827,2017-11-30 23:59:59,0.07607089138709404,1062,False,False,False
2024,2017-11-30 23:59:59,0.07603252064908321,1063,False,False,False
2345,2017-11-30 23:59:59,0.0759697097865658,1064,False,False,False
259,2017-11-30 23:59:59,0.07555932736445307,1065,False,False,False
1450,2017-11-30 23:59:59,0.07555814332403823,1066,False,False,False
2189,2017-11-30 23:59:59,0.07529592963429949,1067,False,False,False
106,2017-11-30 23:59:59,0.07521152451269476,1068,False,False,False
223,2017-11-30 23:59:59,0.07501095356426528,1069,False,False,False
1737,2017-11-30 23:59:59,0.07489656027688762,1070,False,False,False
785,2017-11-30 23:59:59,0.07486618595471638,1071,False,False,False
2003,2017-11-30 23:59:59,0.07432324349244016,1072,False,False,False
1751,2017-11-30 23:59:59,0.07428290658976475,1073,False,False,False
2080,2017-11-30 23:59:59,0.07410490828977952,1074,False,False,False
1136,2017-11-30 23:59:59,0.0739963001965797,1075,False,False,False
1776,2017-11-30 23:59:59,0.07388662915272308,1076,False,False,False
1265,2017-11-30 23:59:59,0.07381770023855795,1077,False,False,False
1363,2017-11-30 23:59:59,0.07374414473137585,1078,False,False,False
2326,2017-11-30 23:59:59,0.07365863558421362,1079,False,False,False
1047,2017-11-30 23:59:59,0.07338983827550632,1080,False,False,False
691,2017-11-30 23:59:59,0.07313927241388925,1081,False,False,False
1231,2017-11-30 23:59:59,0.07289143983630403,1082,False,False,False
1918,2017-11-30 23:59:59,0.07271207436455042,1083,False,False,False
1401,2017-11-30 23:59:59,0.07254949838242096,1084,False,False,False
2149,2017-11-30 23:59:59,0.07248967779764508,1085,False,False,False
1159,2017-11-30 23:59:59,0.0722950878382026,1086,False,False,False
2181,2017-11-30 23:59:59,0.07179763884326361,1087,False,False,False
1330,2017-11-30 23:59:59,0.07175093345866888,1088,False,False,False
1767,2017-11-30 23:59:59,0.0717253166484273,1089,False,False,False
1395,2017-11-30 23:59:59,0.07162745172285474,1090,False,False,False
1929,2017-11-30 23:59:59,0.07156228377368018,1091,False,False,False
1483,2017-11-30 23:59:59,0.07136705974088763,1092,False,False,False
798,2017-11-30 23:59:59,0.0712324699649601,1093,False,False,False
325,2017-11-30 23:59:59,0.07114853899678994,1094,False,False,False
1964,2017-11-30 23:59:59,0.07097713075072441,1095,False,False,False
1708,2017-11-30 23:59:59,0.07093314451996593,1096,False,False,False
2285,2017-11-30 23:59:59,0.0708520005846344,1097,False,False,False
157,2017-11-30 23:59:59,0.07080304031157639,1098,False,False,False
931,2017-11-30 23:59:59,0.0707831631057095,1099,False,False,False
1017,2017-11-30 23:59:59,0.07077622164709586,1100,False,False,False
1683,2017-11-30 23:59:59,0.07068256333079741,1101,False,False,False
738,2017-11-30 23:59:59,0.07064973535518562,1102,False,False,False
2335,2017-11-30 23:59:59,0.07046188329562988,1103,False,False,False
1680,2017-11-30 23:59:59,0.07040643530005342,1104,False,False,False
1382,2017-11-30 23:59:59,0.07038956059878684,1105,False,False,False
2288,2017-11-30 23:59:59,0.06947003697582148,1106,False,False,False
1930,2017-11-30 23:59:59,0.06943762762844993,1107,False,False,False
573,2017-11-30 23:59:59,0.06936804436149831,1108,False,False,False
1387,2017-11-30 23:59:59,0.06932380091150793,1109,False,False,False
937,2017-11-30 23:59:59,0.06931703819475042,1110,False,False,False
539,2017-11-30 23:59:59,0.0692941802059308,1111,False,False,False
681,2017-11-30 23:59:59,0.06909644974448662,1112,False,False,False
1431,2017-11-30 23:59:59,0.06907281604322778,1113,False,False,False
317,2017-11-30 23:59:59,0.06897553002736853,1114,False,False,False
847,2017-11-30 23:59:59,0.06872395726696581,1115,False,False,False
1957,2017-11-30 23:59:59,0.0685987775193444,1116,False,False,False
730,2017-11-30 23:59:59,0.06856905017284717,1117,False,False,False
1607,2017-11-30 23:59:59,0.06832801379764614,1118,False,False,False
53,2017-11-30 23:59:59,0.0681822708316458,1119,False,False,False
1427,2017-11-30 23:59:59,0.06817458779392939,1120,False,False,False
316,2017-11-30 23:59:59,0.06815140472932953,1121,False,False,False
2371,2017-11-30 23:59:59,0.06801309517428282,1122,False,False,False
2430,2017-11-30 23:59:59,0.06792889569680764,1123,False,False,False
1443,2017-11-30 23:59:59,0.06788769308602485,1124,False,False,False
1236,2017-11-30 23:59:59,0.06783540801817074,1125,False,False,False
1672,2017-11-30 23:59:59,0.0677872611135017,1126,False,False,False
1691,2017-11-30 23:59:59,0.06766744032537415,1127,False,False,False
2196,2017-11-30 23:59:59,0.06756246240664167,1128,False,False,False
1822,2017-11-30 23:59:59,0.06746588361150749,1129,False,False,False
2478,2017-11-30 23:59:59,0.06731930820210716,1130,False,False,False
1219,2017-11-30 23:59:59,0.06716401231428401,1131,False,False,False
1730,2017-11-30 23:59:59,0.06675405623938145,1132,False,False,False
1696,2017-11-30 23:59:59,0.06659558653857614,1133,False,False,False
2011,2017-11-30 23:59:59,0.0665703227116869,1134,False,False,False
2267,2017-11-30 23:59:59,0.06630986241636813,1135,False,False,False
331,2017-11-30 23:59:59,0.06625287275753004,1136,False,False,False
2005,2017-11-30 23:59:59,0.06621776247786919,1137,False,False,False
2069,2017-11-30 23:59:59,0.06618896015302986,1138,False,False,False
1808,2017-11-30 23:59:59,0.06601583930215177,1139,False,False,False
2108,2017-11-30 23:59:59,0.06558733213086579,1140,False,False,False
2464,2017-11-30 23:59:59,0.06550122882114678,1141,False,False,False
2457,2017-11-30 23:59:59,0.06516177174977476,1142,False,False,False
456,2017-11-30 23:59:59,0.0650024628688053,1143,False,False,False
986,2017-11-30 23:59:59,0.06498352354506517,1144,False,False,False
1224,2017-11-30 23:59:59,0.06482504021211068,1145,False,False,False
337,2017-11-30 23:59:59,0.06478315811401072,1146,False,False,False
632,2017-11-30 23:59:59,0.06439595768076298,1147,False,False,False
781,2017-11-30 23:59:59,0.06420020025841978,1148,False,False,False
100,2017-11-30 23:59:59,0.06365262647068205,1149,False,False,False
2331,2017-11-30 23:59:59,0.0636310125812566,1150,False,False,False
1993,2017-11-30 23:59:59,0.06346931130409135,1151,False,False,False
1972,2017-11-30 23:59:59,0.06338570938665976,1152,False,False,False
1359,2017-11-30 23:59:59,0.06273854695157281,1153,False,False,False
533,2017-11-30 23:59:59,0.062320783522615567,1154,False,False,False
1738,2017-11-30 23:59:59,0.06227644844304869,1155,False,False,False
1305,2017-11-30 23:59:59,0.062202068248843397,1156,False,False,False
2100,2017-11-30 23:59:59,0.06171713652545658,1157,False,False,False
1085,2017-11-30 23:59:59,0.061670178039941265,1158,False,False,False
251,2017-11-30 23:59:59,0.06153558955567673,1159,False,False,False
118,2017-11-30 23:59:59,0.06143556170967567,1160,False,False,False
846,2017-11-30 23:59:59,0.06141054076402728,1161,False,False,False
992,2017-11-30 23:59:59,0.061212665521663885,1162,False,False,False
2029,2017-11-30 23:59:59,0.060759819686454365,1163,False,False,False
2484,2017-11-30 23:59:59,0.060619642020860155,1164,False,False,False
1796,2017-11-30 23:59:59,0.06060498074976994,1165,False,False,False
1012,2017-11-30 23:59:59,0.06058145181420077,1166,False,False,False
1640,2017-11-30 23:59:59,0.06052298936218282,1167,False,False,False
961,2017-11-30 23:59:59,0.06047502926477748,1168,False,False,False
1946,2017-11-30 23:59:59,0.060345825130584875,1169,False,False,False
1218,2017-11-30 23:59:59,0.059995157439659295,1170,False,False,False
71,2017-11-30 23:59:59,0.0599577454072368,1171,False,False,False
350,2017-11-30 23:59:59,0.059882517438162544,1172,False,False,False
2247,2017-11-30 23:59:59,0.059870585138726146,1173,False,False,False
1783,2017-11-30 23:59:59,0.05958178208562548,1174,False,False,False
1492,2017-11-30 23:59:59,0.059491741688221196,1175,False,False,False
989,2017-11-30 23:59:59,0.05947647268200234,1176,False,False,False
2394,2017-11-30 23:59:59,0.05925879720872494,1177,False,False,False
1819,2017-11-30 23:59:59,0.0591340048642115,1178,False,False,False
952,2017-11-30 23:59:59,0.05907334833913323,1179,False,False,False
877,2017-11-30 23:59:59,0.05906688679024181,1180,False,False,False
84,2017-11-30 23:59:59,0.05903711772509425,1181,False,False,False
1717,2017-11-30 23:59:59,0.05890803757895957,1182,False,False,False
545,2017-11-30 23:59:59,0.05886663738326243,1183,False,False,False
2429,2017-11-30 23:59:59,0.058855258854711975,1184,False,False,False
960,2017-11-30 23:59:59,0.058648010463106456,1185,False,False,False
1076,2017-11-30 23:59:59,0.05840965294006494,1186,False,False,False
2144,2017-11-30 23:59:59,0.058098991845248305,1187,False,False,False
1227,2017-11-30 23:59:59,0.05809096314555989,1188,False,False,False
334,2017-11-30 23:59:59,0.057809296726634374,1189,False,False,False
387,2017-11-30 23:59:59,0.05766033718074246,1190,False,False,False
1681,2017-11-30 23:59:59,0.057657550806340815,1191,False,False,False
1980,2017-11-30 23:59:59,0.05760686306533424,1192,False,False,False
1420,2017-11-30 23:59:59,0.057570671866694914,1193,False,False,False
1494,2017-11-30 23:59:59,0.05746715573872302,1194,False,False,False
660,2017-11-30 23:59:59,0.05745338717412941,1195,False,False,False
1084,2017-11-30 23:59:59,0.0574114326768892,1196,False,False,False
135,2017-11-30 23:59:59,0.05732886193722723,1197,False,False,False
2038,2017-11-30 23:59:59,0.05729499722631268,1198,False,False,False
725,2017-11-30 23:59:59,0.05727476580721701,1199,False,False,False
460,2017-11-30 23:59:59,0.05715429109123176,1200,False,False,False
1429,2017-11-30 23:59:59,0.05701757217326262,1201,False,False,False
1125,2017-11-30 23:59:59,0.05660094027844812,1202,False,False,False
1979,2017-11-30 23:59:59,0.05648162074216528,1203,False,False,False
914,2017-11-30 23:59:59,0.05644721980288195,1204,False,False,False
224,2017-11-30 23:59:59,0.05614812987244671,1205,False,False,False
1332,2017-11-30 23:59:59,0.05590526198557973,1206,False,False,False
1192,2017-11-30 23:59:59,0.055462995230467674,1207,False,False,False
1346,2017-11-30 23:59:59,0.05540510591836183,1208,False,False,False
15,2017-11-30 23:59:59,0.05521487156963461,1209,False,False,False
2290,2017-11-30 23:59:59,0.055106306939865096,1210,False,False,False
1933,2017-11-30 23:59:59,0.05509104284444737,1211,False,False,False
342,2017-11-30 23:59:59,0.05492079662259088,1212,False,False,False
2470,2017-11-30 23:59:59,0.054844804780760634,1213,False,False,False
2398,2017-11-30 23:59:59,0.05483902039352925,1214,False,False,False
322,2017-11-30 23:59:59,0.05482197104405332,1215,False,False,False
959,2017-11-30 23:59:59,0.05458713172958054,1216,False,False,False
7,2017-11-30 23:59:59,0.05433978166359163,1217,False,False,False
1083,2017-11-30 23:59:59,0.0541352168925856,1218,False,False,False
1950,2017-11-30 23:59:59,0.05413298504621878,1219,False,False,False
32,2017-11-30 23:59:59,0.05396282029136882,1220,False,False,False
480,2017-11-30 23:59:59,0.053654747173250604,1221,False,False,False
1389,2017-11-30 23:59:59,0.05348412382379339,1222,False,False,False
538,2017-11-30 23:59:59,0.053274880627428606,1223,False,False,False
2211,2017-11-30 23:59:59,0.05309962689652383,1224,False,False,False
1145,2017-11-30 23:59:59,0.05305131217288122,1225,False,False,False
1204,2017-11-30 23:59:59,0.052886364164316885,1226,False,False,False
1802,2017-11-30 23:59:59,0.052592651446673376,1227,False,False,False
1015,2017-11-30 23:59:59,0.05219607070265786,1228,False,False,False
687,2017-11-30 23:59:59,0.05207345037124564,1229,False,False,False
1695,2017-11-30 23:59:59,0.052029782302478046,1230,False,False,False
1798,2017-11-30 23:59:59,0.05202070696050885,1231,False,False,False
924,2017-11-30 23:59:59,0.052009049465610344,1232,False,False,False
2114,2017-11-30 23:59:59,0.05200302823978529,1233,False,False,False
1834,2017-11-30 23:59:59,0.051940556634174864,1234,False,False,False
933,2017-11-30 23:59:59,0.05193069255749361,1235,False,False,False
1809,2017-11-30 23:59:59,0.05192073554673316,1236,False,False,False
330,2017-11-30 23:59:59,0.051880048412153525,1237,False,False,False
1747,2017-11-30 23:59:59,0.05180024646613341,1238,False,False,False
580,2017-11-30 23:59:59,0.05145113038546399,1239,False,False,False
391,2017-11-30 23:59:59,0.05143858484946875,1240,False,False,False
1949,2017-11-30 23:59:59,0.05143847674868678,1241,False,False,False
2236,2017-11-30 23:59:59,0.051211987474406286,1242,False,False,False
1639,2017-11-30 23:59:59,0.05109865807617377,1243,False,False,False
1396,2017-11-30 23:59:59,0.05089916995196146,1244,False,False,False
279,2017-11-30 23:59:59,0.050872616816793996,1245,False,False,False
74,2017-11-30 23:59:59,0.050749297216695924,1246,False,False,False
1612,2017-11-30 23:59:59,0.05065789796941155,1247,False,False,False
2243,2017-11-30 23:59:59,0.05019741112551408,1248,False,False,False
1524,2017-11-30 23:59:59,0.05018753115938394,1249,False,False,False
1374,2017-11-30 23:59:59,0.050135317618795396,1250,False,False,False
862,2017-11-30 23:59:59,0.05012311538485966,1251,False,False,False
1777,2017-11-30 23:59:59,0.05011687966610358,1252,False,False,False
964,2017-11-30 23:59:59,0.05011003871967793,1253,False,False,False
1287,2017-11-30 23:59:59,0.05007923002534258,1254,False,False,False
1719,2017-11-30 23:59:59,0.05006563249636643,1255,False,False,False
2293,2017-11-30 23:59:59,0.04984619882501738,1256,False,False,False
1269,2017-11-30 23:59:59,0.04970516712052335,1257,False,False,False
1117,2017-11-30 23:59:59,0.04962222932690595,1258,False,False,False
1007,2017-11-30 23:59:59,0.04953830883134709,1259,False,False,False
1595,2017-11-30 23:59:59,0.04951870011942357,1260,False,False,False
623,2017-11-30 23:59:59,0.049150568250574934,1261,False,False,False
1987,2017-11-30 23:59:59,0.04914158664492639,1262,False,False,False
1614,2017-11-30 23:59:59,0.04910104282312139,1263,False,False,False
31,2017-11-30 23:59:59,0.0490986034535716,1264,False,False,False
2137,2017-11-30 23:59:59,0.04893096435327988,1265,False,False,False
1664,2017-11-30 23:59:59,0.04889211800882164,1266,False,False,False
2119,2017-11-30 23:59:59,0.04882956980966558,1267,False,False,False
2043,2017-11-30 23:59:59,0.04875449973732104,1268,False,False,False
462,2017-11-30 23:59:59,0.048667772190494306,1269,False,False,False
1514,2017-11-30 23:59:59,0.04858247007756286,1270,False,False,False
520,2017-11-30 23:59:59,0.04840090681213423,1271,False,False,False
2173,2017-11-30 23:59:59,0.04839858996767992,1272,False,False,False
1304,2017-11-30 23:59:59,0.04836195774371042,1273,False,False,False
2446,2017-11-30 23:59:59,0.0483281214196394,1274,False,False,False
2338,2017-11-30 23:59:59,0.0483159794003181,1275,False,False,False
2008,2017-11-30 23:59:59,0.04796937460301527,1276,False,False,False
490,2017-11-30 23:59:59,0.04793460991033028,1277,False,False,False
2002,2017-11-30 23:59:59,0.04788156448030256,1278,False,False,False
741,2017-11-30 23:59:59,0.047862167827698004,1279,False,False,False
2318,2017-11-30 23:59:59,0.047831892137722,1280,False,False,False
2229,2017-11-30 23:59:59,0.04781273404929332,1281,False,False,False
950,2017-11-30 23:59:59,0.04781261248903865,1282,False,False,False
1663,2017-11-30 23:59:59,0.0477811845486095,1283,False,False,False
1207,2017-11-30 23:59:59,0.04776220190855026,1284,False,False,False
1684,2017-11-30 23:59:59,0.04769484145303047,1285,False,False,False
2298,2017-11-30 23:59:59,0.0475154144439154,1286,False,False,False
558,2017-11-30 23:59:59,0.04746413980736707,1287,False,False,False
1588,2017-11-30 23:59:59,0.047267691583963135,1288,False,False,False
2282,2017-11-30 23:59:59,0.04718536125339429,1289,False,False,False
779,2017-11-30 23:59:59,0.04709472789625506,1290,False,False,False
1067,2017-11-30 23:59:59,0.04708929680184804,1291,False,False,False
2231,2017-11-30 23:59:59,0.04693283152200644,1292,False,False,False
402,2017-11-30 23:59:59,0.04691240753175103,1293,False,False,False
1716,2017-11-30 23:59:59,0.04690478594678217,1294,False,False,False
1939,2017-11-30 23:59:59,0.0468636398133959,1295,False,False,False
197,2017-11-30 23:59:59,0.04666834528065955,1296,False,False,False
2097,2017-11-30 23:59:59,0.04666202019888019,1297,False,False,False
1375,2017-11-30 23:59:59,0.04665693328079031,1298,False,False,False
1440,2017-11-30 23:59:59,0.04663197019412902,1299,False,False,False
2113,2017-11-30 23:59:59,0.046378549663912194,1300,False,False,False
793,2017-11-30 23:59:59,0.04624413129525235,1301,False,False,False
2284,2017-11-30 23:59:59,0.04612155915299974,1302,False,False,False
962,2017-11-30 23:59:59,0.046040900058385195,1303,False,False,False
441,2017-11-30 23:59:59,0.045976952919172163,1304,False,False,False
1263,2017-11-30 23:59:59,0.045871461042521065,1305,False,False,False
2036,2017-11-30 23:59:59,0.0458346646215855,1306,False,False,False
1568,2017-11-30 23:59:59,0.04580001657977822,1307,False,False,False
2385,2017-11-30 23:59:59,0.0457415813241528,1308,False,False,False
1268,2017-11-30 23:59:59,0.04573115784983374,1309,False,False,False
394,2017-11-30 23:59:59,0.04564179007635191,1310,False,False,False
1088,2017-11-30 23:59:59,0.045324680094515526,1311,False,False,False
2336,2017-11-30 23:59:59,0.04529609790093075,1312,False,False,False
1394,2017-11-30 23:59:59,0.045286067428822976,1313,False,False,False
362,2017-11-30 23:59:59,0.04505289527911373,1314,False,False,False
1575,2017-11-30 23:59:59,0.04503152004809441,1315,False,False,False
112,2017-11-30 23:59:59,0.044955248063961895,1316,False,False,False
1402,2017-11-30 23:59:59,0.04485150108822744,1317,False,False,False
1536,2017-11-30 23:59:59,0.04456904305396972,1318,False,False,False
1164,2017-11-30 23:59:59,0.04446071737151217,1319,False,False,False
2295,2017-11-30 23:59:59,0.04446049093333173,1320,False,False,False
159,2017-11-30 23:59:59,0.04441494234574994,1321,False,False,False
1791,2017-11-30 23:59:59,0.04441149601698735,1322,False,False,False
1634,2017-11-30 23:59:59,0.04432999949547546,1323,False,False,False
1722,2017-11-30 23:59:59,0.044244388449074,1324,False,False,False
1590,2017-11-30 23:59:59,0.04423732243592152,1325,False,False,False
384,2017-11-30 23:59:59,0.044232674015183306,1326,False,False,False
546,2017-11-30 23:59:59,0.04419622277078245,1327,False,False,False
2450,2017-11-30 23:59:59,0.04392051506534742,1328,False,False,False
1967,2017-11-30 23:59:59,0.04376008875526125,1329,False,False,False
1295,2017-11-30 23:59:59,0.043687118531391615,1330,False,False,False
2372,2017-11-30 23:59:59,0.0436656944193807,1331,False,False,False
1894,2017-11-30 23:59:59,0.04355225687459649,1332,False,False,False
211,2017-11-30 23:59:59,0.04338563873589072,1333,False,False,False
1577,2017-11-30 23:59:59,0.04318618264032598,1334,False,False,False
1826,2017-11-30 23:59:59,0.04309757848429536,1335,False,False,False
733,2017-11-30 23:59:59,0.04306850222353939,1336,False,False,False
1749,2017-11-30 23:59:59,0.04304713088468566,1337,False,False,False
1850,2017-11-30 23:59:59,0.042881518728311155,1338,False,False,False
430,2017-11-30 23:59:59,0.04281529057173187,1339,False,False,False
2028,2017-11-30 23:59:59,0.04239184750018561,1340,False,False,False
548,2017-11-30 23:59:59,0.04216331891316184,1341,False,False,False
901,2017-11-30 23:59:59,0.04208127095728299,1342,False,False,False
2381,2017-11-30 23:59:59,0.042017903232212626,1343,False,False,False
417,2017-11-30 23:59:59,0.04193719684639582,1344,False,False,False
576,2017-11-30 23:59:59,0.0418989492479026,1345,False,False,False
2437,2017-11-30 23:59:59,0.041795981973982425,1346,False,False,False
784,2017-11-30 23:59:59,0.04177602024183587,1347,False,False,False
1982,2017-11-30 23:59:59,0.041689774368833886,1348,False,False,False
1844,2017-11-30 23:59:59,0.04168803212677511,1349,False,False,False
705,2017-11-30 23:59:59,0.04168715320209929,1350,False,False,False
1865,2017-11-30 23:59:59,0.04156443142586677,1351,False,False,False
23,2017-11-30 23:59:59,0.041550408971418706,1352,False,False,False
1409,2017-11-30 23:59:59,0.04152892333226708,1353,False,False,False
1948,2017-11-30 23:59:59,0.041524258645717495,1354,False,False,False
408,2017-11-30 23:59:59,0.04147809354955797,1355,False,False,False
1953,2017-11-30 23:59:59,0.04147549152795554,1356,False,False,False
1988,2017-11-30 23:59:59,0.041401239478197314,1357,False,False,False
1032,2017-11-30 23:59:59,0.04130413554795664,1358,False,False,False
1062,2017-11-30 23:59:59,0.041301491757527946,1359,False,False,False
1325,2017-11-30 23:59:59,0.04122800509328451,1360,False,False,False
1266,2017-11-30 23:59:59,0.041189551183237576,1361,False,False,False
291,2017-11-30 23:59:59,0.04115917210782943,1362,False,False,False
2195,2017-11-30 23:59:59,0.041088974385073244,1363,False,False,False
563,2017-11-30 23:59:59,0.04106529683267366,1364,False,False,False
2185,2017-11-30 23:59:59,0.04096694320730959,1365,False,False,False
2079,2017-11-30 23:59:59,0.040923596774752,1366,False,False,False
83,2017-11-30 23:59:59,0.040658860891278535,1367,False,False,False
2418,2017-11-30 23:59:59,0.040653645963268856,1368,False,False,False
2310,2017-11-30 23:59:59,0.04061424995304885,1369,False,False,False
648,2017-11-30 23:59:59,0.04059664916130382,1370,False,False,False
2441,2017-11-30 23:59:59,0.04050100426394161,1371,False,False,False
638,2017-11-30 23:59:59,0.04047410371579419,1372,False,False,False
2302,2017-11-30 23:59:59,0.040355383315310425,1373,False,False,False
2303,2017-11-30 23:59:59,0.04031754268467574,1374,False,False,False
2123,2017-11-30 23:59:59,0.04021240139831296,1375,False,False,False
2006,2017-11-30 23:59:59,0.040171363674887335,1376,False,False,False
1847,2017-11-30 23:59:59,0.040009895599970646,1377,False,False,False
208,2017-11-30 23:59:59,0.040006348279426764,1378,False,False,False
114,2017-11-30 23:59:59,0.03997808270842452,1379,False,False,False
1294,2017-11-30 23:59:59,0.03991511969803157,1380,False,False,False
639,2017-11-30 23:59:59,0.03975506946042164,1381,False,False,False
679,2017-11-30 23:59:59,0.03973413022354393,1382,False,False,False
1555,2017-11-30 23:59:59,0.03957855140674302,1383,False,False,False
878,2017-11-30 23:59:59,0.03946945725626067,1384,False,False,False
1463,2017-11-30 23:59:59,0.03930814943173048,1385,False,False,False
728,2017-11-30 23:59:59,0.03894328908031854,1386,False,False,False
17,2017-11-30 23:59:59,0.03894020814206939,1387,False,False,False
1418,2017-11-30 23:59:59,0.038504253842936584,1388,False,False,False
597,2017-11-30 23:59:59,0.038436994903102026,1389,False,False,False
909,2017-11-30 23:59:59,0.03835464200177364,1390,False,False,False
747,2017-11-30 23:59:59,0.038350290211414215,1391,False,False,False
2466,2017-11-30 23:59:59,0.038323974690546665,1392,False,False,False
1517,2017-11-30 23:59:59,0.03794027408904032,1393,False,False,False
42,2017-11-30 23:59:59,0.037933464045056875,1394,False,False,False
162,2017-11-30 23:59:59,0.037839789300745906,1395,False,False,False
443,2017-11-30 23:59:59,0.03769200118373719,1396,False,False,False
1385,2017-11-30 23:59:59,0.03758548884130659,1397,False,False,False
2349,2017-11-30 23:59:59,0.0374357979903661,1398,False,False,False
596,2017-11-30 23:59:59,0.03741733615299076,1399,False,False,False
1425,2017-11-30 23:59:59,0.03741105126741519,1400,False,False,False
873,2017-11-30 23:59:59,0.03716754240338797,1401,False,False,False
256,2017-11-30 23:59:59,0.03702513514467233,1402,False,False,False
985,2017-11-30 23:59:59,0.03700500321115108,1403,False,False,False
1624,2017-11-30 23:59:59,0.036885683573610696,1404,False,False,False
2499,2017-11-30 23:59:59,0.03686476841371787,1405,False,False,False
55,2017-11-30 23:59:59,0.036757077351919985,1406,False,False,False
706,2017-11-30 23:59:59,0.03663946765757968,1407,False,False,False
200,2017-11-30 23:59:59,0.03663114442136773,1408,False,False,False
134,2017-11-30 23:59:59,0.03662114113260817,1409,False,False,False
1812,2017-11-30 23:59:59,0.03656088923422637,1410,False,False,False
228,2017-11-30 23:59:59,0.036340940249530364,1411,False,False,False
1542,2017-11-30 23:59:59,0.03633832273967987,1412,False,False,False
2057,2017-11-30 23:59:59,0.03626163337817102,1413,False,False,False
1246,2017-11-30 23:59:59,0.036247492214740655,1414,False,False,False
1896,2017-11-30 23:59:59,0.03624265496913299,1415,False,False,False
2203,2017-11-30 23:59:59,0.036234933317749934,1416,False,False,False
216,2017-11-30 23:59:59,0.03620716127667416,1417,False,False,False
1526,2017-11-30 23:59:59,0.03604885406393705,1418,False,False,False
919,2017-11-30 23:59:59,0.0360238207225777,1419,False,False,False
2147,2017-11-30 23:59:59,0.035937491961086136,1420,False,False,False
2416,2017-11-30 23:59:59,0.0359099264467188,1421,False,False,False
732,2017-11-30 23:59:59,0.03582556690325624,1422,False,False,False
2062,2017-11-30 23:59:59,0.03582521718403803,1423,False,False,False
1892,2017-11-30 23:59:59,0.035740885532805355,1424,False,False,False
849,2017-11-30 23:59:59,0.035538110808597645,1425,False,False,False
1925,2017-11-30 23:59:59,0.03552928716776133,1426,False,False,False
210,2017-11-30 23:59:59,0.035379414244365116,1427,False,False,False
611,2017-11-30 23:59:59,0.035317352838839626,1428,False,False,False
2142,2017-11-30 23:59:59,0.03521798394529067,1429,False,False,False
818,2017-11-30 23:59:59,0.03517599463556584,1430,False,False,False
1911,2017-11-30 23:59:59,0.03500441022527698,1431,False,False,False
2071,2017-11-30 23:59:59,0.034946653972299555,1432,False,False,False
495,2017-11-30 23:59:59,0.034916267083763976,1433,False,False,False
1627,2017-11-30 23:59:59,0.03490653799657995,1434,False,False,False
1770,2017-11-30 23:59:59,0.034822464528035856,1435,False,False,False
915,2017-11-30 23:59:59,0.0347920023123447,1436,False,False,False
1887,2017-11-30 23:59:59,0.034762033499608304,1437,False,False,False
2354,2017-11-30 23:59:59,0.034750780833215734,1438,False,False,False
578,2017-11-30 23:59:59,0.03474566844143214,1439,False,False,False
117,2017-11-30 23:59:59,0.03459877650579285,1440,False,False,False
1857,2017-11-30 23:59:59,0.034577699650848365,1441,False,False,False
1997,2017-11-30 23:59:59,0.03456914907055192,1442,False,False,False
1234,2017-11-30 23:59:59,0.034537983447374986,1443,False,False,False
1921,2017-11-30 23:59:59,0.03448178748000789,1444,False,False,False
1300,2017-11-30 23:59:59,0.03409019834376309,1445,False,False,False
1869,2017-11-30 23:59:59,0.03408905377560085,1446,False,False,False
1417,2017-11-30 23:59:59,0.03405563346916421,1447,False,False,False
1,2017-11-30 23:59:59,0.03384079979163518,1448,False,False,False
2076,2017-11-30 23:59:59,0.0338290272698915,1449,False,False,False
1529,2017-11-30 23:59:59,0.033696898025266646,1450,False,False,False
891,2017-11-30 23:59:59,0.03369623029067154,1451,False,False,False
1097,2017-11-30 23:59:59,0.03367243353976885,1452,False,False,False
1820,2017-11-30 23:59:59,0.033508653223288325,1453,False,False,False
1137,2017-11-30 23:59:59,0.03332787587837411,1454,False,False,False
1163,2017-11-30 23:59:59,0.03322041831992591,1455,False,False,False
1941,2017-11-30 23:59:59,0.03321305767202696,1456,False,False,False
1794,2017-11-30 23:59:59,0.03297679510517383,1457,False,False,False
1018,2017-11-30 23:59:59,0.03294087497133457,1458,False,False,False
192,2017-11-30 23:59:59,0.03291654703042151,1459,False,False,False
606,2017-11-30 23:59:59,0.03287551418258292,1460,False,False,False
764,2017-11-30 23:59:59,0.03273673461331446,1461,False,False,False
1833,2017-11-30 23:59:59,0.03273633647173208,1462,False,False,False
390,2017-11-30 23:59:59,0.03271563157869194,1463,False,False,False
1785,2017-11-30 23:59:59,0.03269460469542773,1464,False,False,False
2111,2017-11-30 23:59:59,0.032614272573681845,1465,False,False,False
438,2017-11-30 23:59:59,0.03260074719486515,1466,False,False,False
2369,2017-11-30 23:59:59,0.032597244679706254,1467,False,False,False
1264,2017-11-30 23:59:59,0.03258167843439995,1468,False,False,False
988,2017-11-30 23:59:59,0.03237769274895963,1469,False,False,False
672,2017-11-30 23:59:59,0.03224374284088575,1470,False,False,False
1662,2017-11-30 23:59:59,0.03218799274035419,1471,False,False,False
1916,2017-11-30 23:59:59,0.032093479429026704,1472,False,False,False
1053,2017-11-30 23:59:59,0.03208756266682923,1473,False,False,False
1768,2017-11-30 23:59:59,0.03202117072365305,1474,False,False,False
1512,2017-11-30 23:59:59,0.03197778263152688,1475,False,False,False
25,2017-11-30 23:59:59,0.03193002511493974,1476,False,False,False
110,2017-11-30 23:59:59,0.03176174380137566,1477,False,False,False
1960,2017-11-30 23:59:59,0.031685600992754366,1478,False,False,False
2077,2017-11-30 23:59:59,0.031678456958911326,1479,False,False,False
1157,2017-11-30 23:59:59,0.03166187223292271,1480,False,False,False
396,2017-11-30 23:59:59,0.03147430801882948,1481,False,False,False
1535,2017-11-30 23:59:59,0.031441680691343954,1482,False,False,False
1622,2017-11-30 23:59:59,0.03136568001049423,1483,False,False,False
569,2017-11-30 23:59:59,0.031297213446197195,1484,False,False,False
196,2017-11-30 23:59:59,0.03128181582769813,1485,False,False,False
51,2017-11-30 23:59:59,0.03126193385204636,1486,False,False,False
1537,2017-11-30 23:59:59,0.031245243549175995,1487,False,False,False
1927,2017-11-30 23:59:59,0.031228882361372303,1488,False,False,False
2359,2017-11-30 23:59:59,0.03114658165362943,1489,False,False,False
1578,2017-11-30 23:59:59,0.031066573155545316,1490,False,False,False
2314,2017-11-30 23:59:59,0.03085377748957334,1491,False,False,False
41,2017-11-30 23:59:59,0.030828091420291484,1492,False,False,False
2377,2017-11-30 23:59:59,0.030661595238627354,1493,False,False,False
1123,2017-11-30 23:59:59,0.03058746801843334,1494,False,False,False
609,2017-11-30 23:59:59,0.0305208395443837,1495,False,False,False
1139,2017-11-30 23:59:59,0.03051598606683791,1496,False,False,False
2421,2017-11-30 23:59:59,0.03040869555130928,1497,False,False,False
593,2017-11-30 23:59:59,0.03022342602503865,1498,False,False,False
158,2017-11-30 23:59:59,0.030221803934121515,1499,False,False,False
1216,2017-11-30 23:59:59,0.030209208453486305,1500,False,False,False
2056,2017-11-30 23:59:59,0.03018342561977413,1501,False,False,False
1040,2017-11-30 23:59:59,0.030086766411980694,1502,False,False,False
825,2017-11-30 23:59:59,0.03007568721078978,1503,False,False,False
72,2017-11-30 23:59:59,0.03003999320206447,1504,False,False,False
1723,2017-11-30 23:59:59,0.029756145650889916,1505,False,False,False
1592,2017-11-30 23:59:59,0.029739000087939692,1506,False,False,False
675,2017-11-30 23:59:59,0.029670977550868283,1507,False,False,False
1474,2017-11-30 23:59:59,0.029667261744996565,1508,False,False,False
2131,2017-11-30 23:59:59,0.029547196306244364,1509,False,False,False
736,2017-11-30 23:59:59,0.02948901264725859,1510,False,False,False
855,2017-11-30 23:59:59,0.02933575923445395,1511,False,False,False
1937,2017-11-30 23:59:59,0.02920287817579581,1512,False,False,False
1668,2017-11-30 23:59:59,0.029200623720183814,1513,False,False,False
2082,2017-11-30 23:59:59,0.029165556812701793,1514,False,False,False
1193,2017-11-30 23:59:59,0.029114495937136175,1515,False,False,False
1928,2017-11-30 23:59:59,0.029053698885607875,1516,False,False,False
2040,2017-11-30 23:59:59,0.029025883000434866,1517,False,False,False
2347,2017-11-30 23:59:59,0.029005586428802424,1518,False,False,False
105,2017-11-30 23:59:59,0.028717855952703993,1519,False,False,False
588,2017-11-30 23:59:59,0.028373223602298245,1520,False,False,False
458,2017-11-30 23:59:59,0.02835209250703525,1521,False,False,False
2208,2017-11-30 23:59:59,0.02833864253504587,1522,False,False,False
473,2017-11-30 23:59:59,0.02830275542146699,1523,False,False,False
308,2017-11-30 23:59:59,0.02829149271550729,1524,False,False,False
1001,2017-11-30 23:59:59,0.02825220830493703,1525,False,False,False
1296,2017-11-30 23:59:59,0.02825113958892478,1526,False,False,False
1567,2017-11-30 23:59:59,0.02816988637370439,1527,False,False,False
405,2017-11-30 23:59:59,0.028153597859936152,1528,False,False,False
1752,2017-11-30 23:59:59,0.02806679584289218,1529,False,False,False
695,2017-11-30 23:59:59,0.028058698270793894,1530,False,False,False
1765,2017-11-30 23:59:59,0.02803647168973854,1531,False,False,False
2483,2017-11-30 23:59:59,0.0280146407345898,1532,False,False,False
1267,2017-11-30 23:59:59,0.02786555838707841,1533,False,False,False
1836,2017-11-30 23:59:59,0.0277459613956099,1534,False,False,False
1673,2017-11-30 23:59:59,0.02768195219439305,1535,False,False,False
823,2017-11-30 23:59:59,0.027680999962910555,1536,False,False,False
2294,2017-11-30 23:59:59,0.02766673852889963,1537,False,False,False
993,2017-11-30 23:59:59,0.027623025395182074,1538,False,False,False
2225,2017-11-30 23:59:59,0.02753990298073966,1539,False,False,False
841,2017-11-30 23:59:59,0.027499312097577923,1540,False,False,False
1998,2017-11-30 23:59:59,0.027472616162819482,1541,False,False,False
1594,2017-11-30 23:59:59,0.027384400474411,1542,False,False,False
47,2017-11-30 23:59:59,0.02723004919394872,1543,False,False,False
633,2017-11-30 23:59:59,0.02693383576672621,1544,False,False,False
1839,2017-11-30 23:59:59,0.02692974386107834,1545,False,False,False
637,2017-11-30 23:59:59,0.026912323628096865,1546,False,False,False
335,2017-11-30 23:59:59,0.026893970121477023,1547,False,False,False
2235,2017-11-30 23:59:59,0.026788131703536684,1548,False,False,False
1338,2017-11-30 23:59:59,0.026648985540724018,1549,False,False,False
2120,2017-11-30 23:59:59,0.026505080119220373,1550,False,False,False
1328,2017-11-30 23:59:59,0.02648726301307507,1551,False,False,False
666,2017-11-30 23:59:59,0.026467607025477832,1552,False,False,False
743,2017-11-30 23:59:59,0.026458767366497448,1553,False,False,False
1931,2017-11-30 23:59:59,0.026358913298511578,1554,False,False,False
1591,2017-11-30 23:59:59,0.026276936917789127,1555,False,False,False
1423,2017-11-30 23:59:59,0.026251562267307592,1556,False,False,False
1270,2017-11-30 23:59:59,0.02615401859346489,1557,False,False,False
2489,2017-11-30 23:59:59,0.025832444183613957,1558,False,False,False
119,2017-11-30 23:59:59,0.025812504914375787,1559,False,False,False
227,2017-11-30 23:59:59,0.025741881184866776,1560,False,False,False
1642,2017-11-30 23:59:59,0.025679842777295188,1561,False,False,False
886,2017-11-30 23:59:59,0.02566101018174313,1562,False,False,False
253,2017-11-30 23:59:59,0.025656261427010944,1563,False,False,False
1412,2017-11-30 23:59:59,0.025619874035599,1564,False,False,False
790,2017-11-30 23:59:59,0.025614382164307416,1565,False,False,False
742,2017-11-30 23:59:59,0.025596387868527946,1566,False,False,False
193,2017-11-30 23:59:59,0.025462532332860402,1567,False,False,False
345,2017-11-30 23:59:59,0.025403810504309683,1568,False,False,False
262,2017-11-30 23:59:59,0.025310505051122763,1569,False,False,False
2015,2017-11-30 23:59:59,0.025290491550587834,1570,False,False,False
437,2017-11-30 23:59:59,0.025274554510205462,1571,False,False,False
2221,2017-11-30 23:59:59,0.02527208191240786,1572,False,False,False
1134,2017-11-30 23:59:59,0.02521010600201249,1573,False,False,False
121,2017-11-30 23:59:59,0.025209557004819052,1574,False,False,False
1226,2017-11-30 23:59:59,0.025201960755443883,1575,False,False,False
8,2017-11-30 23:59:59,0.025196322508791977,1576,False,False,False
1364,2017-11-30 23:59:59,0.0251541628765022,1577,False,False,False
1282,2017-11-30 23:59:59,0.02513195434510438,1578,False,False,False
797,2017-11-30 23:59:59,0.024995092742711014,1579,False,False,False
1499,2017-11-30 23:59:59,0.024931405731903347,1580,False,False,False
671,2017-11-30 23:59:59,0.02484286968602591,1581,False,False,False
1922,2017-11-30 23:59:59,0.02475953925715492,1582,False,False,False
543,2017-11-30 23:59:59,0.024750728039770853,1583,False,False,False
498,2017-11-30 23:59:59,0.024684890558417404,1584,False,False,False
2130,2017-11-30 23:59:59,0.024527450691357238,1585,False,False,False
1109,2017-11-30 23:59:59,0.024439562664406406,1586,False,False,False
2156,2017-11-30 23:59:59,0.024385851863776505,1587,False,False,False
1248,2017-11-30 23:59:59,0.02433862492335524,1588,False,False,False
1357,2017-11-30 23:59:59,0.024264169498325414,1589,False,False,False
1370,2017-11-30 23:59:59,0.02425505343396578,1590,False,False,False
57,2017-11-30 23:59:59,0.024238418696409917,1591,False,False,False
1506,2017-11-30 23:59:59,0.024100282788185122,1592,False,False,False
2112,2017-11-30 23:59:59,0.024046444743672617,1593,False,False,False
283,2017-11-30 23:59:59,0.024041597387421496,1594,False,False,False
302,2017-11-30 23:59:59,0.02384835234282152,1595,False,False,False
2141,2017-11-30 23:59:59,0.023721649649906418,1596,False,False,False
1848,2017-11-30 23:59:59,0.023669147980812197,1597,False,False,False
1604,2017-11-30 23:59:59,0.023652227570166363,1598,False,False,False
28,2017-11-30 23:59:59,0.023605755427571148,1599,False,False,False
428,2017-11-30 23:59:59,0.02360102040208952,1600,False,False,False
2367,2017-11-30 23:59:59,0.023539598778240578,1601,False,False,False
1837,2017-11-30 23:59:59,0.023505318495405218,1602,False,False,False
2033,2017-11-30 23:59:59,0.023331127524830728,1603,False,False,False
1321,2017-11-30 23:59:59,0.023257521129502433,1604,False,False,False
2227,2017-11-30 23:59:59,0.023254596474848156,1605,False,False,False
1621,2017-11-30 23:59:59,0.02321026044832438,1606,False,False,False
425,2017-11-30 23:59:59,0.023200593941374432,1607,False,False,False
1881,2017-11-30 23:59:59,0.023197293170958186,1608,False,False,False
1686,2017-11-30 23:59:59,0.023084582115590974,1609,False,False,False
2158,2017-11-30 23:59:59,0.022816438284520135,1610,False,False,False
667,2017-11-30 23:59:59,0.02281374846506397,1611,False,False,False
1650,2017-11-30 23:59:59,0.02275473577984492,1612,False,False,False
1900,2017-11-30 23:59:59,0.022675135805041116,1613,False,False,False
2140,2017-11-30 23:59:59,0.022581939108239787,1614,False,False,False
1936,2017-11-30 23:59:59,0.02256242603923376,1615,False,False,False
1919,2017-11-30 23:59:59,0.022517292070380238,1616,False,False,False
1861,2017-11-30 23:59:59,0.022501123213489998,1617,False,False,False
527,2017-11-30 23:59:59,0.022460455052849035,1618,False,False,False
2204,2017-11-30 23:59:59,0.022413458943694845,1619,False,False,False
1039,2017-11-30 23:59:59,0.02238116239075443,1620,False,False,False
1996,2017-11-30 23:59:59,0.022162843715326962,1621,False,False,False
1981,2017-11-30 23:59:59,0.022125475782360165,1622,False,False,False
562,2017-11-30 23:59:59,0.02211282980186989,1623,False,False,False
386,2017-11-30 23:59:59,0.022111581639415064,1624,False,False,False
332,2017-11-30 23:59:59,0.02202664787125595,1625,False,False,False
80,2017-11-30 23:59:59,0.021952197809622674,1626,False,False,False
2094,2017-11-30 23:59:59,0.021928521225676737,1627,False,False,False
1943,2017-11-30 23:59:59,0.021776269507953933,1628,False,False,False
2301,2017-11-30 23:59:59,0.02161957970902704,1629,False,False,False
1613,2017-11-30 23:59:59,0.02153411940820269,1630,False,False,False
996,2017-11-30 23:59:59,0.021505755937627588,1631,False,False,False
1990,2017-11-30 23:59:59,0.021440756965815176,1632,False,False,False
156,2017-11-30 23:59:59,0.02141640126263107,1633,False,False,False
622,2017-11-30 23:59:59,0.021325963169465674,1634,False,False,False
1968,2017-11-30 23:59:59,0.02132384986034528,1635,False,False,False
2075,2017-11-30 23:59:59,0.021294746292151723,1636,False,False,False
1014,2017-11-30 23:59:59,0.021202884198813016,1637,False,False,False
1318,2017-11-30 23:59:59,0.021170916154012166,1638,False,False,False
2420,2017-11-30 23:59:59,0.021157806009303358,1639,False,False,False
2148,2017-11-30 23:59:59,0.02113008198050414,1640,False,False,False
1619,2017-11-30 23:59:59,0.02108415234062873,1641,False,False,False
1369,2017-11-30 23:59:59,0.02107419031666651,1642,False,False,False
470,2017-11-30 23:59:59,0.020973714038458935,1643,False,False,False
301,2017-11-30 23:59:59,0.020957840013382422,1644,False,False,False
14,2017-11-30 23:59:59,0.020943025452366506,1645,False,False,False
434,2017-11-30 23:59:59,0.02090209161283148,1646,False,False,False
1437,2017-11-30 23:59:59,0.0208740020608755,1647,False,False,False
2260,2017-11-30 23:59:59,0.020851363620052656,1648,False,False,False
138,2017-11-30 23:59:59,0.020789114302334988,1649,False,False,False
1899,2017-11-30 23:59:59,0.02078145029098232,1650,False,False,False
2289,2017-11-30 23:59:59,0.020748249209550894,1651,False,False,False
896,2017-11-30 23:59:59,0.020549004066362155,1652,False,False,False
663,2017-11-30 23:59:59,0.020515800004151083,1653,False,False,False
1172,2017-11-30 23:59:59,0.02048178735240204,1654,False,False,False
2023,2017-11-30 23:59:59,0.020395930834503487,1655,False,False,False
1676,2017-11-30 23:59:59,0.020305635298405598,1656,False,False,False
947,2017-11-30 23:59:59,0.020254794769512436,1657,False,False,False
1211,2017-11-30 23:59:59,0.020254484296123657,1658,False,False,False
656,2017-11-30 23:59:59,0.020224680412039328,1659,False,False,False
412,2017-11-30 23:59:59,0.020208809735956786,1660,False,False,False
214,2017-11-30 23:59:59,0.02020698256900401,1661,False,False,False
922,2017-11-30 23:59:59,0.020197245690834302,1662,False,False,False
1388,2017-11-30 23:59:59,0.020148545436011314,1663,False,False,False
401,2017-11-30 23:59:59,0.020140798890722327,1664,False,False,False
1618,2017-11-30 23:59:59,0.020097456457929177,1665,False,False,False
816,2017-11-30 23:59:59,0.020018074627165584,1666,False,False,False
2445,2017-11-30 23:59:59,0.02001249591778794,1667,False,False,False
37,2017-11-30 23:59:59,0.01995534936873015,1668,False,False,False
2184,2017-11-30 23:59:59,0.019935661767349525,1669,False,False,False
863,2017-11-30 23:59:59,0.019883740474981405,1670,False,False,False
1010,2017-11-30 23:59:59,0.01982227074370306,1671,False,False,False
221,2017-11-30 23:59:59,0.019691401696961174,1672,False,False,False
2486,2017-11-30 23:59:59,0.019678243246140873,1673,False,False,False
2412,2017-11-30 23:59:59,0.01967358751041446,1674,False,False,False
282,2017-11-30 23:59:59,0.01964533499621246,1675,False,False,False
1623,2017-11-30 23:59:59,0.01963422397067812,1676,False,False,False
888,2017-11-30 23:59:59,0.019607433680768952,1677,False,False,False
1191,2017-11-30 23:59:59,0.019596475722841962,1678,False,False,False
1849,2017-11-30 23:59:59,0.01952943081838983,1679,False,False,False
212,2017-11-30 23:59:59,0.01944295288816073,1680,False,False,False
1050,2017-11-30 23:59:59,0.01928731253634054,1681,False,False,False
876,2017-11-30 23:59:59,0.019215804257995954,1682,False,False,False
1651,2017-11-30 23:59:59,0.019199621956336753,1683,False,False,False
923,2017-11-30 23:59:59,0.019152190756181867,1684,False,False,False
398,2017-11-30 23:59:59,0.019131810377061027,1685,False,False,False
595,2017-11-30 23:59:59,0.019125446727517897,1686,False,False,False
644,2017-11-30 23:59:59,0.01910937849467955,1687,False,False,False
377,2017-11-30 23:59:59,0.018980232967460396,1688,False,False,False
1735,2017-11-30 23:59:59,0.018924294800107287,1689,False,False,False
1872,2017-11-30 23:59:59,0.018881710672525552,1690,False,False,False
949,2017-11-30 23:59:59,0.018731452559089208,1691,False,False,False
1082,2017-11-30 23:59:59,0.01869833929714492,1692,False,False,False
1675,2017-11-30 23:59:59,0.018684480173392522,1693,False,False,False
2224,2017-11-30 23:59:59,0.018630833918781457,1694,False,False,False
2022,2017-11-30 23:59:59,0.018629630098908438,1695,False,False,False
109,2017-11-30 23:59:59,0.01859808897169194,1696,False,False,False
483,2017-11-30 23:59:59,0.018563117835486607,1697,False,False,False
957,2017-11-30 23:59:59,0.018561732662686257,1698,False,False,False
787,2017-11-30 23:59:59,0.018531265780962803,1699,False,False,False
1971,2017-11-30 23:59:59,0.018526028034205586,1700,False,False,False
806,2017-11-30 23:59:59,0.01850636206708928,1701,False,False,False
2397,2017-11-30 23:59:59,0.01848119291664138,1702,False,False,False
1470,2017-11-30 23:59:59,0.01832772175026762,1703,False,False,False
1138,2017-11-30 23:59:59,0.01832714176316811,1704,False,False,False
911,2017-11-30 23:59:59,0.018270676003948452,1705,False,False,False
1914,2017-11-30 23:59:59,0.018235424377171523,1706,False,False,False
367,2017-11-30 23:59:59,0.018217553216962546,1707,False,False,False
1353,2017-11-30 23:59:59,0.01820415942339399,1708,False,False,False
2004,2017-11-30 23:59:59,0.0181702463086774,1709,False,False,False
1758,2017-11-30 23:59:59,0.01810659088976416,1710,False,False,False
2183,2017-11-30 23:59:59,0.018095542360610017,1711,False,False,False
2172,2017-11-30 23:59:59,0.01804062988347025,1712,False,False,False
293,2017-11-30 23:59:59,0.01800313044201793,1713,False,False,False
1549,2017-11-30 23:59:59,0.018002830520150316,1714,False,False,False
77,2017-11-30 23:59:59,0.01794884925273287,1715,False,False,False
300,2017-11-30 23:59:59,0.01788872095039431,1716,False,False,False
1151,2017-11-30 23:59:59,0.01786844271493115,1717,False,False,False
973,2017-11-30 23:59:59,0.017814175241928798,1718,False,False,False
621,2017-11-30 23:59:59,0.017753502457155016,1719,False,False,False
1406,2017-11-30 23:59:59,0.017752367071185046,1720,False,False,False
1094,2017-11-30 23:59:59,0.017722690968852685,1721,False,False,False
413,2017-11-30 23:59:59,0.01771391362852371,1722,False,False,False
319,2017-11-30 23:59:59,0.017516563657379976,1723,False,False,False
1707,2017-11-30 23:59:59,0.017512963223729708,1724,False,False,False
602,2017-11-30 23:59:59,0.017451378643847486,1725,False,False,False
1186,2017-11-30 23:59:59,0.01741929634220795,1726,False,False,False
2107,2017-11-30 23:59:59,0.01735122358630052,1727,False,False,False
944,2017-11-30 23:59:59,0.017340763503646415,1728,False,False,False
1962,2017-11-30 23:59:59,0.01733409039182981,1729,False,False,False
2095,2017-11-30 23:59:59,0.01731879821642551,1730,False,False,False
305,2017-11-30 23:59:59,0.017313823608144457,1731,False,False,False
1458,2017-11-30 23:59:59,0.01731293993750658,1732,False,False,False
2405,2017-11-30 23:59:59,0.017246102303823195,1733,False,False,False
2126,2017-11-30 23:59:59,0.017198027815394645,1734,False,False,False
1976,2017-11-30 23:59:59,0.017182372665269223,1735,False,False,False
1011,2017-11-30 23:59:59,0.017162921857536585,1736,False,False,False
297,2017-11-30 23:59:59,0.017059397680129835,1737,False,False,False
1759,2017-11-30 23:59:59,0.01704999385489857,1738,False,False,False
178,2017-11-30 23:59:59,0.016985606574567838,1739,False,False,False
2030,2017-11-30 23:59:59,0.016926552446980755,1740,False,False,False
410,2017-11-30 23:59:59,0.016913418893423286,1741,False,False,False
99,2017-11-30 23:59:59,0.016816923681494456,1742,False,False,False
680,2017-11-30 23:59:59,0.016799596121934643,1743,False,False,False
581,2017-11-30 23:59:59,0.01678162957317333,1744,False,False,False
869,2017-11-30 23:59:59,0.01677368061896499,1745,False,False,False
972,2017-11-30 23:59:59,0.016750506095315695,1746,False,False,False
414,2017-11-30 23:59:59,0.016695173846983914,1747,False,False,False
1383,2017-11-30 23:59:59,0.01666132756651176,1748,False,False,False
2215,2017-11-30 23:59:59,0.016652601354775247,1749,False,False,False
1073,2017-11-30 23:59:59,0.016641075063209228,1750,False,False,False
2424,2017-11-30 23:59:59,0.016620289758702663,1751,False,False,False
1133,2017-11-30 23:59:59,0.016571561686961223,1752,False,False,False
1556,2017-11-30 23:59:59,0.01656170274590153,1753,False,False,False
139,2017-11-30 23:59:59,0.016461708862368567,1754,False,False,False
669,2017-11-30 23:59:59,0.01644163400687213,1755,False,False,False
946,2017-11-30 23:59:59,0.016349740315175183,1756,False,False,False
2492,2017-11-30 23:59:59,0.016340299049858276,1757,False,False,False
1873,2017-11-30 23:59:59,0.016322039911962804,1758,False,False,False
2366,2017-11-30 23:59:59,0.016313712287519745,1759,False,False,False
1835,2017-11-30 23:59:59,0.01629755914289063,1760,False,False,False
1284,2017-11-30 23:59:59,0.016234574855436723,1761,False,False,False
1358,2017-11-30 23:59:59,0.016176571513124762,1762,False,False,False
517,2017-11-30 23:59:59,0.016164870453623886,1763,False,False,False
65,2017-11-30 23:59:59,0.0161425213278432,1764,False,False,False
1046,2017-11-30 23:59:59,0.016091910178659397,1765,False,False,False
2496,2017-11-30 23:59:59,0.016046511592710002,1766,False,False,False
1511,2017-11-30 23:59:59,0.016015899465395163,1767,False,False,False
1113,2017-11-30 23:59:59,0.015952556851533062,1768,False,False,False
777,2017-11-30 23:59:59,0.015911220994241256,1769,False,False,False
1190,2017-11-30 23:59:59,0.0158961252817248,1770,False,False,False
690,2017-11-30 23:59:59,0.01587115040861929,1771,False,False,False
1563,2017-11-30 23:59:59,0.01583959629197449,1772,False,False,False
1131,2017-11-30 23:59:59,0.015809008890844144,1773,False,False,False
1557,2017-11-30 23:59:59,0.01576870294525893,1774,False,False,False
1495,2017-11-30 23:59:59,0.01575265380374809,1775,False,False,False
1000,2017-11-30 23:59:59,0.015746345513801274,1776,False,False,False
1547,2017-11-30 23:59:59,0.01548686880175955,1777,False,False,False
2102,2017-11-30 23:59:59,0.015430687420860859,1778,False,False,False
2065,2017-11-30 23:59:59,0.015410126920550183,1779,False,False,False
79,2017-11-30 23:59:59,0.0153773931895162,1780,False,False,False
503,2017-11-30 23:59:59,0.015365749505567617,1781,False,False,False
614,2017-11-30 23:59:59,0.015314986313509457,1782,False,False,False
542,2017-11-30 23:59:59,0.015291704504944431,1783,False,False,False
1584,2017-11-30 23:59:59,0.01518829995237627,1784,False,False,False
2292,2017-11-30 23:59:59,0.015158165517478462,1785,False,False,False
280,2017-11-30 23:59:59,0.015125960825030628,1786,False,False,False
1541,2017-11-30 23:59:59,0.015081196975708658,1787,False,False,False
1188,2017-11-30 23:59:59,0.015049644841976602,1788,False,False,False
1742,2017-11-30 23:59:59,0.015009857517697602,1789,False,False,False
442,2017-11-30 23:59:59,0.014988126873256796,1790,False,False,False
540,2017-11-30 23:59:59,0.014931415857599675,1791,False,False,False
727,2017-11-30 23:59:59,0.014915579611483324,1792,False,False,False
1769,2017-11-30 23:59:59,0.014869512753150245,1793,False,False,False
2245,2017-11-30 23:59:59,0.014849837780887337,1794,False,False,False
2465,2017-11-30 23:59:59,0.014783926659746625,1795,False,False,False
321,2017-11-30 23:59:59,0.01477759643691877,1796,False,False,False
582,2017-11-30 23:59:59,0.01477041618368481,1797,False,False,False
2426,2017-11-30 23:59:59,0.014640701056155643,1798,False,False,False
804,2017-11-30 23:59:59,0.014628792064503961,1799,False,False,False
2109,2017-11-30 23:59:59,0.014557141010055235,1800,False,False,False
303,2017-11-30 23:59:59,0.014549708864611594,1801,False,False,False
1505,2017-11-30 23:59:59,0.014528164938956915,1802,False,False,False
1488,2017-11-30 23:59:59,0.014524663384196198,1803,False,False,False
731,2017-11-30 23:59:59,0.014482529239554467,1804,False,False,False
1297,2017-11-30 23:59:59,0.01444573371316177,1805,False,False,False
1459,2017-11-30 23:59:59,0.014441619665302682,1806,False,False,False
879,2017-11-30 23:59:59,0.01438569302671991,1807,False,False,False
2324,2017-11-30 23:59:59,0.014362772529679844,1808,False,False,False
2453,2017-11-30 23:59:59,0.014295983870706713,1809,False,False,False
1167,2017-11-30 23:59:59,0.014289792326923042,1810,False,False,False
906,2017-11-30 23:59:59,0.014286009402199745,1811,False,False,False
867,2017-11-30 23:59:59,0.014281475397596053,1812,False,False,False
1540,2017-11-30 23:59:59,0.014227423636831051,1813,False,False,False
1473,2017-11-30 23:59:59,0.014192654495390115,1814,False,False,False
1005,2017-11-30 23:59:59,0.014184993945300086,1815,False,False,False
975,2017-11-30 23:59:59,0.014177108693558567,1816,False,False,False
2361,2017-11-30 23:59:59,0.01415628630188357,1817,False,False,False
755,2017-11-30 23:59:59,0.014154863453702668,1818,False,False,False
1024,2017-11-30 23:59:59,0.014100089383613928,1819,False,False,False
172,2017-11-30 23:59:59,0.014088943845044527,1820,False,False,False
491,2017-11-30 23:59:59,0.014080761642519184,1821,False,False,False
1336,2017-11-30 23:59:59,0.013997265360501426,1822,False,False,False
2452,2017-11-30 23:59:59,0.013962917257044676,1823,False,False,False
601,2017-11-30 23:59:59,0.013913272891375963,1824,False,False,False
2438,2017-11-30 23:59:59,0.013904996544285134,1825,False,False,False
123,2017-11-30 23:59:59,0.013889969411877236,1826,False,False,False
2207,2017-11-30 23:59:59,0.013870918476988911,1827,False,False,False
2134,2017-11-30 23:59:59,0.013830507473184633,1828,False,False,False
2209,2017-11-30 23:59:59,0.013805566841432783,1829,False,False,False
276,2017-11-30 23:59:59,0.013800486812970147,1830,False,False,False
1966,2017-11-30 23:59:59,0.01374787862216902,1831,False,False,False
1546,2017-11-30 23:59:59,0.013746318902416312,1832,False,False,False
1806,2017-11-30 23:59:59,0.013713347548723904,1833,False,False,False
273,2017-11-30 23:59:59,0.013681685898064328,1834,False,False,False
451,2017-11-30 23:59:59,0.013661237052939444,1835,False,False,False
257,2017-11-30 23:59:59,0.013647923926166717,1836,False,False,False
365,2017-11-30 23:59:59,0.013646186954147287,1837,False,False,False
820,2017-11-30 23:59:59,0.013639145937610493,1838,False,False,False
2018,2017-11-30 23:59:59,0.013602009509621633,1839,False,False,False
1169,2017-11-30 23:59:59,0.013568191744342161,1840,False,False,False
2305,2017-11-30 23:59:59,0.01347527109841185,1841,False,False,False
1923,2017-11-30 23:59:59,0.013414575460326894,1842,False,False,False
1154,2017-11-30 23:59:59,0.013268312658961426,1843,False,False,False
1180,2017-11-30 23:59:59,0.013244741460128696,1844,False,False,False
97,2017-11-30 23:59:59,0.013239029036862623,1845,False,False,False
6,2017-11-30 23:59:59,0.013227026225279999,1846,False,False,False
2374,2017-11-30 23:59:59,0.013175297435447757,1847,False,False,False
1599,2017-11-30 23:59:59,0.01311326885274221,1848,False,False,False
149,2017-11-30 23:59:59,0.013110589962235986,1849,False,False,False
600,2017-11-30 23:59:59,0.013060081068897117,1850,False,False,False
939,2017-11-30 23:59:59,0.013022294036340792,1851,False,False,False
2262,2017-11-30 23:59:59,0.01301170068841502,1852,False,False,False
618,2017-11-30 23:59:59,0.012975579098343851,1853,False,False,False
1452,2017-11-30 23:59:59,0.012940244119015166,1854,False,False,False
1558,2017-11-30 23:59:59,0.012822154548700858,1855,False,False,False
1965,2017-11-30 23:59:59,0.012801699958078222,1856,False,False,False
788,2017-11-30 23:59:59,0.012788287058293428,1857,False,False,False
2068,2017-11-30 23:59:59,0.012783600188225476,1858,False,False,False
710,2017-11-30 23:59:59,0.012718452479668976,1859,False,False,False
1289,2017-11-30 23:59:59,0.01269827726909021,1860,False,False,False
636,2017-11-30 23:59:59,0.012664936629399893,1861,False,False,False
1797,2017-11-30 23:59:59,0.012618776116315752,1862,False,False,False
1354,2017-11-30 23:59:59,0.012540129867390878,1863,False,False,False
2034,2017-11-30 23:59:59,0.012538150972448984,1864,False,False,False
1454,2017-11-30 23:59:59,0.012471264884178407,1865,False,False,False
859,2017-11-30 23:59:59,0.01245844220828627,1866,False,False,False
1347,2017-11-30 23:59:59,0.01244678398132207,1867,False,False,False
2263,2017-11-30 23:59:59,0.012417407878627098,1868,False,False,False
1689,2017-11-30 23:59:59,0.012392653098865471,1869,False,False,False
2238,2017-11-30 23:59:59,0.012383051783071254,1870,False,False,False
2084,2017-11-30 23:59:59,0.012353735309725757,1871,False,False,False
893,2017-11-30 23:59:59,0.012347971010104434,1872,False,False,False
1509,2017-11-30 23:59:59,0.012329147707693769,1873,False,False,False
1291,2017-11-30 23:59:59,0.012318591381972116,1874,False,False,False
2364,2017-11-30 23:59:59,0.012303646720304227,1875,False,False,False
166,2017-11-30 23:59:59,0.012301742215648498,1876,False,False,False
1391,2017-11-30 23:59:59,0.01228683475962288,1877,False,False,False
929,2017-11-30 23:59:59,0.0122733633714213,1878,False,False,False
484,2017-11-30 23:59:59,0.012252215471104439,1879,False,False,False
2455,2017-11-30 23:59:59,0.012234733589619429,1880,False,False,False
2154,2017-11-30 23:59:59,0.01223085190238487,1881,False,False,False
953,2017-11-30 23:59:59,0.012228155106610369,1882,False,False,False
1390,2017-11-30 23:59:59,0.012215185471221423,1883,False,False,False
685,2017-11-30 23:59:59,0.012200910075664477,1884,False,False,False
926,2017-11-30 23:59:59,0.012188059724100676,1885,False,False,False
1451,2017-11-30 23:59:59,0.012182834185966038,1886,False,False,False
432,2017-11-30 23:59:59,0.012178381992424018,1887,False,False,False
1947,2017-11-30 23:59:59,0.012162429658158691,1888,False,False,False
908,2017-11-30 23:59:59,0.012107889988597789,1889,False,False,False
1110,2017-11-30 23:59:59,0.012073529880923806,1890,False,False,False
807,2017-11-30 23:59:59,0.0120537246462928,1891,False,False,False
2193,2017-11-30 23:59:59,0.012041676910151487,1892,False,False,False
411,2017-11-30 23:59:59,0.01203943746139279,1893,False,False,False
1520,2017-11-30 23:59:59,0.012029610196598756,1894,False,False,False
98,2017-11-30 23:59:59,0.012021658150342139,1895,False,False,False
78,2017-11-30 23:59:59,0.011993798717764497,1896,False,False,False
329,2017-11-30 23:59:59,0.011963322074587422,1897,False,False,False
1631,2017-11-30 23:59:59,0.011942134090535239,1898,False,False,False
971,2017-11-30 23:59:59,0.011922755221859522,1899,False,False,False
209,2017-11-30 23:59:59,0.01192145808773395,1900,False,False,False
1070,2017-11-30 23:59:59,0.01184001480512997,1901,False,False,False
674,2017-11-30 23:59:59,0.011823428146929861,1902,False,False,False
2186,2017-11-30 23:59:59,0.011822859797250005,1903,False,False,False
1484,2017-11-30 23:59:59,0.011818712807170227,1904,False,False,False
356,2017-11-30 23:59:59,0.011811825580001116,1905,False,False,False
2199,2017-11-30 23:59:59,0.011800619798678745,1906,False,False,False
2360,2017-11-30 23:59:59,0.011794132416212778,1907,False,False,False
1299,2017-11-30 23:59:59,0.01175761781297366,1908,False,False,False
2440,2017-11-30 23:59:59,0.01166683473051802,1909,False,False,False
1705,2017-11-30 23:59:59,0.011629607521004077,1910,False,False,False
968,2017-11-30 23:59:59,0.011572629878124192,1911,False,False,False
1187,2017-11-30 23:59:59,0.01151477364737233,1912,False,False,False
1754,2017-11-30 23:59:59,0.011484476579167633,1913,False,False,False
745,2017-11-30 23:59:59,0.011438984755845316,1914,False,False,False
715,2017-11-30 23:59:59,0.011414599939187399,1915,False,False,False
1222,2017-11-30 23:59:59,0.01138202027773339,1916,False,False,False
2053,2017-11-30 23:59:59,0.011322276426226545,1917,False,False,False
1130,2017-11-30 23:59:59,0.011314581023947595,1918,False,False,False
294,2017-11-30 23:59:59,0.011267319105392637,1919,False,False,False
916,2017-11-30 23:59:59,0.0112203898451006,1920,False,False,False
2395,2017-11-30 23:59:59,0.011215349993307314,1921,False,False,False
1160,2017-11-30 23:59:59,0.011197599331237795,1922,False,False,False
1490,2017-11-30 23:59:59,0.01115282700297733,1923,False,False,False
2171,2017-11-30 23:59:59,0.011143346260433281,1924,False,False,False
574,2017-11-30 23:59:59,0.011094644766063925,1925,False,False,False
624,2017-11-30 23:59:59,0.011076627526983806,1926,False,False,False
164,2017-11-30 23:59:59,0.011071507637517347,1927,False,False,False
1648,2017-11-30 23:59:59,0.011070078485966866,1928,False,False,False
328,2017-11-30 23:59:59,0.011057098081696803,1929,False,False,False
184,2017-11-30 23:59:59,0.011025178750271024,1930,False,False,False
493,2017-11-30 23:59:59,0.011016942555870856,1931,False,False,False
786,2017-11-30 23:59:59,0.010929074302474109,1932,False,False,False
2088,2017-11-30 23:59:59,0.010917430810295134,1933,False,False,False
1203,2017-11-30 23:59:59,0.010900148873744842,1934,False,False,False
583,2017-11-30 23:59:59,0.010806042062930546,1935,False,False,False
285,2017-11-30 23:59:59,0.010803925734206403,1936,False,False,False
1285,2017-11-30 23:59:59,0.010755006538952656,1937,False,False,False
2188,2017-11-30 23:59:59,0.010711292560472787,1938,False,False,False
232,2017-11-30 23:59:59,0.010704769087173976,1939,False,False,False
1815,2017-11-30 23:59:59,0.010666333399469754,1940,False,False,False
654,2017-11-30 23:59:59,0.010664989400075342,1941,False,False,False
49,2017-11-30 23:59:59,0.010622980472188048,1942,False,False,False
1260,2017-11-30 23:59:59,0.010612019915311471,1943,False,False,False
1078,2017-11-30 23:59:59,0.010586072999039034,1944,False,False,False
1103,2017-11-30 23:59:59,0.010585595381006866,1945,False,False,False
1378,2017-11-30 23:59:59,0.010536875088876173,1946,False,False,False
18,2017-11-30 23:59:59,0.010514464483251811,1947,False,False,False
1732,2017-11-30 23:59:59,0.01051288966490488,1948,False,False,False
1703,2017-11-30 23:59:59,0.010465111409921127,1949,False,False,False
2500,2017-11-30 23:59:59,0.010449160427717506,1950,False,False,False
1256,2017-11-30 23:59:59,0.01039775294200956,1951,False,False,False
1720,2017-11-30 23:59:59,0.01036886082965993,1952,False,False,False
2498,2017-11-30 23:59:59,0.010316977739882237,1953,False,False,False
2475,2017-11-30 23:59:59,0.010289363547371134,1954,False,False,False
354,2017-11-30 23:59:59,0.010265122326079769,1955,False,False,False
1128,2017-11-30 23:59:59,0.010258928392661848,1956,False,False,False
2370,2017-11-30 23:59:59,0.010243279452636651,1957,False,False,False
976,2017-11-30 23:59:59,0.010222277678484899,1958,False,False,False
418,2017-11-30 23:59:59,0.010215208498940889,1959,False,False,False
766,2017-11-30 23:59:59,0.010192148341454588,1960,False,False,False
1778,2017-11-30 23:59:59,0.010185967505117903,1961,False,False,False
198,2017-11-30 23:59:59,0.010158126008961224,1962,False,False,False
1293,2017-11-30 23:59:59,0.0101554268773638,1963,False,False,False
215,2017-11-30 23:59:59,0.0101077650098958,1964,False,False,False
2168,2017-11-30 23:59:59,0.010101370242576825,1965,False,False,False
91,2017-11-30 23:59:59,0.010064963980489056,1966,False,False,False
1247,2017-11-30 23:59:59,0.010023448139090929,1967,False,False,False
1659,2017-11-30 23:59:59,0.01001183520554463,1968,False,False,False
1810,2017-11-30 23:59:59,0.009985993462962054,1969,False,False,False
2087,2017-11-30 23:59:59,0.00990679388987215,1970,False,False,False
630,2017-11-30 23:59:59,0.009885322788593992,1971,False,False,False
2110,2017-11-30 23:59:59,0.009863006815250422,1972,False,False,False
2337,2017-11-30 23:59:59,0.009830935493486107,1973,False,False,False
553,2017-11-30 23:59:59,0.009812641511755977,1974,False,False,False
1969,2017-11-30 23:59:59,0.009777735337182333,1975,False,False,False
844,2017-11-30 23:59:59,0.009763418132787699,1976,False,False,False
1303,2017-11-30 23:59:59,0.009750673890279197,1977,False,False,False
1693,2017-11-30 23:59:59,0.009745392956919,1978,False,False,False
376,2017-11-30 23:59:59,0.009743884573125356,1979,False,False,False
2139,2017-11-30 23:59:59,0.009723414971171275,1980,False,False,False
653,2017-11-30 23:59:59,0.009722790890506039,1981,False,False,False
2217,2017-11-30 23:59:59,0.009684031009158765,1982,False,False,False
69,2017-11-30 23:59:59,0.009652198504420078,1983,False,False,False
598,2017-11-30 23:59:59,0.009635453704469093,1984,False,False,False
883,2017-11-30 23:59:59,0.009578876021574574,1985,False,False,False
2226,2017-11-30 23:59:59,0.00956223455687692,1986,False,False,False
1279,2017-11-30 23:59:59,0.00954483917770071,1987,False,False,False
1764,2017-11-30 23:59:59,0.009517377054703605,1988,False,False,False
52,2017-11-30 23:59:59,0.009504865184978577,1989,False,False,False
2376,2017-11-30 23:59:59,0.009483102574245516,1990,False,False,False
380,2017-11-30 23:59:59,0.009468197386903361,1991,False,False,False
1352,2017-11-30 23:59:59,0.009458942934465885,1992,False,False,False
2272,2017-11-30 23:59:59,0.009452277282715367,1993,False,False,False
2447,2017-11-30 23:59:59,0.009450484473881589,1994,False,False,False
348,2017-11-30 23:59:59,0.009428326308615224,1995,False,False,False
2124,2017-11-30 23:59:59,0.009373147989518911,1996,False,False,False
22,2017-11-30 23:59:59,0.009300330973908826,1997,False,False,False
1687,2017-11-30 23:59:59,0.009252943240211652,1998,False,False,False
2198,2017-11-30 23:59:59,0.009216565300027603,1999,False,False,False
866,2017-11-30 23:59:59,0.009206199707884145,2000,False,False,False
393,2017-11-30 23:59:59,0.00913477022687863,2001,False,False,False
702,2017-11-30 23:59:59,0.009100453457184115,2002,False,False,False
230,2017-11-30 23:59:59,0.009077892042119744,2003,False,False,False
426,2017-11-30 23:59:59,0.009039957508011764,2004,False,False,False
2328,2017-11-30 23:59:59,0.008991394376546053,2005,False,False,False
485,2017-11-30 23:59:59,0.008974190767424345,2006,False,False,False
740,2017-11-30 23:59:59,0.008971600194851154,2007,False,False,False
998,2017-11-30 23:59:59,0.008925279679375476,2008,False,False,False
2012,2017-11-30 23:59:59,0.008923781002901046,2009,False,False,False
353,2017-11-30 23:59:59,0.008912180022449388,2010,False,False,False
1816,2017-11-30 23:59:59,0.008900428694307504,2011,False,False,False
871,2017-11-30 23:59:59,0.00889810037154589,2012,False,False,False
744,2017-11-30 23:59:59,0.008870460083051056,2013,False,False,False
2375,2017-11-30 23:59:59,0.00886492419378509,2014,False,False,False
2307,2017-11-30 23:59:59,0.008853170041616312,2015,False,False,False
1824,2017-11-30 23:59:59,0.008841159693887641,2016,False,False,False
1748,2017-11-30 23:59:59,0.008837365043308574,2017,False,False,False
131,2017-11-30 23:59:59,0.008796577837582984,2018,False,False,False
421,2017-11-30 23:59:59,0.008792220706830792,2019,False,False,False
346,2017-11-30 23:59:59,0.008772746286532913,2020,False,False,False
1954,2017-11-30 23:59:59,0.008761329707241345,2021,False,False,False
709,2017-11-30 23:59:59,0.008755155440289127,2022,False,False,False
2266,2017-11-30 23:59:59,0.008744910754381798,2023,False,False,False
882,2017-11-30 23:59:59,0.008725299727082442,2024,False,False,False
1803,2017-11-30 23:59:59,0.008718725730926987,2025,False,False,False
1462,2017-11-30 23:59:59,0.008709231432234218,2026,False,False,False
1061,2017-11-30 23:59:59,0.008708304898715965,2027,False,False,False
1337,2017-11-30 23:59:59,0.00870072823383674,2028,False,False,False
492,2017-11-30 23:59:59,0.008697178463401158,2029,False,False,False
464,2017-11-30 23:59:59,0.0086785773136375,2030,False,False,False
250,2017-11-30 23:59:59,0.008674013396412031,2031,False,False,False
1942,2017-11-30 23:59:59,0.008634839557207627,2032,False,False,False
699,2017-11-30 23:59:59,0.008605073697592542,2033,False,False,False
1261,2017-11-30 23:59:59,0.00857858633727922,2034,False,False,False
586,2017-11-30 23:59:59,0.008572726107776995,2035,False,False,False
1955,2017-11-30 23:59:59,0.00854734026282891,2036,False,False,False
1158,2017-11-30 23:59:59,0.008500632324444429,2037,False,False,False
1081,2017-11-30 23:59:59,0.008493580596410264,2038,False,False,False
2481,2017-11-30 23:59:59,0.008491954328142199,2039,False,False,False
249,2017-11-30 23:59:59,0.008435813706208507,2040,False,False,False
2234,2017-11-30 23:59:59,0.008431730999431314,2041,False,False,False
1692,2017-11-30 23:59:59,0.008401784044174278,2042,False,False,False
2497,2017-11-30 23:59:59,0.008383811861216808,2043,False,False,False
2115,2017-11-30 23:59:59,0.008381204948177448,2044,False,False,False
1058,2017-11-30 23:59:59,0.008368772774272542,2045,False,False,False
1175,2017-11-30 23:59:59,0.008359470711617975,2046,False,False,False
1419,2017-11-30 23:59:59,0.00833571432124511,2047,False,False,False
2240,2017-11-30 23:59:59,0.008333003260413743,2048,False,False,False
165,2017-11-30 23:59:59,0.008325880979587159,2049,False,False,False
1545,2017-11-30 23:59:59,0.008280333428411307,2050,False,False,False
2343,2017-11-30 23:59:59,0.008270182430466077,2051,False,False,False
1349,2017-11-30 23:59:59,0.008257670772992259,2052,False,False,False
612,2017-11-30 23:59:59,0.008249963126868856,2053,False,False,False
2488,2017-11-30 23:59:59,0.008213354252056087,2054,False,False,False
1271,2017-11-30 23:59:59,0.008207035837924022,2055,False,False,False
2269,2017-11-30 23:59:59,0.008183115723261726,2056,False,False,False
2064,2017-11-30 23:59:59,0.008167181059519614,2057,False,False,False
2055,2017-11-30 23:59:59,0.008162190120333387,2058,False,False,False
324,2017-11-30 23:59:59,0.00813267832113796,2059,False,False,False
404,2017-11-30 23:59:59,0.008085308497881404,2060,False,False,False
1306,2017-11-30 23:59:59,0.00805673364113142,2061,False,False,False
467,2017-11-30 23:59:59,0.008056336143458995,2062,False,False,False
932,2017-11-30 23:59:59,0.00804417868867927,2063,False,False,False
692,2017-11-30 23:59:59,0.008023430414424519,2064,False,False,False
1845,2017-11-30 23:59:59,0.00800867111866707,2065,False,False,False
68,2017-11-30 23:59:59,0.00798622038216255,2066,False,False,False
808,2017-11-30 23:59:59,0.007970172188500666,2067,False,False,False
591,2017-11-30 23:59:59,0.007962271467133544,2068,False,False,False
1630,2017-11-30 23:59:59,0.007894181889031232,2069,False,False,False
955,2017-11-30 23:59:59,0.007823725578006173,2070,False,False,False
1057,2017-11-30 23:59:59,0.00782053844889875,2071,False,False,False
518,2017-11-30 23:59:59,0.007624367529688033,2072,False,False,False
895,2017-11-30 23:59:59,0.007618900518366374,2073,False,False,False
2479,2017-11-30 23:59:59,0.007604627070011958,2074,False,False,False
670,2017-11-30 23:59:59,0.007596985776590892,2075,False,False,False
1788,2017-11-30 23:59:59,0.007562170682425216,2076,False,False,False
2275,2017-11-30 23:59:59,0.007519514867957682,2077,False,False,False
2432,2017-11-30 23:59:59,0.00751512750896067,2078,False,False,False
1985,2017-11-30 23:59:59,0.007510980712909909,2079,False,False,False
1004,2017-11-30 23:59:59,0.007474847267591706,2080,False,False,False
378,2017-11-30 23:59:59,0.0074636737939090085,2081,False,False,False
526,2017-11-30 23:59:59,0.007418083567751651,2082,False,False,False
805,2017-11-30 23:59:59,0.0074122919819197865,2083,False,False,False
1821,2017-11-30 23:59:59,0.007410300811626924,2084,False,False,False
1481,2017-11-30 23:59:59,0.0073820029116593725,2085,False,False,False
1585,2017-11-30 23:59:59,0.0073749588405205985,2086,False,False,False
513,2017-11-30 23:59:59,0.007360611510541231,2087,False,False,False
1917,2017-11-30 23:59:59,0.00733501865155718,2088,False,False,False
2340,2017-11-30 23:59:59,0.007325746760563613,2089,False,False,False
2448,2017-11-30 23:59:59,0.007322289774303278,2090,False,False,False
1366,2017-11-30 23:59:59,0.0073168811755399315,2091,False,False,False
868,2017-11-30 23:59:59,0.007287364959129142,2092,False,False,False
1602,2017-11-30 23:59:59,0.007278846419854175,2093,False,False,False
534,2017-11-30 23:59:59,0.007153635567475661,2094,False,False,False
1598,2017-11-30 23:59:59,0.007146932634994225,2095,False,False,False
864,2017-11-30 23:59:59,0.007144121263310592,2096,False,False,False
392,2017-11-30 23:59:59,0.007120139940671875,2097,False,False,False
856,2017-11-30 23:59:59,0.007106509881678441,2098,False,False,False
1534,2017-11-30 23:59:59,0.007104953946836452,2099,False,False,False
1831,2017-11-30 23:59:59,0.007079623114925587,2100,False,False,False
36,2017-11-30 23:59:59,0.007062004568139157,2101,False,False,False
2244,2017-11-30 23:59:59,0.0070523891576717915,2102,False,False,False
304,2017-11-30 23:59:59,0.007041550545014472,2103,False,False,False
1428,2017-11-30 23:59:59,0.007025999037844156,2104,False,False,False
161,2017-11-30 23:59:59,0.007025171235957089,2105,False,False,False
1864,2017-11-30 23:59:59,0.007005950959472546,2106,False,False,False
2281,2017-11-30 23:59:59,0.006993027229023438,2107,False,False,False
2041,2017-11-30 23:59:59,0.0069875253972174565,2108,False,False,False
469,2017-11-30 23:59:59,0.006984053029068678,2109,False,False,False
831,2017-11-30 23:59:59,0.006971977789533746,2110,False,False,False
1989,2017-11-30 23:59:59,0.006958845243584339,2111,False,False,False
605,2017-11-30 23:59:59,0.0069564407623577355,2112,False,False,False
1804,2017-11-30 23:59:59,0.006939054653543703,2113,False,False,False
219,2017-11-30 23:59:59,0.006937028467038932,2114,False,False,False
64,2017-11-30 23:59:59,0.006931655015385873,2115,False,False,False
1924,2017-11-30 23:59:59,0.006871078100231176,2116,False,False,False
817,2017-11-30 23:59:59,0.006853084387399441,2117,False,False,False
351,2017-11-30 23:59:59,0.0068331120543160245,2118,False,False,False
1041,2017-11-30 23:59:59,0.006818282788993584,2119,False,False,False
1029,2017-11-30 23:59:59,0.006759800915285538,2120,False,False,False
1272,2017-11-30 23:59:59,0.006693005819395677,2121,False,False,False
1807,2017-11-30 23:59:59,0.0066875993660581,2122,False,False,False
1726,2017-11-30 23:59:59,0.006638429505709671,2123,False,False,False
842,2017-11-30 23:59:59,0.006610786919380377,2124,False,False,False
2300,2017-11-30 23:59:59,0.006607870878763771,2125,False,False,False
2317,2017-11-30 23:59:59,0.006605429367044039,2126,False,False,False
287,2017-11-30 23:59:59,0.006599322949995816,2127,False,False,False
1333,2017-11-30 23:59:59,0.0065873819711388705,2128,False,False,False
2190,2017-11-30 23:59:59,0.006568787749218011,2129,False,False,False
2162,2017-11-30 23:59:59,0.006558739558528939,2130,False,False,False
239,2017-11-30 23:59:59,0.0065566681582838,2131,False,False,False
1205,2017-11-30 23:59:59,0.006556348015371577,2132,False,False,False
1580,2017-11-30 23:59:59,0.0065290850141224484,2133,False,False,False
1461,2017-11-30 23:59:59,0.006492656527848266,2134,False,False,False
2007,2017-11-30 23:59:59,0.0064895001361612034,2135,False,False,False
2467,2017-11-30 23:59:59,0.006462471672863045,2136,False,False,False
1098,2017-11-30 23:59:59,0.006460112668711424,2137,False,False,False
631,2017-11-30 23:59:59,0.0064575238535474035,2138,False,False,False
489,2017-11-30 23:59:59,0.006452235245250607,2139,False,False,False
647,2017-11-30 23:59:59,0.006447270453856835,2140,False,False,False
1074,2017-11-30 23:59:59,0.006435652240039684,2141,False,False,False
409,2017-11-30 23:59:59,0.006430326318481144,2142,False,False,False
1829,2017-11-30 23:59:59,0.006416570005399644,2143,False,False,False
2233,2017-11-30 23:59:59,0.0064133575898386525,2144,False,False,False
20,2017-11-30 23:59:59,0.00641191749563856,2145,False,False,False
374,2017-11-30 23:59:59,0.0064078875126171,2146,False,False,False
40,2017-11-30 23:59:59,0.006398419628157582,2147,False,False,False
1111,2017-11-30 23:59:59,0.006397669089418268,2148,False,False,False
934,2017-11-30 23:59:59,0.006369752234652781,2149,False,False,False
761,2017-11-30 23:59:59,0.006368654349118477,2150,False,False,False
2406,2017-11-30 23:59:59,0.006363228747057068,2151,False,False,False
641,2017-11-30 23:59:59,0.006292108340788146,2152,False,False,False
1434,2017-11-30 23:59:59,0.006287827271801128,2153,False,False,False
235,2017-11-30 23:59:59,0.0062392532523563695,2154,False,False,False
1763,2017-11-30 23:59:59,0.006230768990076314,2155,False,False,False
568,2017-11-30 23:59:59,0.0062097105223251296,2156,False,False,False
1710,2017-11-30 23:59:59,0.006201737742063327,2157,False,False,False
510,2017-11-30 23:59:59,0.0061966838355202135,2158,False,False,False
1258,2017-11-30 23:59:59,0.006177918808424112,2159,False,False,False
1906,2017-11-30 23:59:59,0.006168855723148509,2160,False,False,False
714,2017-11-30 23:59:59,0.006142780339894307,2161,False,False,False
703,2017-11-30 23:59:59,0.006142461946310224,2162,False,False,False
2378,2017-11-30 23:59:59,0.006094988244532279,2163,False,False,False
1245,2017-11-30 23:59:59,0.006058682985493782,2164,False,False,False
1633,2017-11-30 23:59:59,0.006051181609802577,2165,False,False,False
2116,2017-11-30 23:59:59,0.006015100113602718,2166,False,False,False
454,2017-11-30 23:59:59,0.00599527256885694,2167,False,False,False
2170,2017-11-30 23:59:59,0.00597126829796449,2168,False,False,False
307,2017-11-30 23:59:59,0.00595056894804085,2169,False,False,False
1467,2017-11-30 23:59:59,0.0059370701727912275,2170,False,False,False
361,2017-11-30 23:59:59,0.005924384683088084,2171,False,False,False
2351,2017-11-30 23:59:59,0.005867287076092883,2172,False,False,False
1975,2017-11-30 23:59:59,0.005859105426176094,2173,False,False,False
2058,2017-11-30 23:59:59,0.00585073802412561,2174,False,False,False
56,2017-11-30 23:59:59,0.005840431429823729,2175,False,False,False
567,2017-11-30 23:59:59,0.005837334492946624,2176,False,False,False
1393,2017-11-30 23:59:59,0.005833805901893684,2177,False,False,False
1775,2017-11-30 23:59:59,0.005831068168642625,2178,False,False,False
1944,2017-11-30 23:59:59,0.005822250950850015,2179,False,False,False
290,2017-11-30 23:59:59,0.005784521382035155,2180,False,False,False
1020,2017-11-30 23:59:59,0.005784054751852264,2181,False,False,False
463,2017-11-30 23:59:59,0.0057781118774510205,2182,False,False,False
2133,2017-11-30 23:59:59,0.005754220395192597,2183,False,False,False
661,2017-11-30 23:59:59,0.005723688914488685,2184,False,False,False
2017,2017-11-30 23:59:59,0.005705803850783485,2185,False,False,False
289,2017-11-30 23:59:59,0.005685207293657684,2186,False,False,False
2270,2017-11-30 23:59:59,0.0056792895415940315,2187,False,False,False
1527,2017-11-30 23:59:59,0.005671892359420481,2188,False,False,False
1178,2017-11-30 23:59:59,0.005645638457776616,2189,False,False,False
2121,2017-11-30 23:59:59,0.00562096715633754,2190,False,False,False
218,2017-11-30 23:59:59,0.005602890002750215,2191,False,False,False
718,2017-11-30 23:59:59,0.005598580257177174,2192,False,False,False
125,2017-11-30 23:59:59,0.005582566285373694,2193,False,False,False
1453,2017-11-30 23:59:59,0.005575080410603564,2194,False,False,False
1694,2017-11-30 23:59:59,0.00556599104108839,2195,False,False,False
2342,2017-11-30 23:59:59,0.005542621159737992,2196,False,False,False
575,2017-11-30 23:59:59,0.005540219446665272,2197,False,False,False
1753,2017-11-30 23:59:59,0.005536802973495511,2198,False,False,False
2296,2017-11-30 23:59:59,0.005479543016861229,2199,False,False,False
2407,2017-11-30 23:59:59,0.005476338492731234,2200,False,False,False
46,2017-11-30 23:59:59,0.005474647769390274,2201,False,False,False
1023,2017-11-30 23:59:59,0.005459767588021907,2202,False,False,False
1045,2017-11-30 23:59:59,0.005429181354305571,2203,False,False,False
2129,2017-11-30 23:59:59,0.005416938615387378,2204,False,False,False
889,2017-11-30 23:59:59,0.005399924001442478,2205,False,False,False
983,2017-11-30 23:59:59,0.005321519541511574,2206,False,False,False
397,2017-11-30 23:59:59,0.00531349851310504,2207,False,False,False
243,2017-11-30 23:59:59,0.00526206727698445,2208,False,False,False
1445,2017-11-30 23:59:59,0.005240412377334677,2209,False,False,False
920,2017-11-30 23:59:59,0.00523449745966876,2210,False,False,False
104,2017-11-30 23:59:59,0.005231597851113467,2211,False,False,False
400,2017-11-30 23:59:59,0.005230053415650665,2212,False,False,False
707,2017-11-30 23:59:59,0.0051878212169853034,2213,False,False,False
853,2017-11-30 23:59:59,0.0051321548786432344,2214,False,False,False
1229,2017-11-30 23:59:59,0.00511718205122614,2215,False,False,False
1856,2017-11-30 23:59:59,0.0051060257208417,2216,False,False,False
1277,2017-11-30 23:59:59,0.005075096043662769,2217,False,False,False
2085,2017-11-30 23:59:59,0.005065688657420481,2218,False,False,False
1179,2017-11-30 23:59:59,0.005062680976233776,2219,False,False,False
1528,2017-11-30 23:59:59,0.005057891063845075,2220,False,False,False
1879,2017-11-30 23:59:59,0.0050381547571388885,2221,False,False,False
2237,2017-11-30 23:59:59,0.005010993397381478,2222,False,False,False
1206,2017-11-30 23:59:59,0.005009664810855098,2223,False,False,False
1146,2017-11-30 23:59:59,0.004929809547315053,2224,False,False,False
2400,2017-11-30 23:59:59,0.004920488208742995,2225,False,False,False
1677,2017-11-30 23:59:59,0.004915665596314415,2226,False,False,False
2459,2017-11-30 23:59:59,0.004910675745854557,2227,False,False,False
115,2017-11-30 23:59:59,0.004893506583734129,2228,False,False,False
1995,2017-11-30 23:59:59,0.00489295003116044,2229,False,False,False
1476,2017-11-30 23:59:59,0.004876125574293178,2230,False,False,False
511,2017-11-30 23:59:59,0.004860559469507614,2231,False,False,False
27,2017-11-30 23:59:59,0.004801206611786547,2232,False,False,False
2261,2017-11-30 23:59:59,0.004797323537093529,2233,False,False,False
2194,2017-11-30 23:59:59,0.0047934164823449955,2234,False,False,False
1166,2017-11-30 23:59:59,0.004783688849428905,2235,False,False,False
982,2017-11-30 23:59:59,0.004748800115830886,2236,False,False,False
371,2017-11-30 23:59:59,0.004747109749480381,2237,False,False,False
95,2017-11-30 23:59:59,0.004730873404008605,2238,False,False,False
898,2017-11-30 23:59:59,0.004722277701960025,2239,False,False,False
1042,2017-11-30 23:59:59,0.0047171180538173405,2240,False,False,False
560,2017-11-30 23:59:59,0.0046905875989137836,2241,False,False,False
1197,2017-11-30 23:59:59,0.004678951181652299,2242,False,False,False
676,2017-11-30 23:59:59,0.00467532825728556,2243,False,False,False
263,2017-11-30 23:59:59,0.004647787432152415,2244,False,False,False
712,2017-11-30 23:59:59,0.004643097423802442,2245,False,False,False
2086,2017-11-30 23:59:59,0.004642886726535554,2246,False,False,False
468,2017-11-30 23:59:59,0.004601316548715782,2247,False,False,False
383,2017-11-30 23:59:59,0.004564155685911548,2248,False,False,False
608,2017-11-30 23:59:59,0.004559492665307522,2249,False,False,False
1142,2017-11-30 23:59:59,0.004516673374904463,2250,False,False,False
1421,2017-11-30 23:59:59,0.0045138804647518425,2251,False,False,False
2334,2017-11-30 23:59:59,0.0045117028971031915,2252,False,False,False
275,2017-11-30 23:59:59,0.004477614428856654,2253,False,False,False
1430,2017-11-30 23:59:59,0.004466240988999777,2254,False,False,False
979,2017-11-30 23:59:59,0.00442723849800859,2255,False,False,False
1609,2017-11-30 23:59:59,0.004425798856473805,2256,False,False,False
1491,2017-11-30 23:59:59,0.004420265977826566,2257,False,False,False
936,2017-11-30 23:59:59,0.004415649178761323,2258,False,False,False
523,2017-11-30 23:59:59,0.004414340110303361,2259,False,False,False
2125,2017-11-30 23:59:59,0.004353840974489952,2260,False,False,False
1579,2017-11-30 23:59:59,0.004330842174812229,2261,False,False,False
722,2017-11-30 23:59:59,0.004322017049389824,2262,False,False,False
1854,2017-11-30 23:59:59,0.004313426949784849,2263,False,False,False
2020,2017-11-30 23:59:59,0.004282465260349848,2264,False,False,False
2341,2017-11-30 23:59:59,0.004246455374595256,2265,False,False,False
2380,2017-11-30 23:59:59,0.004240720534927435,2266,False,False,False
2322,2017-11-30 23:59:59,0.004225016031169369,2267,False,False,False
1653,2017-11-30 23:59:59,0.004223290402485607,2268,False,False,False
2252,2017-11-30 23:59:59,0.004219811056764689,2269,False,False,False
1240,2017-11-30 23:59:59,0.004161312254829204,2270,False,False,False
1314,2017-11-30 23:59:59,0.004152802806092282,2271,False,False,False
1397,2017-11-30 23:59:59,0.004140231052313694,2272,False,False,False
2070,2017-11-30 23:59:59,0.00411804485324216,2273,False,False,False
1274,2017-11-30 23:59:59,0.004117307130999559,2274,False,False,False
942,2017-11-30 23:59:59,0.004107995586718893,2275,False,False,False
2083,2017-11-30 23:59:59,0.004103161321660346,2276,False,False,False
101,2017-11-30 23:59:59,0.004062694627697097,2277,False,False,False
58,2017-11-30 23:59:59,0.004057932216942554,2278,False,False,False
1501,2017-11-30 23:59:59,0.004055515042981306,2279,False,False,False
127,2017-11-30 23:59:59,0.00405088381133813,2280,False,False,False
2264,2017-11-30 23:59:59,0.004047436946325914,2281,False,False,False
389,2017-11-30 23:59:59,0.004038402700563613,2282,False,False,False
1740,2017-11-30 23:59:59,0.0040366977865261494,2283,False,False,False
67,2017-11-30 23:59:59,0.004025876918939159,2284,False,False,False
358,2017-11-30 23:59:59,0.003980133032070104,2285,False,False,False
306,2017-11-30 23:59:59,0.003948592201151315,2286,False,False,False
2019,2017-11-30 23:59:59,0.003946800293876201,2287,False,False,False
2312,2017-11-30 23:59:59,0.003944840199733703,2288,False,False,False
840,2017-11-30 23:59:59,0.003937249114382079,2289,False,False,False
13,2017-11-30 23:59:59,0.00382773980271678,2290,False,False,False
2200,2017-11-30 23:59:59,0.0038210650786445663,2291,False,False,False
696,2017-11-30 23:59:59,0.0038175122739125215,2292,False,False,False
2449,2017-11-30 23:59:59,0.0037871460406544996,2293,False,False,False
1762,2017-11-30 23:59:59,0.003722339305536414,2294,False,False,False
1475,2017-11-30 23:59:59,0.0037198354230117297,2295,False,False,False
113,2017-11-30 23:59:59,0.0037123282560299325,2296,False,False,False
2451,2017-11-30 23:59:59,0.00371054424100916,2297,False,False,False
800,2017-11-30 23:59:59,0.003694376547135667,2298,False,False,False
956,2017-11-30 23:59:59,0.00367709389393233,2299,False,False,False
88,2017-11-30 23:59:59,0.0035985651687504725,2300,False,False,False
1376,2017-11-30 23:59:59,0.0035501012319617093,2301,False,False,False
2427,2017-11-30 23:59:59,0.0035406672006075843,2302,False,False,False
2462,2017-11-30 23:59:59,0.003444496837301611,2303,False,False,False
1795,2017-11-30 23:59:59,0.003425705782180352,2304,False,False,False
1620,2017-11-30 23:59:59,0.003366642627195197,2305,False,False,False
1367,2017-11-30 23:59:59,0.0033360530382941984,2306,False,False,False
1479,2017-11-30 23:59:59,0.003319437050323491,2307,False,False,False
1228,2017-11-30 23:59:59,0.003268053541829048,2308,False,False,False
1901,2017-11-30 23:59:59,0.0032148466131331323,2309,False,False,False
771,2017-11-30 23:59:59,0.003213979550715555,2310,False,False,False
2280,2017-11-30 23:59:59,0.003189140246536411,2311,False,False,False
768,2017-11-30 23:59:59,0.0031677817301559155,2312,False,False,False
1935,2017-11-30 23:59:59,0.003081369657749321,2313,False,False,False
1326,2017-11-30 23:59:59,0.0030637195899041927,2314,False,False,False
1566,2017-11-30 23:59:59,0.0030368987228904,2315,False,False,False
762,2017-11-30 23:59:59,0.0029239071486838485,2316,False,False,False
1379,2017-11-30 23:59:59,0.0028778060786643815,2317,False,False,False
1489,2017-11-30 23:59:59,0.002769212316986875,2318,False,False,False
1510,2017-11-30 23:59:59,0.0027464197173089322,2319,False,False,False
900,2017-11-30 23:59:59,0.002706201681064589,2320,False,False,False
1823,2017-11-30 23:59:59,0.002596868194271118,2321,False,False,False
19,2017-11-30 23:59:59,0.002421857610731475,2322,False,False,False
