block,family,magnitude,store_id,dept_id,date,window_position,original_actual_sales,injected_actual_sales,expected_sales,prior_robust_scale,prior_residual_median,prior_sales_robust_scale,score_before,score_after,detected,direction_correct,config,if_score_after,if_score_before,if_score_increase,enters_training_top5pct,enters_training_top2pct
development_2,one_day_positive_spike,2,CA_1,FOODS_1,2015-04-28,1,271.0,466.7032,313.45115173563784,61.50968509725808,-20.717127798047244,97.85159999999999,-0.3533431182947064,2.8283216827940554,False,True,IF-1,0.5492718676553335,0.4238177837462531,0.12545408390908042,False,False
development_2,one_day_positive_spike,4,CA_1,FOODS_1,2015-04-28,1,271.0,662.4064,313.45115173563784,61.50968509725808,-20.717127798047244,97.85159999999999,-0.3533431182947064,6.009986483882817,True,True,IF-1,0.656630866198617,0.4238177837462531,0.23281308245236387,True,True
development_2,one_day_negative_drop,2,CA_1,FOODS_1,2015-04-29,1,292.0,96.29680000000002,313.45115173563784,61.50968509725808,-20.717127798047244,97.85159999999999,-0.011933469280975282,-3.193598270369737,True,True,IF-1,0.6103064837744384,0.4292778638704823,0.18102861990395613,True,False
development_2,one_day_negative_drop,4,CA_1,FOODS_1,2015-04-29,1,292.0,0.0,313.45115173563784,61.50968509725808,-20.717127798047244,97.85159999999999,-0.011933469280975282,-4.759153350805234,True,True,IF-1,0.6526470181991711,0.4292778638704823,0.22336915432868887,True,True
development_2,two_day_positive_sustained_spike,2,CA_1,FOODS_1,2015-04-30,1,303.0,498.7032,319.7210394757289,61.50968509725808,-20.717127798047244,97.85159999999999,0.06496681483574164,3.2466316159245032,True,True,IF-1,0.5729732360633047,0.41566300411246354,0.1573102319508412,False,False
development_2,two_day_positive_sustained_spike,2,CA_1,FOODS_1,2015-05-01,2,474.0,669.7031999999999,414.4350668799792,61.50968509725808,-20.717127798047244,97.85159999999999,1.3051938209588854,4.486858622047645,True,True,IF-1,0.6351324499178265,0.4658257518966606,0.16930669802116588,True,False
development_2,two_day_positive_sustained_spike,4,CA_1,FOODS_1,2015-04-30,1,303.0,694.4064,319.7210394757289,61.50968509725808,-20.717127798047244,97.85159999999999,0.06496681483574164,6.428296417013264,True,True,IF-1,0.657187471999078,0.41566300411246354,0.24152446788661447,True,True
development_2,two_day_positive_sustained_spike,4,CA_1,FOODS_1,2015-05-01,2,474.0,865.4064,414.4350668799792,61.50968509725808,-20.717127798047244,97.85159999999999,1.3051938209588854,7.668523423136408,True,True,IF-1,0.6845466087680122,0.4658257518966606,0.21872085687135162,True,True
development_2,two_day_negative_sustained_drop,2,CA_1,FOODS_1,2015-05-02,1,479.0,283.2968,499.4429858464023,61.50968509725808,-20.717127798047244,97.85159999999999,0.004456890832906969,-3.1772079102558544,True,True,IF-1,0.622221575073434,0.4665012502991579,0.1557203247742761,True,False
development_2,two_day_negative_sustained_drop,2,CA_1,FOODS_1,2015-05-03,2,535.0,339.2968,457.16961672863306,61.50968509725808,-20.717127798047244,97.85159999999999,1.6021462459707365,-1.579518555118025,False,True,IF-1,0.5338732310214842,0.4659531099506986,0.0679201210707856,False,False
development_2,two_day_negative_sustained_drop,4,CA_1,FOODS_1,2015-05-02,1,479.0,87.59360000000004,499.4429858464023,61.50968509725808,-20.717127798047244,97.85159999999999,0.004456890832906969,-6.358872711344616,True,True,IF-1,0.6822556245202028,0.4665012502991579,0.21575437422104493,True,True
development_2,two_day_negative_sustained_drop,4,CA_1,FOODS_1,2015-05-03,2,535.0,143.59360000000004,457.16961672863306,61.50968509725808,-20.717127798047244,97.85159999999999,1.6021462459707365,-4.761183356206786,True,True,IF-1,0.6566121655789408,0.4659531099506986,0.19065905562824215,True,True
development_2,three_day_positive_sustained_spike,2,CA_1,FOODS_1,2015-05-04,1,327.0,522.7031999999999,347.84859959093035,61.50968509725808,-20.717127798047244,97.85159999999999,-0.0021374161268298384,3.1795273849619305,True,True,IF-1,0.5900510373833845,0.4425528518076736,0.14749818557571087,False,False
development_2,three_day_positive_sustained_spike,2,CA_1,FOODS_1,2015-05-05,2,360.0,555.7031999999999,315.79637108224614,61.50968509725808,-20.717127798047244,97.85159999999999,1.0554558459070225,4.237120646995782,True,True,IF-1,0.6684620723309528,0.5476408930687783,0.1208211792621745,True,True
development_2,three_day_positive_sustained_spike,2,CA_1,FOODS_1,2015-05-06,3,372.0,567.7031999999999,335.1046428490061,61.50968509725808,-20.717127798047244,97.85159999999999,0.9366408697743331,4.118305670863093,True,True,IF-1,0.6289636532298052,0.4687166945814533,0.16024695864835187,True,False
development_2,three_day_positive_sustained_spike,4,CA_1,FOODS_1,2015-05-04,1,327.0,718.4064,347.84859959093035,61.50968509725808,-20.717127798047244,97.85159999999999,-0.0021374161268298384,6.361192186050694,True,True,IF-1,0.669835083951109,0.4425528518076736,0.2272822321434354,True,True
development_2,three_day_positive_sustained_spike,4,CA_1,FOODS_1,2015-05-05,2,360.0,751.4064,315.79637108224614,61.50968509725808,-20.717127798047244,97.85159999999999,1.0554558459070225,7.418785448084545,True,True,IF-1,0.7115195029877464,0.5476408930687783,0.16387860991896808,True,True
development_2,three_day_positive_sustained_spike,4,CA_1,FOODS_1,2015-05-06,3,372.0,763.4064,335.1046428490061,61.50968509725808,-20.717127798047244,97.85159999999999,0.9366408697743331,7.2999704719518554,True,True,IF-1,0.6895473196703887,0.4687166945814533,0.22083062508893542,True,True
development_2,three_day_negative_sustained_drop,2,CA_1,FOODS_1,2015-05-07,1,379.0,183.29680000000002,335.58201506080104,61.50968509725808,-20.717127798047244,97.85159999999999,1.0426831585275855,-2.138981642561176,False,True,IF-1,0.5894263283963483,0.4499178278395649,0.13950850055678343,False,False
development_2,three_day_negative_sustained_drop,2,CA_1,FOODS_1,2015-05-08,2,425.0,229.29680000000002,382.4485096966208,61.50968509725808,-20.717127798047244,97.85159999999999,1.0285960333138944,-2.153068767774867,False,True,IF-1,0.5882634361761422,0.456670675756029,0.1315927604201132,False,False
development_2,three_day_negative_sustained_drop,2,CA_1,FOODS_1,2015-05-09,3,485.0,289.2968,468.94101954550183,61.50968509725808,-20.717127798047244,97.85159999999999,0.5978913433615478,-2.583773457727214,False,True,IF-1,0.602868652910555,0.46259408996781426,0.14027456294274077,True,False
development_2,three_day_negative_sustained_drop,4,CA_1,FOODS_1,2015-05-07,1,379.0,0.0,335.58201506080104,61.50968509725808,-20.717127798047244,97.85159999999999,1.0426831585275855,-5.118948126053559,True,True,IF-1,0.667632438166368,0.4499178278395649,0.21771461032680306,True,True
development_2,three_day_negative_sustained_drop,4,CA_1,FOODS_1,2015-05-08,2,425.0,33.59360000000004,382.4485096966208,61.50968509725808,-20.717127798047244,97.85159999999999,1.0285960333138944,-5.334733568863628,True,True,IF-1,0.6635908485612466,0.456670675756029,0.20692017280521763,True,True
development_2,three_day_negative_sustained_drop,4,CA_1,FOODS_1,2015-05-09,3,485.0,93.59360000000004,468.94101954550183,61.50968509725808,-20.717127798047244,97.85159999999999,0.5978913433615478,-5.7654382588159745,True,True,IF-1,0.674378689930401,0.46259408996781426,0.2117845999625867,True,True
development_2,one_day_positive_spike,2,CA_1,FOODS_2,2015-05-10,1,593.0,803.5292,510.7858478389492,45.4405792447987,-13.942145869448836,105.26459999999999,2.1160887389327465,6.749154679087942,True,True,IF-1,0.6829607582629299,0.5789477379316595,0.10401302033127036,True,True
development_2,one_day_positive_spike,4,CA_1,FOODS_2,2015-05-10,1,593.0,1014.0583999999999,510.7858478389492,45.4405792447987,-13.942145869448836,105.26459999999999,2.1160887389327465,11.382220619243137,True,True,IF-1,0.7212470002817141,0.5789477379316595,0.14229926235005452,True,True
development_2,one_day_negative_drop,2,CA_1,FOODS_2,2015-05-11,1,526.0,315.47080000000005,479.4952958896661,45.4405792447987,-13.942145869448836,105.26459999999999,1.3302394244171454,-3.30282651573805,True,True,IF-1,0.5838189253260536,0.4611447537690774,0.12267417155697624,False,False
development_2,one_day_negative_drop,4,CA_1,FOODS_2,2015-05-11,1,526.0,104.94160000000005,479.4952958896661,45.4405792447987,-13.942145869448836,105.26459999999999,1.3302394244171454,-7.935892455893247,True,True,IF-1,0.669540533507599,0.4611447537690774,0.20839577973852164,True,True
development_2,two_day_positive_sustained_spike,2,CA_1,FOODS_2,2015-05-12,1,399.0,609.5292,419.8288871490719,45.4405792447987,-13.942145869448836,105.26459999999999,-0.15155487438931187,4.481511065765884,True,True,IF-1,0.5910019456731694,0.4160198621876083,0.17498208348556116,False,False
development_2,two_day_positive_sustained_spike,2,CA_1,FOODS_2,2015-05-13,2,410.0,620.5292,418.2607633835133,45.4405792447987,-13.942145869448836,105.26459999999999,0.12502883062578632,4.758094770780982,True,True,IF-1,0.5967864028534788,0.43773979555573445,0.1590466072977444,True,False
development_2,two_day_positive_sustained_spike,4,CA_1,FOODS_2,2015-05-12,1,399.0,820.0583999999999,419.8288871490719,45.4405792447987,-13.942145869448836,105.26459999999999,-0.15155487438931187,9.11457700592108,True,True,IF-1,0.6648221591199948,0.4160198621876083,0.24880229693238648,True,True
development_2,two_day_positive_sustained_spike,4,CA_1,FOODS_2,2015-05-13,2,410.0,831.0583999999999,418.2607633835133,45.4405792447987,-13.942145869448836,105.26459999999999,0.12502883062578632,9.391160710936177,True,True,IF-1,0.6737789224147669,0.43773979555573445,0.23603912685903244,True,True
development_2,two_day_negative_sustained_drop,2,CA_1,FOODS_2,2015-05-14,1,357.0,146.47080000000003,416.8759944699988,45.4405792447987,-13.942145869448836,105.26459999999999,-1.0108552611773265,-5.643921201332521,True,True,IF-1,0.6325041551902832,0.450315115347693,0.18218903984259027,True,False
development_2,two_day_negative_sustained_drop,2,CA_1,FOODS_2,2015-05-15,2,453.0,242.47080000000003,455.3167332445829,45.4405792447987,-13.942145869448836,105.26459999999999,0.25583768556816266,-4.377228254587035,True,True,IF-1,0.6011881889730623,0.4230600170099544,0.17812817196310787,True,False
development_2,two_day_negative_sustained_drop,4,CA_1,FOODS_2,2015-05-14,1,357.0,0.0,416.8759944699988,45.4405792447987,-13.942145869448836,105.26459999999999,-1.0108552611773265,-8.867269196324589,True,True,IF-1,0.6739293156167792,0.450315115347693,0.22361420026908618,True,True
development_2,two_day_negative_sustained_drop,4,CA_1,FOODS_2,2015-05-15,2,453.0,31.94160000000005,455.3167332445829,45.4405792447987,-13.942145869448836,105.26459999999999,0.25583768556816266,-9.010294194742231,True,True,IF-1,0.6726278948900716,0.4230600170099544,0.2495678778801172,True,True
development_2,three_day_positive_sustained_spike,2,CA_1,FOODS_2,2015-05-16,1,621.0,831.5292,587.0456515884936,45.4405792447987,-13.942145869448836,105.26459999999999,1.05404673701288,5.687112677168075,True,True,IF-1,0.6052372028071126,0.43428954322919905,0.17094765957791352,True,False
development_2,three_day_positive_sustained_spike,2,CA_1,FOODS_2,2015-05-17,2,595.0,805.5292,622.1564590217845,45.4405792447987,-13.942145869448836,105.26459999999999,-0.2908042408778979,4.342261699277298,True,True,IF-1,0.5871764664784748,0.4375333009620951,0.14964316551637968,False,False
development_2,three_day_positive_sustained_spike,2,CA_1,FOODS_2,2015-05-18,3,477.0,687.5292,465.3153580088832,45.4405792447987,-13.942145869448836,105.26459999999999,0.5639626141759398,5.197028554331135,True,True,IF-1,0.6191124825675612,0.4471426010160772,0.17196988155148402,True,False
development_2,three_day_positive_sustained_spike,4,CA_1,FOODS_2,2015-05-16,1,621.0,1042.0584,587.0456515884936,45.4405792447987,-13.942145869448836,105.26459999999999,1.05404673701288,10.320178617323272,True,True,IF-1,0.6698723140534927,0.43428954322919905,0.23558277082429363,True,True
development_2,three_day_positive_sustained_spike,4,CA_1,FOODS_2,2015-05-17,2,595.0,1016.0583999999999,622.1564590217845,45.4405792447987,-13.942145869448836,105.26459999999999,-0.2908042408778979,8.975327639432493,True,True,IF-1,0.6590592543194148,0.4375333009620951,0.22152595335731973,True,True
development_2,three_day_positive_sustained_spike,4,CA_1,FOODS_2,2015-05-18,3,477.0,898.0583999999999,465.3153580088832,45.4405792447987,-13.942145869448836,105.26459999999999,0.5639626141759398,9.830094494486332,True,True,IF-1,0.6825613995029299,0.4471426010160772,0.2354187984868527,True,True
development_2,three_day_negative_sustained_drop,2,CA_1,FOODS_2,2015-05-19,1,409.0,198.47080000000003,398.87080004693274,45.4405792447987,-13.942145869448836,105.26459999999999,0.5297323718704883,-4.103333568284708,True,True,IF-1,0.5915488023653203,0.41905497120639934,0.17249383115892092,False,False
development_2,three_day_negative_sustained_drop,2,CA_1,FOODS_2,2015-05-20,2,338.0,127.47080000000003,397.3014336297675,45.4405792447987,-13.942145869448836,105.26459999999999,-0.9982110376709301,-5.6312769778261265,True,True,IF-1,0.6382411938350372,0.46556384611354695,0.17267734772149024,True,False
development_2,three_day_negative_sustained_drop,2,CA_1,FOODS_2,2015-05-21,3,378.0,167.47080000000003,395.916664716253,45.4405792447987,-13.942145869448836,105.26459999999999,-0.08746628922559621,-4.720532229380792,True,True,IF-1,0.6163139251048045,0.4183715106442869,0.19794241446051763,True,False
development_2,three_day_negative_sustained_drop,4,CA_1,FOODS_2,2015-05-19,1,409.0,0.0,398.87080004693274,45.4405792447987,-13.942145869448836,105.26459999999999,0.5297323718704883,-8.471033172878057,True,True,IF-1,0.6699782759485877,0.41905497120639934,0.2509233047421884,True,True
development_2,three_day_negative_sustained_drop,4,CA_1,FOODS_2,2015-05-20,2,338.0,0.0,397.3014336297675,45.4405792447987,-13.942145869448836,105.26459999999999,-0.9982110376709301,-8.436496500079263,True,True,IF-1,0.6731749543478882,0.46556384611354695,0.20761110823434126,True,True
development_2,three_day_negative_sustained_drop,4,CA_1,FOODS_2,2015-05-21,3,378.0,0.0,395.916664716253,45.4405792447987,-13.942145869448836,105.26459999999999,-0.08746628922559621,-8.406022220557993,True,True,IF-1,0.6704241127631951,0.4183715106442869,0.25205260211890823,True,True
development_2,one_day_positive_spike,2,CA_1,FOODS_3,2015-04-28,1,1706.0,2505.1214,1655.2480999601828,154.1242798603323,-167.18760428338533,399.5607,1.414050430734857,6.598966141122378,True,True,IF-1,0.6937929957746553,0.4979775311376826,0.19581546463697264,True,True
development_2,one_day_positive_spike,4,CA_1,FOODS_3,2015-04-28,1,1706.0,3304.2428,1655.2480999601828,154.1242798603323,-167.18760428338533,399.5607,1.414050430734857,11.783881851509898,True,True,IF-1,0.6937929957746553,0.4979775311376826,0.19581546463697264,True,True
development_2,one_day_negative_drop,2,CA_1,FOODS_3,2015-04-29,1,1699.0,899.8786,1650.6944437473985,154.1242798603323,-167.18760428338533,399.5607,1.398177890798694,-3.786737819588829,True,True,IF-1,0.7031571513120681,0.508111615364388,0.19504553594768015,True,True
development_2,one_day_negative_drop,4,CA_1,FOODS_3,2015-04-29,1,1699.0,100.75720000000001,1650.6944437473985,154.1242798603323,-167.18760428338533,399.5607,1.398177890798694,-8.971653529976349,True,True,IF-1,0.7031571513120681,0.508111615364388,0.19504553594768015,True,True
development_2,two_day_positive_sustained_spike,2,CA_1,FOODS_3,2015-04-30,1,1694.0,2493.1214,1650.1520724378456,154.1242798603323,-167.18760428338533,399.5607,1.3692555905972794,6.554171300984801,True,True,IF-1,0.699813382389807,0.49788130827697613,0.20193207411283082,True,True
development_2,two_day_positive_sustained_spike,2,CA_1,FOODS_3,2015-05-01,2,2533.0,3332.1214,2339.7289828049456,154.1242798603323,-167.18760428338533,399.5607,2.3387529972895114,7.523668707677032,True,True,IF-1,0.7213138305314465,0.6259497436064239,0.09536408692502263,True,True
development_2,two_day_positive_sustained_spike,4,CA_1,FOODS_3,2015-04-30,1,1694.0,3292.2428,1650.1520724378456,154.1242798603323,-167.18760428338533,399.5607,1.3692555905972794,11.739087011372321,True,True,IF-1,0.699813382389807,0.49788130827697613,0.20193207411283082,True,True
development_2,two_day_positive_sustained_spike,4,CA_1,FOODS_3,2015-05-01,2,2533.0,4131.2428,2339.7289828049456,154.1242798603323,-167.18760428338533,399.5607,2.3387529972895114,12.708584418064554,True,True,IF-1,0.7213138305314465,0.6259497436064239,0.09536408692502263,True,True
development_2,two_day_negative_sustained_drop,2,CA_1,FOODS_3,2015-05-02,1,2836.0,2036.8786,2950.6845236938307,154.1242798603323,-167.18760428338533,399.5607,0.34065418269680176,-4.844261527690719,True,True,IF-1,0.7303166054918943,0.5968672471724831,0.13344935831941118,True,True
development_2,two_day_negative_sustained_drop,2,CA_1,FOODS_3,2015-05-03,2,3146.0,2346.8786,3028.189698668962,154.1242798603323,-167.18760428338533,399.5607,1.8491434696252194,-3.3357722407623016,True,True,IF-1,0.7310151670330377,0.5860605194810014,0.14495464755203635,True,True
development_2,two_day_negative_sustained_drop,4,CA_1,FOODS_3,2015-05-02,1,2836.0,1237.7572,2950.6845236938307,154.1242798603323,-167.18760428338533,399.5607,0.34065418269680176,-10.02917723807824,True,True,IF-1,0.7303166054918943,0.5968672471724831,0.13344935831941118,True,True
development_2,two_day_negative_sustained_drop,4,CA_1,FOODS_3,2015-05-03,2,3146.0,1547.7572,3028.189698668962,154.1242798603323,-167.18760428338533,399.5607,1.8491434696252194,-8.520687951149823,True,True,IF-1,0.7310151670330377,0.5860605194810014,0.14495464755203635,True,True
development_2,three_day_positive_sustained_spike,2,CA_1,FOODS_3,2015-05-04,1,2205.0,3004.1214,2187.164556244872,154.1242798603323,-167.18760428338533,399.5607,1.2004795623777218,6.385395272765243,True,True,IF-1,0.7180470259709048,0.5392605838750513,0.17878644209585348,True,True
development_2,three_day_positive_sustained_spike,2,CA_1,FOODS_3,2015-05-05,2,2019.0,2818.1214,1855.775985798728,154.1242798603323,-167.18760428338533,399.5607,2.143799917729229,7.328715628116751,True,True,IF-1,0.7375419410950717,0.64564093364014,0.09190100745493168,True,True
development_2,three_day_positive_sustained_spike,2,CA_1,FOODS_3,2015-05-06,3,1754.0,2553.1214,1982.9348331085023,154.1242798603323,-167.18760428338533,399.5607,-0.4006327158905309,4.784282994496992,True,True,IF-1,0.7157713314939371,0.6288367337369352,0.08693459775700196,True,True
development_2,three_day_positive_sustained_spike,4,CA_1,FOODS_3,2015-05-04,1,2205.0,3803.2428,2187.164556244872,154.1242798603323,-167.18760428338533,399.5607,1.2004795623777218,11.570310983152764,True,True,IF-1,0.7180470259709048,0.5392605838750513,0.17878644209585348,True,True
development_2,three_day_positive_sustained_spike,4,CA_1,FOODS_3,2015-05-05,2,2019.0,3617.2428,1855.775985798728,154.1242798603323,-167.18760428338533,399.5607,2.143799917729229,12.513631338504272,True,True,IF-1,0.7375419410950717,0.64564093364014,0.09190100745493168,True,True
development_2,three_day_positive_sustained_spike,4,CA_1,FOODS_3,2015-05-06,3,1754.0,3352.2428,1982.9348331085023,154.1242798603323,-167.18760428338533,399.5607,-0.4006327158905309,9.969198704884512,True,True,IF-1,0.7179539172944543,0.6288367337369352,0.08911718355751919,True,True
development_2,three_day_negative_sustained_drop,2,CA_1,FOODS_3,2015-05-07,1,1947.0,1147.8786,1980.5686431695103,154.1242798603323,-167.18760428338533,399.5607,0.8669559477258256,-4.317959762661694,True,True,IF-1,0.7152233247020531,0.5249942579858429,0.1902290667162102,True,True
development_2,three_day_negative_sustained_drop,2,CA_1,FOODS_3,2015-05-08,2,2311.0,1511.8786,2253.590910583828,154.1242798603323,-167.18760428338533,399.5607,1.457244075385702,-3.727671635001819,True,True,IF-1,0.7164191762882715,0.5516412792630555,0.16477789702521595,True,True
development_2,three_day_negative_sustained_drop,2,CA_1,FOODS_3,2015-05-09,3,2950.0,2150.8786,2883.7807429148997,154.1242798603323,-167.18760428338533,399.5607,1.5144068253230398,-3.670508885064481,True,True,IF-1,0.7298226503914225,0.5734827420988692,0.1563399082925533,True,True
development_2,three_day_negative_sustained_drop,4,CA_1,FOODS_3,2015-05-07,1,1947.0,348.7572,1980.5686431695103,154.1242798603323,-167.18760428338533,399.5607,0.8669559477258256,-9.502875473049215,True,True,IF-1,0.7152233247020531,0.5249942579858429,0.1902290667162102,True,True
development_2,three_day_negative_sustained_drop,4,CA_1,FOODS_3,2015-05-08,2,2311.0,712.7572,2253.590910583828,154.1242798603323,-167.18760428338533,399.5607,1.457244075385702,-8.91258734538934,True,True,IF-1,0.7164191762882715,0.5516412792630555,0.16477789702521595,True,True
development_2,three_day_negative_sustained_drop,4,CA_1,FOODS_3,2015-05-09,3,2950.0,1351.7572,2883.7807429148997,154.1242798603323,-167.18760428338533,399.5607,1.5144068253230398,-8.855424595452002,True,True,IF-1,0.7298226503914225,0.5734827420988692,0.1563399082925533,True,True
development_2,one_day_positive_spike,2,CA_1,HOBBIES_1,2015-05-10,1,494.0,677.8424,470.3553709073003,81.10531141948404,20.554133150188306,91.9212,0.0381047293749611,2.3048169431922587,False,True,IF-1,0.6389030302625558,0.5446751149359474,0.09422791532660835,True,False
development_2,one_day_positive_spike,4,CA_1,HOBBIES_1,2015-05-10,1,494.0,861.6848,470.3553709073003,81.10531141948404,20.554133150188306,91.9212,0.0381047293749611,4.5715291570095555,True,True,IF-1,0.7021989710507616,0.5446751149359474,0.15752385611481412,True,True
development_2,one_day_negative_drop,2,CA_1,HOBBIES_1,2015-05-11,1,586.0,402.1576,451.8682377968983,81.10531141948404,20.554133150188306,91.9212,1.400372269893393,-0.8663399439239046,False,True,IF-1,0.4579904084745596,0.5138196980164769,-0.05582928954191729,False,False
development_2,one_day_negative_drop,4,CA_1,HOBBIES_1,2015-05-11,1,586.0,218.3152,451.8682377968983,81.10531141948404,20.554133150188306,91.9212,1.400372269893393,-3.133052157741202,True,True,IF-1,0.6223619657130273,0.5138196980164769,0.1085422676965504,True,False
development_2,two_day_positive_sustained_spike,2,CA_1,HOBBIES_1,2015-05-12,1,501.0,684.8424,411.7452018234643,81.10531141948404,20.554133150188306,91.9212,0.8470550673435099,3.1137672811608073,True,True,IF-1,0.6100135904664451,0.452991448650805,0.15702214181564011,True,False
development_2,two_day_positive_sustained_spike,2,CA_1,HOBBIES_1,2015-05-13,2,487.0,670.8424,411.142585454373,81.10531141948404,20.554133150188306,91.9212,0.6818700332633596,2.948582247080657,False,True,IF-1,0.6095738261606647,0.4521557145586769,0.15741811160198776,True,False
development_2,two_day_positive_sustained_spike,4,CA_1,HOBBIES_1,2015-05-12,1,501.0,868.6848,411.7452018234643,81.10531141948404,20.554133150188306,91.9212,0.8470550673435099,5.380479494978105,True,True,IF-1,0.6765670483180798,0.452991448650805,0.2235755996672748,True,True
development_2,two_day_positive_sustained_spike,4,CA_1,HOBBIES_1,2015-05-13,2,487.0,854.6848,411.142585454373,81.10531141948404,20.554133150188306,91.9212,0.6818700332633596,5.215294460897955,True,True,IF-1,0.6830139757543144,0.4521557145586769,0.23085826119563752,True,True
development_2,two_day_negative_sustained_drop,2,CA_1,HOBBIES_1,2015-05-14,1,348.0,164.1576,411.9615649088275,81.10531141948404,20.554133150188306,91.9212,-1.0420488693014558,-3.3087610831187533,True,True,IF-1,0.6269652822921372,0.4524081435608115,0.17455713873132572,True,False
development_2,two_day_negative_sustained_drop,2,CA_1,HOBBIES_1,2015-05-15,2,523.0,339.1576,470.1758022606791,81.10531141948404,20.554133150188306,91.9212,0.3978785609024897,-1.8688336529148077,False,True,IF-1,0.5251904853577335,0.4234660663221065,0.10172441903562701,False,False
development_2,two_day_negative_sustained_drop,4,CA_1,HOBBIES_1,2015-05-14,1,348.0,0.0,411.9615649088275,81.10531141948404,20.554133150188306,91.9212,-1.0420488693014558,-5.332766627601062,True,True,IF-1,0.6723353039800221,0.4524081435608115,0.21992716041921057,True,True
development_2,two_day_negative_sustained_drop,4,CA_1,HOBBIES_1,2015-05-15,2,523.0,155.3152,470.1758022606791,81.10531141948404,20.554133150188306,91.9212,0.3978785609024897,-4.135545866732105,True,True,IF-1,0.6463298713849736,0.4234660663221065,0.22286380506286707,True,True
development_2,three_day_positive_sustained_spike,2,CA_1,HOBBIES_1,2015-05-16,1,621.0,804.8424,584.4721879533458,81.10531141948404,20.554133150188306,91.9212,0.19694984973115431,2.4636620635484516,False,True,IF-1,0.5621907866985355,0.4278355719400926,0.13435521475844292,False,False
development_2,three_day_positive_sustained_spike,2,CA_1,HOBBIES_1,2015-05-17,2,524.0,707.8424,568.9726556946351,81.10531141948404,20.554133150188306,91.9212,-0.8079222889104382,1.4587899249068592,False,True,IF-1,0.5012185312943613,0.44411954701021045,0.05709898428415089,False,False
development_2,three_day_positive_sustained_spike,2,CA_1,HOBBIES_1,2015-05-18,3,436.0,619.8424,446.6836702839059,81.10531141948404,20.554133150188306,91.9212,-0.3851511434624723,1.8815610703548251,False,True,IF-1,0.5557942823742763,0.43901245841485476,0.11678182395942155,False,False
development_2,three_day_positive_sustained_spike,4,CA_1,HOBBIES_1,2015-05-16,1,621.0,988.6848,584.4721879533458,81.10531141948404,20.554133150188306,91.9212,0.19694984973115431,4.730374277365749,True,True,IF-1,0.6550560054350416,0.4278355719400926,0.22722043349494903,True,True
development_2,three_day_positive_sustained_spike,4,CA_1,HOBBIES_1,2015-05-17,2,524.0,891.6848,568.9726556946351,81.10531141948404,20.554133150188306,91.9212,-0.8079222889104382,3.7255021387241567,True,True,IF-1,0.6262639955607969,0.44411954701021045,0.18214444855058648,True,False
development_2,three_day_positive_sustained_spike,4,CA_1,HOBBIES_1,2015-05-18,3,436.0,803.6848,446.6836702839059,81.10531141948404,20.554133150188306,91.9212,-0.3851511434624723,4.148273284172123,True,True,IF-1,0.6578072299892301,0.43901245841485476,0.21879477157437538,True,True
development_2,three_day_negative_sustained_drop,2,CA_1,HOBBIES_1,2015-05-19,1,467.0,283.1576,405.3500887857238,81.10531141948404,20.554133150188306,91.9212,0.5066965078468996,-1.7600157059703971,False,True,IF-1,0.5248498883104699,0.4279068834131269,0.09694300489734298,False,False
development_2,three_day_negative_sustained_drop,2,CA_1,HOBBIES_1,2015-05-20,2,522.0,338.1576,405.9469084619332,81.10531141948404,20.554133150188306,91.9212,1.1774686110746704,-1.089243602742627,False,True,IF-1,0.4694673448885541,0.4812199050477885,-0.011752560159234426,False,False
development_2,three_day_negative_sustained_drop,2,CA_1,HOBBIES_1,2015-05-21,3,408.0,224.1576,406.7658879163877,81.10531141948404,20.554133150188306,91.9212,-0.23820907322149507,-2.5049212870387922,False,True,IF-1,0.5782731534405254,0.4272527788414504,0.15102037459907502,False,False
development_2,three_day_negative_sustained_drop,4,CA_1,HOBBIES_1,2015-05-19,1,467.0,99.3152,405.3500887857238,81.10531141948404,20.554133150188306,91.9212,0.5066965078468996,-4.026727919787694,True,True,IF-1,0.6474506968856549,0.4279068834131269,0.21954381347252805,True,True
development_2,three_day_negative_sustained_drop,4,CA_1,HOBBIES_1,2015-05-20,2,522.0,154.3152,405.9469084619332,81.10531141948404,20.554133150188306,91.9212,1.1774686110746704,-3.3559558165599244,True,True,IF-1,0.6311208811397585,0.4812199050477885,0.14990097609197,True,False
development_2,three_day_negative_sustained_drop,4,CA_1,HOBBIES_1,2015-05-21,3,408.0,40.315200000000004,406.7658879163877,81.10531141948404,20.554133150188306,91.9212,-0.23820907322149507,-4.7716335008560895,True,True,IF-1,0.6599498987575743,0.4272527788414504,0.23269711991612385,True,True
development_2,one_day_positive_spike,2,CA_1,HOBBIES_2,2015-04-28,1,35.0,52.7912,46.294528379424776,10.83498747825522,-9.047656642867008,8.8956,-0.20737188123816702,1.4346420145513052,False,True,IF-1,0.4412673830846098,0.41940115698294367,0.02186622610166611,False,False
development_2,one_day_positive_spike,4,CA_1,HOBBIES_2,2015-04-28,1,35.0,70.5824,46.294528379424776,10.83498747825522,-9.047656642867008,8.8956,-0.20737188123816702,3.0766559103407776,True,True,IF-1,0.5021553429982025,0.41940115698294367,0.08275418601525886,False,False
development_2,one_day_negative_drop,2,CA_1,HOBBIES_2,2015-04-29,1,36.0,18.2088,46.294528379424776,10.83498747825522,-9.047656642867008,8.8956,-0.1150782812679867,-1.7570921770574586,False,True,IF-1,0.4852990013101195,0.4346325616020666,0.0506664397080529,False,False
development_2,one_day_negative_drop,4,CA_1,HOBBIES_2,2015-04-29,1,36.0,0.4176000000000002,46.294528379424776,10.83498747825522,-9.047656642867008,8.8956,-0.1150782812679867,-3.399106072846931,True,True,IF-1,0.5142582348688478,0.4346325616020666,0.07962567326678122,False,False
development_2,two_day_positive_sustained_spike,2,CA_1,HOBBIES_2,2015-04-30,1,24.0,41.7912,49.93502200364069,10.83498747825522,-9.047656642867008,8.8956,-1.558595743157526,0.08341815263194635,False,True,IF-1,0.4255751519050055,0.4648471052799822,-0.03927195337497669,False,False
development_2,two_day_positive_sustained_spike,2,CA_1,HOBBIES_2,2015-05-01,2,46.0,63.7912,57.352449760492874,10.83498747825522,-9.047656642867008,8.8956,-0.21271765401218645,1.4292962417772856,False,True,IF-1,0.47298513945683957,0.4538924042287919,0.019092735228047664,False,False
development_2,two_day_positive_sustained_spike,4,CA_1,HOBBIES_2,2015-04-30,1,24.0,59.5824,49.93502200364069,10.83498747825522,-9.047656642867008,8.8956,-1.558595743157526,1.7254320484214178,False,True,IF-1,0.46820592586769055,0.4648471052799822,0.0033588205877083666,False,False
development_2,two_day_positive_sustained_spike,4,CA_1,HOBBIES_2,2015-05-01,2,46.0,81.5824,57.352449760492874,10.83498747825522,-9.047656642867008,8.8956,-0.21271765401218645,3.0713101375667584,True,True,IF-1,0.5252342574852424,0.4538924042287919,0.07134185325645054,False,False
development_2,two_day_negative_sustained_drop,2,CA_1,HOBBIES_2,2015-05-02,1,51.0,33.2088,60.817800546458166,10.83498747825522,-9.047656642867008,8.8956,-0.07107935335751547,-1.7130932491469877,False,True,IF-1,0.512476935881473,0.47172667065158935,0.040750265229883675,False,False
development_2,two_day_negative_sustained_drop,2,CA_1,HOBBIES_2,2015-05-03,2,45.0,27.2088,58.53208048121216,10.83498747825522,-9.047656642867008,8.8956,-0.41388361983296823,-2.05589751562244,False,True,IF-1,0.5074667631202453,0.4466927765175642,0.060773986602681074,False,False
development_2,two_day_negative_sustained_drop,4,CA_1,HOBBIES_2,2015-05-02,1,51.0,15.4176,60.817800546458166,10.83498747825522,-9.047656642867008,8.8956,-0.07107935335751547,-3.355107144936459,True,True,IF-1,0.5440285592856419,0.47172667065158935,0.07230188863405251,False,False
development_2,two_day_negative_sustained_drop,4,CA_1,HOBBIES_2,2015-05-03,2,45.0,9.4176,58.53208048121216,10.83498747825522,-9.047656642867008,8.8956,-0.41388361983296823,-3.6979114114119125,True,True,IF-1,0.5261203611591303,0.4466927765175642,0.07942758464156607,False,False
development_2,three_day_positive_sustained_spike,2,CA_1,HOBBIES_2,2015-05-04,1,50.0,67.7912,47.84244340497504,10.83498747825522,-9.047656642867008,8.8956,1.0341694681585705,2.676183363948042,False,True,IF-1,0.5244467193471023,0.47362760365287193,0.050819115694230366,False,False
development_2,three_day_positive_sustained_spike,2,CA_1,HOBBIES_2,2015-05-05,2,55.0,72.7912,45.05812141425683,10.83498747825522,-9.047656642867008,8.8956,1.7526125680089941,3.3946264637984664,True,True,IF-1,0.6057734736535545,0.5806223225439712,0.025151151109583325,True,False
development_2,three_day_positive_sustained_spike,2,CA_1,HOBBIES_2,2015-05-06,3,51.0,68.7912,47.371393366480646,10.83498747825522,-9.047656642867008,8.8956,1.16993797194749,2.8119518677369624,False,True,IF-1,0.5373849098673573,0.489236331649329,0.048148578218028315,False,False
development_2,three_day_positive_sustained_spike,4,CA_1,HOBBIES_2,2015-05-04,1,50.0,85.5824,47.84244340497504,10.83498747825522,-9.047656642867008,8.8956,1.0341694681585705,4.318197259737515,True,True,IF-1,0.5472954977398191,0.47362760365287193,0.07366789408694718,False,False
development_2,three_day_positive_sustained_spike,4,CA_1,HOBBIES_2,2015-05-05,2,55.0,90.5824,45.05812141425683,10.83498747825522,-9.047656642867008,8.8956,1.7526125680089941,5.036640359587939,True,True,IF-1,0.6167393028302577,0.5806223225439712,0.036116980286286515,True,False
development_2,three_day_positive_sustained_spike,4,CA_1,HOBBIES_2,2015-05-06,3,51.0,86.5824,47.371393366480646,10.83498747825522,-9.047656642867008,8.8956,1.16993797194749,4.453965763526435,True,True,IF-1,0.5518680152769336,0.489236331649329,0.06263168362760463,False,False
development_2,three_day_negative_sustained_drop,2,CA_1,HOBBIES_2,2015-05-07,1,55.0,37.2088,47.47236621686538,10.83498747825522,-9.047656642867008,8.8956,1.5297932239669536,-0.11222067182251862,False,True,IF-1,0.4555733003802331,0.4741497736016315,-0.018576473221398437,False,False
development_2,three_day_negative_sustained_drop,2,CA_1,HOBBIES_2,2015-05-08,2,49.0,31.2088,55.05813839195747,10.83498747825522,-9.047656642867008,8.8956,0.27591340155299793,-1.3661004942364738,False,True,IF-1,0.48611182575606193,0.45537879451667296,0.030733031239388975,False,False
development_2,three_day_negative_sustained_drop,2,CA_1,HOBBIES_2,2015-05-09,3,60.0,42.2088,61.73180335854118,10.83498747825522,-9.047656642867008,8.8956,0.6752064364640978,-0.9668074593253744,False,True,IF-1,0.48405083014449335,0.4759152363623718,0.00813559378212153,False,False
development_2,three_day_negative_sustained_drop,4,CA_1,HOBBIES_2,2015-05-07,1,55.0,19.4176,47.47236621686538,10.83498747825522,-9.047656642867008,8.8956,1.5297932239669536,-1.7542345676119901,False,True,IF-1,0.5101141187462201,0.4741497736016315,0.03596434514458863,False,False
development_2,three_day_negative_sustained_drop,4,CA_1,HOBBIES_2,2015-05-08,2,49.0,13.4176,55.05813839195747,10.83498747825522,-9.047656642867008,8.8956,0.27591340155299793,-3.008114390025946,True,True,IF-1,0.5333787380036948,0.45537879451667296,0.07799994348702188,False,False
development_2,three_day_negative_sustained_drop,4,CA_1,HOBBIES_2,2015-05-09,3,60.0,24.4176,61.73180335854118,10.83498747825522,-9.047656642867008,8.8956,0.6752064364640978,-2.608821355114846,False,True,IF-1,0.5355712719105343,0.4759152363623718,0.05965603554816251,False,False
development_2,one_day_positive_spike,2,CA_1,HOUSEHOLD_1,2015-05-10,1,757.0,1081.6894,695.3166951147323,89.50719752401402,23.239631355876327,162.3447,0.42950371135323817,4.057026513783608,True,True,IF-1,0.7008526520233617,0.5542117591471478,0.14664089287621385,True,True
development_2,one_day_positive_spike,4,CA_1,HOUSEHOLD_1,2015-05-10,1,757.0,1406.3788,695.3166951147323,89.50719752401402,23.239631355876327,162.3447,0.42950371135323817,7.684549316213977,True,True,IF-1,0.723526321228707,0.5542117591471478,0.16931456208155915,True,True
development_2,one_day_negative_drop,2,CA_1,HOUSEHOLD_1,2015-05-11,1,655.0,330.3106,670.5254769451439,89.50719752401402,23.239631355876327,162.3447,-0.4330948725170379,-4.060617674947408,True,True,IF-1,0.6565878805855198,0.4520634427878512,0.20452443779766855,True,True
development_2,one_day_negative_drop,4,CA_1,HOUSEHOLD_1,2015-05-11,1,655.0,5.621200000000044,670.5254769451439,89.50719752401402,23.239631355876327,162.3447,-0.4330948725170379,-7.688140477377777,True,True,IF-1,0.694403939312941,0.4520634427878512,0.24234049652508977,True,True
development_2,two_day_positive_sustained_spike,2,CA_1,HOUSEHOLD_1,2015-05-12,1,649.0,973.6894,595.4944578847703,89.50719752401402,23.239631355876327,162.3447,0.3381394077412966,3.9656622101716663,True,True,IF-1,0.6591061342413755,0.43229510055145914,0.2268110336899164,True,True
development_2,two_day_positive_sustained_spike,2,CA_1,HOUSEHOLD_1,2015-05-13,2,616.0,940.6894,591.7314323431104,89.50719752401402,23.239631355876327,162.3447,0.011495570518082383,3.639018372948452,True,True,IF-1,0.656153660237089,0.43851161837646535,0.21764204186062364,True,True
development_2,two_day_positive_sustained_spike,4,CA_1,HOUSEHOLD_1,2015-05-12,1,649.0,1298.3788,595.4944578847703,89.50719752401402,23.239631355876327,162.3447,0.3381394077412966,7.593185012602036,True,True,IF-1,0.6878651888184534,0.43229510055145914,0.25557008826699423,True,True
development_2,two_day_positive_sustained_spike,4,CA_1,HOUSEHOLD_1,2015-05-13,2,616.0,1265.3788,591.7314323431104,89.50719752401402,23.239631355876327,162.3447,0.011495570518082383,7.266541175378822,True,True,IF-1,0.6946311059327925,0.43851161837646535,0.2561194875563272,True,True
development_2,two_day_negative_sustained_drop,2,CA_1,HOUSEHOLD_1,2015-05-14,1,537.0,212.31060000000002,589.5660048092961,89.50719752401402,23.239631355876327,162.3447,-0.8469222393521423,-4.474445041782512,True,True,IF-1,0.6664227566757548,0.4472029179472438,0.21921983872851097,True,True
development_2,two_day_negative_sustained_drop,2,CA_1,HOUSEHOLD_1,2015-05-15,2,670.0,345.3106,697.3895948523066,89.50719752401402,23.239631355876327,162.3447,-0.5656441896150252,-4.193166992045395,True,True,IF-1,0.6550345546878423,0.43067448567177313,0.2243600690160692,True,True
development_2,two_day_negative_sustained_drop,4,CA_1,HOUSEHOLD_1,2015-05-14,1,537.0,0.0,589.5660048092961,89.50719752401402,23.239631355876327,162.3447,-0.8469222393521423,-6.84643976257621,True,True,IF-1,0.6853537997856685,0.4472029179472438,0.23815088183842464,True,True
development_2,two_day_negative_sustained_drop,4,CA_1,HOUSEHOLD_1,2015-05-15,2,670.0,20.621200000000044,697.3895948523066,89.50719752401402,23.239631355876327,162.3447,-0.5656441896150252,-7.820689794475765,True,True,IF-1,0.6864847810126511,0.43067448567177313,0.25581029534087796,True,True
development_2,three_day_positive_sustained_spike,2,CA_1,HOUSEHOLD_1,2015-05-16,1,950.0,1274.6894,880.509419054725,89.50719752401402,23.239631355876327,162.3447,0.5167288315220682,4.144251633952438,True,True,IF-1,0.6559421979927795,0.4485327828031864,0.2074094151895931,True,True
development_2,three_day_positive_sustained_spike,2,CA_1,HOUSEHOLD_1,2015-05-17,2,974.0,1298.6894,919.00550059002,89.50719752401402,23.239631355876327,162.3447,0.3547744643170635,3.982297266747433,True,True,IF-1,0.6581847207623247,0.4512337364603203,0.20695098430200443,True,True
development_2,three_day_positive_sustained_spike,2,CA_1,HOUSEHOLD_1,2015-05-18,3,779.0,1103.6894,663.5719355531514,89.50719752401402,23.239631355876327,162.3447,1.0299555302939618,4.657478332724332,True,True,IF-1,0.6825730465958896,0.498927680359461,0.18364536623642858,True,True
development_2,three_day_positive_sustained_spike,4,CA_1,HOUSEHOLD_1,2015-05-16,1,950.0,1599.3788,880.509419054725,89.50719752401402,23.239631355876327,162.3447,0.5167288315220682,7.771774436382808,True,True,IF-1,0.6882373348487104,0.4485327828031864,0.239704552045524,True,True
development_2,three_day_positive_sustained_spike,4,CA_1,HOUSEHOLD_1,2015-05-17,2,974.0,1623.3788,919.00550059002,89.50719752401402,23.239631355876327,162.3447,0.3547744643170635,7.609820069177803,True,True,IF-1,0.6896808548021519,0.4512337364603203,0.23844711834183163,True,True
development_2,three_day_positive_sustained_spike,4,CA_1,HOUSEHOLD_1,2015-05-18,3,779.0,1428.3788,663.5719355531514,89.50719752401402,23.239631355876327,162.3447,1.0299555302939618,8.285001135154701,True,True,IF-1,0.69809802019903,0.498927680359461,0.199170339839569,True,True
development_2,three_day_negative_sustained_drop,2,CA_1,HOUSEHOLD_1,2015-05-19,1,564.0,239.31060000000002,588.5409164927779,89.50719752401402,23.239631355876327,162.3447,-0.5338179405721548,-4.161340743002524,True,True,IF-1,0.6548573868661377,0.4258066232853187,0.229050763580819,True,True
development_2,three_day_negative_sustained_drop,2,CA_1,HOUSEHOLD_1,2015-05-20,2,609.0,284.3106,585.3805073202093,89.50719752401402,23.239631355876327,162.3447,0.004243919309533401,-3.6232788831208365,True,True,IF-1,0.653402843273878,0.43691998144343164,0.21648286183044635,True,True
development_2,three_day_negative_sustained_drop,2,CA_1,HOUSEHOLD_1,2015-05-21,3,583.0,258.3106,583.215079786395,89.50719752401402,23.239631355876327,162.3447,-0.26204273836166775,-3.8895655407920375,True,True,IF-1,0.6519959373957415,0.43396546953206067,0.2180304678636808,True,True
development_2,three_day_negative_sustained_drop,4,CA_1,HOUSEHOLD_1,2015-05-19,1,564.0,0.0,588.5409164927779,89.50719752401402,23.239631355876327,162.3447,-0.5338179405721548,-6.834987182841008,True,True,IF-1,0.6841270965879371,0.4258066232853187,0.2583204733026184,True,True
development_2,three_day_negative_sustained_drop,4,CA_1,HOUSEHOLD_1,2015-05-20,2,609.0,0.0,585.3805073202093,89.50719752401402,23.239631355876327,162.3447,0.004243919309533401,-6.799678188033963,True,True,IF-1,0.6897000197649934,0.43691998144343164,0.25278003832156176,True,True
development_2,three_day_negative_sustained_drop,4,CA_1,HOUSEHOLD_1,2015-05-21,3,583.0,0.0,583.215079786395,89.50719752401402,23.239631355876327,162.3447,-0.26204273836166775,-6.775485412550926,True,True,IF-1,0.6846586011138931,0.43396546953206067,0.25069313158183243,True,True
development_2,one_day_positive_spike,2,CA_1,HOUSEHOLD_2,2015-04-28,1,221.0,295.13,198.13988295907643,31.521097558322186,21.430435968650087,37.065,0.045356322686042325,2.3971145336062145,False,True,IF-1,0.504316532002358,0.41206885426778145,0.0922476777345766,False,False
development_2,one_day_positive_spike,4,CA_1,HOUSEHOLD_2,2015-04-28,1,221.0,369.26,198.13988295907643,31.521097558322186,21.430435968650087,37.065,0.045356322686042325,4.748872744526387,True,True,IF-1,0.5796539264199425,0.41206885426778145,0.16758507215216106,False,False
development_2,one_day_negative_drop,2,CA_1,HOUSEHOLD_2,2015-04-29,1,165.0,90.87,198.13988295907643,31.521097558322186,21.430435968650087,37.065,-1.7312315609174873,-4.08298977183766,True,True,IF-1,0.5368525596749963,0.4789032953154941,0.05794926435950226,False,False
development_2,one_day_negative_drop,4,CA_1,HOUSEHOLD_2,2015-04-29,1,165.0,16.74000000000001,198.13988295907643,31.521097558322186,21.430435968650087,37.065,-1.7312315609174873,-6.434747982757832,True,True,IF-1,0.5915747698809738,0.4789032953154941,0.11267147456547971,False,False
development_2,two_day_positive_sustained_spike,2,CA_1,HOUSEHOLD_2,2015-04-30,1,182.0,256.13,203.79024328656365,31.521097558322186,21.430435968650087,37.065,-1.3711666979629848,0.9805915129571874,False,True,IF-1,0.4342017530409807,0.44856915136446623,-0.014367398323485547,False,False
development_2,two_day_positive_sustained_spike,2,CA_1,HOUSEHOLD_2,2015-05-01,2,238.0,312.13,261.7339730704504,31.521097558322186,21.430435968650087,37.065,-1.4328311048032087,0.9189271061169635,False,True,IF-1,0.4552583387488029,0.4767366768525223,-0.021478338103719408,False,False
development_2,two_day_positive_sustained_spike,4,CA_1,HOUSEHOLD_2,2015-04-30,1,182.0,330.26,203.79024328656365,31.521097558322186,21.430435968650087,37.065,-1.3711666979629848,3.3323497238773596,True,True,IF-1,0.5428054959107113,0.44856915136446623,0.09423634454624502,False,False
development_2,two_day_positive_sustained_spike,4,CA_1,HOUSEHOLD_2,2015-05-01,2,238.0,386.26,261.7339730704504,31.521097558322186,21.430435968650087,37.065,-1.4328311048032087,3.270685317037136,True,True,IF-1,0.5584495425548007,0.4767366768525223,0.08171286570227843,False,False
development_2,two_day_negative_sustained_drop,2,CA_1,HOUSEHOLD_2,2015-05-02,1,290.0,215.87,302.411215626781,31.521097558322186,21.430435968650087,37.065,-1.0736190747424086,-3.425377285662581,True,True,IF-1,0.5553418310611573,0.4759353539138975,0.07940647714725979,False,False
development_2,two_day_negative_sustained_drop,2,CA_1,HOUSEHOLD_2,2015-05-03,2,359.0,284.87,304.8064718385462,31.521097558322186,21.430435968650087,37.065,1.0394020110557227,-1.3123561998644495,False,True,IF-1,0.45634638291640867,0.4432720056139644,0.013074377302444262,False,False
development_2,two_day_negative_sustained_drop,4,CA_1,HOUSEHOLD_2,2015-05-02,1,290.0,141.74,302.411215626781,31.521097558322186,21.430435968650087,37.065,-1.0736190747424086,-5.777135496582754,True,True,IF-1,0.6027478601522216,0.4759353539138975,0.12681250623832407,True,False
development_2,two_day_negative_sustained_drop,4,CA_1,HOUSEHOLD_2,2015-05-03,2,359.0,210.74,304.8064718385462,31.521097558322186,21.430435968650087,37.065,1.0394020110557227,-3.664114410784622,True,True,IF-1,0.5451673539896412,0.4432720056139644,0.10189534837567682,False,False
development_2,three_day_positive_sustained_spike,2,CA_1,HOUSEHOLD_2,2015-05-04,1,212.0,286.13,204.92339430993923,31.521097558322186,21.430435968650087,37.065,-0.45537215993291613,1.896386050987257,False,True,IF-1,0.5088833872037247,0.4430654206645361,0.06581796653918864,False,False
development_2,three_day_positive_sustained_spike,2,CA_1,HOUSEHOLD_2,2015-05-05,2,194.0,268.13,197.13615565076103,31.521097558322186,21.430435968650087,37.065,-0.7793698037943179,1.5723884071258545,False,True,IF-1,0.5742701745845276,0.5452914527631655,0.028978721821362075,False,False
development_2,three_day_positive_sustained_spike,2,CA_1,HOUSEHOLD_2,2015-05-06,3,198.0,272.13,200.39002732866996,31.521097558322186,21.430435968650087,37.065,-0.7556990442114532,1.5960591667087192,False,True,IF-1,0.5013052332502543,0.47905703555351775,0.022248197696736582,False,False
development_2,three_day_positive_sustained_spike,4,CA_1,HOUSEHOLD_2,2015-05-04,1,212.0,360.26,204.92339430993923,31.521097558322186,21.430435968650087,37.065,-0.45537215993291613,4.248144261907429,True,True,IF-1,0.5913850205887088,0.4430654206645361,0.1483195999241727,False,False
development_2,three_day_positive_sustained_spike,4,CA_1,HOUSEHOLD_2,2015-05-05,2,194.0,342.26,197.13615565076103,31.521097558322186,21.430435968650087,37.065,-0.7793698037943179,3.9241466180460267,True,True,IF-1,0.6414627002431535,0.5452914527631655,0.09617124747998806,True,False
development_2,three_day_positive_sustained_spike,4,CA_1,HOUSEHOLD_2,2015-05-06,3,198.0,346.26,200.39002732866996,31.521097558322186,21.430435968650087,37.065,-0.7556990442114532,3.9478173776288914,True,True,IF-1,0.5929302125451656,0.47905703555351775,0.1138731769916479,False,False
development_2,three_day_negative_sustained_drop,2,CA_1,HOUSEHOLD_2,2015-05-07,1,190.0,115.87,202.500866882326,31.521097558322186,21.430435968650087,37.065,-1.0764632414272501,-3.4282214523474224,True,True,IF-1,0.5506490021911764,0.4640439068846573,0.08660509530651911,False,False
development_2,three_day_negative_sustained_drop,2,CA_1,HOUSEHOLD_2,2015-05-08,2,243.0,168.87,248.0385750095059,31.521097558322186,21.430435968650087,37.065,-0.8397236463350134,-3.1914818572551855,True,True,IF-1,0.5427230052901073,0.45747410250308534,0.08524890278702196,False,False
development_2,three_day_negative_sustained_drop,2,CA_1,HOUSEHOLD_2,2015-05-09,3,287.0,212.87,291.11546790564574,31.521097558322186,21.430435968650087,37.065,-0.8104382731924007,-3.162196484112573,True,True,IF-1,0.5456157764963263,0.4699719832044208,0.07564379329190551,False,False
development_2,three_day_negative_sustained_drop,4,CA_1,HOUSEHOLD_2,2015-05-07,1,190.0,41.74000000000001,202.500866882326,31.521097558322186,21.430435968650087,37.065,-1.0764632414272501,-5.779979663267595,True,True,IF-1,0.6023015115039859,0.4640439068846573,0.13825760461932862,True,False
development_2,three_day_negative_sustained_drop,4,CA_1,HOUSEHOLD_2,2015-05-08,2,243.0,94.74000000000001,248.0385750095059,31.521097558322186,21.430435968650087,37.065,-0.8397236463350134,-5.543240068175359,True,True,IF-1,0.6001501961544043,0.45747410250308534,0.142676093651319,True,False
development_2,three_day_negative_sustained_drop,4,CA_1,HOUSEHOLD_2,2015-05-09,3,287.0,138.74,291.11546790564574,31.521097558322186,21.430435968650087,37.065,-0.8104382731924007,-5.513954695032746,True,True,IF-1,0.6001833388761422,0.4699719832044208,0.13021135567172137,True,False
development_2,one_day_positive_spike,2,CA_2,FOODS_1,2015-05-10,1,267.0,398.95140000000004,284.592118927264,58.166015615257926,-30.39576318826235,65.9757,0.22012242244146007,2.4886532579176133,False,True,IF-1,0.5973710761843407,0.550855922645966,0.046515153538374765,True,False
development_2,one_day_positive_spike,4,CA_2,FOODS_1,2015-05-10,1,267.0,530.9028000000001,284.592118927264,58.166015615257926,-30.39576318826235,65.9757,0.22012242244146007,4.757184093393766,True,True,IF-1,0.6708899618491254,0.550855922645966,0.12003403920315947,True,True
development_2,one_day_negative_drop,2,CA_2,FOODS_1,2015-05-11,1,285.0,153.0486,247.14596825389305,58.166015615257926,-30.39576318826235,65.9757,1.1733620433245944,-1.0951687921515583,False,True,IF-1,0.48955642961379353,0.4514234606530089,0.03813296896078461,False,False
development_2,one_day_negative_drop,4,CA_2,FOODS_1,2015-05-11,1,285.0,21.097199999999987,247.14596825389305,58.166015615257926,-30.39576318826235,65.9757,1.1733620433245944,-3.363699627627711,True,True,IF-1,0.6167980925727621,0.4514234606530089,0.16537463191975316,True,False
development_2,two_day_positive_sustained_spike,2,CA_2,FOODS_1,2015-05-12,1,158.0,289.95140000000004,247.7104345975558,58.166015615257926,-30.39576318826235,65.9757,-1.019747885116171,1.248782950359982,False,True,IF-1,0.4315665265190684,0.4724361048685149,-0.04086957834944649,False,False
development_2,two_day_positive_sustained_spike,2,CA_2,FOODS_1,2015-05-13,2,207.0,338.95140000000004,247.7104345975558,58.166015615257926,-30.39576318826235,65.9757,-0.17733157927681298,2.09119925619934,False,True,IF-1,0.4951519149901146,0.4381533780896555,0.05699853690045914,False,False
development_2,two_day_positive_sustained_spike,4,CA_2,FOODS_1,2015-05-12,1,158.0,421.9028,247.7104345975558,58.166015615257926,-30.39576318826235,65.9757,-1.019747885116171,3.517313785836134,True,True,IF-1,0.5737609932712211,0.4724361048685149,0.1013248884027062,False,False
development_2,two_day_positive_sustained_spike,4,CA_2,FOODS_1,2015-05-13,2,207.0,470.9028,247.7104345975558,58.166015615257926,-30.39576318826235,65.9757,-0.17733157927681298,4.359730091675492,True,True,IF-1,0.6083150705157527,0.4381533780896555,0.17016169242609724,True,False
development_2,two_day_negative_sustained_drop,2,CA_2,FOODS_1,2015-05-14,1,221.0,89.0486,248.7171369290249,58.166015615257926,-30.39576318826235,65.9757,0.04605139669451316,-2.2224794387816402,False,True,IF-1,0.5610745863836654,0.4144328207585229,0.14664176562514247,False,False
development_2,two_day_negative_sustained_drop,2,CA_2,FOODS_1,2015-05-15,2,392.0,260.04859999999996,291.19156544870634,58.166015615257926,-30.39576318826235,65.9757,2.2556848075586413,-0.012846027917511736,False,True,IF-1,0.41612940930592585,0.48709350351049363,-0.07096409420456778,False,False
development_2,two_day_negative_sustained_drop,4,CA_2,FOODS_1,2015-05-14,1,221.0,0.0,248.7171369290249,58.166015615257926,-30.39576318826235,65.9757,0.04605139669451316,-3.7534180643360617,True,True,IF-1,0.6285395356365864,0.4144328207585229,0.2141067148780635,True,False
development_2,two_day_negative_sustained_drop,4,CA_2,FOODS_1,2015-05-15,2,392.0,128.0972,291.19156544870634,58.166015615257926,-30.39576318826235,65.9757,2.2556848075586413,-2.281376863393664,False,True,IF-1,0.5562386565646901,0.48709350351049363,0.06914515305419644,False,False
development_2,three_day_positive_sustained_spike,2,CA_2,FOODS_1,2015-05-16,1,432.0,563.9514,357.7995419460718,58.166015615257926,-30.39576318826235,65.9757,1.7982359653796396,4.066766800855793,True,True,IF-1,0.5781437232177998,0.4513499988259656,0.12679372439183423,False,False
development_2,three_day_positive_sustained_spike,2,CA_2,FOODS_1,2015-05-17,2,326.0,457.95140000000004,323.4745924884024,58.166015615257926,-30.39576318826235,65.9757,0.5659863470384275,2.8345171825145807,False,True,IF-1,0.5304340241153381,0.4323929571767539,0.09804106693858422,False,False
development_2,three_day_positive_sustained_spike,2,CA_2,FOODS_1,2015-05-18,3,206.0,337.95140000000004,246.25694281764515,58.166015615257926,-30.39576318826235,65.9757,-0.16953507172659166,2.0989957637495613,False,True,IF-1,0.502430577205466,0.4428563395387297,0.05957423766673631,False,False
development_2,three_day_positive_sustained_spike,4,CA_2,FOODS_1,2015-05-16,1,432.0,695.9028000000001,357.7995419460718,58.166015615257926,-30.39576318826235,65.9757,1.7982359653796396,6.335297636331945,True,True,IF-1,0.6308175231904124,0.4513499988259656,0.1794675243644468,True,False
development_2,three_day_positive_sustained_spike,4,CA_2,FOODS_1,2015-05-17,2,326.0,589.9028000000001,323.4745924884024,58.166015615257926,-30.39576318826235,65.9757,0.5659863470384275,5.1030480179907345,True,True,IF-1,0.6164782335180344,0.4323929571767539,0.18408527634128052,True,False
development_2,three_day_positive_sustained_spike,4,CA_2,FOODS_1,2015-05-18,3,206.0,469.9028,246.25694281764515,58.166015615257926,-30.39576318826235,65.9757,-0.16953507172659166,4.367526599225713,True,True,IF-1,0.6167234862795564,0.4428563395387297,0.1738671467408267,True,False
development_2,three_day_negative_sustained_drop,2,CA_2,FOODS_1,2015-05-19,1,263.0,131.0486,247.15450399803407,58.166015615257926,-30.39576318826235,65.9757,0.7949875662120892,-1.4735432692640635,False,True,IF-1,0.5081427055426384,0.42106450766685083,0.08707819787578758,False,False
development_2,three_day_negative_sustained_drop,2,CA_2,FOODS_1,2015-05-20,2,279.0,147.0486,247.15450399803407,58.166015615257926,-30.39576318826235,65.9757,1.0700622783229001,-1.1984685571532527,False,True,IF-1,0.4975597385158859,0.44079879277328154,0.056760945742604374,False,False
development_2,three_day_negative_sustained_drop,2,CA_2,FOODS_1,2015-05-21,3,333.0,201.0486,248.16120632950313,58.166015615257926,-30.39576318826235,65.9757,1.9811320345712533,-0.2873988009048995,False,True,IF-1,0.4299912963047656,0.4794653460352295,-0.049474049730463876,False,False
development_2,three_day_negative_sustained_drop,4,CA_2,FOODS_1,2015-05-19,1,263.0,0.0,247.15450399803407,58.166015615257926,-30.39576318826235,65.9757,0.7949875662120892,-3.7265530141093635,True,True,IF-1,0.6236120588635925,0.42106450766685083,0.20254755119674167,True,False
development_2,three_day_negative_sustained_drop,4,CA_2,FOODS_1,2015-05-20,2,279.0,15.097199999999987,247.15450399803407,58.166015615257926,-30.39576318826235,65.9757,1.0700622783229001,-3.4669993926294054,True,True,IF-1,0.6238533985728859,0.44079879277328154,0.18305460579960436,True,False
development_2,three_day_negative_sustained_drop,4,CA_2,FOODS_1,2015-05-21,3,333.0,69.09719999999999,248.16120632950313,58.166015615257926,-30.39576318826235,65.9757,1.9811320345712533,-2.555929636381052,False,True,IF-1,0.5786211824096301,0.4794653460352295,0.09915583637440062,False,False
development_2,one_day_positive_spike,2,CA_2,FOODS_2,2015-04-28,1,139.0,179.0302,97.05011095419374,15.638457611412955,-28.259439582196656,20.0151,4.489530257559678,7.049258396656078,True,True,IF-1,0.5434110210085538,0.5171829766384872,0.02622804437006654,False,False
development_2,one_day_positive_spike,4,CA_2,FOODS_2,2015-04-28,1,139.0,219.06040000000002,97.05011095419374,15.638457611412955,-28.259439582196656,20.0151,4.489530257559678,9.608986535752477,True,True,IF-1,0.5632942802219829,0.5171829766384872,0.04611130358349569,False,False
development_2,one_day_negative_drop,2,CA_2,FOODS_2,2015-04-29,1,111.0,70.96979999999999,96.0846035577264,15.638457611412955,-28.259439582196656,20.0151,2.7608116540189505,0.2010835149225519,False,False,IF-1,0.4409760384570902,0.5037279505992409,-0.0627519121421507,False,False
development_2,one_day_negative_drop,4,CA_2,FOODS_2,2015-04-29,1,111.0,30.9396,96.0846035577264,15.638457611412955,-28.259439582196656,20.0151,2.7608116540189505,-2.358644624173847,False,True,IF-1,0.5149421847172568,0.5037279505992409,0.01121423411801592,False,False
development_2,two_day_positive_sustained_spike,2,CA_2,FOODS_2,2015-04-30,1,94.0,134.0302,95.84021276640662,15.638457611412955,-28.259439582196656,20.0151,1.6893754788521642,4.249103617948564,True,True,IF-1,0.5137696748531022,0.46652727942142164,0.04724239543168057,False,False
development_2,two_day_positive_sustained_spike,2,CA_2,FOODS_2,2015-05-01,2,112.0,152.0302,118.20501004409144,15.638457611412955,-28.259439582196656,20.0151,1.4102688440329223,3.969996983129323,True,True,IF-1,0.5247729316645215,0.4702245660540676,0.05454836561045395,False,False
development_2,two_day_positive_sustained_spike,4,CA_2,FOODS_2,2015-04-30,1,94.0,174.06040000000002,95.84021276640662,15.638457611412955,-28.259439582196656,20.0151,1.6893754788521642,6.808831757044964,True,True,IF-1,0.5371689048421434,0.46652727942142164,0.07064162542072178,False,False
development_2,two_day_positive_sustained_spike,4,CA_2,FOODS_2,2015-05-01,2,112.0,192.06040000000002,118.20501004409144,15.638457611412955,-28.259439582196656,20.0151,1.4102688440329223,6.529725122225722,True,True,IF-1,0.5490500901298494,0.4702245660540676,0.0788255240757818,False,False
development_2,two_day_negative_sustained_drop,2,CA_2,FOODS_2,2015-05-02,1,125.0,84.96979999999999,137.61706837797607,15.638457611412955,-28.259439582196656,20.0151,1.0002502543987954,-1.559477884697604,False,True,IF-1,0.5123525098346811,0.47554738613439107,0.03680512370028999,False,False
development_2,two_day_negative_sustained_drop,2,CA_2,FOODS_2,2015-05-03,2,188.0,147.9698,146.48980626177772,15.638457611412955,-28.259439582196656,20.0151,4.4614139740674315,1.9016858349710317,False,False,IF-1,0.48465346964294115,0.5266310836806655,-0.04197761403772432,False,False
development_2,two_day_negative_sustained_drop,4,CA_2,FOODS_2,2015-05-02,1,125.0,44.9396,137.61706837797607,15.638457611412955,-28.259439582196656,20.0151,1.0002502543987954,-4.1192060237940025,True,True,IF-1,0.5683464678190643,0.47554738613439107,0.09279908168467321,False,False
development_2,two_day_negative_sustained_drop,4,CA_2,FOODS_2,2015-05-03,2,188.0,107.9396,146.48980626177772,15.638457611412955,-28.259439582196656,20.0151,4.4614139740674315,-0.6580423041253668,False,True,IF-1,0.45254062734160516,0.5266310836806655,-0.0740904563390603,False,False
development_2,three_day_positive_sustained_spike,2,CA_2,FOODS_2,2015-05-04,1,96.0,136.0302,105.7965348612616,15.638457611412955,-28.259439582196656,20.0151,1.1806090587514726,3.740337197847872,True,True,IF-1,0.5391258012678087,0.46667275258681806,0.07245304868099067,False,False
development_2,three_day_positive_sustained_spike,2,CA_2,FOODS_2,2015-05-05,2,135.0,175.0302,103.42024126179918,15.638457611412955,-28.259439582196656,20.0151,3.8264130521878834,6.386141191284283,True,True,IF-1,0.6239796120028214,0.6117310155369746,0.01224859646584675,True,False
development_2,three_day_positive_sustained_spike,2,CA_2,FOODS_2,2015-05-06,3,77.0,117.03020000000001,102.51698622971492,15.638457611412955,-28.259439582196656,20.0151,0.175365974102221,2.7350941131986213,False,True,IF-1,0.5328369293307096,0.4776490387337654,0.05518789059694418,False,False
development_2,three_day_positive_sustained_spike,4,CA_2,FOODS_2,2015-05-04,1,96.0,176.06040000000002,105.7965348612616,15.638457611412955,-28.259439582196656,20.0151,1.1806090587514726,6.3000653369442725,True,True,IF-1,0.5578840805404292,0.46667275258681806,0.09121132795361109,False,False
development_2,three_day_positive_sustained_spike,4,CA_2,FOODS_2,2015-05-05,2,135.0,215.06040000000002,103.42024126179918,15.638457611412955,-28.259439582196656,20.0151,3.8264130521878834,8.945869330380683,True,True,IF-1,0.6353350184765265,0.6117310155369746,0.023604002939551894,True,False
development_2,three_day_positive_sustained_spike,4,CA_2,FOODS_2,2015-05-06,3,77.0,157.06040000000002,102.51698622971492,15.638457611412955,-28.259439582196656,20.0151,0.175365974102221,5.29482225229502,True,True,IF-1,0.5599652900602307,0.4776490387337654,0.08231625132646525,False,False
development_2,three_day_negative_sustained_drop,2,CA_2,FOODS_2,2015-05-07,1,84.0,43.9698,102.70567624249207,15.638457611412955,-28.259439582196656,20.0151,0.6109146807887387,-1.9488134583076595,False,True,IF-1,0.529538700914765,0.45980314922728294,0.06973555168748202,False,False
development_2,three_day_negative_sustained_drop,2,CA_2,FOODS_2,2015-05-08,2,83.0,42.9698,116.47789779775188,15.638457611412955,-28.259439582196656,20.0151,-0.3336939195171517,-2.89342205861355,False,True,IF-1,0.5404177676199348,0.4594278909043252,0.08098987671560959,False,False
development_2,three_day_negative_sustained_drop,2,CA_2,FOODS_2,2015-05-09,3,94.0,53.9698,139.68510772922647,15.638457611412955,-28.259439582196656,20.0151,-1.1142830437646585,-3.674011182861058,True,True,IF-1,0.56290358460377,0.49676419440273717,0.06613939020103282,False,False
development_2,three_day_negative_sustained_drop,4,CA_2,FOODS_2,2015-05-07,1,84.0,3.9395999999999987,102.70567624249207,15.638457611412955,-28.259439582196656,20.0151,0.6109146807887387,-4.508541597404058,True,True,IF-1,0.5626469148821648,0.45980314922728294,0.10284376565488185,False,False
development_2,three_day_negative_sustained_drop,4,CA_2,FOODS_2,2015-05-08,2,83.0,2.9395999999999987,116.47789779775188,15.638457611412955,-28.259439582196656,20.0151,-0.3336939195171517,-5.453150197709951,True,True,IF-1,0.5691765919459054,0.4594278909043252,0.10974870104158024,False,False
development_2,three_day_negative_sustained_drop,4,CA_2,FOODS_2,2015-05-09,3,94.0,13.939599999999999,139.68510772922647,15.638457611412955,-28.259439582196656,20.0151,-1.1142830437646585,-6.233739321957456,True,True,IF-1,0.5853739116099304,0.49676419440273717,0.08860971720719318,False,False
development_2,one_day_positive_spike,2,CA_2,FOODS_3,2015-05-10,1,883.0,1265.5108,870.2608510400776,155.6170221309546,-157.65738568322234,191.25539999999998,1.0949736237707526,3.5530003535080055,True,True,IF-1,0.7008526520233617,0.5717397389585663,0.12911291306479533,True,True
development_2,one_day_positive_spike,4,CA_2,FOODS_3,2015-05-10,1,883.0,1648.0216,870.2608510400776,155.6170221309546,-157.65738568322234,191.25539999999998,1.0949736237707526,6.011027083245258,True,True,IF-1,0.7249963966960186,0.5717397389585663,0.15325665773745223,True,True
development_2,one_day_negative_drop,2,CA_2,FOODS_3,2015-05-11,1,876.0,493.48920000000004,788.653594562265,155.6170221309546,-157.65738568322234,191.25539999999998,1.5744022586088438,-0.8836244711284084,False,True,IF-1,0.6248186087176699,0.5012802494548818,0.12353835926278811,True,False
development_2,one_day_negative_drop,4,CA_2,FOODS_3,2015-05-11,1,876.0,110.97840000000008,788.653594562265,155.6170221309546,-157.65738568322234,191.25539999999998,1.5744022586088438,-3.341651200865661,True,True,IF-1,0.6950603766500428,0.5012802494548818,0.19378012719516102,True,True
development_2,two_day_positive_sustained_spike,2,CA_2,FOODS_3,2015-05-12,1,784.0,1166.5108,765.0272494878595,155.6170221309546,-157.65738568322234,191.25539999999998,1.1350309482642926,3.5930576780015455,True,True,IF-1,0.6634645557802734,0.45025933452470224,0.21320522125557118,True,True
development_2,two_day_positive_sustained_spike,2,CA_2,FOODS_3,2015-05-13,2,841.0,1223.5108,765.0272494878595,155.6170221309546,-157.65738568322234,191.25539999999998,1.501314785465813,3.959341515203066,True,True,IF-1,0.683901131265237,0.4854765050412065,0.1984246262240305,True,True
development_2,two_day_positive_sustained_spike,4,CA_2,FOODS_3,2015-05-12,1,784.0,1549.0216,765.0272494878595,155.6170221309546,-157.65738568322234,191.25539999999998,1.1350309482642926,6.051084407738798,True,True,IF-1,0.6920940904188931,0.45025933452470224,0.2418347558941909,True,True
development_2,two_day_positive_sustained_spike,4,CA_2,FOODS_3,2015-05-13,2,841.0,1606.0216,765.0272494878595,155.6170221309546,-157.65738568322234,191.25539999999998,1.501314785465813,6.417368244940318,True,True,IF-1,0.6975014027423507,0.4854765050412065,0.21202489770114424,True,True
development_2,two_day_negative_sustained_drop,2,CA_2,FOODS_3,2015-05-14,1,688.0,305.48920000000004,764.8585985113567,155.6170221309546,-157.65738568322234,191.25539999999998,0.5192156106410515,-1.9388111190962007,False,True,IF-1,0.673603048298681,0.4589106485576291,0.21469239974105192,True,True
development_2,two_day_negative_sustained_drop,2,CA_2,FOODS_3,2015-05-15,2,976.0,593.4892,918.6272135343186,155.6170221309546,-157.65738568322234,191.25539999999998,1.3817908169965616,-1.076235912740691,False,True,IF-1,0.6190779010581818,0.46203083424346136,0.15704706681472047,True,False
development_2,two_day_negative_sustained_drop,4,CA_2,FOODS_3,2015-05-14,1,688.0,0.0,764.8585985113567,155.6170221309546,-157.65738568322234,191.25539999999998,0.5192156106410515,-3.901894564703618,True,True,IF-1,0.6904539383993054,0.4589106485576291,0.23154328984167627,True,True
development_2,two_day_negative_sustained_drop,4,CA_2,FOODS_3,2015-05-15,2,976.0,210.97840000000008,918.6272135343186,155.6170221309546,-157.65738568322234,191.25539999999998,1.3817908169965616,-3.5342626424779433,True,True,IF-1,0.6903261162672126,0.46203083424346136,0.22829528202375127,True,True
development_2,three_day_positive_sustained_spike,2,CA_2,FOODS_3,2015-05-16,1,1138.0,1520.5108,1107.588185605494,155.6170221309546,-157.65738568322234,191.25539999999998,1.2085387414717699,3.6665654712090228,True,True,IF-1,0.6621171512806259,0.47032324784445106,0.1917939034361748,True,True
development_2,three_day_positive_sustained_spike,2,CA_2,FOODS_3,2015-05-17,2,1102.0,1484.5108,1109.1135775728033,155.6170221309546,-157.65738568322234,191.25539999999998,0.9673993631862052,3.425426092923458,True,True,IF-1,0.6454136418446978,0.47731256384050313,0.16810107800419472,True,True
development_2,three_day_positive_sustained_spike,2,CA_2,FOODS_3,2015-05-18,3,835.0,1217.5108,777.0737238397609,155.6170221309546,-157.65738568322234,191.25539999999998,1.3853475596136509,3.843374289350903,True,True,IF-1,0.6808129953381279,0.48409231329142555,0.19672068204670234,True,True
development_2,three_day_positive_sustained_spike,4,CA_2,FOODS_3,2015-05-16,1,1138.0,1903.0216,1107.588185605494,155.6170221309546,-157.65738568322234,191.25539999999998,1.2085387414717699,6.124592200946275,True,True,IF-1,0.693664728343778,0.47032324784445106,0.22334148049932695,True,True
development_2,three_day_positive_sustained_spike,4,CA_2,FOODS_3,2015-05-17,2,1102.0,1867.0216,1109.1135775728033,155.6170221309546,-157.65738568322234,191.25539999999998,0.9673993631862052,5.88345282266071,True,True,IF-1,0.6909033047480237,0.47731256384050313,0.21359074090752062,True,True
development_2,three_day_positive_sustained_spike,4,CA_2,FOODS_3,2015-05-18,3,835.0,1600.0216,777.0737238397609,155.6170221309546,-157.65738568322234,191.25539999999998,1.3853475596136509,6.301401019088155,True,True,IF-1,0.6986484466381272,0.48409231329142555,0.21455613334670165,True,True
development_2,three_day_negative_sustained_drop,2,CA_2,FOODS_3,2015-05-19,1,744.0,361.48920000000004,752.9285313834087,155.6170221309546,-157.65738568322234,191.25539999999998,0.9557364115003795,-1.5022903182368728,False,True,IF-1,0.6615655547849195,0.4518454066069856,0.20972014817793394,True,True
development_2,three_day_negative_sustained_drop,2,CA_2,FOODS_3,2015-05-20,2,785.0,402.48920000000004,752.9285313834087,155.6170221309546,-157.65738568322234,191.25539999999998,1.21920373299621,-1.2388229967410422,False,True,IF-1,0.6420399701282898,0.46685617968304566,0.17518379044524418,True,False
development_2,three_day_negative_sustained_drop,2,CA_2,FOODS_3,2015-05-21,3,872.0,489.48920000000004,752.7598804069058,155.6170221309546,-157.65738568322234,191.25539999999998,1.7793522937567983,-0.6786744359804541,False,True,IF-1,0.5979208259145415,0.5022606891527829,0.09566013676175866,True,False
development_2,three_day_negative_sustained_drop,4,CA_2,FOODS_3,2015-05-19,1,744.0,0.0,752.9285313834087,155.6170221309546,-157.65738568322234,191.25539999999998,0.9557364115003795,-3.8252315688142042,True,True,IF-1,0.6895791993776889,0.4518454066069856,0.23773379277070328,True,True
development_2,three_day_negative_sustained_drop,4,CA_2,FOODS_3,2015-05-20,2,785.0,19.97840000000008,752.9285313834087,155.6170221309546,-157.65738568322234,191.25539999999998,1.21920373299621,-3.6968497264782947,True,True,IF-1,0.6933177872568993,0.46685617968304566,0.22646160757385364,True,True
development_2,three_day_negative_sustained_drop,4,CA_2,FOODS_3,2015-05-21,3,872.0,106.97840000000008,752.7598804069058,155.6170221309546,-157.65738568322234,191.25539999999998,1.7793522937567983,-3.136701165717706,True,True,IF-1,0.6878893787376271,0.5022606891527829,0.18562868958484424,True,True
development_3,one_day_positive_spike,2,CA_1,FOODS_1,2015-07-21,1,348.0,528.8772,345.33278171149254,52.69976730818562,1.8222516591951035,90.4386,0.0160335931726421,3.4482536813988225,True,True,IF-1,0.5854330129582732,0.40937353965822504,0.17605947330004817,False,False
development_3,one_day_positive_spike,4,CA_1,FOODS_1,2015-07-21,1,348.0,709.7544,345.33278171149254,52.69976730818562,1.8222516591951035,90.4386,0.0160335931726421,6.880473769625002,True,True,IF-1,0.6639014575418702,0.40937353965822504,0.2545279178836452,True,True
development_3,one_day_negative_drop,2,CA_1,FOODS_1,2015-07-22,1,374.0,193.1228,345.408216712408,52.69976730818562,1.8222516591951035,90.4386,0.5079629948240574,-2.9242570934021224,False,True,IF-1,0.5752114944613592,0.4281546770262378,0.14705681743512145,False,False
development_3,one_day_negative_drop,4,CA_1,FOODS_1,2015-07-22,1,374.0,12.245600000000024,345.408216712408,52.69976730818562,1.8222516591951035,90.4386,0.5079629948240574,-6.356477181628302,True,True,IF-1,0.6560899409603523,0.4281546770262378,0.22793526393411456,True,True
development_3,two_day_positive_sustained_spike,2,CA_1,FOODS_1,2015-07-23,1,347.0,527.8772,346.4728264389115,52.69976730818562,1.8222516591951035,90.4386,-0.02457464547296883,3.4076454427532115,True,True,IF-1,0.5920616802215287,0.4164384120257033,0.1756232681958254,False,False
development_3,two_day_positive_sustained_spike,2,CA_1,FOODS_1,2015-07-24,2,384.0,564.8772,389.2860121099964,52.69976730818562,1.8222516591951035,90.4386,-0.13488226100928968,3.2973378272168903,True,True,IF-1,0.5742800994645471,0.41390021364399476,0.1603798858205523,False,False
development_3,two_day_positive_sustained_spike,4,CA_1,FOODS_1,2015-07-23,1,347.0,708.7544,346.4728264389115,52.69976730818562,1.8222516591951035,90.4386,-0.02457464547296883,6.839865530979392,True,True,IF-1,0.6688633529663983,0.4164384120257033,0.252424940940695,True,True
development_3,two_day_positive_sustained_spike,4,CA_1,FOODS_1,2015-07-24,2,384.0,745.7544,389.2860121099964,52.69976730818562,1.8222516591951035,90.4386,-0.13488226100928968,6.7295579154430705,True,True,IF-1,0.6625823006650058,0.41390021364399476,0.24868208702101102,True,True
development_3,two_day_negative_sustained_drop,2,CA_1,FOODS_1,2015-07-25,1,325.0,144.1228,465.1334948779224,52.69976730818562,1.8222516591951035,90.4386,-2.693669323186331,-6.12588941141251,True,True,IF-1,0.6487819808490115,0.5496265502806751,0.09915543056833642,True,True
development_3,two_day_negative_sustained_drop,2,CA_1,FOODS_1,2015-07-26,2,357.0,176.1228,441.6578609630828,52.69976730818562,1.8222516591951035,90.4386,-1.6409960999741513,-5.07321618820033,True,True,IF-1,0.6232153180454555,0.4688325366048748,0.1543827814405807,True,False
development_3,two_day_negative_sustained_drop,4,CA_1,FOODS_1,2015-07-25,1,325.0,0.0,465.1334948779224,52.69976730818562,1.8222516591951035,90.4386,-2.693669323186331,-8.860679475231521,True,True,IF-1,0.6809908810270214,0.5496265502806751,0.13136433074634635,True,True
development_3,two_day_negative_sustained_drop,4,CA_1,FOODS_1,2015-07-26,2,357.0,0.0,441.6578609630828,52.69976730818562,1.8222516591951035,90.4386,-1.6409960999741513,-8.415219559297638,True,True,IF-1,0.6816685407232911,0.4688325366048748,0.2128360041184163,True,True
development_3,three_day_positive_sustained_spike,2,CA_1,FOODS_1,2015-07-27,1,326.0,506.8772,344.7746009320637,52.69976730818562,1.8222516591951035,90.4386,-0.3908338431706814,3.0413862450554987,True,True,IF-1,0.5842495242967904,0.4215620888385221,0.16268743545826836,False,False
development_3,three_day_positive_sustained_spike,2,CA_1,FOODS_1,2015-07-28,2,259.0,439.8772,339.87016711050217,52.69976730818562,1.8222516591951035,90.4386,-1.569123033999678,1.8630970542265022,False,True,IF-1,0.49496007274489906,0.48210956631576973,0.012850506429129327,False,False
development_3,three_day_positive_sustained_spike,2,CA_1,FOODS_1,2015-07-29,3,293.0,473.8772,339.87016711050217,52.69976730818562,1.8222516591951035,90.4386,-0.9239588950164889,2.5082611932096914,False,True,IF-1,0.542578588013367,0.43882048694825154,0.10375810106511546,False,False
development_3,three_day_positive_sustained_spike,4,CA_1,FOODS_1,2015-07-27,1,326.0,687.7544,344.7746009320637,52.69976730818562,1.8222516591951035,90.4386,-0.3908338431706814,6.473606333281679,True,True,IF-1,0.6654548126251937,0.4215620888385221,0.2438927237866716,True,True
development_3,three_day_positive_sustained_spike,4,CA_1,FOODS_1,2015-07-28,2,259.0,620.7544,339.87016711050217,52.69976730818562,1.8222516591951035,90.4386,-1.569123033999678,5.295317142452682,True,True,IF-1,0.6368537191583681,0.48210956631576973,0.15474415284259835,True,False
development_3,three_day_positive_sustained_spike,4,CA_1,FOODS_1,2015-07-29,3,293.0,654.7544,339.87016711050217,52.69976730818562,1.8222516591951035,90.4386,-0.9239588950164889,5.940481281435871,True,True,IF-1,0.648015667653466,0.43882048694825154,0.20919518070521442,True,True
development_3,three_day_negative_sustained_drop,2,CA_1,FOODS_1,2015-07-30,1,354.0,173.1228,347.49479508950543,52.69976730818562,1.8222516591951035,90.4386,0.0888609853609749,-3.3433591028652048,True,True,IF-1,0.5949118832790369,0.41123760943645254,0.18367427384258433,False,False
development_3,three_day_negative_sustained_drop,2,CA_1,FOODS_1,2015-07-31,2,456.0,275.1228,410.4046061999915,52.69976730818562,1.8222516591951035,90.4386,0.8306135752901946,-2.6016065129359855,False,True,IF-1,0.5568856025769399,0.4268662937589029,0.13001930881803697,False,False
development_3,three_day_negative_sustained_drop,2,CA_1,FOODS_1,2015-08-01,3,471.0,290.1228,511.6672928151277,52.69976730818562,1.8222516591951035,90.4386,-0.8062567757813063,-4.238476864007486,True,True,IF-1,0.6351738553551589,0.46494019306831,0.17023366228684889,True,False
development_3,three_day_negative_sustained_drop,4,CA_1,FOODS_1,2015-07-30,1,354.0,0.0,347.49479508950543,52.69976730818562,1.8222516591951035,90.4386,0.0888609853609749,-6.628436226405172,True,True,IF-1,0.6603571481710081,0.41123760943645254,0.24911953873455556,True,True
development_3,three_day_negative_sustained_drop,4,CA_1,FOODS_1,2015-07-31,2,456.0,94.24560000000002,410.4046061999915,52.69976730818562,1.8222516591951035,90.4386,0.8306135752901946,-6.033826601162165,True,True,IF-1,0.652800105194999,0.4268662937589029,0.2259338114360961,True,True
development_3,three_day_negative_sustained_drop,4,CA_1,FOODS_1,2015-08-01,3,471.0,109.24560000000002,511.6672928151277,52.69976730818562,1.8222516591951035,90.4386,-0.8062567757813063,-7.670696952233666,True,True,IF-1,0.6895593720950914,0.46494019306831,0.2246191790267814,True,True
development_3,one_day_positive_spike,2,CA_1,FOODS_2,2015-08-02,1,715.0,950.7334,629.6455868354009,50.36258716489441,0.018977254101173457,117.8667,1.6944212105525351,6.375145797400599,True,True,IF-1,0.6443248321891922,0.4849787190306832,0.15934611315850905,True,False
development_3,one_day_positive_spike,4,CA_1,FOODS_2,2015-08-02,1,715.0,1186.4668,629.6455868354009,50.36258716489441,0.018977254101173457,117.8667,1.6944212105525351,11.055870384248662,True,True,IF-1,0.6893392370843493,0.4849787190306832,0.20436051805366612,True,True
development_3,one_day_negative_drop,2,CA_1,FOODS_2,2015-08-03,1,639.0,403.26660000000004,530.3354249943379,50.36258716489441,0.018977254101173457,117.8667,2.157268001261323,-2.523456585586741,False,True,IF-1,0.581322615780873,0.5472845303812165,0.03403808539965647,False,False
development_3,one_day_negative_drop,4,CA_1,FOODS_2,2015-08-03,1,639.0,167.53320000000002,530.3354249943379,50.36258716489441,0.018977254101173457,117.8667,2.157268001261323,-7.204181172434805,True,True,IF-1,0.6827666292589326,0.5472845303812165,0.13548209887771612,True,True
development_3,two_day_positive_sustained_spike,2,CA_1,FOODS_2,2015-08-04,1,542.0,777.7334,467.9120975991082,50.36258716489441,0.018977254101173457,117.8667,1.4707132678525472,6.15143785470061,True,True,IF-1,0.6519006604200015,0.495590193773392,0.15631046664660952,True,True
development_3,two_day_positive_sustained_spike,2,CA_1,FOODS_2,2015-08-05,2,486.0,721.7334,458.3153372487829,50.36258716489441,0.018977254101173457,117.8667,0.5493301090060061,5.2300546958540695,True,True,IF-1,0.6459198014296632,0.4626051721832142,0.18331462924644903,True,True
development_3,two_day_positive_sustained_spike,4,CA_1,FOODS_2,2015-08-04,1,542.0,1013.4667999999999,467.9120975991082,50.36258716489441,0.018977254101173457,117.8667,1.4707132678525472,10.832162441548675,True,True,IF-1,0.6942900911970055,0.495590193773392,0.1986998974236135,True,True
development_3,two_day_positive_sustained_spike,4,CA_1,FOODS_2,2015-08-05,2,486.0,957.4667999999999,458.3153372487829,50.36258716489441,0.018977254101173457,117.8667,0.5493301090060061,9.910779282702133,True,True,IF-1,0.6942068488996492,0.4626051721832142,0.23160167671643506,True,True
development_3,two_day_negative_sustained_drop,2,CA_1,FOODS_2,2015-08-06,1,492.0,256.26660000000004,457.01295897185105,50.36258716489441,0.018977254101173457,117.8667,0.6943262001127398,-3.9863983867353237,True,True,IF-1,0.6257236541047126,0.45731122820021747,0.16841242590449518,True,False
development_3,two_day_negative_sustained_drop,2,CA_1,FOODS_2,2015-08-07,2,549.0,313.26660000000004,511.3331856732406,50.36258716489441,0.018977254101173457,117.8667,0.7475358036987602,-3.9331887831493035,True,True,IF-1,0.622191282510727,0.45983973027272185,0.16235155223800513,True,False
development_3,two_day_negative_sustained_drop,4,CA_1,FOODS_2,2015-08-06,1,492.0,20.533200000000022,457.01295897185105,50.36258716489441,0.018977254101173457,117.8667,0.6943262001127398,-8.667122973583389,True,True,IF-1,0.6986918940358916,0.45731122820021747,0.24138066583567414,True,True
development_3,two_day_negative_sustained_drop,4,CA_1,FOODS_2,2015-08-07,2,549.0,77.53320000000002,511.3331856732406,50.36258716489441,0.018977254101173457,117.8667,0.7475358036987602,-8.613913369997368,True,True,IF-1,0.7006521683833676,0.45983973027272185,0.2408124381106458,True,True
development_3,three_day_positive_sustained_spike,2,CA_1,FOODS_2,2015-08-08,1,683.0,918.7334,611.6805231965557,50.36258716489441,0.018977254101173457,117.8667,1.4157433833948003,6.096467970242864,True,True,IF-1,0.6445169653988246,0.47231064932185973,0.1722063160769649,True,False
development_3,three_day_positive_sustained_spike,2,CA_1,FOODS_2,2015-08-09,2,737.0,972.7334,651.7307535716492,50.36258716489441,0.018977254101173457,117.8667,1.6927301390440468,6.373454725892111,True,True,IF-1,0.64410689837207,0.485999361958743,0.15810753641332703,True,False
development_3,three_day_positive_sustained_spike,2,CA_1,FOODS_2,2015-08-10,3,564.0,799.7334,569.5314245604334,50.36258716489441,0.018977254101173457,117.8667,-0.11020883014531666,4.570515756702747,True,True,IF-1,0.640297865691991,0.46236246022516847,0.17793540546682252,True,False
development_3,three_day_positive_sustained_spike,4,CA_1,FOODS_2,2015-08-08,1,683.0,1154.4668,611.6805231965557,50.36258716489441,0.018977254101173457,117.8667,1.4157433833948003,10.777192557090927,True,True,IF-1,0.6896214556088214,0.47231064932185973,0.21731080628696164,True,True
development_3,three_day_positive_sustained_spike,4,CA_1,FOODS_2,2015-08-09,2,737.0,1208.4668,651.7307535716492,50.36258716489441,0.018977254101173457,117.8667,1.6927301390440468,11.054179312740175,True,True,IF-1,0.690321094299469,0.485999361958743,0.20432173234072598,True,True
development_3,three_day_positive_sustained_spike,4,CA_1,FOODS_2,2015-08-10,3,564.0,1035.4668,569.5314245604334,50.36258716489441,0.018977254101173457,117.8667,-0.11020883014531666,9.25124034355081,True,True,IF-1,0.699669541801152,0.46236246022516847,0.23730708157598357,True,True
development_3,three_day_negative_sustained_drop,2,CA_1,FOODS_2,2015-08-11,1,494.0,258.26660000000004,408.9544619873235,50.36258716489441,0.018977254101173457,117.8667,1.6882881826580125,-2.992436404190051,False,True,IF-1,0.5715101247500611,0.48092029342820425,0.09058983132185688,False,False
development_3,three_day_negative_sustained_drop,2,CA_1,FOODS_2,2015-08-12,2,473.0,237.2666,408.9680379114489,50.36258716489441,0.018977254101173457,117.8667,1.2710424233143969,-3.409682163533667,True,True,IF-1,0.5907113131044612,0.4565236783808129,0.1341876347236483,False,False
development_3,three_day_negative_sustained_drop,2,CA_1,FOODS_2,2015-08-13,3,389.0,153.2666,407.66565963451706,50.36258716489441,0.018977254101173457,117.8667,-0.371002324154675,-5.051726911002739,True,True,IF-1,0.635921821822395,0.4162521875263828,0.21966963429601216,True,False
development_3,three_day_negative_sustained_drop,4,CA_1,FOODS_2,2015-08-11,1,494.0,22.533200000000022,408.9544619873235,50.36258716489441,0.018977254101173457,117.8667,1.6882881826580125,-7.673160991038116,True,True,IF-1,0.6696183994209435,0.48092029342820425,0.18869810599273923,True,True
development_3,three_day_negative_sustained_drop,4,CA_1,FOODS_2,2015-08-12,2,473.0,1.533200000000022,408.9680379114489,50.36258716489441,0.018977254101173457,117.8667,1.2710424233143969,-8.090406750381732,True,True,IF-1,0.6752900751033527,0.4565236783808129,0.21876639672253978,True,True
development_3,three_day_negative_sustained_drop,4,CA_1,FOODS_2,2015-08-13,3,389.0,0.0,407.66565963451706,50.36258716489441,0.018977254101173457,117.8667,-0.371002324154675,-8.094989948665656,True,True,IF-1,0.6766487585781845,0.4162521875263828,0.2603965710518017,True,True
development_3,one_day_positive_spike,2,CA_1,FOODS_3,2015-07-21,1,1740.0,2605.8384,1723.9039177267932,190.2886245916772,-78.52309564154314,432.9192,0.49724032699161325,5.047372537248126,True,True,IF-1,0.7075213884361216,0.4966387103719116,0.21088267806420996,True,True
development_3,one_day_positive_spike,4,CA_1,FOODS_3,2015-07-21,1,1740.0,3471.6768,1723.9039177267932,190.2886245916772,-78.52309564154314,432.9192,0.49724032699161325,9.597504747504638,True,True,IF-1,0.707760778570379,0.4966387103719116,0.2111220681984674,True,True
development_3,one_day_negative_drop,2,CA_1,FOODS_3,2015-07-22,1,1853.0,987.1616,1696.0713035901813,190.2886245916772,-78.52309564154314,432.9192,1.2373403431581689,-3.3127918670983436,True,True,IF-1,0.712046085885017,0.5629843002303406,0.14906178565467643,True,True
development_3,one_day_negative_drop,4,CA_1,FOODS_3,2015-07-22,1,1853.0,121.32320000000004,1696.0713035901813,190.2886245916772,-78.52309564154314,432.9192,1.2373403431581689,-7.862924077354855,True,True,IF-1,0.7127690936619513,0.5629843002303406,0.14978479343161066,True,True
development_3,two_day_positive_sustained_spike,2,CA_1,FOODS_3,2015-07-23,1,1672.0,2537.8384,1686.39993278435,190.2886245916772,-78.52309564154314,432.9192,0.33697843470564387,4.8871106449621555,True,True,IF-1,0.6988890627994241,0.5004277851257573,0.19846127767366684,True,True
development_3,two_day_positive_sustained_spike,2,CA_1,FOODS_3,2015-07-24,2,2049.0,2914.8384,2041.208635153382,190.2886245916772,-78.52309564154314,432.9192,0.45359758458171345,5.003729794838226,True,True,IF-1,0.7048797530411441,0.5234163186743004,0.18146343436684376,True,True
development_3,two_day_positive_sustained_spike,4,CA_1,FOODS_3,2015-07-23,1,1672.0,3403.6768,1686.39993278435,190.2886245916772,-78.52309564154314,432.9192,0.33697843470564387,9.43724285521867,True,True,IF-1,0.7005460296317618,0.5004277851257573,0.20011824450600457,True,True
development_3,two_day_positive_sustained_spike,4,CA_1,FOODS_3,2015-07-24,2,2049.0,3780.6768,2041.208635153382,190.2886245916772,-78.52309564154314,432.9192,0.45359758458171345,9.553862005094741,True,True,IF-1,0.7051182493770484,0.5234163186743004,0.18170193070274798,True,True
development_3,two_day_negative_sustained_drop,2,CA_1,FOODS_3,2015-07-25,1,2237.0,1371.1616,2494.1954507473856,190.2886245916772,-78.52309564154314,432.9192,-0.9389544723928663,-5.48908668264938,True,True,IF-1,0.7191945634570498,0.6244276006098347,0.09476696284721509,True,True
development_3,two_day_negative_sustained_drop,2,CA_1,FOODS_3,2015-07-26,2,2532.0,1666.1616,2556.7619206737645,190.2886245916772,-78.52309564154314,432.9192,0.28252437623709653,-4.267607834019417,True,True,IF-1,0.7193456980028637,0.522796314255312,0.1965493837475517,True,True
development_3,two_day_negative_sustained_drop,4,CA_1,FOODS_3,2015-07-25,1,2237.0,505.32320000000004,2494.1954507473856,190.2886245916772,-78.52309564154314,432.9192,-0.9389544723928663,-10.039218892905891,True,True,IF-1,0.7191945634570498,0.6244276006098347,0.09476696284721509,True,True
development_3,two_day_negative_sustained_drop,4,CA_1,FOODS_3,2015-07-26,2,2532.0,800.3232,2556.7619206737645,190.2886245916772,-78.52309564154314,432.9192,0.28252437623709653,-8.817740044275928,True,True,IF-1,0.7193456980028637,0.522796314255312,0.1965493837475517,True,True
development_3,three_day_positive_sustained_spike,2,CA_1,FOODS_3,2015-07-27,1,2273.0,3138.8384,1901.7786012835309,190.2886245916772,-78.52309564154314,432.9192,2.3634859693955823,6.9136181796520955,True,True,IF-1,0.7123181886179428,0.6712501084083526,0.041068080209590185,True,True
development_3,three_day_positive_sustained_spike,2,CA_1,FOODS_3,2015-07-28,2,1852.0,2717.8384,1661.8040584581463,190.2886245916772,-78.52309564154314,432.9192,1.4121655341196364,5.962297744376149,True,True,IF-1,0.704248303195605,0.579155964524365,0.12509233867124003,True,True
development_3,three_day_positive_sustained_spike,2,CA_1,FOODS_3,2015-07-29,3,1751.0,2616.8384,1660.4632715184498,190.2886245916772,-78.52309564154314,432.9192,0.8884389410342484,5.438571151290761,True,True,IF-1,0.7075376993868012,0.5283250807167619,0.17921261867003935,True,True
development_3,three_day_positive_sustained_spike,4,CA_1,FOODS_3,2015-07-27,1,2273.0,4004.6768,1901.7786012835309,190.2886245916772,-78.52309564154314,432.9192,2.3634859693955823,11.463750389908608,True,True,IF-1,0.7123181886179428,0.6712501084083526,0.041068080209590185,True,True
development_3,three_day_positive_sustained_spike,4,CA_1,FOODS_3,2015-07-28,2,1852.0,3583.6768,1661.8040584581463,190.2886245916772,-78.52309564154314,432.9192,1.4121655341196364,10.512429954632662,True,True,IF-1,0.7044865858802108,0.579155964524365,0.12533062135584583,True,True
development_3,three_day_positive_sustained_spike,4,CA_1,FOODS_3,2015-07-29,3,1751.0,3482.6768,1660.4632715184498,190.2886245916772,-78.52309564154314,432.9192,0.8884389410342484,9.988703361547275,True,True,IF-1,0.7077770950398751,0.5283250807167619,0.1794520143231132,True,True
development_3,three_day_negative_sustained_drop,2,CA_1,FOODS_3,2015-07-30,1,1949.0,1083.1616,1668.351419340337,190.2886245916772,-78.52309564154314,432.9192,1.887509971086917,-2.662622239169595,False,True,IF-1,0.7062620423799478,0.6310044191351031,0.07525762324484475,True,True
development_3,three_day_negative_sustained_drop,2,CA_1,FOODS_3,2015-07-31,2,2331.0,1465.1616,2058.359420073313,190.2886245916772,-78.52309564154314,432.9192,1.8454265267919199,-2.7047056834645935,False,True,IF-1,0.7129125960082588,0.6292962639471631,0.08361633206109576,True,True
development_3,three_day_negative_sustained_drop,2,CA_1,FOODS_3,2015-08-01,3,2795.0,1929.1616,2884.203211772608,190.2886245916772,-78.52309564154314,432.9192,-0.056125878012846894,-4.60625808826936,True,True,IF-1,0.7351556964287628,0.572778588131554,0.16237710829720875,True,True
development_3,three_day_negative_sustained_drop,4,CA_1,FOODS_3,2015-07-30,1,1949.0,217.32320000000004,1668.351419340337,190.2886245916772,-78.52309564154314,432.9192,1.887509971086917,-7.212754449426106,True,True,IF-1,0.7117787196477211,0.6310044191351031,0.08077430051261802,True,True
development_3,three_day_negative_sustained_drop,4,CA_1,FOODS_3,2015-07-31,2,2331.0,599.3232,2058.359420073313,190.2886245916772,-78.52309564154314,432.9192,1.8454265267919199,-7.254837893721104,True,True,IF-1,0.7192107633363457,0.6292962639471631,0.08991449938918261,True,True
development_3,three_day_negative_sustained_drop,4,CA_1,FOODS_3,2015-08-01,3,2795.0,1063.3232,2884.203211772608,190.2886245916772,-78.52309564154314,432.9192,-0.056125878012846894,-9.15639029852587,True,True,IF-1,0.7351556964287628,0.572778588131554,0.16237710829720875,True,True
development_3,one_day_positive_spike,2,CA_1,HOBBIES_1,2015-08-02,1,715.0,879.5686000000001,717.2542706435769,76.39888385951363,24.252179445681463,82.2843,-0.34694813261931723,1.8071226035791021,False,True,IF-1,0.5520186724429232,0.4544105259519374,0.09760814649098581,False,False
development_3,one_day_positive_spike,4,CA_1,HOBBIES_1,2015-08-02,1,715.0,1044.1372000000001,717.2542706435769,76.39888385951363,24.252179445681463,82.2843,-0.34694813261931723,3.9611933397775214,True,True,IF-1,0.6402626138218904,0.4544105259519374,0.185852087869953,True,False
development_3,one_day_negative_drop,2,CA_1,HOBBIES_1,2015-08-03,1,636.0,471.4314,576.5982000139427,76.39888385951363,24.252179445681463,82.2843,0.46008028867294526,-1.6939904475254732,False,True,IF-1,0.5356492796747475,0.4825246723558779,0.05312460731886959,False,False
development_3,one_day_negative_drop,4,CA_1,HOBBIES_1,2015-08-03,1,636.0,306.8628,576.5982000139427,76.39888385951363,24.252179445681463,82.2843,0.46008028867294526,-3.8480611837238916,True,True,IF-1,0.6570349614718168,0.4825246723558779,0.1745102891159389,True,True
development_3,two_day_positive_sustained_spike,2,CA_1,HOBBIES_1,2015-08-04,1,470.0,634.5686000000001,452.37706971947216,76.39888385951363,24.252179445681463,82.2843,-0.08677154469093872,2.0672991915074808,False,True,IF-1,0.574579802116552,0.43690477779394743,0.1376750243226046,False,False
development_3,two_day_positive_sustained_spike,2,CA_1,HOBBIES_1,2015-08-05,2,455.0,619.5686000000001,451.40222925947944,76.39888385951363,24.252179445681463,82.2843,-0.2703496132632165,1.8837211229352029,False,True,IF-1,0.5717158647185175,0.4568877705401106,0.11482809417840695,False,False
development_3,two_day_positive_sustained_spike,4,CA_1,HOBBIES_1,2015-08-04,1,470.0,799.1372,452.37706971947216,76.39888385951363,24.252179445681463,82.2843,-0.08677154469093872,4.221369927705898,True,True,IF-1,0.6598931728479099,0.43690477779394743,0.2229883950539625,True,True
development_3,two_day_positive_sustained_spike,4,CA_1,HOBBIES_1,2015-08-05,2,455.0,784.1372,451.40222925947944,76.39888385951363,24.252179445681463,82.2843,-0.2703496132632165,4.037791859133621,True,True,IF-1,0.6562608241245513,0.4568877705401106,0.19937305358444074,True,True
development_3,two_day_negative_sustained_drop,2,CA_1,HOBBIES_1,2015-08-06,1,474.0,309.4314,453.21130222807534,76.39888385951363,24.252179445681463,82.2843,-0.045334192056072954,-2.1994049282544914,False,True,IF-1,0.5832038777810079,0.4452592835802453,0.1379445942007626,False,False
development_3,two_day_negative_sustained_drop,2,CA_1,HOBBIES_1,2015-08-07,2,570.0,405.4314,513.5314066637537,76.39888385951363,24.252179445681463,82.2843,0.4216869705820059,-1.7323837656164127,False,True,IF-1,0.5252600838846558,0.45744300782715785,0.06781707605749798,False,False
development_3,two_day_negative_sustained_drop,4,CA_1,HOBBIES_1,2015-08-06,1,474.0,144.8628,453.21130222807534,76.39888385951363,24.252179445681463,82.2843,-0.045334192056072954,-4.35347566445291,True,True,IF-1,0.6700654459755196,0.4452592835802453,0.22480616239527434,True,True
development_3,two_day_negative_sustained_drop,4,CA_1,HOBBIES_1,2015-08-07,2,570.0,240.8628,513.5314066637537,76.39888385951363,24.252179445681463,82.2843,0.4216869705820059,-3.886454501814831,True,True,IF-1,0.6581418440615538,0.45744300782715785,0.200698836234396,True,True
development_3,three_day_positive_sustained_spike,2,CA_1,HOBBIES_1,2015-08-08,1,588.0,752.5686000000001,655.8499485356813,76.39888385951363,24.252179445681463,82.2843,-1.2055428473369465,0.9485278888614729,False,True,IF-1,0.48229235756414085,0.48964200285435056,-0.007349645290209705,False,False
development_3,three_day_positive_sustained_spike,2,CA_1,HOBBIES_1,2015-08-09,2,684.0,848.5686000000001,644.6426392740649,76.39888385951363,24.252179445681463,82.2843,0.19771468530914488,2.351785421507564,False,True,IF-1,0.580043551494974,0.4527559430536518,0.1272876084413222,False,False
development_3,three_day_positive_sustained_spike,2,CA_1,HOBBIES_1,2015-08-10,3,448.0,612.5686000000001,505.4060165578725,76.39888385951363,24.252179445681463,82.2843,-1.0688401698866623,1.085230566311757,False,True,IF-1,0.5145604873487053,0.49452360964715425,0.020036877701551048,False,False
development_3,three_day_positive_sustained_spike,4,CA_1,HOBBIES_1,2015-08-08,1,588.0,917.1372,655.8499485356813,76.39888385951363,24.252179445681463,82.2843,-1.2055428473369465,3.1025986250598905,True,True,IF-1,0.6204939966923313,0.48964200285435056,0.13085199383798074,True,False
development_3,three_day_positive_sustained_spike,4,CA_1,HOBBIES_1,2015-08-09,2,684.0,1013.1372,644.6426392740649,76.39888385951363,24.252179445681463,82.2843,0.19771468530914488,4.505856157705982,True,True,IF-1,0.6588625819362043,0.4527559430536518,0.20610663888255248,True,True
development_3,three_day_positive_sustained_spike,4,CA_1,HOBBIES_1,2015-08-10,3,448.0,777.1372,505.4060165578725,76.39888385951363,24.252179445681463,82.2843,-1.0688401698866623,3.239301302510175,True,True,IF-1,0.6441416770161059,0.49452360964715425,0.14961806736895167,True,False
development_3,three_day_negative_sustained_drop,2,CA_1,HOBBIES_1,2015-08-11,1,550.0,385.4314,443.1391895333692,76.39888385951363,24.252179445681463,82.2843,1.0812806005497997,-1.072790135648618,False,True,IF-1,0.4503696141767496,0.48063504137592494,-0.030265427199175354,False,False
development_3,three_day_negative_sustained_drop,2,CA_1,HOBBIES_1,2015-08-12,2,485.0,320.4314,443.15276545749464,76.39888385951363,24.252179445681463,82.2843,0.23030513284956664,-1.923765603348852,False,True,IF-1,0.5392930187238201,0.4390897714851618,0.10020324723865826,False,False
development_3,three_day_negative_sustained_drop,2,CA_1,HOBBIES_1,2015-08-13,3,449.0,284.4314,444.2173751839982,76.39888385951363,24.252179445681463,82.2843,-0.25484082549532133,-2.4089115616937398,False,True,IF-1,0.5801860364339848,0.4196639802854989,0.16052205614848591,False,False
development_3,three_day_negative_sustained_drop,4,CA_1,HOBBIES_1,2015-08-11,1,550.0,220.8628,443.1391895333692,76.39888385951363,24.252179445681463,82.2843,1.0812806005497997,-3.2268608718470366,True,True,IF-1,0.6209360435963726,0.48063504137592494,0.1403010022204476,True,False
development_3,three_day_negative_sustained_drop,4,CA_1,HOBBIES_1,2015-08-12,2,485.0,155.8628,443.15276545749464,76.39888385951363,24.252179445681463,82.2843,0.23030513284956664,-4.077836339547271,True,True,IF-1,0.6473029978034701,0.4390897714851618,0.2082132263183083,True,True
development_3,three_day_negative_sustained_drop,4,CA_1,HOBBIES_1,2015-08-13,3,449.0,119.8628,444.2173751839982,76.39888385951363,24.252179445681463,82.2843,-0.25484082549532133,-4.562982297892159,True,True,IF-1,0.6562306721152854,0.4196639802854989,0.2365666918297865,True,True
development_3,one_day_positive_spike,2,CA_1,HOBBIES_2,2015-07-21,1,28.0,48.7564,41.12653940569291,8.145128937441815,-6.4463163155884615,10.3782,-0.8201494588252083,1.7281711582476844,False,True,IF-1,0.4498386120978811,0.4211137258473259,0.028724886250555193,False,False
development_3,one_day_positive_spike,4,CA_1,HOBBIES_2,2015-07-21,1,28.0,69.5128,41.12653940569291,8.145128937441815,-6.4463163155884615,10.3782,-0.8201494588252083,4.276491775320577,True,True,IF-1,0.5114020110791206,0.4211137258473259,0.09028828523179472,False,False
development_3,one_day_negative_drop,2,CA_1,HOBBIES_2,2015-07-22,1,40.0,19.2436,41.12653940569291,8.145128937441815,-6.4463163155884615,10.3782,0.6531237198028155,-1.8951968972700772,False,True,IF-1,0.4673011669875412,0.44427132221233406,0.023029844775207142,False,False
development_3,one_day_negative_drop,4,CA_1,HOBBIES_2,2015-07-22,1,40.0,0.0,41.12653940569291,8.145128937441815,-6.4463163155884615,10.3782,0.6531237198028155,-4.25778687562393,True,True,IF-1,0.5103265105961259,0.44427132221233406,0.06605518838379182,False,False
development_3,two_day_positive_sustained_spike,2,CA_1,HOBBIES_2,2015-07-23,1,40.0,60.7564,41.557375016249765,8.145128937441815,-6.4463163155884615,10.3782,0.6002288406835452,3.1485494577564377,True,True,IF-1,0.49727117771492246,0.43355370691400663,0.06371747080091583,False,False
development_3,two_day_positive_sustained_spike,2,CA_1,HOBBIES_2,2015-07-24,2,30.0,50.7564,45.132957304029226,8.145128937441815,-6.4463163155884615,10.3782,-1.0664829317200504,1.4818376853528423,False,True,IF-1,0.44723870827104956,0.4381703189889239,0.009068389282125666,False,False
development_3,two_day_positive_sustained_spike,4,CA_1,HOBBIES_2,2015-07-23,1,40.0,81.5128,41.557375016249765,8.145128937441815,-6.4463163155884615,10.3782,0.6002288406835452,5.696870074829331,True,True,IF-1,0.5216543216533615,0.43355370691400663,0.08810061473935482,False,False
development_3,two_day_positive_sustained_spike,4,CA_1,HOBBIES_2,2015-07-24,2,30.0,71.5128,45.132957304029226,8.145128937441815,-6.4463163155884615,10.3782,-1.0664829317200504,4.030158302425735,True,True,IF-1,0.5027377733958441,0.4381703189889239,0.06456745440692024,False,False
development_3,two_day_negative_sustained_drop,2,CA_1,HOBBIES_2,2015-07-25,1,28.0,7.243600000000001,50.152876150420134,8.145128937441815,-6.4463163155884615,10.3782,-1.928337777764476,-4.476658394837369,True,True,IF-1,0.5067925534218399,0.460065368989933,0.04672718443190693,False,False
development_3,two_day_negative_sustained_drop,2,CA_1,HOBBIES_2,2015-07-26,2,30.0,9.2436,49.30676756214903,8.145128937441815,-6.4463163155884615,10.3782,-1.5789131572175845,-4.127233774290477,True,True,IF-1,0.503249398897067,0.44525450622002105,0.05799489267704594,False,False
development_3,two_day_negative_sustained_drop,4,CA_1,HOBBIES_2,2015-07-25,1,28.0,0.0,50.152876150420134,8.145128937441815,-6.4463163155884615,10.3782,-1.928337777764476,-5.365975194563197,True,True,IF-1,0.5098213417155315,0.460065368989933,0.04975597272559851,False,False
development_3,two_day_negative_sustained_drop,4,CA_1,HOBBIES_2,2015-07-26,2,30.0,0.0,49.30676756214903,8.145128937441815,-6.4463163155884615,10.3782,-1.5789131572175845,-5.262096103787644,True,True,IF-1,0.5051614149672794,0.44525450622002105,0.05990690874725835,False,False
development_3,three_day_positive_sustained_spike,2,CA_1,HOBBIES_2,2015-07-27,1,34.0,54.7564,41.16433684404653,8.145128937441815,-6.4463163155884615,10.3782,-0.08815336552346612,2.4601672515494264,False,True,IF-1,0.48966679092006815,0.4314241514239706,0.05824263949609754,False,False
development_3,three_day_positive_sustained_spike,2,CA_1,HOBBIES_2,2015-07-28,2,44.0,64.7564,40.69048059922794,8.145128937441815,-6.4463163155884615,10.3782,1.1977509246679392,3.746071541740832,True,True,IF-1,0.5066072354053022,0.4379235742133904,0.06868366119191177,False,False
development_3,three_day_positive_sustained_spike,2,CA_1,HOBBIES_2,2015-07-29,3,28.0,48.7564,40.69048059922794,8.145128937441815,-6.4463163155884615,10.3782,-0.7666133135027592,1.7817073035701334,False,True,IF-1,0.46345764530246425,0.4295242145328424,0.03393343076962185,False,False
development_3,three_day_positive_sustained_spike,4,CA_1,HOBBIES_2,2015-07-27,1,34.0,75.5128,41.16433684404653,8.145128937441815,-6.4463163155884615,10.3782,-0.08815336552346612,5.0084878686223195,True,True,IF-1,0.5343798621373826,0.4314241514239706,0.10295571071341203,False,False
development_3,three_day_positive_sustained_spike,4,CA_1,HOBBIES_2,2015-07-28,2,44.0,85.5128,40.69048059922794,8.145128937441815,-6.4463163155884615,10.3782,1.1977509246679392,6.294392158813724,True,True,IF-1,0.5252567393566805,0.4379235742133904,0.08733316514329009,False,False
development_3,three_day_positive_sustained_spike,4,CA_1,HOBBIES_2,2015-07-29,3,28.0,69.5128,40.69048059922794,8.145128937441815,-6.4463163155884615,10.3782,-0.7666133135027592,4.330027920643026,True,True,IF-1,0.5243544859438316,0.4295242145328424,0.09483027141098921,False,False
development_3,three_day_negative_sustained_drop,2,CA_1,HOBBIES_2,2015-07-30,1,51.0,30.2436,41.715416947540696,8.145128937441815,-6.4463163155884615,10.3782,1.931326009553442,-0.6169946075194508,False,True,IF-1,0.4246491794728819,0.45933803498848247,-0.03468885551560058,False,False
development_3,three_day_negative_sustained_drop,2,CA_1,HOBBIES_2,2015-07-31,2,40.0,19.2436,51.38928490337521,8.145128937441815,-6.4463163155884615,10.3782,-0.6068619202655884,-3.155182537338481,True,True,IF-1,0.5083719473210815,0.4278847406025004,0.08048720671858106,False,False
development_3,three_day_negative_sustained_drop,2,CA_1,HOBBIES_2,2015-08-01,3,34.0,13.2436,53.88927807873147,8.145128937441815,-6.4463163155884615,10.3782,-1.6504295839133905,-4.198750200986283,True,True,IF-1,0.5344145797817302,0.4861924038233297,0.04822217595840056,False,False
development_3,three_day_negative_sustained_drop,4,CA_1,HOBBIES_2,2015-07-30,1,51.0,9.487200000000001,41.715416947540696,8.145128937441815,-6.4463163155884615,10.3782,1.931326009553442,-3.1653152245923435,True,True,IF-1,0.5075241861216754,0.45933803498848247,0.04818615113319291,False,False
development_3,three_day_negative_sustained_drop,4,CA_1,HOBBIES_2,2015-07-31,2,40.0,0.0,51.38928490337521,8.145128937441815,-6.4463163155884615,10.3782,-0.6068619202655884,-5.517772515692334,True,True,IF-1,0.5202042852483334,0.4278847406025004,0.09231954464583297,False,False
development_3,three_day_negative_sustained_drop,4,CA_1,HOBBIES_2,2015-08-01,3,34.0,0.0,53.88927807873147,8.145128937441815,-6.4463163155884615,10.3782,-1.6504295839133905,-5.824703590026124,True,True,IF-1,0.5392617758288957,0.4861924038233297,0.053069372005565996,False,False
development_3,one_day_positive_spike,2,CA_1,HOUSEHOLD_1,2015-08-02,1,1389.0,1675.1417999999999,1130.0531426168964,78.2379253292243,6.783911882279142,143.0709,3.2230269966863987,6.88035557225788,True,True,IF-1,0.6933587724858244,0.6221821974523158,0.0711765750335086,True,True
development_3,one_day_positive_spike,4,CA_1,HOUSEHOLD_1,2015-08-02,1,1389.0,1961.2836,1130.0531426168964,78.2379253292243,6.783911882279142,143.0709,3.2230269966863987,10.537684147829365,True,True,IF-1,0.6942976416824106,0.6221821974523158,0.07211544423009475,True,True
development_3,one_day_negative_drop,2,CA_1,HOUSEHOLD_1,2015-08-03,1,929.0,642.8582,866.6364408621868,78.2379253292243,6.783911882279142,143.0709,0.7103926519223966,-2.946935923649087,False,True,IF-1,0.6459530521584579,0.49534524331144114,0.15060780884701674,True,True
development_3,one_day_negative_drop,4,CA_1,HOUSEHOLD_1,2015-08-03,1,929.0,356.7164,866.6364408621868,78.2379253292243,6.783911882279142,143.0709,0.7103926519223966,-6.6042644992205695,True,True,IF-1,0.7100838055486558,0.49534524331144114,0.21473856223721466,True,True
development_3,two_day_positive_sustained_spike,2,CA_1,HOUSEHOLD_1,2015-08-04,1,798.0,1084.1417999999999,722.1139153809423,78.2379253292243,6.783911882279142,143.0709,0.883231149675779,4.540559725247261,True,True,IF-1,0.6682881283600884,0.4907998880131254,0.17748824034696303,True,True
development_3,two_day_positive_sustained_spike,2,CA_1,HOUSEHOLD_1,2015-08-05,2,707.0,993.1418,708.8584816761701,78.2379253292243,6.783911882279142,143.0709,-0.11046296948803436,3.546865606083449,True,True,IF-1,0.6455737188930898,0.48043346839247525,0.16514025050061454,True,True
development_3,two_day_positive_sustained_spike,4,CA_1,HOUSEHOLD_1,2015-08-04,1,798.0,1370.2836,722.1139153809423,78.2379253292243,6.783911882279142,143.0709,0.883231149675779,8.197888300818747,True,True,IF-1,0.6980795657541766,0.4907998880131254,0.20727967774105122,True,True
development_3,two_day_positive_sustained_spike,4,CA_1,HOUSEHOLD_1,2015-08-05,2,707.0,1279.2836,708.8584816761701,78.2379253292243,6.783911882279142,143.0709,-0.11046296948803436,7.204194181654933,True,True,IF-1,0.7009535306062595,0.48043346839247525,0.22052006221378428,True,True
development_3,two_day_negative_sustained_drop,2,CA_1,HOUSEHOLD_1,2015-08-06,1,704.0,417.8582,710.4951917363688,78.2379253292243,6.783911882279142,143.0709,-0.169727195126528,-3.8270557706980117,True,True,IF-1,0.6670339648385359,0.4598424067066197,0.20719155813191625,True,True
development_3,two_day_negative_sustained_drop,2,CA_1,HOUSEHOLD_1,2015-08-07,2,783.0,496.8582,824.1821556532225,78.2379253292243,6.783911882279142,143.0709,-0.613079492249583,-4.270408067821067,True,True,IF-1,0.6779128409608203,0.4794342394214218,0.19847860153939845,True,True
development_3,two_day_negative_sustained_drop,4,CA_1,HOUSEHOLD_1,2015-08-06,1,704.0,131.71640000000002,710.4951917363688,78.2379253292243,6.783911882279142,143.0709,-0.169727195126528,-7.484384346269494,True,True,IF-1,0.7094005924251331,0.4598424067066197,0.2495581857185134,True,True
development_3,two_day_negative_sustained_drop,4,CA_1,HOUSEHOLD_1,2015-08-07,2,783.0,210.71640000000002,824.1821556532225,78.2379253292243,6.783911882279142,143.0709,-0.613079492249583,-7.927736643392551,True,True,IF-1,0.7132120956419403,0.4794342394214218,0.2337778562205185,True,True
development_3,three_day_positive_sustained_spike,2,CA_1,HOUSEHOLD_1,2015-08-08,1,1121.0,1407.1417999999999,1010.7930690821012,78.2379253292243,6.783911882279142,143.0709,1.3219039053044503,4.979232480875934,True,True,IF-1,0.6751031164791499,0.5050452695633983,0.17005784691575154,True,True
development_3,three_day_positive_sustained_spike,2,CA_1,HOUSEHOLD_1,2015-08-09,2,1115.0,1401.1417999999999,1048.6522658963172,78.2379253292243,6.783911882279142,143.0709,0.7613164839271973,4.4186450594986795,True,True,IF-1,0.6557914726848251,0.48045518012121885,0.17533629256360622,True,True
development_3,three_day_positive_sustained_spike,2,CA_1,HOUSEHOLD_1,2015-08-10,3,847.0,1133.1417999999999,788.7963502904279,78.2379253292243,6.783911882279142,143.0709,0.6572226654901611,4.314551241061643,True,True,IF-1,0.6733794519331396,0.49238039186810967,0.18099906006502997,True,True
development_3,three_day_positive_sustained_spike,4,CA_1,HOUSEHOLD_1,2015-08-08,1,1121.0,1693.2836,1010.7930690821012,78.2379253292243,6.783911882279142,143.0709,1.3219039053044503,8.63656105644742,True,True,IF-1,0.6962462986905396,0.5050452695633983,0.1912010291271412,True,True
development_3,three_day_positive_sustained_spike,4,CA_1,HOUSEHOLD_1,2015-08-09,2,1115.0,1687.2836,1048.6522658963172,78.2379253292243,6.783911882279142,143.0709,0.7613164839271973,8.075973635070163,True,True,IF-1,0.693828048277611,0.48045518012121885,0.21337286815639217,True,True
development_3,three_day_positive_sustained_spike,4,CA_1,HOUSEHOLD_1,2015-08-10,3,847.0,1419.2836,788.7963502904279,78.2379253292243,6.783911882279142,143.0709,0.6572226654901611,7.971879816633128,True,True,IF-1,0.7095721757908514,0.49238039186810967,0.21719178392274174,True,True
development_3,three_day_negative_sustained_drop,2,CA_1,HOUSEHOLD_1,2015-08-11,1,733.0,446.8582,698.0619726326084,78.2379253292243,6.783911882279142,143.0709,0.3598525314499358,-3.297476044121548,True,True,IF-1,0.6347361582722973,0.4391381984109635,0.19559795986133383,True,False
development_3,three_day_negative_sustained_drop,2,CA_1,HOUSEHOLD_1,2015-08-12,2,692.0,405.8582,692.1715188906741,78.2379253292243,6.783911882279142,143.0709,-0.08890101243974496,-3.7462295880112286,True,True,IF-1,0.6514627405031818,0.45529801750844834,0.19616472299473342,True,True
development_3,three_day_negative_sustained_drop,2,CA_1,HOUSEHOLD_1,2015-08-13,3,607.0,320.8582,693.0637657087805,78.2379253292243,6.783911882279142,143.0709,-1.1867349140504129,-4.844063489621896,True,True,IF-1,0.6752237367870811,0.4787083664534707,0.19651537033361044,True,True
development_3,three_day_negative_sustained_drop,4,CA_1,HOUSEHOLD_1,2015-08-11,1,733.0,160.71640000000002,698.0619726326084,78.2379253292243,6.783911882279142,143.0709,0.3598525314499358,-6.95480461969303,True,True,IF-1,0.6920978479177269,0.4391381984109635,0.25295964950676336,True,True
development_3,three_day_negative_sustained_drop,4,CA_1,HOUSEHOLD_1,2015-08-12,2,692.0,119.71640000000002,692.1715188906741,78.2379253292243,6.783911882279142,143.0709,-0.08890101243974496,-7.403558163582711,True,True,IF-1,0.6905184279807959,0.45529801750844834,0.23522041047234754,True,True
development_3,three_day_negative_sustained_drop,4,CA_1,HOUSEHOLD_1,2015-08-13,3,607.0,34.71640000000002,693.0637657087805,78.2379253292243,6.783911882279142,143.0709,-1.1867349140504129,-8.50139206519338,True,True,IF-1,0.6951297457994025,0.4787083664534707,0.21642137934593175,True,True
development_3,one_day_positive_spike,2,CA_1,HOUSEHOLD_2,2015-07-21,1,180.0,277.85159999999996,209.06466150292124,27.76088292934403,-3.601418388884994,48.925799999999995,-0.9172346275456853,2.607566807950737,False,True,IF-1,0.49463510793755366,0.41976984839720916,0.07486525954034451,False,False
development_3,one_day_positive_spike,4,CA_1,HOUSEHOLD_2,2015-07-21,1,180.0,375.7032,209.06466150292124,27.76088292934403,-3.601418388884994,48.925799999999995,-0.9172346275456853,6.132368243447162,True,True,IF-1,0.5898793213270365,0.41976984839720916,0.1701094729298273,False,False
development_3,one_day_negative_drop,2,CA_1,HOUSEHOLD_2,2015-07-22,1,164.0,66.14840000000001,209.06466150292124,27.76088292934403,-3.601418388884994,48.925799999999995,-1.493585172329243,-5.018386607825667,True,True,IF-1,0.5733562167067379,0.460812984890872,0.11254323181586584,False,False
development_3,one_day_negative_drop,4,CA_1,HOUSEHOLD_2,2015-07-22,1,164.0,0.0,209.06466150292124,27.76088292934403,-3.601418388884994,48.925799999999995,-1.493585172329243,-7.401178256360709,True,True,IF-1,0.6167650762945824,0.460812984890872,0.1559520914037104,True,False
development_3,two_day_positive_sustained_spike,2,CA_1,HOUSEHOLD_2,2015-07-23,1,204.0,301.85159999999996,210.17691745612552,27.76088292934403,-3.601418388884994,48.925799999999995,-0.09277439315585145,3.4320270423405708,True,True,IF-1,0.5211309000848681,0.4108293678226063,0.11030153226226175,False,False
development_3,two_day_positive_sustained_spike,2,CA_1,HOUSEHOLD_2,2015-07-24,2,259.0,356.85159999999996,251.61756683801033,27.76088292934403,-3.601418388884994,48.925799999999995,0.395659301573021,3.920460737069443,True,True,IF-1,0.5272720387000208,0.41577508395602086,0.11149695474399995,False,False
development_3,two_day_positive_sustained_spike,4,CA_1,HOUSEHOLD_2,2015-07-23,1,204.0,399.7032,210.17691745612552,27.76088292934403,-3.601418388884994,48.925799999999995,-0.09277439315585145,6.9568284778369955,True,True,IF-1,0.6043476946227517,0.4108293678226063,0.1935183268001454,True,False
development_3,two_day_positive_sustained_spike,4,CA_1,HOUSEHOLD_2,2015-07-24,2,259.0,454.7032,251.61756683801033,27.76088292934403,-3.601418388884994,48.925799999999995,0.395659301573021,7.445262172565867,True,True,IF-1,0.5992760546427945,0.41577508395602086,0.18350097068677368,True,False
development_3,two_day_negative_sustained_drop,2,CA_1,HOUSEHOLD_2,2015-07-25,1,239.0,141.1484,290.6057670135861,27.76088292934403,-3.601418388884994,48.925799999999995,-1.7292082801141446,-5.254009715610568,True,True,IF-1,0.5643503991724843,0.4525840102367861,0.11176638893569818,False,False
development_3,two_day_negative_sustained_drop,2,CA_1,HOUSEHOLD_2,2015-07-26,2,287.0,189.1484,295.59403988970774,27.76088292934403,-3.601418388884994,48.925799999999995,-0.17984375761858098,-3.704645193115004,True,True,IF-1,0.5307238519960791,0.4134394791194004,0.1172843728766787,False,False
development_3,two_day_negative_sustained_drop,4,CA_1,HOUSEHOLD_2,2015-07-25,1,239.0,43.29680000000002,290.6057670135861,27.76088292934403,-3.601418388884994,48.925799999999995,-1.7292082801141446,-8.778811151106991,True,True,IF-1,0.6241217964962402,0.4525840102367861,0.1715377862594541,True,False
development_3,two_day_negative_sustained_drop,4,CA_1,HOUSEHOLD_2,2015-07-26,2,287.0,91.29680000000002,295.59403988970774,27.76088292934403,-3.601418388884994,48.925799999999995,-0.17984375761858098,-7.229446628611427,True,True,IF-1,0.5926204361923798,0.4134394791194004,0.17918095707297943,False,False
development_3,three_day_positive_sustained_spike,2,CA_1,HOUSEHOLD_2,2015-07-27,1,250.0,347.85159999999996,210.9485469714063,27.76088292934403,-3.601418388884994,48.925799999999995,1.53643785487793,5.061239290374353,True,True,IF-1,0.5834434358775248,0.4510524408833125,0.1323909949942123,False,False
development_3,three_day_positive_sustained_spike,2,CA_1,HOUSEHOLD_2,2015-07-28,2,184.0,281.85159999999996,207.63315971508752,27.76088292934403,-3.601418388884994,48.925799999999995,-0.7215815641450081,2.803219871351414,False,True,IF-1,0.5046777195194192,0.4129431085547576,0.09173461096466162,False,False
development_3,three_day_positive_sustained_spike,2,CA_1,HOUSEHOLD_2,2015-07-29,3,191.0,288.85159999999996,207.63315971508752,27.76088292934403,-3.601418388884994,48.925799999999995,-0.4694282008022016,3.0553732346942204,True,True,IF-1,0.5156061001213001,0.4160001241964467,0.09960597592485343,False,False
development_3,three_day_positive_sustained_spike,4,CA_1,HOUSEHOLD_2,2015-07-27,1,250.0,445.7032,210.9485469714063,27.76088292934403,-3.601418388884994,48.925799999999995,1.53643785487793,8.586040725870777,True,True,IF-1,0.6307967320412099,0.4510524408833125,0.17974429115789742,True,False
development_3,three_day_positive_sustained_spike,4,CA_1,HOUSEHOLD_2,2015-07-28,2,184.0,379.7032,207.63315971508752,27.76088292934403,-3.601418388884994,48.925799999999995,-0.7215815641450081,6.328021306847838,True,True,IF-1,0.5973053779150632,0.4129431085547576,0.18436226936030564,False,False
development_3,three_day_positive_sustained_spike,4,CA_1,HOUSEHOLD_2,2015-07-29,3,191.0,386.7032,207.63315971508752,27.76088292934403,-3.601418388884994,48.925799999999995,-0.4694282008022016,6.580174670190645,True,True,IF-1,0.6030668663671812,0.4160001241964467,0.1870667421707345,True,False
development_3,three_day_negative_sustained_drop,2,CA_1,HOUSEHOLD_2,2015-07-30,1,204.0,106.14840000000001,209.33951640604772,27.76088292934403,-3.601418388884994,48.925799999999995,-0.06260960869243495,-3.5874110441888583,True,True,IF-1,0.5417699664474795,0.41210827694467667,0.12966168950280288,False,False
development_3,three_day_negative_sustained_drop,2,CA_1,HOUSEHOLD_2,2015-07-31,2,246.0,148.1484,260.7798582400252,27.76088292934403,-3.601418388884994,48.925799999999995,-0.4026687436271803,-3.9274701791236035,True,True,IF-1,0.5456023916868524,0.4148446046777079,0.13075778700914453,False,False
development_3,three_day_negative_sustained_drop,2,CA_1,HOUSEHOLD_2,2015-08-01,3,272.0,174.1484,339.7339964638764,27.76088292934403,-3.601418388884994,48.925799999999995,-2.310177894493459,-5.834979329989882,True,True,IF-1,0.604139243384528,0.5191221873492888,0.08501705603523912,True,False
development_3,three_day_negative_sustained_drop,4,CA_1,HOUSEHOLD_2,2015-07-30,1,204.0,8.296800000000019,209.33951640604772,27.76088292934403,-3.601418388884994,48.925799999999995,-0.06260960869243495,-7.11221247968528,True,True,IF-1,0.6077544897158865,0.41210827694467667,0.19564621277120986,True,False
development_3,three_day_negative_sustained_drop,4,CA_1,HOUSEHOLD_2,2015-07-31,2,246.0,50.29680000000002,260.7798582400252,27.76088292934403,-3.601418388884994,48.925799999999995,-0.4026687436271803,-7.452271614620026,True,True,IF-1,0.6089306819421567,0.4148446046777079,0.19408607726444882,True,False
development_3,three_day_negative_sustained_drop,4,CA_1,HOUSEHOLD_2,2015-08-01,3,272.0,76.29680000000002,339.7339964638764,27.76088292934403,-3.601418388884994,48.925799999999995,-2.310177894493459,-9.359780765486304,True,True,IF-1,0.6514919670970256,0.5191221873492888,0.13236977974773678,True,True
development_3,one_day_positive_spike,2,CA_2,FOODS_1,2015-08-02,1,495.0,638.8122,537.8578684269339,39.7685446866221,-25.9858848523576,71.9061,-0.42425448825267054,3.1919754023115052,True,True,IF-1,0.5319489089324486,0.45380970133301685,0.07813920759943177,False,False
development_3,one_day_positive_spike,4,CA_2,FOODS_1,2015-08-02,1,495.0,782.6243999999999,537.8578684269339,39.7685446866221,-25.9858848523576,71.9061,-0.42425448825267054,6.80820529287568,True,True,IF-1,0.6275648979390792,0.45380970133301685,0.17375519660606237,True,False
development_3,one_day_negative_drop,2,CA_2,FOODS_1,2015-08-03,1,341.0,197.1878,435.8527132124909,39.7685446866221,-25.9858848523576,71.9061,-1.731690935708284,-5.3479208262724605,True,True,IF-1,0.6501827121632986,0.5306296109181801,0.11955310124511853,True,True
development_3,one_day_negative_drop,4,CA_2,FOODS_1,2015-08-03,1,341.0,53.37560000000002,435.8527132124909,39.7685446866221,-25.9858848523576,71.9061,-1.731690935708284,-8.964150716836636,True,True,IF-1,0.6878670416321369,0.5306296109181801,0.1572374307139568,True,True
development_3,two_day_positive_sustained_spike,2,CA_2,FOODS_1,2015-08-04,1,457.0,600.8122,397.12438004577024,39.7685446866221,-25.9858848523576,71.9061,2.1590305977545783,5.775260488318754,True,True,IF-1,0.617880596814386,0.5074648031739943,0.11041579364039167,True,False
development_3,two_day_positive_sustained_spike,2,CA_2,FOODS_1,2015-08-05,2,400.0,543.8122,393.9245112034265,39.7685446866221,-25.9858848523576,71.9061,0.8061993191246046,4.4224292096887785,True,True,IF-1,0.5938050836208001,0.46574372733331326,0.12806135628748683,False,False
development_3,two_day_positive_sustained_spike,4,CA_2,FOODS_1,2015-08-04,1,457.0,744.6243999999999,397.12438004577024,39.7685446866221,-25.9858848523576,71.9061,2.1590305977545783,9.39149037888293,True,True,IF-1,0.6640955956003788,0.5074648031739943,0.15663079242638445,True,True
development_3,two_day_positive_sustained_spike,4,CA_2,FOODS_1,2015-08-05,2,400.0,687.6243999999999,393.9245112034265,39.7685446866221,-25.9858848523576,71.9061,0.8061993191246046,8.038659100252953,True,True,IF-1,0.6539166734302093,0.46574372733331326,0.18817294609689605,True,True
development_3,two_day_negative_sustained_drop,2,CA_2,FOODS_1,2015-08-06,1,394.0,250.1878,405.07378114372415,39.7685446866221,-25.9858848523576,71.9061,0.37497232614724757,-3.241257564416929,True,True,IF-1,0.6041496051025294,0.4506957411105832,0.15345386399194616,True,False
development_3,two_day_negative_sustained_drop,2,CA_2,FOODS_1,2015-08-07,2,500.0,356.18780000000004,473.2743894903493,39.7685446866221,-25.9858848523576,71.9061,1.3254569855994793,-2.290772904964696,False,True,IF-1,0.5637581518460473,0.4574219470558739,0.10633620479017336,False,False
development_3,two_day_negative_sustained_drop,4,CA_2,FOODS_1,2015-08-06,1,394.0,106.37560000000002,405.07378114372415,39.7685446866221,-25.9858848523576,71.9061,0.37497232614724757,-6.857487454981106,True,True,IF-1,0.6656252411809597,0.4506957411105832,0.21492950007037648,True,True
development_3,two_day_negative_sustained_drop,4,CA_2,FOODS_1,2015-08-07,2,500.0,212.37560000000002,473.2743894903493,39.7685446866221,-25.9858848523576,71.9061,1.3254569855994793,-5.907002795528873,True,True,IF-1,0.656409144710572,0.4574219470558739,0.19898719765469808,True,True
development_3,three_day_positive_sustained_spike,2,CA_2,FOODS_1,2015-08-08,1,429.0,572.8122,561.051924477295,39.7685446866221,-25.9858848523576,71.9061,-2.667083758300498,0.9491461322636778,False,True,IF-1,0.4579018028334719,0.5746604291900012,-0.11675862635652923,False,False
development_3,three_day_positive_sustained_spike,2,CA_2,FOODS_1,2015-08-09,2,522.0,665.8122,541.4610056464118,39.7685446866221,-25.9858848523576,71.9061,0.16407135984890006,3.7803012504130757,True,True,IF-1,0.5617286543335113,0.44789966898796524,0.11382898534554603,False,False
development_3,three_day_positive_sustained_spike,2,CA_2,FOODS_1,2015-08-10,3,390.0,533.8122,430.4317386379256,39.7685446866221,-25.9858848523576,71.9061,-0.3632482380082544,3.252981652555921,True,True,IF-1,0.5679110259488569,0.47516946681359795,0.09274155913525894,False,False
development_3,three_day_positive_sustained_spike,4,CA_2,FOODS_1,2015-08-08,1,429.0,716.6243999999999,561.051924477295,39.7685446866221,-25.9858848523576,71.9061,-2.667083758300498,4.565376022827853,True,True,IF-1,0.5833299361766011,0.5746604291900012,0.008669506986599962,False,False
development_3,three_day_positive_sustained_spike,4,CA_2,FOODS_1,2015-08-09,2,522.0,809.6243999999999,541.4610056464118,39.7685446866221,-25.9858848523576,71.9061,0.16407135984890006,7.396531140977251,True,True,IF-1,0.6304448540730206,0.44789966898796524,0.1825451850850554,True,False
development_3,three_day_positive_sustained_spike,4,CA_2,FOODS_1,2015-08-10,3,390.0,677.6243999999999,430.4317386379256,39.7685446866221,-25.9858848523576,71.9061,-0.3632482380082544,6.869211543120096,True,True,IF-1,0.6492093169915065,0.47516946681359795,0.17403985017790857,True,True
development_3,three_day_negative_sustained_drop,2,CA_2,FOODS_1,2015-08-11,1,315.0,171.1878,381.01652358115354,39.7685446866221,-25.9858848523576,71.9061,-1.00659048613016,-4.622820376694336,True,True,IF-1,0.6146152327305403,0.4547679093257837,0.1598473234047566,True,False
development_3,three_day_negative_sustained_drop,2,CA_2,FOODS_1,2015-08-12,2,352.0,208.1878,381.03009950527894,39.7685446866221,-25.9858848523576,71.9061,-0.07654830411597625,-3.6927781946801526,True,True,IF-1,0.5921753554584521,0.4240418210233026,0.1681335344351495,False,False
development_3,three_day_negative_sustained_drop,2,CA_2,FOODS_1,2015-08-13,3,457.0,313.18780000000004,391.6644793710769,39.7685446866221,-25.9858848523576,71.9061,2.296322538350283,-1.3199073522138924,False,True,IF-1,0.46709057521681685,0.4715908001072784,-0.004500224890461535,False,False
development_3,three_day_negative_sustained_drop,4,CA_2,FOODS_1,2015-08-11,1,315.0,27.37560000000002,381.01652358115354,39.7685446866221,-25.9858848523576,71.9061,-1.00659048613016,-8.239050267258513,True,True,IF-1,0.6624086198094974,0.4547679093257837,0.2076407104837137,True,True
development_3,three_day_negative_sustained_drop,4,CA_2,FOODS_1,2015-08-12,2,352.0,64.37560000000002,381.03009950527894,39.7685446866221,-25.9858848523576,71.9061,-0.07654830411597625,-7.309008085244328,True,True,IF-1,0.6525191181496317,0.4240418210233026,0.22847729712632908,True,True
development_3,three_day_negative_sustained_drop,4,CA_2,FOODS_1,2015-08-13,3,457.0,169.37560000000002,391.6644793710769,39.7685446866221,-25.9858848523576,71.9061,2.296322538350283,-4.936137242778069,True,True,IF-1,0.6239148575631388,0.4715908001072784,0.15232405745586042,True,False
development_3,one_day_positive_spike,2,CA_2,FOODS_2,2015-07-21,1,339.0,380.51279999999997,303.13477977695175,20.09725404436599,-27.882194896998143,20.7564,3.1719465246008163,5.2375421481799265,True,True,IF-1,0.5339712433030391,0.4861623409272717,0.04780890237576746,False,False
development_3,one_day_positive_spike,4,CA_2,FOODS_2,2015-07-21,1,339.0,422.0256,303.13477977695175,20.09725404436599,-27.882194896998143,20.7564,3.1719465246008163,7.303137771759041,True,True,IF-1,0.5604773140957965,0.4861623409272717,0.07431497316852481,False,False
development_3,one_day_negative_drop,2,CA_2,FOODS_2,2015-07-22,1,287.0,245.4872,303.13477977695175,20.09725404436599,-27.882194896998143,20.7564,0.5845283686076326,-1.4810672549714796,False,True,IF-1,0.4681380155596189,0.4250705352488723,0.04306748031074664,False,False
development_3,one_day_negative_drop,4,CA_2,FOODS_2,2015-07-22,1,287.0,203.9744,303.13477977695175,20.09725404436599,-27.882194896998143,20.7564,0.5845283686076326,-3.546662878550592,True,True,IF-1,0.5372448600921655,0.4250705352488723,0.11217432484329326,False,False
development_3,two_day_positive_sustained_spike,2,CA_2,FOODS_2,2015-07-23,1,227.0,268.51279999999997,313.85936913078234,20.09725404436599,-27.882194896998143,20.7564,-2.934588680801281,-0.8689930572221702,False,False,IF-1,0.4303479322630395,0.5253401645620469,-0.09499223229900738,False,False
development_3,two_day_positive_sustained_spike,2,CA_2,FOODS_2,2015-07-24,2,329.0,370.51279999999997,343.4817045995128,20.09725404436599,-27.882194896998143,20.7564,0.6667821518254632,2.732377775404574,False,True,IF-1,0.4657857962453915,0.4160895005746938,0.04969629567069772,False,False
development_3,two_day_positive_sustained_spike,4,CA_2,FOODS_2,2015-07-23,1,227.0,310.0256,313.85936913078234,20.09725404436599,-27.882194896998143,20.7564,-2.934588680801281,1.1966025663569433,False,True,IF-1,0.43087340381761313,0.5253401645620469,-0.09446676074443378,False,False
development_3,two_day_positive_sustained_spike,4,CA_2,FOODS_2,2015-07-24,2,329.0,412.0256,343.4817045995128,20.09725404436599,-27.882194896998143,20.7564,0.6667821518254632,4.797973398983688,True,True,IF-1,0.511101245551898,0.4160895005746938,0.09501174497720416,False,False
development_3,two_day_negative_sustained_drop,2,CA_2,FOODS_2,2015-07-25,1,430.0,388.48720000000003,411.9813319535496,20.09725404436599,-27.882194896998143,20.7564,2.283937041454492,0.21834141787537872,False,False,IF-1,0.4177121363123959,0.4554368200081697,-0.03772468369577381,False,False
development_3,two_day_negative_sustained_drop,2,CA_2,FOODS_2,2015-07-26,2,520.0,478.48720000000003,417.261353057269,20.09725404436599,-27.882194896998143,20.7564,6.499437263985178,4.433841640406068,True,False,IF-1,0.5029494340021708,0.5308333208440043,-0.027883886841833405,False,False
development_3,two_day_negative_sustained_drop,4,CA_2,FOODS_2,2015-07-25,1,430.0,346.9744,411.9813319535496,20.09725404436599,-27.882194896998143,20.7564,2.283937041454492,-1.8472542057037347,False,True,IF-1,0.4627305549296454,0.4554368200081697,0.00729373492147567,False,False
development_3,two_day_negative_sustained_drop,4,CA_2,FOODS_2,2015-07-26,2,520.0,436.9744,417.261353057269,20.09725404436599,-27.882194896998143,20.7564,6.499437263985178,2.3682460168269546,False,False,IF-1,0.45982585226926787,0.5308333208440043,-0.07100746857473639,False,False
development_3,three_day_positive_sustained_spike,2,CA_2,FOODS_2,2015-07-27,1,418.0,459.51279999999997,287.9039313167776,20.09725404436599,-27.882194896998143,20.7564,7.860688989225759,9.926284612804869,True,True,IF-1,0.6017432275337893,0.577766983533271,0.023976244000518232,True,False
development_3,three_day_positive_sustained_spike,2,CA_2,FOODS_2,2015-07-28,2,248.0,289.51279999999997,281.49323016795756,20.09725404436599,-27.882194896998143,20.7564,-0.27919412565381796,1.7864014979252927,False,True,IF-1,0.44376954568615656,0.41488455697002213,0.02888498871613443,False,False
development_3,three_day_positive_sustained_spike,2,CA_2,FOODS_2,2015-07-29,3,221.0,262.51279999999997,281.49323016795756,20.09725404436599,-27.882194896998143,20.7564,-1.6226612451118172,0.4429343784672935,False,True,IF-1,0.4218299687478223,0.4766756077188354,-0.05484563897101308,False,False
development_3,three_day_positive_sustained_spike,4,CA_2,FOODS_2,2015-07-27,1,418.0,501.0256,287.9039313167776,20.09725404436599,-27.882194896998143,20.7564,7.860688989225759,11.991880236383983,True,True,IF-1,0.6167274115419086,0.577766983533271,0.03896042800863753,True,False
development_3,three_day_positive_sustained_spike,4,CA_2,FOODS_2,2015-07-28,2,248.0,331.0256,281.49323016795756,20.09725404436599,-27.882194896998143,20.7564,-0.27919412565381796,3.8519971215044064,True,True,IF-1,0.5126085757359854,0.41488455697002213,0.09772401876596326,False,False
development_3,three_day_positive_sustained_spike,4,CA_2,FOODS_2,2015-07-29,3,221.0,304.0256,281.49323016795756,20.09725404436599,-27.882194896998143,20.7564,-1.6226612451118172,2.508530002046407,False,True,IF-1,0.47953987197906,0.4766756077188354,0.002864264260224625,False,False
development_3,three_day_negative_sustained_drop,2,CA_2,FOODS_2,2015-07-30,1,298.0,256.48720000000003,293.80152011837663,20.09725404436599,-27.882194896998143,20.7564,1.5962715457445753,-0.46932407783453545,False,True,IF-1,0.41661820943878625,0.43894664030116504,-0.02232843086237879,False,False
development_3,three_day_negative_sustained_drop,2,CA_2,FOODS_2,2015-07-31,2,369.0,327.48720000000003,346.08961516988944,20.09725404436599,-27.882194896998143,20.7564,2.5273392879933145,0.4617436644142039,False,False,IF-1,0.4154112095892984,0.45814715137576506,-0.04273594178646667,False,False
development_3,three_day_negative_sustained_drop,2,CA_2,FOODS_2,2015-08-01,3,516.0,474.48720000000003,490.4989003111284,20.09725404436599,-27.882194896998143,20.7564,2.65624818535023,0.5906525617711195,False,False,IF-1,0.4542701107987177,0.49495418014877507,-0.04068406935005736,False,False
development_3,three_day_negative_sustained_drop,4,CA_2,FOODS_2,2015-07-30,1,298.0,214.9744,293.80152011837663,20.09725404436599,-27.882194896998143,20.7564,1.5962715457445753,-2.534919701413649,False,True,IF-1,0.5128095163778148,0.43894664030116504,0.07386287607664976,False,False
development_3,three_day_negative_sustained_drop,4,CA_2,FOODS_2,2015-07-31,2,369.0,285.9744,346.08961516988944,20.09725404436599,-27.882194896998143,20.7564,2.5273392879933145,-1.6038519591649096,False,True,IF-1,0.46003326252130283,0.45814715137576506,0.0018861111455377721,False,False
development_3,three_day_negative_sustained_drop,4,CA_2,FOODS_2,2015-08-01,3,516.0,432.9744,490.4989003111284,20.09725404436599,-27.882194896998143,20.7564,2.65624818535023,-1.474943061807994,False,True,IF-1,0.48676176794864284,0.49495418014877507,-0.008192412200132226,False,False
development_3,one_day_positive_spike,2,CA_2,FOODS_3,2015-08-02,1,2250.0,2626.5804,2235.068852265247,111.20367211676187,-11.501883919436295,188.2902,0.2376992697366585,3.6241018302977626,True,True,IF-1,0.6914983586912704,0.5270281688829417,0.16447018980832873,True,True
development_3,one_day_positive_spike,4,CA_2,FOODS_3,2015-08-02,1,2250.0,3003.1608,2235.068852265247,111.20367211676187,-11.501883919436295,188.2902,0.2376992697366585,7.010504390858871,True,True,IF-1,0.713857953339859,0.5270281688829417,0.18682978445691734,True,True
development_3,one_day_negative_drop,2,CA_2,FOODS_3,2015-08-03,1,1427.0,1050.4196,1824.0730273158167,111.20367211676187,-11.501883919436295,188.2902,-3.467251899663328,-6.853654460224434,True,True,IF-1,0.7197535490457202,0.7021333371030131,0.01762021194270713,True,True
development_3,one_day_negative_drop,4,CA_2,FOODS_3,2015-08-03,1,1427.0,673.8392,1824.0730273158167,111.20367211676187,-11.501883919436295,188.2902,-3.467251899663328,-10.240057020785539,True,True,IF-1,0.7197535490457202,0.7021333371030131,0.01762021194270713,True,True
development_3,two_day_positive_sustained_spike,2,CA_2,FOODS_3,2015-08-04,1,1410.0,1786.5804,1639.3709405289112,111.20367211676187,-11.501883919436295,188.2902,-1.9591894086079846,1.4272131519531215,False,True,IF-1,0.567833082496732,0.6328567553470903,-0.06502367285035826,False,False
development_3,two_day_positive_sustained_spike,2,CA_2,FOODS_3,2015-08-05,2,1462.0,1838.5804,1632.8886935735952,111.20367211676187,-11.501883919436295,188.2902,-1.43328728827233,1.9531152722887761,False,True,IF-1,0.6111988545077104,0.6148207310160856,-0.003621876508375199,True,False
development_3,two_day_positive_sustained_spike,4,CA_2,FOODS_3,2015-08-04,1,1410.0,2163.1608,1639.3709405289112,111.20367211676187,-11.501883919436295,188.2902,-1.9591894086079846,4.813615712514228,True,True,IF-1,0.6973426900812879,0.6328567553470903,0.06448593473419761,True,True
development_3,two_day_positive_sustained_spike,4,CA_2,FOODS_3,2015-08-05,2,1462.0,2215.1608,1632.8886935735952,111.20367211676187,-11.501883919436295,188.2902,-1.43328728827233,5.339517832849882,True,True,IF-1,0.7078362334654895,0.6148207310160856,0.09301550244940393,True,True
development_3,two_day_negative_sustained_drop,2,CA_2,FOODS_3,2015-08-06,1,1471.0,1094.4196,1639.4037421789008,111.20367211676187,-11.501883919436295,188.2902,-1.4109413409902536,-4.7973439015513595,True,True,IF-1,0.7216647760946336,0.6054620664889375,0.11620270960569612,True,True
development_3,two_day_negative_sustained_drop,2,CA_2,FOODS_3,2015-08-07,2,1899.0,1522.4196,1880.2600625435448,111.20367211676187,-11.501883919436295,188.2902,0.2719498448229132,-3.1144527157381927,True,True,IF-1,0.6964852247197799,0.5242704316436859,0.172214793076094,True,True
development_3,two_day_negative_sustained_drop,4,CA_2,FOODS_3,2015-08-06,1,1471.0,717.8392,1639.4037421789008,111.20367211676187,-11.501883919436295,188.2902,-1.4109413409902536,-8.183746462112465,True,True,IF-1,0.7226419741274895,0.6054620664889375,0.11717990763855202,True,True
development_3,two_day_negative_sustained_drop,4,CA_2,FOODS_3,2015-08-07,2,1899.0,1145.8392,1880.2600625435448,111.20367211676187,-11.501883919436295,188.2902,0.2719498448229132,-6.500855276299299,True,True,IF-1,0.7228522270415617,0.5242704316436859,0.1985817953978758,True,True
development_3,three_day_positive_sustained_spike,2,CA_2,FOODS_3,2015-08-08,1,2191.0,2567.5804,2180.514566276022,111.20367211676187,-11.501883919436295,188.2902,0.19772114737657298,3.584123707937677,True,True,IF-1,0.6775461801511508,0.5325536881042381,0.14499249204691267,True,True
development_3,three_day_positive_sustained_spike,2,CA_2,FOODS_3,2015-08-09,2,2166.0,2542.5804,2183.882387316609,111.20367211676187,-11.501883919436295,188.2902,-0.057376732941634756,3.329025827619469,True,True,IF-1,0.6744590994936728,0.5311544383925205,0.14330466110115225,True,True
development_3,three_day_positive_sustained_spike,2,CA_2,FOODS_3,2015-08-10,3,1472.0,1848.5804,1749.2311473818634,111.20367211676187,-11.501883919436295,188.2902,-2.389572739858951,0.9968298207021552,False,True,IF-1,0.5411212374345216,0.6668707461395076,-0.12574950870498602,False,False
development_3,three_day_positive_sustained_spike,4,CA_2,FOODS_3,2015-08-08,1,2191.0,2944.1608,2180.514566276022,111.20367211676187,-11.501883919436295,188.2902,0.19772114737657298,6.970526268498785,True,True,IF-1,0.7047006288922676,0.5325536881042381,0.1721469407880295,True,True
development_3,three_day_positive_sustained_spike,4,CA_2,FOODS_3,2015-08-09,2,2166.0,2919.1608,2183.882387316609,111.20367211676187,-11.501883919436295,188.2902,-0.057376732941634756,6.715428388180578,True,True,IF-1,0.7114471009027952,0.5311544383925205,0.18029266251027465,True,True
development_3,three_day_positive_sustained_spike,4,CA_2,FOODS_3,2015-08-10,3,1472.0,2225.1608,1749.2311473818634,111.20367211676187,-11.501883919436295,188.2902,-2.389572739858951,4.383232381263261,True,True,IF-1,0.7039756881089554,0.6668707461395076,0.0371049419694478,True,True
development_3,three_day_negative_sustained_drop,2,CA_2,FOODS_3,2015-08-11,1,1483.0,1106.4196,1437.2465901284777,111.20367211676187,-11.501883919436295,188.2902,0.5148687332091137,-2.8715338273519944,False,True,IF-1,0.6653098577285231,0.4786337535957826,0.18667610413274055,True,True
development_3,three_day_negative_sustained_drop,2,CA_2,FOODS_3,2015-08-12,2,1591.0,1214.4196,1440.8907427975882,111.20367211676187,-11.501883919436295,188.2902,1.4532896085675953,-1.9331129519935109,False,True,IF-1,0.6250263709033622,0.55270571017198,0.07232066073138221,True,False
development_3,three_day_negative_sustained_drop,2,CA_2,FOODS_3,2015-08-13,3,1372.0,995.4196,1448.1885124143553,111.20367211676187,-11.501883919436295,188.2902,-0.5816950759233848,-3.9680976364844907,True,True,IF-1,0.6988630832277216,0.5013682125239913,0.19749487070373029,True,True
development_3,three_day_negative_sustained_drop,4,CA_2,FOODS_3,2015-08-11,1,1483.0,729.8392,1437.2465901284777,111.20367211676187,-11.501883919436295,188.2902,0.5148687332091137,-6.2579363879131,True,True,IF-1,0.7006227332346981,0.4786337535957826,0.22198897963891556,True,True
development_3,three_day_negative_sustained_drop,4,CA_2,FOODS_3,2015-08-12,2,1591.0,837.8392,1440.8907427975882,111.20367211676187,-11.501883919436295,188.2902,1.4532896085675953,-5.319515512554616,True,True,IF-1,0.7043722285585984,0.55270571017198,0.15166651838661838,True,True
development_3,three_day_negative_sustained_drop,4,CA_2,FOODS_3,2015-08-13,3,1372.0,618.8392,1448.1885124143553,111.20367211676187,-11.501883919436295,188.2902,-0.5816950759233848,-7.354500197045596,True,True,IF-1,0.7073560599555143,0.5013682125239913,0.20598784743152299,True,True
development_4,one_day_positive_spike,2,CA_1,FOODS_1,2015-10-13,1,237.0,386.7426,269.7034852066881,62.14479902683457,-14.665260657116079,74.87129999999999,-0.29026120982035775,2.119314528534513,False,True,IF-1,0.5193427529225226,0.41531168248237155,0.10403107044015109,False,False
development_4,one_day_positive_spike,4,CA_1,FOODS_1,2015-10-13,1,237.0,536.4852,269.7034852066881,62.14479902683457,-14.665260657116079,74.87129999999999,-0.29026120982035775,4.528890266889385,True,True,IF-1,0.6374760736544438,0.41531168248237155,0.22216439117207226,True,False
development_4,one_day_negative_drop,2,CA_1,FOODS_1,2015-10-14,1,229.0,79.25740000000002,269.7034852066881,62.14479902683457,-14.665260657116079,74.87129999999999,-0.4189928193078314,-2.8285685576627024,False,True,IF-1,0.5935522500417698,0.4273988710990403,0.16615337894272952,False,False
development_4,one_day_negative_drop,4,CA_1,FOODS_1,2015-10-14,1,229.0,0.0,269.7034852066881,62.14479902683457,-14.665260657116079,74.87129999999999,-0.4189928193078314,-4.103935140886764,True,True,IF-1,0.631951543712786,0.4273988710990403,0.20455267261374566,True,False
development_4,two_day_positive_sustained_spike,2,CA_1,FOODS_1,2015-10-15,1,225.0,374.7426,270.54970768425335,62.14479902683457,-14.665260657116079,74.87129999999999,-0.49697557174175017,1.912600166613121,False,True,IF-1,0.5005689269407481,0.42331611315616885,0.07725281378457921,False,False
development_4,two_day_positive_sustained_spike,2,CA_1,FOODS_1,2015-10-16,2,284.0,433.7426,316.86662341901166,62.14479902683457,-14.665260657116079,74.87129999999999,-0.29288634040052336,2.1166893979543477,False,True,IF-1,0.5155486957960372,0.4217396776716292,0.09380901812440806,False,False
development_4,two_day_positive_sustained_spike,4,CA_1,FOODS_1,2015-10-15,1,225.0,524.4852,270.54970768425335,62.14479902683457,-14.665260657116079,74.87129999999999,-0.49697557174175017,4.322175904967992,True,True,IF-1,0.6258762089990808,0.42331611315616885,0.20256009584291196,True,False
development_4,two_day_positive_sustained_spike,4,CA_1,FOODS_1,2015-10-16,2,284.0,583.4852,316.86662341901166,62.14479902683457,-14.665260657116079,74.87129999999999,-0.29288634040052336,4.5262651363092195,True,True,IF-1,0.6405174696270874,0.4217396776716292,0.21877779195545827,True,False
development_4,two_day_negative_sustained_drop,2,CA_1,FOODS_1,2015-10-17,1,337.0,187.25740000000002,369.055389957358,62.14479902683457,-14.665260657116079,74.87129999999999,-0.2798324167519268,-2.689408155106798,False,True,IF-1,0.5915835145596886,0.4185721257696524,0.1730113887900362,False,False
development_4,two_day_negative_sustained_drop,2,CA_1,FOODS_1,2015-10-18,2,316.0,166.25740000000002,345.6167150101281,62.14479902683457,-14.665260657116079,74.87129999999999,-0.24059059788021603,-2.6501663362350873,False,True,IF-1,0.5887993139750041,0.4112532286078962,0.17754608536710786,False,False
development_4,two_day_negative_sustained_drop,4,CA_1,FOODS_1,2015-10-17,1,337.0,37.51480000000004,369.055389957358,62.14479902683457,-14.665260657116079,74.87129999999999,-0.2798324167519268,-5.09898389346167,True,True,IF-1,0.662561375474981,0.4185721257696524,0.24398924970532854,True,True
development_4,two_day_negative_sustained_drop,4,CA_1,FOODS_1,2015-10-18,2,316.0,16.514800000000037,345.6167150101281,62.14479902683457,-14.665260657116079,74.87129999999999,-0.24059059788021603,-5.059742074589958,True,True,IF-1,0.6532420514032533,0.4112532286078962,0.2419888227953571,True,True
development_4,three_day_positive_sustained_spike,2,CA_1,FOODS_1,2015-10-19,1,263.0,412.7426,270.51738916585936,62.14479902683457,-14.665260657116079,74.87129999999999,0.11501962518488829,2.5245953635397593,False,True,IF-1,0.5501068748823092,0.41573143537227086,0.13437543951003839,False,False
development_4,three_day_positive_sustained_spike,2,CA_1,FOODS_1,2015-10-20,2,189.0,338.7426,267.4188275883595,62.14479902683457,-14.665260657116079,74.87129999999999,-1.0258874102032924,1.3836883281515788,False,True,IF-1,0.45598781079450834,0.4501194964677797,0.00586831432672863,False,False
development_4,three_day_positive_sustained_spike,2,CA_1,FOODS_1,2015-10-21,3,215.0,364.7426,267.4188275883595,62.14479902683457,-14.665260657116079,74.87129999999999,-0.607509679369003,1.8020660589858681,False,True,IF-1,0.5008037978827308,0.44108581183662365,0.05971798604610712,False,False
development_4,three_day_positive_sustained_spike,4,CA_1,FOODS_1,2015-10-19,1,263.0,562.4852,270.51738916585936,62.14479902683457,-14.665260657116079,74.87129999999999,0.11501962518488829,4.934171101894631,True,True,IF-1,0.6559770143482174,0.41573143537227086,0.24024557897594656,True,True
development_4,three_day_positive_sustained_spike,4,CA_1,FOODS_1,2015-10-20,2,189.0,488.48519999999996,267.4188275883595,62.14479902683457,-14.665260657116079,74.87129999999999,-1.0258874102032924,3.79326406650645,True,True,IF-1,0.6071002857319296,0.4501194964677797,0.15698078926414993,True,False
development_4,three_day_positive_sustained_spike,4,CA_1,FOODS_1,2015-10-21,3,215.0,514.4852,267.4188275883595,62.14479902683457,-14.665260657116079,74.87129999999999,-0.607509679369003,4.2116417973407385,True,True,IF-1,0.6251932008683678,0.44108581183662365,0.18410738903174417,True,False
development_4,three_day_negative_sustained_drop,2,CA_1,FOODS_1,2015-10-22,1,207.0,57.25740000000002,268.26505006592475,62.14479902683457,-14.665260657116079,74.87129999999999,-0.7498582365466586,-3.1594339749015297,True,True,IF-1,0.6143037434587612,0.43788058380408335,0.1764231596546778,True,False
development_4,three_day_negative_sustained_drop,2,CA_1,FOODS_1,2015-10-23,2,297.0,147.25740000000002,311.61170068610704,62.14479902683457,-14.665260657116079,74.87129999999999,0.0008618576590119644,-2.408713880695859,False,True,IF-1,0.5752948613393042,0.4109282577557168,0.1643666035835874,False,False
development_4,three_day_negative_sustained_drop,2,CA_1,FOODS_1,2015-10-24,3,362.0,212.25740000000002,361.79664311811854,62.14479902683457,-14.665260657116079,74.87129999999999,0.2392576333311041,-2.170318105023767,False,True,IF-1,0.5460725089031844,0.42274980252510125,0.12332270637808312,False,False
development_4,three_day_negative_sustained_drop,4,CA_1,FOODS_1,2015-10-22,1,207.0,0.0,268.26505006592475,62.14479902683457,-14.665260657116079,74.87129999999999,-0.7498582365466586,-4.0807886320350395,True,True,IF-1,0.6415808534054742,0.43788058380408335,0.20370026960139087,True,False
development_4,three_day_negative_sustained_drop,4,CA_1,FOODS_1,2015-10-23,2,297.0,0.0,311.61170068610704,62.14479902683457,-14.665260657116079,74.87129999999999,0.0008618576590119644,-4.778299144563448,True,True,IF-1,0.663810898333668,0.4109282577557168,0.25288264057795123,True,True
development_4,three_day_negative_sustained_drop,4,CA_1,FOODS_1,2015-10-24,3,362.0,62.51480000000004,361.79664311811854,62.14479902683457,-14.665260657116079,74.87129999999999,0.2392576333311041,-4.579893843378637,True,True,IF-1,0.6549842754755444,0.42274980252510125,0.23223447295044314,True,True
development_4,one_day_positive_spike,2,CA_1,FOODS_2,2015-10-25,1,639.0,852.4944,662.9648945800058,54.60486034584416,7.728493995641968,106.74719999999999,-0.580413325387432,3.3293924803195423,True,True,IF-1,0.5786238289704705,0.41829698856901865,0.16032684040145184,False,False
development_4,one_day_positive_spike,4,CA_1,FOODS_2,2015-10-25,1,639.0,1065.9888,662.9648945800058,54.60486034584416,7.728493995641968,106.74719999999999,-0.580413325387432,7.239198286026517,True,True,IF-1,0.6694166455585433,0.41829698856901865,0.25111965698952465,True,True
development_4,one_day_negative_drop,2,CA_1,FOODS_2,2015-10-26,1,535.0,321.5056,519.7598820661957,54.60486034584416,7.728493995641968,106.74719999999999,0.13756328448762387,-3.7722425212193498,True,True,IF-1,0.6108984724971347,0.4266792780691694,0.1842191944279653,True,False
development_4,one_day_negative_drop,4,CA_1,FOODS_2,2015-10-26,1,535.0,108.01120000000003,519.7598820661957,54.60486034584416,7.728493995641968,106.74719999999999,0.13756328448762387,-7.6820483269263224,True,True,IF-1,0.673432891397264,0.4266792780691694,0.24675361332809465,True,True
development_4,two_day_positive_sustained_spike,2,CA_1,FOODS_2,2015-10-27,1,475.0,688.4944,454.0572440479013,54.60486034584416,7.728493995641968,106.74719999999999,0.24199790774599975,4.151803713452973,True,True,IF-1,0.6172447734359461,0.4188463176665896,0.1983984557693565,True,False
development_4,two_day_positive_sustained_spike,2,CA_1,FOODS_2,2015-10-28,2,342.0,555.4944,452.5104622559659,54.60486034584416,7.728493995641968,106.74719999999999,-2.1653558951113903,1.744449910595584,False,True,IF-1,0.5056837679873514,0.5290708352615052,-0.02338706727415385,False,False
development_4,two_day_positive_sustained_spike,4,CA_1,FOODS_2,2015-10-27,1,475.0,901.9888,454.0572440479013,54.60486034584416,7.728493995641968,106.74719999999999,0.24199790774599975,8.061609519159946,True,True,IF-1,0.6862513398891724,0.4188463176665896,0.26740502222258283,True,True
development_4,two_day_positive_sustained_spike,4,CA_1,FOODS_2,2015-10-28,2,342.0,768.9888,452.5104622559659,54.60486034584416,7.728493995641968,106.74719999999999,-2.1653558951113903,5.654255716302557,True,True,IF-1,0.662230079311834,0.5290708352615052,0.13315924405032875,True,True
development_4,two_day_negative_sustained_drop,2,CA_1,FOODS_2,2015-10-29,1,359.0,145.50560000000002,455.777927183964,54.60486034584416,7.728493995641968,106.74719999999999,-1.9138666506553876,-5.8236724563623605,True,True,IF-1,0.6593793445704778,0.5066262654149549,0.15275307915552283,True,True
development_4,two_day_negative_sustained_drop,2,CA_1,FOODS_2,2015-10-30,2,489.0,275.5056,492.8107296588738,54.60486034584416,7.728493995641968,106.74719999999999,-0.2113222812297514,-4.121128086936725,True,True,IF-1,0.6178994360628931,0.42093249982459113,0.19696693623830197,True,False
development_4,two_day_negative_sustained_drop,4,CA_1,FOODS_2,2015-10-29,1,359.0,0.0,455.777927183964,54.60486034584416,7.728493995641968,106.74719999999999,-1.9138666506553876,-8.4883729807924,True,True,IF-1,0.6774525028416564,0.5066262654149549,0.17082623742670144,True,True
development_4,two_day_negative_sustained_drop,4,CA_1,FOODS_2,2015-10-30,2,489.0,62.01120000000003,492.8107296588738,54.60486034584416,7.728493995641968,106.74719999999999,-0.2113222812297514,-8.030933892643697,True,True,IF-1,0.6793841164956723,0.42093249982459113,0.2584516166710812,True,True
development_4,three_day_positive_sustained_spike,2,CA_1,FOODS_2,2015-10-31,1,526.0,739.4944,584.8735066870805,54.60486034584416,7.728493995641968,106.74719999999999,-1.2197082871541747,2.6900975185528,False,True,IF-1,0.6322378311230852,0.5631571983437214,0.06908063277936383,True,False
development_4,three_day_positive_sustained_spike,2,CA_1,FOODS_2,2015-11-01,2,688.0,901.4944,784.3384624997943,54.60486034584416,7.728493995641968,106.74719999999999,-1.9058185633352063,2.003987242371768,False,True,IF-1,0.5162731159120736,0.5131082351957684,0.003164880716305163,False,False
development_4,three_day_positive_sustained_spike,2,CA_1,FOODS_2,2015-11-02,3,575.0,788.4944,653.0960902575379,54.60486034584416,7.728493995641968,106.74719999999999,-1.571738920484424,2.3380668852225504,False,True,IF-1,0.5528724748106378,0.5102916004731339,0.042580874337503904,False,False
development_4,three_day_positive_sustained_spike,4,CA_1,FOODS_2,2015-10-31,1,526.0,952.9888,584.8735066870805,54.60486034584416,7.728493995641968,106.74719999999999,-1.2197082871541747,6.599903324259773,True,True,IF-1,0.7111165717455047,0.5631571983437214,0.14795937340178333,True,True
development_4,three_day_positive_sustained_spike,4,CA_1,FOODS_2,2015-11-01,2,688.0,1114.9888,784.3384624997943,54.60486034584416,7.728493995641968,106.74719999999999,-1.9058185633352063,5.913793048078743,True,True,IF-1,0.6628655173995384,0.5131082351957684,0.14975728220376994,True,True
development_4,three_day_positive_sustained_spike,4,CA_1,FOODS_2,2015-11-02,3,575.0,1001.9888,653.0960902575379,54.60486034584416,7.728493995641968,106.74719999999999,-1.571738920484424,6.2478726909295235,True,True,IF-1,0.6827834624636698,0.5102916004731339,0.1724918619905359,True,True
development_4,three_day_negative_sustained_drop,2,CA_1,FOODS_2,2015-11-03,1,622.0,408.5056,601.0215197816923,54.60486034584416,7.728493995641968,106.74719999999999,0.2426521400978945,-3.667153665609079,True,True,IF-1,0.6164521173098254,0.4527453188634313,0.16370679844639413,True,False
development_4,three_day_negative_sustained_drop,2,CA_1,FOODS_2,2015-11-04,2,525.0,311.5056,572.6170965406551,54.60486034584416,7.728493995641968,106.74719999999999,-1.0135652794597667,-4.92337108516674,True,True,IF-1,0.6447019242076235,0.4865149449332304,0.15818697927439312,True,False
development_4,three_day_negative_sustained_drop,2,CA_1,FOODS_2,2015-11-05,3,440.0,226.50560000000002,574.0589420288231,54.60486034584416,7.728493995641968,106.74719999999999,-2.5966083445034616,-6.506414150210435,True,True,IF-1,0.6772303535949913,0.5830366128597635,0.0941937407352278,True,True
development_4,three_day_negative_sustained_drop,4,CA_1,FOODS_2,2015-11-03,1,622.0,195.01120000000003,601.0215197816923,54.60486034584416,7.728493995641968,106.74719999999999,0.2426521400978945,-7.5769594713160515,True,True,IF-1,0.6841768527845298,0.4527453188634313,0.2314315339210985,True,True
development_4,three_day_negative_sustained_drop,4,CA_1,FOODS_2,2015-11-04,2,525.0,98.01120000000003,572.6170965406551,54.60486034584416,7.728493995641968,106.74719999999999,-1.0135652794597667,-8.833176890873712,True,True,IF-1,0.6892125047007603,0.4865149449332304,0.20269755976752996,True,True
development_4,three_day_negative_sustained_drop,4,CA_1,FOODS_2,2015-11-05,3,440.0,13.01120000000003,574.0589420288231,54.60486034584416,7.728493995641968,106.74719999999999,-2.5966083445034616,-10.41621995591741,True,True,IF-1,0.697454713546041,0.5830366128597635,0.11441810068627756,True,True
development_4,one_day_positive_spike,2,CA_1,FOODS_3,2015-10-13,1,1906.0,2770.3558,1724.8064754384272,173.53821622377438,-33.75224410736769,432.17789999999997,1.2386076873797744,6.2193883984447575,True,True,IF-1,0.7101012546085543,0.5717422075669298,0.1383590470416245,True,True
development_4,one_day_positive_spike,4,CA_1,FOODS_3,2015-10-13,1,1906.0,3634.7115999999996,1724.8064754384272,173.53821622377438,-33.75224410736769,432.17789999999997,1.2386076873797744,11.20016910950974,True,True,IF-1,0.7101012546085543,0.5717422075669298,0.1383590470416245,True,True
development_4,one_day_negative_drop,2,CA_1,FOODS_3,2015-10-14,1,1727.0,862.6442000000001,1718.9436664388918,173.53821622377438,-33.75224410736769,432.17789999999997,0.24091856294387912,-4.739862148121105,True,True,IF-1,0.6967333801123005,0.4936258668058637,0.20310751330643678,True,True
development_4,one_day_negative_drop,4,CA_1,FOODS_3,2015-10-14,1,1727.0,0.0,1718.9436664388918,173.53821622377438,-33.75224410736769,432.17789999999997,0.24091856294387912,-9.710779901981361,True,True,IF-1,0.6967333801123005,0.4936258668058637,0.20310751330643678,True,True
development_4,two_day_positive_sustained_spike,2,CA_1,FOODS_3,2015-10-15,1,1725.0,2589.3558,1719.955083487008,173.53821622377438,-33.75224410736769,432.17789999999997,0.22356551464336452,5.204346225708348,True,True,IF-1,0.7070190993530914,0.4791245724500686,0.22789452690302275,True,True
development_4,two_day_positive_sustained_spike,2,CA_1,FOODS_3,2015-10-16,2,1897.0,2761.3558,2101.9943072141277,173.53821622377438,-33.75224410736769,432.17789999999997,-0.9867686025189202,3.9940121085460634,True,True,IF-1,0.7069767877961669,0.6007842302279185,0.10619255756824841,True,True
development_4,two_day_positive_sustained_spike,4,CA_1,FOODS_3,2015-10-15,1,1725.0,3453.7115999999996,1719.955083487008,173.53821622377438,-33.75224410736769,432.17789999999997,0.22356551464336452,10.185126936773331,True,True,IF-1,0.7070190993530914,0.4791245724500686,0.22789452690302275,True,True
development_4,two_day_positive_sustained_spike,4,CA_1,FOODS_3,2015-10-16,2,1897.0,3625.7115999999996,2101.9943072141277,173.53821622377438,-33.75224410736769,432.17789999999997,-0.9867686025189202,8.974792819611046,True,True,IF-1,0.7110543134169615,0.6007842302279185,0.11027008318904297,True,True
development_4,two_day_negative_sustained_drop,2,CA_1,FOODS_3,2015-10-17,1,2611.0,1746.6442000000002,2683.9554785943383,173.53821622377438,-33.75224410736769,432.17789999999997,-0.22590548260804252,-5.2066861936730255,True,True,IF-1,0.7193087498825113,0.5462109541012573,0.17309779578125395,True,True
development_4,two_day_negative_sustained_drop,2,CA_1,FOODS_3,2015-10-18,2,2979.0,2114.6442,2874.2857395149476,173.53821622377438,-33.75224410736769,432.17789999999997,0.7979020852321659,-4.182878625832817,True,True,IF-1,0.7248642881185315,0.564333493473452,0.16053079464507958,True,True
development_4,two_day_negative_sustained_drop,4,CA_1,FOODS_3,2015-10-17,1,2611.0,882.2884000000001,2683.9554785943383,173.53821622377438,-33.75224410736769,432.17789999999997,-0.22590548260804252,-10.187466904738011,True,True,IF-1,0.7193087498825113,0.5462109541012573,0.17309779578125395,True,True
development_4,two_day_negative_sustained_drop,4,CA_1,FOODS_3,2015-10-18,2,2979.0,1250.2884000000001,2874.2857395149476,173.53821622377438,-33.75224410736769,432.17789999999997,0.7979020852321659,-9.163659336897803,True,True,IF-1,0.7248642881185315,0.564333493473452,0.16053079464507958,True,True
development_4,three_day_positive_sustained_spike,2,CA_1,FOODS_3,2015-10-19,1,1829.0,2693.3558,1934.438462522733,173.53821622377438,-33.75224410736769,432.17789999999997,-0.4130860623975027,4.567694648667481,True,True,IF-1,0.7156119149318383,0.5193540728039823,0.19625784212785602,True,True
development_4,three_day_positive_sustained_spike,2,CA_1,FOODS_3,2015-10-20,2,1693.0,2557.3558,1705.8027673523472,173.53821622377438,-33.75224410736769,432.17789999999997,0.1207196732275182,5.1015003842925015,True,True,IF-1,0.7101012546085543,0.4789194099091903,0.23118184469936404,True,True
development_4,three_day_positive_sustained_spike,2,CA_1,FOODS_3,2015-10-21,3,1600.0,2464.3558,1700.5436508492648,173.53821622377438,-33.75224410736769,432.17789999999997,-0.3848801041942879,4.595900606870695,True,True,IF-1,0.7074928279195022,0.5241798916888573,0.18331293623064493,True,True
development_4,three_day_positive_sustained_spike,4,CA_1,FOODS_3,2015-10-19,1,1829.0,3557.7115999999996,1934.438462522733,173.53821622377438,-33.75224410736769,432.17789999999997,-0.4130860623975027,9.548475359732464,True,True,IF-1,0.7175867958066168,0.5193540728039823,0.1982327230026345,True,True
development_4,three_day_positive_sustained_spike,4,CA_1,FOODS_3,2015-10-20,2,1693.0,3421.7115999999996,1705.8027673523472,173.53821622377438,-33.75224410736769,432.17789999999997,0.1207196732275182,10.082281095357486,True,True,IF-1,0.7101012546085543,0.4789194099091903,0.23118184469936404,True,True
development_4,three_day_positive_sustained_spike,4,CA_1,FOODS_3,2015-10-21,3,1600.0,3328.7115999999996,1700.5436508492648,173.53821622377438,-33.75224410736769,432.17789999999997,-0.3848801041942879,9.576681317935678,True,True,IF-1,0.7094453024741415,0.5241798916888573,0.18526541078528425,True,True
development_4,three_day_negative_sustained_drop,2,CA_1,FOODS_3,2015-10-22,1,1443.0,578.6442000000001,1699.6503253370151,173.53821622377438,-33.75224410736769,432.17789999999997,-1.2844322482963892,-6.265212959361373,True,True,IF-1,0.6986948255941459,0.6220478849820773,0.07664694061206856,True,True
development_4,three_day_negative_sustained_drop,2,CA_1,FOODS_3,2015-10-23,2,1845.0,980.6442000000001,2094.1810142217923,173.53821622377438,-33.75224410736769,432.17789999999997,-1.2413909443245235,-6.2221716553895074,True,True,IF-1,0.7179613215291415,0.6329742982732937,0.08498702325584784,True,True
development_4,three_day_negative_sustained_drop,2,CA_1,FOODS_3,2015-10-24,3,2379.0,1514.6442000000002,2587.8566247927647,173.53821622377438,-33.75224410736769,432.17789999999997,-1.0090248966233644,-5.989805607688348,True,True,IF-1,0.7163946221224993,0.6029306743363456,0.11346394778615365,True,True
development_4,three_day_negative_sustained_drop,4,CA_1,FOODS_3,2015-10-22,1,1443.0,0.0,1699.6503253370151,173.53821622377438,-33.75224410736769,432.17789999999997,-1.2844322482963892,-9.599603577125064,True,True,IF-1,0.6986948255941459,0.6220478849820773,0.07664694061206856,True,True
development_4,three_day_negative_sustained_drop,4,CA_1,FOODS_3,2015-10-23,2,1845.0,116.28840000000014,2094.1810142217923,173.53821622377438,-33.75224410736769,432.17789999999997,-1.2413909443245235,-11.202952366454491,True,True,IF-1,0.7179613215291415,0.6329742982732937,0.08498702325584784,True,True
development_4,three_day_negative_sustained_drop,4,CA_1,FOODS_3,2015-10-24,3,2379.0,650.2884000000001,2587.8566247927647,173.53821622377438,-33.75224410736769,432.17789999999997,-1.0090248966233644,-10.970586318753332,True,True,IF-1,0.7163946221224993,0.6029306743363456,0.11346394778615365,True,True
development_4,one_day_positive_spike,2,CA_1,HOBBIES_1,2015-10-25,1,633.0,807.9467999999999,568.758002579985,64.68263828354812,17.289827805758932,87.4734,0.7258851967112513,3.430580067583537,True,True,IF-1,0.6024124599563486,0.4373600731064319,0.16505238684991674,True,False
development_4,one_day_positive_spike,4,CA_1,HOBBIES_1,2015-10-25,1,633.0,982.8936,568.758002579985,64.68263828354812,17.289827805758932,87.4734,0.7258851967112513,6.135274938455825,True,True,IF-1,0.6672411589325146,0.4373600731064319,0.2298810858260827,True,True
development_4,one_day_negative_drop,2,CA_1,HOBBIES_1,2015-10-26,1,459.0,284.0532,430.6324825283361,64.68263828354812,17.289827805758932,87.4734,0.17126218039134267,-2.533432690480944,False,True,IF-1,0.5667257601867157,0.42824489647981095,0.13848086370690477,False,False
development_4,one_day_negative_drop,4,CA_1,HOBBIES_1,2015-10-26,1,459.0,109.10640000000001,430.6324825283361,64.68263828354812,17.289827805758932,87.4734,0.17126218039134267,-5.238127561353231,True,True,IF-1,0.653945947736687,0.42824489647981095,0.22570105125687606,True,True
development_4,two_day_positive_sustained_spike,2,CA_1,HOBBIES_1,2015-10-27,1,450.0,624.9467999999999,403.3736608718867,64.68263828354812,17.289827805758932,87.4734,0.45354537323837046,3.1582402441106563,True,True,IF-1,0.6020649488244136,0.42822065499207435,0.1738442938323393,True,False
development_4,two_day_positive_sustained_spike,2,CA_1,HOBBIES_1,2015-10-28,2,404.0,578.9467999999999,400.5014611656934,64.68263828354812,17.289827805758932,87.4734,-0.2132146946603462,2.4914801762119394,False,True,IF-1,0.5628702896680469,0.4348776247622088,0.12799266490583805,False,False
development_4,two_day_positive_sustained_spike,4,CA_1,HOBBIES_1,2015-10-27,1,450.0,799.8936,403.3736608718867,64.68263828354812,17.289827805758932,87.4734,0.45354537323837046,5.862935114982943,True,True,IF-1,0.6802475159358473,0.42822065499207435,0.25202686094377297,True,True
development_4,two_day_positive_sustained_spike,4,CA_1,HOBBIES_1,2015-10-28,2,404.0,753.8936,400.5014611656934,64.68263828354812,17.289827805758932,87.4734,-0.2132146946603462,5.196175047084227,True,True,IF-1,0.6673589736450785,0.4348776247622088,0.23248134888286964,True,True
development_4,two_day_negative_sustained_drop,2,CA_1,HOBBIES_1,2015-10-29,1,385.0,210.0532,401.3476836432587,64.68263828354812,17.289827805758932,87.4734,-0.5200392615644627,-3.2247341324367493,True,True,IF-1,0.6032148016862455,0.4155320462093875,0.18768275547685803,True,False
development_4,two_day_negative_sustained_drop,2,CA_1,HOBBIES_1,2015-10-30,2,524.0,349.0532,465.669131767829,64.68263828354812,17.289827805758932,87.4734,0.6344985534835667,-2.07019631738872,False,True,IF-1,0.5274403658645638,0.4394152418644417,0.08802512400012208,False,False
development_4,two_day_negative_sustained_drop,4,CA_1,HOBBIES_1,2015-10-29,1,385.0,35.10640000000001,401.3476836432587,64.68263828354812,17.289827805758932,87.4734,-0.5200392615644627,-5.929429003309036,True,True,IF-1,0.6671187600277861,0.4155320462093875,0.25158671381839864,True,True
development_4,two_day_negative_sustained_drop,4,CA_1,HOBBIES_1,2015-10-30,2,524.0,174.1064,465.669131767829,64.68263828354812,17.289827805758932,87.4734,0.6344985534835667,-4.774891188261007,True,True,IF-1,0.6579397986972474,0.4394152418644417,0.2185245568328057,True,True
development_4,three_day_positive_sustained_spike,2,CA_1,HOBBIES_1,2015-10-31,1,661.0,835.9467999999999,543.9278010994091,64.68263828354812,17.289827805758932,87.4734,1.5426453487784126,4.247340219650699,True,True,IF-1,0.6899999681220178,0.5950316413712432,0.0949683267507746,True,True
development_4,three_day_positive_sustained_spike,2,CA_1,HOBBIES_1,2015-11-01,2,572.0,746.9467999999999,611.3003889869187,64.68263828354812,17.289827805758932,87.4734,-0.8748903615310828,1.829804509341203,False,True,IF-1,0.5228461230422293,0.4474936902229212,0.07535243281930815,False,False
development_4,three_day_positive_sustained_spike,2,CA_1,HOBBIES_1,2015-11-02,3,565.0,739.9467999999999,493.7194043199268,64.68263828354812,17.289827805758932,87.4734,0.8347026235639292,3.5393974944362148,True,True,IF-1,0.636500656561205,0.47700321138677676,0.15949744517442827,True,False
development_4,three_day_positive_sustained_spike,4,CA_1,HOBBIES_1,2015-10-31,1,661.0,1010.8936,543.9278010994091,64.68263828354812,17.289827805758932,87.4734,1.5426453487784126,6.952035090522986,True,True,IF-1,0.7147342307589206,0.5950316413712432,0.11970258938767742,True,True
development_4,three_day_positive_sustained_spike,4,CA_1,HOBBIES_1,2015-11-01,2,572.0,921.8936,611.3003889869187,64.68263828354812,17.289827805758932,87.4734,-0.8748903615310828,4.53449938021349,True,True,IF-1,0.6539617725946715,0.4474936902229212,0.2064680823717503,True,True
development_4,three_day_positive_sustained_spike,4,CA_1,HOBBIES_1,2015-11-02,3,565.0,914.8936,493.7194043199268,64.68263828354812,17.289827805758932,87.4734,0.8347026235639292,6.244092365308503,True,True,IF-1,0.6888011322053671,0.47700321138677676,0.21179792081859034,True,True
development_4,three_day_negative_sustained_drop,2,CA_1,HOBBIES_1,2015-11-03,1,444.0,269.0532,471.92371795151024,64.68263828354812,17.289827805758932,87.4734,-0.699005899528516,-3.4037007704008024,True,True,IF-1,0.6172163384677516,0.4591157626080822,0.1581005758596694,True,False
development_4,three_day_negative_sustained_drop,2,CA_1,HOBBIES_1,2015-11-04,2,514.0,339.0532,423.15111695137034,64.68263828354812,17.289827805758932,87.4734,1.137230286130433,-1.5674645847418536,False,True,IF-1,0.5193917922930517,0.5096930406684472,0.00969875162460443,False,False
development_4,three_day_negative_sustained_drop,2,CA_1,HOBBIES_1,2015-11-05,3,504.0,329.0532,422.7712630370317,64.68263828354812,17.289827805758932,87.4734,0.9885018739792512,-1.7161929968930354,False,True,IF-1,0.5219563664092081,0.500432217338459,0.021524149070749066,False,False
development_4,three_day_negative_sustained_drop,4,CA_1,HOBBIES_1,2015-11-03,1,444.0,94.10640000000001,471.92371795151024,64.68263828354812,17.289827805758932,87.4734,-0.699005899528516,-6.1083956412730895,True,True,IF-1,0.6788130061443254,0.4591157626080822,0.2196972435362432,True,True
development_4,three_day_negative_sustained_drop,4,CA_1,HOBBIES_1,2015-11-04,2,514.0,164.1064,423.15111695137034,64.68263828354812,17.289827805758932,87.4734,1.137230286130433,-4.2721594556141405,True,True,IF-1,0.6428017467039898,0.5096930406684472,0.1331087060355426,True,False
development_4,three_day_negative_sustained_drop,4,CA_1,HOBBIES_1,2015-11-05,3,504.0,154.1064,422.7712630370317,64.68263828354812,17.289827805758932,87.4734,0.9885018739792512,-4.420887867765322,True,True,IF-1,0.6561077649289603,0.500432217338459,0.15567554759050128,True,True
development_4,one_day_positive_spike,2,CA_1,HOBBIES_2,2015-10-13,1,33.0,56.721599999999995,37.47042790344538,10.25475666079229,-6.145024159855325,11.8608,0.16329946304942947,2.4765284147120665,False,True,IF-1,0.4772711084207407,0.42123701086549625,0.056034097555244466,False,False
development_4,one_day_positive_spike,4,CA_1,HOBBIES_2,2015-10-13,1,33.0,80.44319999999999,37.47042790344538,10.25475666079229,-6.145024159855325,11.8608,0.16329946304942947,4.789757366374704,True,True,IF-1,0.5207379341411837,0.42123701086549625,0.09950092327568749,False,False
development_4,one_day_negative_drop,2,CA_1,HOBBIES_2,2015-10-14,1,53.0,29.2784,37.47042790344538,10.25475666079229,-6.145024159855325,11.8608,2.113613903612155,-0.19961504805048236,False,True,IF-1,0.4293058440206174,0.4748205564741072,-0.045514712453489814,False,False
development_4,one_day_negative_drop,4,CA_1,HOBBIES_2,2015-10-14,1,53.0,5.556800000000003,37.47042790344538,10.25475666079229,-6.145024159855325,11.8608,2.113613903612155,-2.5128439997131196,False,True,IF-1,0.49828060854978656,0.4748205564741072,0.02346005207567936,False,False
development_4,two_day_positive_sustained_spike,2,CA_1,HOBBIES_2,2015-10-15,1,47.0,70.7216,37.891314538212896,10.25475666079229,-6.145024159855325,11.8608,1.4874765073619909,3.800705459024628,True,True,IF-1,0.49938667484711763,0.4417177863489156,0.05766888849820201,False,False
development_4,two_day_positive_sustained_spike,2,CA_1,HOBBIES_2,2015-10-16,2,94.0,117.7216,41.314317114289594,10.25475666079229,-6.145024159855325,11.8608,5.736918874974107,8.050147826636744,True,True,IF-1,0.536662928988796,0.524986383632372,0.011676545356423929,False,False
development_4,two_day_positive_sustained_spike,4,CA_1,HOBBIES_2,2015-10-15,1,47.0,94.44319999999999,37.891314538212896,10.25475666079229,-6.145024159855325,11.8608,1.4874765073619909,6.113934410687265,True,True,IF-1,0.5185670071534482,0.4417177863489156,0.07684922080453255,False,False
development_4,two_day_positive_sustained_spike,4,CA_1,HOBBIES_2,2015-10-16,2,94.0,141.4432,41.314317114289594,10.25475666079229,-6.145024159855325,11.8608,5.736918874974107,10.363376778299381,True,True,IF-1,0.5530851675819899,0.524986383632372,0.028098783949617845,False,False
development_4,two_day_negative_sustained_drop,2,CA_1,HOBBIES_2,2015-10-17,1,48.0,24.2784,49.618597843966285,10.25475666079229,-6.145024159855325,11.8608,0.4413977304010766,-1.8718312212615609,False,True,IF-1,0.46622780355387233,0.43140284010264496,0.034824963451227375,False,False
development_4,two_day_negative_sustained_drop,2,CA_1,HOBBIES_2,2015-10-18,2,83.0,59.278400000000005,49.39533090977427,10.25475666079229,-6.145024159855325,11.8608,3.8762200376785887,1.5629910860159517,False,False,IF-1,0.4390632490507428,0.5024047456395202,-0.06334149658877741,False,False
development_4,two_day_negative_sustained_drop,4,CA_1,HOBBIES_2,2015-10-17,1,48.0,0.5568000000000026,49.618597843966285,10.25475666079229,-6.145024159855325,11.8608,0.4413977304010766,-4.1850601729241985,True,True,IF-1,0.5127056184887364,0.43140284010264496,0.08130277838609146,False,False
development_4,two_day_negative_sustained_drop,4,CA_1,HOBBIES_2,2015-10-18,2,83.0,35.5568,49.39533090977427,10.25475666079229,-6.145024159855325,11.8608,3.8762200376785887,-0.750237865646686,False,True,IF-1,0.42067624680407995,0.5024047456395202,-0.08172849883544026,False,False
development_4,three_day_positive_sustained_spike,2,CA_1,HOBBIES_2,2015-10-19,1,65.0,88.7216,38.05160720807166,10.25475666079229,-6.145024159855325,11.8608,3.227128448431349,5.540357400093986,True,True,IF-1,0.5268409605640424,0.5109372457698194,0.015903714794223034,False,False
development_4,three_day_positive_sustained_spike,2,CA_1,HOBBIES_2,2015-10-20,2,79.0,102.7216,37.804632917553974,10.25475666079229,-6.145024159855325,11.8608,4.616432433087476,6.929661384750113,True,True,IF-1,0.5282456641634605,0.5182439234843383,0.010001740679122184,False,False
development_4,three_day_positive_sustained_spike,2,CA_1,HOBBIES_2,2015-10-21,3,83.0,106.7216,37.804632917553974,10.25475666079229,-6.145024159855325,11.8608,5.0064953212000205,7.319724272862658,True,True,IF-1,0.5403618390305125,0.5276102338262443,0.012751605204268213,False,False
development_4,three_day_positive_sustained_spike,4,CA_1,HOBBIES_2,2015-10-19,1,65.0,112.44319999999999,38.05160720807166,10.25475666079229,-6.145024159855325,11.8608,3.227128448431349,7.853586351756623,True,True,IF-1,0.5409062641348348,0.5109372457698194,0.02996901836501542,False,False
development_4,three_day_positive_sustained_spike,4,CA_1,HOBBIES_2,2015-10-20,2,79.0,126.44319999999999,37.804632917553974,10.25475666079229,-6.145024159855325,11.8608,4.616432433087476,9.24289033641275,True,True,IF-1,0.5397184073351169,0.5182439234843383,0.021474483850778547,False,False
development_4,three_day_positive_sustained_spike,4,CA_1,HOBBIES_2,2015-10-21,3,83.0,130.4432,37.804632917553974,10.25475666079229,-6.145024159855325,11.8608,5.0064953212000205,9.632953224525295,True,True,IF-1,0.5554959531134415,0.5276102338262443,0.027885719287197186,False,False
development_4,three_day_negative_sustained_drop,2,CA_1,HOBBIES_2,2015-10-22,1,112.0,88.2784,38.110848100482045,10.25475666079229,-6.145024159855325,11.8608,7.804590465356764,5.491361513694127,True,False,IF-1,0.5209809267573596,0.5323915478645211,-0.011410621107161512,False,False
development_4,three_day_negative_sustained_drop,2,CA_1,HOBBIES_2,2015-10-23,2,38.0,14.278400000000001,41.53385067655874,10.25475666079229,-6.145024159855325,11.8608,0.25463046756438984,-2.0585984840982476,False,True,IF-1,0.4765020630444704,0.4284921052102285,0.04800995783424189,False,False
development_4,three_day_negative_sustained_drop,2,CA_1,HOBBIES_2,2015-10-24,3,71.0,47.278400000000005,47.88508904066586,10.25475666079229,-6.145024159855325,11.8608,2.8533036996441825,0.5400747479815453,False,False,IF-1,0.4337586507835396,0.48379746342182683,-0.050038812638287244,False,False
development_4,three_day_negative_sustained_drop,4,CA_1,HOBBIES_2,2015-10-22,1,112.0,64.55680000000001,38.110848100482045,10.25475666079229,-6.145024159855325,11.8608,7.804590465356764,3.17813256203149,True,False,IF-1,0.4869439138385228,0.5323915478645211,-0.04544763402599833,False,False
development_4,three_day_negative_sustained_drop,4,CA_1,HOBBIES_2,2015-10-23,2,38.0,0.0,41.53385067655874,10.25475666079229,-6.145024159855325,11.8608,0.25463046756438984,-3.4509669695047887,True,True,IF-1,0.511374674767255,0.4284921052102285,0.08288256955702644,False,False
development_4,three_day_negative_sustained_drop,4,CA_1,HOBBIES_2,2015-10-24,3,71.0,23.556800000000003,47.88508904066586,10.25475666079229,-6.145024159855325,11.8608,2.8533036996441825,-1.7731542036810926,False,True,IF-1,0.45812270729574833,0.48379746342182683,-0.025674756126078502,False,False
development_4,one_day_positive_spike,2,CA_1,HOUSEHOLD_1,2015-10-25,1,1104.0,1400.52,1028.17816250825,81.2637179012018,6.783911882279142,148.26,0.849554110893685,4.49841497596635,True,True,IF-1,0.6694157320893797,0.4622514167736065,0.20716431531577317,True,True
development_4,one_day_positive_spike,4,CA_1,HOUSEHOLD_1,2015-10-25,1,1104.0,1697.04,1028.17816250825,81.2637179012018,6.783911882279142,148.26,0.849554110893685,8.147275841039011,True,True,IF-1,0.695573107672403,0.4622514167736065,0.2333216908987965,True,True
development_4,one_day_negative_drop,2,CA_1,HOUSEHOLD_1,2015-10-26,1,793.0,496.48,727.4487258690648,81.2637179012018,6.783911882279142,148.26,0.7231685156234645,-2.9256923494491978,False,True,IF-1,0.6183705770506192,0.45847850176660915,0.15989207528401,True,False
development_4,one_day_negative_drop,4,CA_1,HOUSEHOLD_1,2015-10-26,1,793.0,199.96000000000004,727.4487258690648,81.2637179012018,6.783911882279142,148.26,0.7231685156234645,-6.574553214521859,True,True,IF-1,0.6828983764963462,0.45847850176660915,0.22441987472973707,True,True
development_4,two_day_positive_sustained_spike,2,CA_1,HOUSEHOLD_1,2015-10-27,1,641.0,937.52,682.0648618609088,81.2637179012018,6.783911882279142,148.26,-0.5888085726198392,3.060052292452823,True,True,IF-1,0.6243807289959317,0.43481029298568913,0.18957043601024254,True,False
development_4,two_day_positive_sustained_spike,2,CA_1,HOUSEHOLD_1,2015-10-28,2,657.0,953.52,676.2829272787422,81.2637179012018,6.783911882279142,148.26,-0.32076847865504676,3.3280923864176155,True,True,IF-1,0.6420016593672017,0.43700578733062917,0.2049958720365725,True,False
development_4,two_day_positive_sustained_spike,4,CA_1,HOUSEHOLD_1,2015-10-27,1,641.0,1234.04,682.0648618609088,81.2637179012018,6.783911882279142,148.26,-0.5888085726198392,6.708913157525486,True,True,IF-1,0.7003111642882517,0.43481029298568913,0.26550087130256256,True,True
development_4,two_day_positive_sustained_spike,4,CA_1,HOUSEHOLD_1,2015-10-28,2,657.0,1250.04,676.2829272787422,81.2637179012018,6.783911882279142,148.26,-0.32076847865504676,6.976953251490278,True,True,IF-1,0.6973717289869492,0.43700578733062917,0.26036594165632004,True,True
development_4,two_day_negative_sustained_drop,2,CA_1,HOUSEHOLD_1,2015-10-29,1,601.0,304.48,674.9784150608193,81.2637179012018,6.783911882279142,148.26,-0.9938300760652753,-4.642690941137937,True,True,IF-1,0.6696819746283834,0.45697919613412247,0.21270277849426095,True,True
development_4,two_day_negative_sustained_drop,2,CA_1,HOUSEHOLD_1,2015-10-30,2,782.0,485.48,820.9157413203852,81.2637179012018,6.783911882279142,148.26,-0.5623623233461303,-4.211223188418792,True,True,IF-1,0.667090010884873,0.4412744422965254,0.22581556858834756,True,True
development_4,two_day_negative_sustained_drop,4,CA_1,HOUSEHOLD_1,2015-10-29,1,601.0,7.960000000000036,674.9784150608193,81.2637179012018,6.783911882279142,148.26,-0.9938300760652753,-8.2915518062106,True,True,IF-1,0.6893107725804287,0.45697919613412247,0.23233157644630625,True,True
development_4,two_day_negative_sustained_drop,4,CA_1,HOUSEHOLD_1,2015-10-30,2,782.0,188.96000000000004,820.9157413203852,81.2637179012018,6.783911882279142,148.26,-0.5623623233461303,-7.860084053491455,True,True,IF-1,0.6877419710647232,0.4412744422965254,0.24646752876819783,True,True
development_4,three_day_positive_sustained_spike,2,CA_1,HOUSEHOLD_1,2015-10-31,1,992.0,1288.52,976.796184585623,81.2637179012018,6.783911882279142,148.26,0.103612088513284,3.7524729535859462,True,True,IF-1,0.6954095948277743,0.5617094722966204,0.13370012253115393,True,True
development_4,three_day_positive_sustained_spike,2,CA_1,HOUSEHOLD_1,2015-11-01,2,1081.0,1377.52,1109.480237237023,81.2637179012018,6.783911882279142,148.26,-0.43394703109910965,3.2149138339735526,True,True,IF-1,0.632684609527499,0.45900694403553327,0.17367766549196578,True,False
development_4,three_day_positive_sustained_spike,2,CA_1,HOUSEHOLD_1,2015-11-02,3,853.0,1149.52,831.0141550143211,81.2637179012018,6.783911882279142,148.26,0.18706913116972892,3.835929996242391,True,True,IF-1,0.6715800784726867,0.4702558091913704,0.20132426928131636,True,True
development_4,three_day_positive_sustained_spike,4,CA_1,HOUSEHOLD_1,2015-10-31,1,992.0,1585.04,976.796184585623,81.2637179012018,6.783911882279142,148.26,0.103612088513284,7.401333818658608,True,True,IF-1,0.7222691520845788,0.5617094722966204,0.16055967978795838,True,True
development_4,three_day_positive_sustained_spike,4,CA_1,HOUSEHOLD_1,2015-11-01,2,1081.0,1674.04,1109.480237237023,81.2637179012018,6.783911882279142,148.26,-0.43394703109910965,6.863774699046214,True,True,IF-1,0.7035073060057411,0.45900694403553327,0.2445003619702078,True,True
development_4,three_day_positive_sustained_spike,4,CA_1,HOUSEHOLD_1,2015-11-02,3,853.0,1446.04,831.0141550143211,81.2637179012018,6.783911882279142,148.26,0.18706913116972892,7.484790861315054,True,True,IF-1,0.7087624877194539,0.4702558091913704,0.23850667852808355,True,True
development_4,three_day_negative_sustained_drop,2,CA_1,HOUSEHOLD_1,2015-11-03,1,823.0,526.48,784.9103895148343,81.2637179012018,6.783911882279142,148.26,0.3852358643121301,-3.263625000760532,True,True,IF-1,0.6483310772108869,0.4674000400760395,0.18093103713484737,True,False
development_4,three_day_negative_sustained_drop,2,CA_1,HOUSEHOLD_1,2015-11-04,2,619.0,322.48,684.0388794484012,81.2637179012018,6.783911882279142,148.26,-0.8838235953959246,-4.5326844604685865,True,True,IF-1,0.6746688051821506,0.49608154673194516,0.1785872584502054,True,True
development_4,three_day_negative_sustained_drop,2,CA_1,HOUSEHOLD_1,2015-11-05,3,668.0,371.48,685.5052391549142,81.2637179012018,6.783911882279142,148.26,-0.29889293358105296,-3.9477537986537152,True,True,IF-1,0.6712161069932061,0.4614749856474155,0.2097411213457906,True,True
development_4,three_day_negative_sustained_drop,4,CA_1,HOUSEHOLD_1,2015-11-03,1,823.0,229.96000000000004,784.9103895148343,81.2637179012018,6.783911882279142,148.26,0.3852358643121301,-6.912485865833194,True,True,IF-1,0.7011406450917684,0.4674000400760395,0.2337406050157289,True,True
development_4,three_day_negative_sustained_drop,4,CA_1,HOUSEHOLD_1,2015-11-04,2,619.0,25.960000000000036,684.0388794484012,81.2637179012018,6.783911882279142,148.26,-0.8838235953959246,-8.181545325541249,True,True,IF-1,0.6991319785102541,0.49608154673194516,0.20305043177830895,True,True
development_4,three_day_negative_sustained_drop,4,CA_1,HOUSEHOLD_1,2015-11-05,3,668.0,74.96000000000004,685.5052391549142,81.2637179012018,6.783911882279142,148.26,-0.29889293358105296,-7.596614663726377,True,True,IF-1,0.6981109952880672,0.4614749856474155,0.23663600964065168,True,True
development_4,one_day_positive_spike,2,CA_1,HOUSEHOLD_2,2015-10-13,1,179.0,285.7472,174.61699262737366,24.163544853453068,-7.3854786729166335,53.373599999999996,0.48703475077503816,4.904730939285451,True,True,IF-1,0.560463395710541,0.4165832341207063,0.14388016158983474,False,False
development_4,one_day_positive_spike,4,CA_1,HOUSEHOLD_2,2015-10-13,1,179.0,392.4944,174.61699262737366,24.163544853453068,-7.3854786729166335,53.373599999999996,0.48703475077503816,9.322427127795862,True,True,IF-1,0.6168720379073876,0.4165832341207063,0.20028880378668135,True,False
development_4,one_day_negative_drop,2,CA_1,HOUSEHOLD_2,2015-10-14,1,178.0,71.25280000000001,174.61699262737366,24.163544853453068,-7.3854786729166335,53.373599999999996,0.4456500944232986,-3.972046094087113,True,True,IF-1,0.5390099039676626,0.42951805400688,0.1094918499607826,False,False
development_4,one_day_negative_drop,4,CA_1,HOUSEHOLD_2,2015-10-14,1,178.0,0.0,174.61699262737366,24.163544853453068,-7.3854786729166335,53.373599999999996,0.4456500944232986,-6.920818736186341,True,True,IF-1,0.594684081115835,0.42951805400688,0.16516602710895506,False,False
development_4,two_day_positive_sustained_spike,2,CA_1,HOUSEHOLD_2,2015-10-15,1,185.0,291.7472,175.95340460955046,24.163544853453068,-7.3854786729166335,53.373599999999996,0.6800357382587415,5.097731926769154,True,True,IF-1,0.5633402480817016,0.4149533344334467,0.1483869136482549,False,False
development_4,two_day_positive_sustained_spike,2,CA_1,HOUSEHOLD_2,2015-10-16,2,204.0,310.7472,213.92423754871248,24.163544853453068,-7.3854786729166335,53.373599999999996,-0.10506566363473986,4.312630524875673,True,True,IF-1,0.5373069949488644,0.41265844648347966,0.1246485484653847,False,False
development_4,two_day_positive_sustained_spike,4,CA_1,HOUSEHOLD_2,2015-10-15,1,185.0,398.4944,175.95340460955046,24.163544853453068,-7.3854786729166335,53.373599999999996,0.6800357382587415,9.515428115279565,True,True,IF-1,0.6193930443663836,0.4149533344334467,0.20443970993293697,True,False
development_4,two_day_positive_sustained_spike,4,CA_1,HOUSEHOLD_2,2015-10-16,2,204.0,417.4944,213.92423754871248,24.163544853453068,-7.3854786729166335,53.373599999999996,-0.10506566363473986,8.730326713386084,True,True,IF-1,0.609306401266967,0.41265844648347966,0.19664795478348734,True,False
development_4,two_day_negative_sustained_drop,2,CA_1,HOUSEHOLD_2,2015-10-17,1,283.0,176.2528,248.7027741046943,24.163544853453068,-7.3854786729166335,53.373599999999996,1.7250244043669656,-2.692671784143446,False,True,IF-1,0.5102104448599737,0.44143622660421933,0.06877421825575436,False,False
development_4,two_day_negative_sustained_drop,2,CA_1,HOUSEHOLD_2,2015-10-18,2,293.0,186.2528,256.005703395527,24.163544853453068,-7.3854786729166335,53.373599999999996,1.8366417488221964,-2.581054439688215,False,True,IF-1,0.492842647989343,0.43987404040795697,0.05296860758138605,False,False
development_4,two_day_negative_sustained_drop,4,CA_1,HOUSEHOLD_2,2015-10-17,1,283.0,69.50560000000002,248.7027741046943,24.163544853453068,-7.3854786729166335,53.373599999999996,1.7250244043669656,-7.110367972653858,True,True,IF-1,0.5925581631478833,0.44143622660421933,0.15112193654366401,False,False
development_4,two_day_negative_sustained_drop,4,CA_1,HOUSEHOLD_2,2015-10-18,2,293.0,79.50560000000002,256.005703395527,24.163544853453068,-7.3854786729166335,53.373599999999996,1.8366417488221964,-6.998750628198627,True,True,IF-1,0.5902805176757683,0.43987404040795697,0.1504064772678113,False,False
development_4,three_day_positive_sustained_spike,2,CA_1,HOUSEHOLD_2,2015-10-19,1,198.0,304.7472,177.6001248846587,24.163544853453068,-7.3854786729166335,53.373599999999996,1.1498873181385594,5.5675835066489725,True,True,IF-1,0.5736799403328785,0.43394113393223216,0.13973880640064634,False,False
development_4,three_day_positive_sustained_spike,2,CA_1,HOUSEHOLD_2,2015-10-20,2,162.0,268.7472,174.9658080137521,24.163544853453068,-7.3854786729166335,53.373599999999996,-0.23094001210000545,4.186756176410407,True,True,IF-1,0.5328242713412706,0.41197721789675273,0.1208470534445179,False,False
development_4,three_day_positive_sustained_spike,2,CA_1,HOUSEHOLD_2,2015-10-21,3,176.0,282.7472,174.9990481830791,24.163544853453068,-7.3854786729166335,53.373599999999996,0.34706954383967664,4.76476573235009,True,True,IF-1,0.5641182462948493,0.4342322398453321,0.1298860064495172,False,False
development_4,three_day_positive_sustained_spike,4,CA_1,HOUSEHOLD_2,2015-10-19,1,198.0,411.4944,177.6001248846587,24.163544853453068,-7.3854786729166335,53.373599999999996,1.1498873181385594,9.985279695159383,True,True,IF-1,0.6243522195551762,0.43394113393223216,0.190411085622944,True,False
development_4,three_day_positive_sustained_spike,4,CA_1,HOUSEHOLD_2,2015-10-20,2,162.0,375.4944,174.9658080137521,24.163544853453068,-7.3854786729166335,53.373599999999996,-0.23094001210000545,8.604452364920817,True,True,IF-1,0.6106280248825626,0.41197721789675273,0.1986508069858099,True,False
development_4,three_day_positive_sustained_spike,4,CA_1,HOUSEHOLD_2,2015-10-21,3,176.0,389.4944,174.9990481830791,24.163544853453068,-7.3854786729166335,53.373599999999996,0.34706954383967664,9.1824619208605,True,True,IF-1,0.6131764694125332,0.4342322398453321,0.17894422956720113,True,False
development_4,three_day_negative_sustained_drop,2,CA_1,HOUSEHOLD_2,2015-10-22,1,162.0,55.25280000000001,176.22078871341645,24.163544853453068,-7.3854786729166335,53.373599999999996,-0.28287695708368,-4.700573145594092,True,True,IF-1,0.554072483150607,0.4103657694584583,0.14370671369214866,False,False
development_4,three_day_negative_sustained_drop,2,CA_1,HOUSEHOLD_2,2015-10-23,2,204.0,97.25280000000001,213.41799688377063,24.163544853453068,-7.3854786729166335,53.373599999999996,-0.0841150676848462,-4.501811256195257,True,True,IF-1,0.5509515349618819,0.4125619536498565,0.1383895813120254,False,False
development_4,three_day_negative_sustained_drop,2,CA_1,HOUSEHOLD_2,2015-10-24,3,290.0,183.2528,246.66993520884017,24.163544853453068,-7.3854786729166335,53.373599999999996,2.098845337952516,-2.3188508505578964,False,True,IF-1,0.4905897685854898,0.4565303129574576,0.0340594556280322,False,False
development_4,three_day_negative_sustained_drop,4,CA_1,HOUSEHOLD_2,2015-10-22,1,162.0,0.0,176.22078871341645,24.163544853453068,-7.3854786729166335,53.373599999999996,-0.28287695708368,-6.987191286065487,True,True,IF-1,0.6005922357110686,0.4103657694584583,0.19022646625261025,True,False
development_4,three_day_negative_sustained_drop,4,CA_1,HOUSEHOLD_2,2015-10-23,2,204.0,0.0,213.41799688377063,24.163544853453068,-7.3854786729166335,53.373599999999996,-0.0841150676848462,-8.526584963439714,True,True,IF-1,0.6169437135123497,0.4125619536498565,0.20438175986249318,True,False
development_4,three_day_negative_sustained_drop,4,CA_1,HOUSEHOLD_2,2015-10-24,3,290.0,76.50560000000002,246.66993520884017,24.163544853453068,-7.3854786729166335,53.373599999999996,2.098845337952516,-6.736547039068308,True,True,IF-1,0.5896992786388278,0.4565303129574576,0.13316896568137015,False,False
development_4,one_day_positive_spike,2,CA_2,FOODS_1,2015-10-25,1,522.0,723.6336,509.1199714480358,45.648276747385566,-25.9858848523576,100.8168,0.8514212621738841,5.26853433559452,True,True,IF-1,0.594437723884871,0.4235201134843508,0.17091761040052023,False,False
development_4,one_day_positive_spike,4,CA_2,FOODS_1,2015-10-25,1,522.0,925.2672,509.1199714480358,45.648276747385566,-25.9858848523576,100.8168,0.8514212621738841,9.685647409015155,True,True,IF-1,0.6665643330834584,0.4235201134843508,0.2430442195991076,True,True
development_4,one_day_negative_drop,2,CA_2,FOODS_1,2015-10-26,1,309.0,107.3664,362.7406008443955,45.648276747385566,-25.9858848523576,100.8168,-0.6080123494174946,-5.025125422838131,True,True,IF-1,0.6341042543254939,0.4400473955248655,0.1940568588006284,True,False
development_4,one_day_negative_drop,4,CA_2,FOODS_1,2015-10-26,1,309.0,0.0,362.7406008443955,45.648276747385566,-25.9858848523576,100.8168,-0.6080123494174946,-7.377161636475685,True,True,IF-1,0.6635422420236596,0.4400473955248655,0.22349484649879414,True,True
development_4,two_day_positive_sustained_spike,2,CA_2,FOODS_1,2015-10-27,1,363.0,564.6336,353.7011303828297,45.648276747385566,-25.9858848523576,100.8168,0.7729701312667572,5.190083204687393,True,True,IF-1,0.6085225408605608,0.4222456905902058,0.186276850270355,True,False
development_4,two_day_positive_sustained_spike,2,CA_2,FOODS_1,2015-10-28,2,381.0,582.6336,353.7011303828297,45.648276747385566,-25.9858848523576,100.8168,1.1672895072118945,5.58440258063253,True,True,IF-1,0.6194409562633324,0.44276397243978755,0.17667698382354485,True,False
development_4,two_day_positive_sustained_spike,4,CA_2,FOODS_1,2015-10-27,1,363.0,766.2672,353.7011303828297,45.648276747385566,-25.9858848523576,100.8168,0.7729701312667572,9.60719627810803,True,True,IF-1,0.6792064247417249,0.4222456905902058,0.2569607341515191,True,True
development_4,two_day_positive_sustained_spike,4,CA_2,FOODS_1,2015-10-28,2,381.0,784.2672,353.7011303828297,45.648276747385566,-25.9858848523576,100.8168,1.1672895072118945,10.001515654053167,True,True,IF-1,0.6805433746680506,0.44276397243978755,0.23777940222826305,True,True
development_4,two_day_negative_sustained_drop,2,CA_2,FOODS_1,2015-10-29,1,399.0,197.3664,355.1419138625577,45.648276747385566,-25.9858848523576,100.8168,1.5300461696793426,-2.8870669037412933,False,True,IF-1,0.5820284500406345,0.4384603293435072,0.14356812069712732,False,False
development_4,two_day_negative_sustained_drop,2,CA_2,FOODS_1,2015-10-30,2,591.0,389.3664,423.08624331581694,45.648276747385566,-25.9858848523576,100.8168,4.247688091481919,-0.1694249819387168,False,True,IF-1,0.41962834341941285,0.5744702524590453,-0.1548419090396324,False,False
development_4,two_day_negative_sustained_drop,4,CA_2,FOODS_1,2015-10-29,1,399.0,0.0,355.1419138625577,45.648276747385566,-25.9858848523576,100.8168,1.5300461696793426,-7.210699997104534,True,True,IF-1,0.6662745839692936,0.4384603293435072,0.22781425462578642,True,True
development_4,two_day_negative_sustained_drop,4,CA_2,FOODS_1,2015-10-30,2,591.0,187.7328,423.08624331581694,45.648276747385566,-25.9858848523576,100.8168,4.247688091481919,-4.586538055359353,True,True,IF-1,0.62548886246118,0.5744702524590453,0.0510186100021347,True,False
development_4,three_day_positive_sustained_spike,2,CA_2,FOODS_1,2015-10-31,1,816.0,1017.6336,503.2486194624252,45.648276747385566,-25.9858848523576,100.8168,7.42059261655114,11.837705689971775,True,True,IF-1,0.7183600287867965,0.6965568904099939,0.02180313837680259,True,True
development_4,three_day_positive_sustained_spike,2,CA_2,FOODS_1,2015-11-01,2,619.0,820.6336,542.9504609337059,45.648276747385566,-25.9858848523576,100.8168,2.235252482438904,6.652365555859539,True,True,IF-1,0.6466004262094168,0.48344273604964083,0.163157690159776,True,False
development_4,three_day_positive_sustained_spike,2,CA_2,FOODS_1,2015-11-02,3,312.0,513.6336,410.837223847044,45.648276747385566,-25.9858848523576,100.8168,-1.5959274738417986,2.821185599578836,False,True,IF-1,0.5410321954123742,0.519115063910461,0.021917131501913212,False,False
development_4,three_day_positive_sustained_spike,4,CA_2,FOODS_1,2015-10-31,1,816.0,1219.2672,503.2486194624252,45.648276747385566,-25.9858848523576,100.8168,7.42059261655114,16.25481876339241,True,True,IF-1,0.7230020995645214,0.6965568904099939,0.026445209154527527,True,True
development_4,three_day_positive_sustained_spike,4,CA_2,FOODS_1,2015-11-01,2,619.0,1022.2672,542.9504609337059,45.648276747385566,-25.9858848523576,100.8168,2.235252482438904,11.069478629280175,True,True,IF-1,0.6845943278863692,0.48344273604964083,0.20115159183672837,True,True
development_4,three_day_positive_sustained_spike,4,CA_2,FOODS_1,2015-11-02,3,312.0,715.2672,410.837223847044,45.648276747385566,-25.9858848523576,100.8168,-1.5959274738417986,7.238298672999472,True,True,IF-1,0.6693377115973983,0.519115063910461,0.15022264768693727,True,True
development_4,three_day_negative_sustained_drop,2,CA_2,FOODS_1,2015-11-03,1,296.0,94.3664,404.6654189158494,45.648276747385566,-25.9858848523576,100.8168,-1.8112301264083766,-6.228343199829014,True,True,IF-1,0.6626836525456168,0.5376621017303286,0.1250215508152882,True,True
development_4,three_day_negative_sustained_drop,2,CA_2,FOODS_1,2015-11-04,2,363.0,161.3664,380.41173369565894,45.648276747385566,-25.9858848523576,100.8168,0.18783077407603854,-4.2292822993445975,True,True,IF-1,0.6227746933605641,0.44521640552133246,0.17755828783923167,True,False
development_4,three_day_negative_sustained_drop,2,CA_2,FOODS_1,2015-11-05,3,314.0,112.3664,380.7500616907552,45.648276747385566,-25.9858848523576,100.8168,-0.8930058206574526,-5.31011889407809,True,True,IF-1,0.6553697257253303,0.4782517586122026,0.17711796711312766,True,True
development_4,three_day_negative_sustained_drop,4,CA_2,FOODS_1,2015-11-03,1,296.0,0.0,404.6654189158494,45.648276747385566,-25.9858848523576,100.8168,-1.8112301264083766,-8.295593197506193,True,True,IF-1,0.682103642133943,0.5376621017303286,0.14444154040361445,True,True
development_4,three_day_negative_sustained_drop,4,CA_2,FOODS_1,2015-11-04,2,363.0,0.0,380.41173369565894,45.648276747385566,-25.9858848523576,100.8168,0.18783077407603854,-7.764276640817564,True,True,IF-1,0.6737988276099355,0.44521640552133246,0.22858242208860302,True,True
development_4,three_day_negative_sustained_drop,4,CA_2,FOODS_1,2015-11-05,3,314.0,0.0,380.7500616907552,45.648276747385566,-25.9858848523576,100.8168,-0.8930058206574526,-7.771688267700404,True,True,IF-1,0.682680519442521,0.4782517586122026,0.20442876083031836,True,True
development_4,one_day_positive_spike,2,CA_2,FOODS_2,2015-10-13,1,363.0,465.2994,396.15981378272573,27.211155573749025,-25.48382554179122,51.149699999999996,-0.28208975617116555,3.4773757219759522,True,True,IF-1,0.5053032963999249,0.42046732543572035,0.08483597096420453,False,False
development_4,one_day_positive_spike,4,CA_2,FOODS_2,2015-10-13,1,363.0,567.5988,396.15981378272573,27.211155573749025,-25.48382554179122,51.149699999999996,-0.28208975617116555,7.23684120012307,True,True,IF-1,0.5877761097962512,0.42046732543572035,0.16730878436053082,False,False
development_4,one_day_negative_drop,2,CA_2,FOODS_2,2015-10-14,1,342.0,239.7006,393.3682958428517,27.211155573749025,-25.48382554179122,51.149699999999996,-0.9512448021880967,-4.710710280335217,True,True,IF-1,0.574365778842863,0.4474163039783336,0.1269494748645294,False,False
development_4,one_day_negative_drop,4,CA_2,FOODS_2,2015-10-14,1,342.0,137.40120000000002,393.3682958428517,27.211155573749025,-25.48382554179122,51.149699999999996,-0.9512448021880967,-8.470175758482334,True,True,IF-1,0.6293881651911911,0.4474163039783336,0.18197186121285752,True,False
development_4,two_day_positive_sustained_spike,2,CA_2,FOODS_2,2015-10-15,1,315.0,417.2994,396.63576077084974,27.211155573749025,-25.48382554179122,51.149699999999996,-2.0635630514431025,1.6959024267040155,False,True,IF-1,0.43834020439425586,0.49757672818892923,-0.05923652379467337,False,False
development_4,two_day_positive_sustained_spike,2,CA_2,FOODS_2,2015-10-16,2,420.0,522.2994,470.4137985735756,27.211155573749025,-25.48382554179122,51.149699999999996,-0.9161673771706583,2.8432981009764595,False,True,IF-1,0.4880122869245237,0.4343351879692481,0.053677098955275615,False,False
development_4,two_day_positive_sustained_spike,4,CA_2,FOODS_2,2015-10-15,1,315.0,519.5988,396.63576077084974,27.211155573749025,-25.48382554179122,51.149699999999996,-2.0635630514431025,5.455367904851133,True,True,IF-1,0.5582586592817826,0.49757672818892923,0.060681931092853414,False,False
development_4,two_day_positive_sustained_spike,4,CA_2,FOODS_2,2015-10-16,2,420.0,624.5988,470.4137985735756,27.211155573749025,-25.48382554179122,51.149699999999996,-0.9161673771706583,6.602763579123578,True,True,IF-1,0.5742206641619666,0.4343351879692481,0.13988547619271852,False,False
development_4,two_day_negative_sustained_drop,2,CA_2,FOODS_2,2015-10-17,1,701.0,598.7006,627.0980460406673,27.211155573749025,-25.48382554179122,51.149699999999996,3.652390992060724,-0.10707448608639425,False,True,IF-1,0.4239319555102286,0.5105008641334734,-0.08656890862324479,False,False
development_4,two_day_negative_sustained_drop,2,CA_2,FOODS_2,2015-10-18,2,703.0,600.7006,674.6618828027872,27.211155573749025,-25.48382554179122,51.149699999999996,1.977936680900343,-1.7815287972467748,False,True,IF-1,0.4724522661274042,0.44763302175501773,0.024819244372386473,False,False
development_4,two_day_negative_sustained_drop,4,CA_2,FOODS_2,2015-10-17,1,701.0,496.4012,627.0980460406673,27.211155573749025,-25.48382554179122,51.149699999999996,3.652390992060724,-3.866539964233512,True,True,IF-1,0.5529616268258383,0.5105008641334734,0.04246076269236487,False,False
development_4,two_day_negative_sustained_drop,4,CA_2,FOODS_2,2015-10-18,2,703.0,498.4012,674.6618828027872,27.211155573749025,-25.48382554179122,51.149699999999996,1.977936680900343,-5.540994275393893,True,True,IF-1,0.5879366810862923,0.44763302175501773,0.14030365933127453,False,False
development_4,three_day_positive_sustained_spike,2,CA_2,FOODS_2,2015-10-19,1,475.0,577.2994,389.52205646371374,27.211155573749025,-25.48382554179122,51.149699999999996,4.077804368776011,7.837269846923129,True,True,IF-1,0.597430545869926,0.5328209120687086,0.06460963380121743,False,False
development_4,three_day_positive_sustained_spike,2,CA_2,FOODS_2,2015-10-20,2,412.0,514.2994,366.99878894340475,27.211155573749025,-25.48382554179122,51.149699999999996,2.590299276609346,6.349764754756464,True,True,IF-1,0.5780650684335953,0.47607047721871343,0.10199459121488186,False,False
development_4,three_day_positive_sustained_spike,2,CA_2,FOODS_2,2015-10-21,3,336.0,438.2994,364.0740394086422,27.211155573749025,-25.48382554179122,51.149699999999996,-0.09518941082200083,3.664276067325117,True,True,IF-1,0.5174906723272313,0.42470694705102335,0.09278372527620798,False,False
development_4,three_day_positive_sustained_spike,4,CA_2,FOODS_2,2015-10-19,1,475.0,679.5988,389.52205646371374,27.211155573749025,-25.48382554179122,51.149699999999996,4.077804368776011,11.596735325070249,True,True,IF-1,0.6577092165116134,0.5328209120687086,0.12488830444290477,True,True
development_4,three_day_positive_sustained_spike,4,CA_2,FOODS_2,2015-10-20,2,412.0,616.5988,366.99878894340475,27.211155573749025,-25.48382554179122,51.149699999999996,2.590299276609346,10.109230232903583,True,True,IF-1,0.628962511319972,0.47607047721871343,0.15289203410125862,True,False
development_4,three_day_positive_sustained_spike,4,CA_2,FOODS_2,2015-10-21,3,336.0,540.5988,364.0740394086422,27.211155573749025,-25.48382554179122,51.149699999999996,-0.09518941082200083,7.423741545472235,True,True,IF-1,0.5884014501018163,0.42470694705102335,0.16369450305079297,False,False
development_4,three_day_negative_sustained_drop,2,CA_2,FOODS_2,2015-10-22,1,344.0,241.7006,367.0080320688401,27.211155573749025,-25.48382554179122,51.149699999999996,0.09098450325790385,-3.668480974889214,True,True,IF-1,0.5550610384661795,0.41549975062667405,0.13956128783950544,False,False
development_4,three_day_negative_sustained_drop,2,CA_2,FOODS_2,2015-10-23,2,439.0,336.7006,439.7899367186614,27.211155573749025,-25.48382554179122,51.149699999999996,0.9074913689792853,-2.851974109167833,False,True,IF-1,0.5362063899470324,0.43519396168062147,0.10101242826641094,False,False
development_4,three_day_negative_sustained_drop,2,CA_2,FOODS_2,2015-10-24,3,546.0,443.7006,565.7666549868921,27.211155573749025,-25.48382554179122,51.149699999999996,0.2101039237162902,-3.5493615544308277,True,True,IF-1,0.5465161191421409,0.424339593383538,0.12217652575860294,False,False
development_4,three_day_negative_sustained_drop,4,CA_2,FOODS_2,2015-10-22,1,344.0,139.40120000000002,367.0080320688401,27.211155573749025,-25.48382554179122,51.149699999999996,0.09098450325790385,-7.427946453036332,True,True,IF-1,0.6186134260396223,0.41549975062667405,0.20311367541294828,True,False
development_4,three_day_negative_sustained_drop,4,CA_2,FOODS_2,2015-10-23,2,439.0,234.40120000000002,439.7899367186614,27.211155573749025,-25.48382554179122,51.149699999999996,0.9074913689792853,-6.61143958731495,True,True,IF-1,0.6117264911085504,0.43519396168062147,0.1765325294279289,True,False
development_4,three_day_negative_sustained_drop,4,CA_2,FOODS_2,2015-10-24,3,546.0,341.4012,565.7666549868921,27.211155573749025,-25.48382554179122,51.149699999999996,0.2101039237162902,-7.308827032577946,True,True,IF-1,0.6125022232635658,0.424339593383538,0.18816262988002785,True,False
development_4,one_day_positive_spike,2,CA_2,FOODS_3,2015-10-25,1,2252.0,3045.191,2417.464478045839,121.72516942746171,4.372528826101758,396.59549999999996,-1.3952497061271263,5.120995074888989,True,True,IF-1,0.7121040716489406,0.59301240416901,0.11909166747993061,True,True
development_4,one_day_positive_spike,4,CA_2,FOODS_3,2015-10-25,1,2252.0,3838.3819999999996,2417.464478045839,121.72516942746171,4.372528826101758,396.59549999999996,-1.3952497061271263,11.637239855905104,True,True,IF-1,0.715064676993912,0.59301240416901,0.12205227282490194,True,True
development_4,one_day_negative_drop,2,CA_2,FOODS_3,2015-10-26,1,1408.0,614.8090000000001,1494.3301609052628,121.72516942746171,4.372528826101758,396.59549999999996,-0.7451432613155324,-7.2613880423316495,True,True,IF-1,0.6919760706610119,0.49602650992301134,0.19594956073800052,True,True
development_4,one_day_negative_drop,4,CA_2,FOODS_3,2015-10-26,1,1408.0,0.0,1494.3301609052628,121.72516942746171,4.372528826101758,396.59549999999996,-0.7451432613155324,-12.312184051832185,True,True,IF-1,0.6919760706610119,0.49602650992301134,0.19594956073800052,True,True
development_4,two_day_positive_sustained_spike,2,CA_2,FOODS_3,2015-10-27,1,1324.0,2117.191,1404.4009975239733,121.72516942746171,4.372528826101758,396.59549999999996,-0.6964338332721989,5.819810947743917,True,True,IF-1,0.7078076889016056,0.493847169459325,0.21396051944228062,True,True
development_4,two_day_positive_sustained_spike,2,CA_2,FOODS_3,2015-10-28,2,1413.0,2206.191,1387.745765275135,121.72516942746171,4.372528826101758,396.59549999999996,0.17154797152455015,6.687792752540666,True,True,IF-1,0.703679704528999,0.47637039797216363,0.22730930655683534,True,True
development_4,two_day_positive_sustained_spike,4,CA_2,FOODS_3,2015-10-27,1,1324.0,2910.3819999999996,1404.4009975239733,121.72516942746171,4.372528826101758,396.59549999999996,-0.6964338332721989,12.336055728760032,True,True,IF-1,0.7078076889016056,0.493847169459325,0.21396051944228062,True,True
development_4,two_day_positive_sustained_spike,4,CA_2,FOODS_3,2015-10-28,2,1413.0,2999.3819999999996,1387.745765275135,121.72516942746171,4.372528826101758,396.59549999999996,0.17154797152455015,13.20403753355678,True,True,IF-1,0.703679704528999,0.47637039797216363,0.22730930655683534,True,True
development_4,two_day_negative_sustained_drop,2,CA_2,FOODS_3,2015-10-29,1,1505.0,711.8090000000001,1392.8482698139085,121.72516942746171,4.372528826101758,396.59549999999996,0.8854306949576061,-5.6308140860585105,True,True,IF-1,0.6933652637034231,0.519654365568252,0.17371089813517115,True,True
development_4,two_day_negative_sustained_drop,2,CA_2,FOODS_3,2015-10-30,2,1863.0,1069.8090000000002,1816.034256978485,121.72516942746171,4.372528826101758,396.59549999999996,0.34991295880508355,-6.166331822211032,True,True,IF-1,0.7054268724747168,0.4951784440807506,0.21024842839396618,True,True
development_4,two_day_negative_sustained_drop,4,CA_2,FOODS_3,2015-10-29,1,1505.0,0.0,1392.8482698139085,121.72516942746171,4.372528826101758,396.59549999999996,0.8854306949576061,-11.478487195473901,True,True,IF-1,0.6933652637034231,0.519654365568252,0.17371089813517115,True,True
development_4,two_day_negative_sustained_drop,4,CA_2,FOODS_3,2015-10-30,2,1863.0,276.61800000000017,1816.034256978485,121.72516942746171,4.372528826101758,396.59549999999996,0.34991295880508355,-12.682576603227151,True,True,IF-1,0.7054268724747168,0.4951784440807506,0.21024842839396618,True,True
development_4,three_day_positive_sustained_spike,2,CA_2,FOODS_3,2015-10-31,1,2214.0,3007.191,2285.254454964886,121.72516942746171,4.372528826101758,396.59549999999996,-0.6212929022543303,5.894951878761786,True,True,IF-1,0.741789444409881,0.6222211552847222,0.11956828912515882,True,True
development_4,three_day_positive_sustained_spike,2,CA_2,FOODS_3,2015-11-01,2,2434.0,3227.191,2448.285212725055,121.72516942746171,4.372528826101758,396.59549999999996,-0.15327759771388214,6.362967183302233,True,True,IF-1,0.7208757770610764,0.5223832844901953,0.19849249257088109,True,True
development_4,three_day_positive_sustained_spike,2,CA_2,FOODS_3,2015-11-02,3,1214.0,2007.1909999999998,1748.4098462246077,121.72516942746171,4.372528826101758,396.59549999999996,-4.426219964078832,2.0900248169372824,False,True,IF-1,0.6407818457734793,0.7058666717619005,-0.06508482598842125,True,False
development_4,three_day_positive_sustained_spike,4,CA_2,FOODS_3,2015-10-31,1,2214.0,3800.3819999999996,2285.254454964886,121.72516942746171,4.372528826101758,396.59549999999996,-0.6212929022543303,12.4111966597779,True,True,IF-1,0.741789444409881,0.6222211552847222,0.11956828912515882,True,True
development_4,three_day_positive_sustained_spike,4,CA_2,FOODS_3,2015-11-01,2,2434.0,4020.3819999999996,2448.285212725055,121.72516942746171,4.372528826101758,396.59549999999996,-0.15327759771388214,12.879211964318348,True,True,IF-1,0.7208757770610764,0.5223832844901953,0.19849249257088109,True,True
development_4,three_day_positive_sustained_spike,4,CA_2,FOODS_3,2015-11-02,3,1214.0,2800.3819999999996,1748.4098462246077,121.72516942746171,4.372528826101758,396.59549999999996,-4.426219964078832,8.606269597953398,True,True,IF-1,0.7195671979257501,0.7058666717619005,0.013700526163849536,True,True
development_4,three_day_negative_sustained_drop,2,CA_2,FOODS_3,2015-11-03,1,1424.0,630.8090000000001,1649.4889453660337,121.72516942746171,4.372528826101758,396.59549999999996,-1.8883643807874442,-8.404609161803561,True,True,IF-1,0.713366221563335,0.625897755387179,0.087468466176156,True,True
development_4,three_day_negative_sustained_drop,2,CA_2,FOODS_3,2015-11-04,2,1211.0,417.8090000000001,1603.7657131537806,121.72516942746171,4.372528826101758,396.59549999999996,-3.2625811395279625,-9.778825920544081,True,True,IF-1,0.7076801206088036,0.6900587211038682,0.017621399504935353,True,True
development_4,three_day_negative_sustained_drop,2,CA_2,FOODS_3,2015-11-05,3,1369.0,575.8090000000001,1599.0833646847946,121.72516942746171,4.372528826101758,396.59549999999996,-1.926108582256794,-8.442353363272911,True,True,IF-1,0.7117329078089459,0.6289154598906416,0.08281744791830437,True,True
development_4,three_day_negative_sustained_drop,4,CA_2,FOODS_3,2015-11-03,1,1424.0,0.0,1649.4889453660337,121.72516942746171,4.372528826101758,396.59549999999996,-1.8883643807874442,-13.586848816650877,True,True,IF-1,0.713366221563335,0.625897755387179,0.087468466176156,True,True
development_4,three_day_negative_sustained_drop,4,CA_2,FOODS_3,2015-11-04,2,1211.0,0.0,1603.7657131537806,121.72516942746171,4.372528826101758,396.59549999999996,-3.2625811395279625,-13.211222046712384,True,True,IF-1,0.7076801206088036,0.6900587211038682,0.017621399504935353,True,True
development_4,three_day_negative_sustained_drop,4,CA_2,FOODS_3,2015-11-05,3,1369.0,0.0,1599.0833646847946,121.72516942746171,4.372528826101758,396.59549999999996,-1.926108582256794,-13.17275548724067,True,True,IF-1,0.7117329078089459,0.6289154598906416,0.08281744791830437,True,True
development_5,one_day_positive_spike,2,CA_1,FOODS_1,2016-01-05,1,187.0,360.4642,297.75733736313333,56.83680129184195,-21.07080590464031,86.73209999999999,-1.577965849942476,1.4740039312087745,False,True,IF-1,0.49159789096634726,0.5183723535109749,-0.02677446254462762,False,False
development_5,one_day_positive_spike,4,CA_1,FOODS_1,2016-01-05,1,187.0,533.9284,297.75733736313333,56.83680129184195,-21.07080590464031,86.73209999999999,-1.577965849942476,4.525973712360025,True,True,IF-1,0.6405828602817967,0.5183723535109749,0.12221050677082179,True,False
development_5,one_day_negative_drop,2,CA_1,FOODS_1,2016-01-06,1,215.0,41.53580000000002,297.75733736313333,56.83680129184195,-21.07080590464031,86.73209999999999,-1.0853272889469798,-4.13729707009823,True,True,IF-1,0.6295061860236902,0.5068592802908758,0.12264690573281445,True,False
development_5,one_day_negative_drop,4,CA_1,FOODS_1,2016-01-06,1,215.0,0.0,297.75733736313333,56.83680129184195,-21.07080590464031,86.73209999999999,-1.0853272889469798,-4.868087668019544,True,True,IF-1,0.6434310911551329,0.5068592802908758,0.13657181086425707,True,False
development_5,two_day_positive_sustained_spike,2,CA_1,FOODS_1,2016-01-07,1,211.0,384.4642,303.2745680657429,56.83680129184195,-21.07080590464031,86.73209999999999,-1.2527756760182565,1.7991941051329943,False,True,IF-1,0.5928172895272921,0.5999250705153101,-0.007107780988018009,False,False
development_5,two_day_positive_sustained_spike,2,CA_1,FOODS_1,2016-01-08,2,295.0,468.4642,323.86986294943625,56.83680129184195,-21.07080590464031,86.73209999999999,-0.1372184371310738,2.914751344020177,False,True,IF-1,0.5715583084391307,0.4509544283294234,0.1206038801097073,False,False
development_5,two_day_positive_sustained_spike,4,CA_1,FOODS_1,2016-01-07,1,211.0,557.9284,303.2745680657429,56.83680129184195,-21.07080590464031,86.73209999999999,-1.2527756760182565,4.851163886284245,True,True,IF-1,0.6935164900078628,0.5999250705153101,0.09359141949255267,True,True
development_5,two_day_positive_sustained_spike,4,CA_1,FOODS_1,2016-01-08,2,295.0,641.9284,323.86986294943625,56.83680129184195,-21.07080590464031,86.73209999999999,-0.1372184371310738,5.966721125171428,True,True,IF-1,0.6735083825086343,0.4509544283294234,0.22255395417921092,True,True
development_5,two_day_negative_sustained_drop,2,CA_1,FOODS_1,2016-01-09,1,383.0,209.53580000000002,396.1631334190744,56.83680129184195,-21.07080590464031,86.73209999999999,0.13912944264688878,-2.9128403385043624,False,True,IF-1,0.5986812037386688,0.4450259382757638,0.15365526546290503,False,False
development_5,two_day_negative_sustained_drop,2,CA_1,FOODS_1,2016-01-10,2,294.0,120.53580000000002,366.7935811148112,56.83680129184195,-21.07080590464031,86.73209999999999,-0.910022626794004,-3.9619924079452553,True,True,IF-1,0.6254267201745625,0.46733379242092193,0.15809292775364053,True,False
development_5,two_day_negative_sustained_drop,4,CA_1,FOODS_1,2016-01-09,1,383.0,36.071600000000046,396.1631334190744,56.83680129184195,-21.07080590464031,86.73209999999999,0.13912944264688878,-5.9648101196556125,True,True,IF-1,0.6564705799662337,0.4450259382757638,0.2114446416904699,True,True
development_5,two_day_negative_sustained_drop,4,CA_1,FOODS_1,2016-01-10,2,294.0,0.0,366.7935811148112,56.83680129184195,-21.07080590464031,86.73209999999999,-0.910022626794004,-6.082727517246719,True,True,IF-1,0.6616801755256354,0.46733379242092193,0.19434638310471347,True,True
development_5,three_day_positive_sustained_spike,2,CA_1,FOODS_1,2016-01-11,1,318.0,491.4642,289.3212988483377,56.83680129184195,-21.07080590464031,86.73209999999999,0.8753044845161512,3.927274265667402,True,True,IF-1,0.5999166099526121,0.4312487572998644,0.1686678526527477,True,False
development_5,three_day_positive_sustained_spike,2,CA_1,FOODS_1,2016-01-12,2,236.0,409.4642,296.00399654818807,56.83680129184195,-21.07080590464031,86.73209999999999,-0.6849996790571679,2.3669701020940828,False,True,IF-1,0.5143206618774911,0.4388404613640372,0.07548020051345394,False,False
development_5,three_day_positive_sustained_spike,2,CA_1,FOODS_1,2016-01-13,3,258.0,431.4642,296.00399654818807,56.83680129184195,-21.07080590464031,86.73209999999999,-0.2979265239892777,2.754043257161973,False,True,IF-1,0.5453991793464062,0.4204518079910232,0.12494737135538303,False,False
development_5,three_day_positive_sustained_spike,4,CA_1,FOODS_1,2016-01-11,1,318.0,664.9284,289.3212988483377,56.83680129184195,-21.07080590464031,86.73209999999999,0.8753044845161512,6.9792440468186525,True,True,IF-1,0.6736365242092446,0.4312487572998644,0.2423877669093802,True,True
development_5,three_day_positive_sustained_spike,4,CA_1,FOODS_1,2016-01-12,2,236.0,582.9284,296.00399654818807,56.83680129184195,-21.07080590464031,86.73209999999999,-0.6849996790571679,5.418939883245334,True,True,IF-1,0.6466037186110591,0.4388404613640372,0.20776325724702194,True,True
development_5,three_day_positive_sustained_spike,4,CA_1,FOODS_1,2016-01-13,3,258.0,604.9284,296.00399654818807,56.83680129184195,-21.07080590464031,86.73209999999999,-0.2979265239892777,5.806013038313225,True,True,IF-1,0.6617100968147345,0.4204518079910232,0.24125828882371125,True,True
development_5,three_day_negative_sustained_drop,2,CA_1,FOODS_1,2016-01-14,1,273.0,99.53580000000002,296.05698918857485,56.83680129184195,-21.07080590464031,86.73209999999999,-0.03494537410252935,-3.0869151552537795,True,True,IF-1,0.6082740324799689,0.4069366172329536,0.20133741524701532,True,False
development_5,three_day_negative_sustained_drop,2,CA_1,FOODS_1,2016-01-15,2,330.0,156.53580000000002,322.11036484765447,56.83680129184195,-21.07080590464031,86.73209999999999,0.5095367860038715,-2.5424329951473785,False,True,IF-1,0.5755204713358075,0.4113561994847011,0.16416427185110644,False,False
development_5,three_day_negative_sustained_drop,2,CA_1,FOODS_1,2016-01-16,3,450.0,276.5358,396.93270774392306,56.83680129184195,-21.07080590464031,86.73209999999999,1.3044030711728078,-1.747566709978443,False,True,IF-1,0.5001899029981526,0.43417490283775256,0.06601500016040002,False,False
development_5,three_day_negative_sustained_drop,4,CA_1,FOODS_1,2016-01-14,1,273.0,0.0,296.05698918857485,56.83680129184195,-21.07080590464031,86.73209999999999,-0.03494537410252935,-4.838171343808622,True,True,IF-1,0.6466747323250372,0.4069366172329536,0.23973811509208365,True,True
development_5,three_day_negative_sustained_drop,4,CA_1,FOODS_1,2016-01-15,2,330.0,0.0,322.11036484765447,56.83680129184195,-21.07080590464031,86.73209999999999,0.5095367860038715,-5.2965605400144815,True,True,IF-1,0.656605327760483,0.4113561994847011,0.24524912827578188,True,True
development_5,three_day_negative_sustained_drop,4,CA_1,FOODS_1,2016-01-16,3,450.0,103.07160000000005,396.93270774392306,56.83680129184195,-21.07080590464031,86.73209999999999,1.3044030711728078,-4.799536491129693,True,True,IF-1,0.6420064799131692,0.43417490283775256,0.2078315770754166,True,False
development_5,one_day_positive_spike,2,CA_1,FOODS_2,2016-01-17,1,609.0,822.4944,653.6671810252592,64.71101465964018,-6.326202077439461,106.74719999999999,-0.5924954066858843,2.706701818437446,False,True,IF-1,0.5492449118631433,0.4332442196656158,0.11600069219752746,False,False
development_5,one_day_positive_spike,4,CA_1,FOODS_2,2016-01-17,1,609.0,1035.9888,653.6671810252592,64.71101465964018,-6.326202077439461,106.74719999999999,-0.5924954066858843,6.005899043560776,True,True,IF-1,0.6674012767002091,0.4332442196656158,0.23415705703459327,True,True
development_5,one_day_negative_drop,2,CA_1,FOODS_2,2016-01-18,1,544.0,330.5056,520.044659876738,64.71101465964018,-6.326202077439461,106.74719999999999,0.46795035373765864,-2.831246871385671,False,True,IF-1,0.6550388805697952,0.5465794852221442,0.10845939534765103,True,True
development_5,one_day_negative_drop,4,CA_1,FOODS_2,2016-01-18,1,544.0,117.01120000000003,520.044659876738,64.71101465964018,-6.326202077439461,106.74719999999999,0.46795035373765864,-6.130444096509,True,True,IF-1,0.7107574777750088,0.5465794852221442,0.16417799255286458,True,True
development_5,two_day_positive_sustained_spike,2,CA_1,FOODS_2,2016-01-19,1,349.0,562.4944,391.1847036207997,64.71101465964018,-6.326202077439461,106.74719999999999,-0.5541328896164714,2.745064335506859,False,True,IF-1,0.5660542880661966,0.42537888114067013,0.1406754069255265,False,False
development_5,two_day_positive_sustained_spike,2,CA_1,FOODS_2,2016-01-20,2,447.0,660.4944,388.42402685517584,64.71101465964018,-6.326202077439461,106.74719999999999,1.0029540652952034,4.302151290418534,True,True,IF-1,0.6401213827687778,0.4435192484046396,0.19660213436413826,True,False
development_5,two_day_positive_sustained_spike,4,CA_1,FOODS_2,2016-01-19,1,349.0,775.9888,391.1847036207997,64.71101465964018,-6.326202077439461,106.74719999999999,-0.5541328896164714,6.044261560630187,True,True,IF-1,0.6671682883852494,0.42537888114067013,0.2417894072445793,True,True
development_5,two_day_positive_sustained_spike,4,CA_1,FOODS_2,2016-01-20,2,447.0,873.9888,388.42402685517584,64.71101465964018,-6.326202077439461,106.74719999999999,1.0029540652952034,7.601348515541862,True,True,IF-1,0.6916553196859904,0.4435192484046396,0.2481360712813508,True,True
development_5,two_day_negative_sustained_drop,2,CA_1,FOODS_2,2016-01-21,1,387.0,173.50560000000002,387.80717651980814,64.71101465964018,-6.326202077439461,106.74719999999999,0.08528726657524506,-3.213909958548084,True,True,IF-1,0.6163153788024746,0.4218065608287004,0.19450881797377417,True,False
development_5,two_day_negative_sustained_drop,2,CA_1,FOODS_2,2016-01-22,2,431.0,217.50560000000002,432.0568083692329,64.71101465964018,-6.326202077439461,106.74719999999999,0.08142962578970422,-3.217767599333625,True,True,IF-1,0.6158905420422024,0.42075531371688857,0.19513522832531383,True,False
development_5,two_day_negative_sustained_drop,4,CA_1,FOODS_2,2016-01-21,1,387.0,0.0,387.80717651980814,64.71101465964018,-6.326202077439461,106.74719999999999,0.08528726657524506,-5.895147471397875,True,True,IF-1,0.6756308131567185,0.4218065608287004,0.2538242523280181,True,True
development_5,two_day_negative_sustained_drop,4,CA_1,FOODS_2,2016-01-22,2,431.0,4.011200000000031,432.0568083692329,64.71101465964018,-6.326202077439461,106.74719999999999,0.08142962578970422,-6.516964824456955,True,True,IF-1,0.6808005892227487,0.42075531371688857,0.2600452755058601,True,True
development_5,three_day_positive_sustained_spike,2,CA_1,FOODS_2,2016-01-23,1,688.0,901.4944,584.1880770158424,64.71101465964018,-6.326202077439461,106.74719999999999,1.7019996617405762,5.001196886863906,True,True,IF-1,0.6507713246051677,0.47590707433020907,0.17486425027495867,True,True
development_5,three_day_positive_sustained_spike,2,CA_1,FOODS_2,2016-01-24,2,621.0,834.4944,583.2684158550843,64.71101465964018,-6.326202077439461,106.74719999999999,0.6808390573704557,3.980036282493786,True,True,IF-1,0.6198009827729213,0.4294496101335915,0.19035137263932977,True,False
development_5,three_day_positive_sustained_spike,2,CA_1,FOODS_2,2016-01-25,3,440.0,653.4944,416.6207916326889,64.71101465964018,-6.326202077439461,106.74719999999999,0.4590472055026773,3.7582444306260068,True,True,IF-1,0.6225690254048314,0.4247117765685861,0.19785724883624528,True,False
development_5,three_day_positive_sustained_spike,4,CA_1,FOODS_2,2016-01-23,1,688.0,1114.9888,584.1880770158424,64.71101465964018,-6.326202077439461,106.74719999999999,1.7019996617405762,8.300394111987236,True,True,IF-1,0.6914457454800654,0.47590707433020907,0.21553867114985636,True,True
development_5,three_day_positive_sustained_spike,4,CA_1,FOODS_2,2016-01-24,2,621.0,1047.9888,583.2684158550843,64.71101465964018,-6.326202077439461,106.74719999999999,0.6808390573704557,7.279233507617116,True,True,IF-1,0.6853992336001156,0.4294496101335915,0.25594962346652406,True,True
development_5,three_day_positive_sustained_spike,4,CA_1,FOODS_2,2016-01-25,3,440.0,866.9888,416.6207916326889,64.71101465964018,-6.326202077439461,106.74719999999999,0.4590472055026773,7.057441655749336,True,True,IF-1,0.6897513537583457,0.4247117765685861,0.2650395771897596,True,True
development_5,three_day_negative_sustained_drop,2,CA_1,FOODS_2,2016-01-26,1,355.0,141.50560000000002,367.3002343675928,64.71101465964018,-6.326202077439461,106.74719999999999,-0.09231863109510617,-3.3915158562184358,True,True,IF-1,0.6114698175112281,0.40885288440698736,0.20261693310424073,True,False
development_5,three_day_negative_sustained_drop,2,CA_1,FOODS_2,2016-01-27,2,371.0,157.50560000000002,362.6834057362729,64.71101465964018,-6.326202077439461,106.74719999999999,0.2262798136945182,-3.0729174114288123,True,True,IF-1,0.6061671582523447,0.4154720018343756,0.19069515641796908,True,False
development_5,three_day_negative_sustained_drop,2,CA_1,FOODS_2,2016-01-28,3,366.0,152.50560000000002,363.7667062590159,64.71101465964018,-6.326202077439461,106.74719999999999,0.13227262566417547,-3.1669245994591537,True,True,IF-1,0.6142339486999812,0.41662051896163854,0.19761342973834262,True,False
development_5,three_day_negative_sustained_drop,4,CA_1,FOODS_2,2016-01-26,1,355.0,0.0,367.3002343675928,64.71101465964018,-6.326202077439461,106.74719999999999,-0.09231863109510617,-5.578247137504558,True,True,IF-1,0.655838673673026,0.40885288440698736,0.2469857892660386,True,True
development_5,three_day_negative_sustained_drop,4,CA_1,FOODS_2,2016-01-27,2,371.0,0.0,362.6834057362729,64.71101465964018,-6.326202077439461,106.74719999999999,0.2262798136945182,-5.506901808496768,True,True,IF-1,0.6557001598275205,0.4154720018343756,0.2402281579931449,True,True
development_5,three_day_negative_sustained_drop,4,CA_1,FOODS_2,2016-01-28,3,366.0,0.0,363.7667062590159,64.71101465964018,-6.326202077439461,106.74719999999999,0.13227262566417547,-5.523642397845287,True,True,IF-1,0.6647312076069658,0.41662051896163854,0.24811068864532726,True,True
development_5,one_day_positive_spike,2,CA_1,FOODS_3,2016-01-05,1,1622.0,2467.082,1496.2283822409029,193.9376723064393,-75.14483531028804,422.541,1.0359846577508611,5.393477402454391,True,True,IF-1,0.7136483864792785,0.5455199763379152,0.16812841014136337,True,True
development_5,one_day_positive_spike,4,CA_1,FOODS_3,2016-01-05,1,1622.0,3312.1639999999998,1496.2283822409029,193.9376723064393,-75.14483531028804,422.541,1.0359846577508611,9.75097014715792,True,True,IF-1,0.714373021223643,0.5455199763379152,0.16885304488572783,True,True
development_5,one_day_negative_drop,2,CA_1,FOODS_3,2016-01-06,1,1471.0,625.918,1496.2283822409029,193.9376723064393,-75.14483531028804,422.541,0.2573839959804849,-4.100108748723045,True,True,IF-1,0.7079204178689468,0.5034120208315668,0.20450839703738,True,True
development_5,one_day_negative_drop,4,CA_1,FOODS_3,2016-01-06,1,1471.0,0.0,1496.2283822409029,193.9376723064393,-75.14483531028804,422.541,0.2573839959804849,-7.32752708656404,True,True,IF-1,0.7079204178689468,0.5034120208315668,0.20450839703738,True,True
development_5,two_day_positive_sustained_spike,2,CA_1,FOODS_3,2016-01-07,1,1732.0,2577.082,1582.4708252809762,193.9376723064393,-75.14483531028804,422.541,1.1584856482875916,5.515978392991121,True,True,IF-1,0.7505546916051257,0.6458301009859384,0.10472459061918726,True,True
development_5,two_day_positive_sustained_spike,2,CA_1,FOODS_3,2016-01-08,2,1980.0,2825.082,1726.6472420614143,193.9376723064393,-75.14483531028804,422.541,1.6938307516129056,6.051323496316436,True,True,IF-1,0.7183610795867148,0.6316672828723556,0.08669379671435917,True,True
development_5,two_day_positive_sustained_spike,4,CA_1,FOODS_3,2016-01-07,1,1732.0,3422.1639999999998,1582.4708252809762,193.9376723064393,-75.14483531028804,422.541,1.1584856482875916,9.87347113769465,True,True,IF-1,0.7525887028642265,0.6458301009859384,0.10675860187828812,True,True
development_5,two_day_positive_sustained_spike,4,CA_1,FOODS_3,2016-01-08,2,1980.0,3670.1639999999998,1726.6472420614143,193.9376723064393,-75.14483531028804,422.541,1.6938307516129056,10.408816241019965,True,True,IF-1,0.7190904995743866,0.6316672828723556,0.08742321670203101,True,True
development_5,two_day_negative_sustained_drop,2,CA_1,FOODS_3,2016-01-09,1,2863.0,2017.9180000000001,2155.4867494079667,193.9376723064393,-75.14483531028804,422.541,4.035616580287969,-0.32187616441556055,False,True,IF-1,0.5716861210192963,0.7226008964250497,-0.15091477540575338,False,False
development_5,two_day_negative_sustained_drop,2,CA_1,FOODS_3,2016-01-10,2,2800.0,1954.9180000000001,2244.8385558721684,193.9376723064393,-75.14483531028804,422.541,3.2500456045598916,-1.1074471401436379,False,True,IF-1,0.6302569303029872,0.701392900909219,-0.07113597060623178,True,False
development_5,two_day_negative_sustained_drop,4,CA_1,FOODS_3,2016-01-09,1,2863.0,1172.836,2155.4867494079667,193.9376723064393,-75.14483531028804,422.541,4.035616580287969,-4.679368909119091,True,True,IF-1,0.7161350259318393,0.7226008964250497,-0.006465870493210346,True,True
development_5,two_day_negative_sustained_drop,4,CA_1,FOODS_3,2016-01-10,2,2800.0,1109.836,2244.8385558721684,193.9376723064393,-75.14483531028804,422.541,3.2500456045598916,-5.464939884847168,True,True,IF-1,0.7138531412149055,0.701392900909219,0.012460240305686487,True,True
development_5,three_day_positive_sustained_spike,2,CA_1,FOODS_3,2016-01-11,1,1853.0,2698.082,1535.4692009397102,193.9376723064393,-75.14483531028804,422.541,2.024751713788306,6.382244458491836,True,True,IF-1,0.7124077735119327,0.6483508315982103,0.06405694191372246,True,True
development_5,three_day_positive_sustained_spike,2,CA_1,FOODS_3,2016-01-12,2,1545.0,2390.082,1386.5384947255409,193.9376723064393,-75.14483531028804,422.541,1.204543386576424,5.562036131279953,True,True,IF-1,0.7006130044935033,0.5397403532502044,0.16087265124329886,True,True
development_5,three_day_positive_sustained_spike,2,CA_1,FOODS_3,2016-01-13,3,1471.0,2316.082,1385.7027816940522,193.9376723064393,-75.14483531028804,422.541,0.8272866829231749,5.1847794276267045,True,True,IF-1,0.7071589454032905,0.49691238941668764,0.21024655598660286,True,True
development_5,three_day_positive_sustained_spike,4,CA_1,FOODS_3,2016-01-11,1,1853.0,3543.1639999999998,1535.4692009397102,193.9376723064393,-75.14483531028804,422.541,2.024751713788306,10.739737203195364,True,True,IF-1,0.7124077735119327,0.6483508315982103,0.06405694191372246,True,True
development_5,three_day_positive_sustained_spike,4,CA_1,FOODS_3,2016-01-12,2,1545.0,3235.1639999999998,1386.5384947255409,193.9376723064393,-75.14483531028804,422.541,1.204543386576424,9.919528875983483,True,True,IF-1,0.7017990702330342,0.5397403532502044,0.1620587169828298,True,True
development_5,three_day_positive_sustained_spike,4,CA_1,FOODS_3,2016-01-13,3,1471.0,3161.1639999999998,1385.7027816940522,193.9376723064393,-75.14483531028804,422.541,0.8272866829231749,9.542272172330234,True,True,IF-1,0.7113663870495679,0.49691238941668764,0.21445399763288026,True,True
development_5,three_day_negative_sustained_drop,2,CA_1,FOODS_3,2016-01-14,1,1487.0,641.918,1381.4614531937546,193.9376723064393,-75.14483531028804,422.541,0.9316569595155147,-3.4258357851880152,True,True,IF-1,0.7029107849096206,0.5075915644150194,0.19531922049460115,True,True
development_5,three_day_negative_sustained_drop,2,CA_1,FOODS_3,2016-01-15,2,1871.0,1025.9180000000001,1588.1491251995276,193.9376723064393,-75.14483531028804,422.541,1.8459317669085684,-2.511560977794961,False,True,IF-1,0.6951298088287347,0.6263492054028064,0.06878060342592829,True,True
development_5,three_day_negative_sustained_drop,2,CA_1,FOODS_3,2016-01-16,3,2698.0,1852.9180000000001,2086.6705456948075,193.9376723064393,-75.14483531028804,422.541,3.539664478032861,-0.8178282666706684,False,True,IF-1,0.6023086814974608,0.6997042841816263,-0.09739560268416558,True,False
development_5,three_day_negative_sustained_drop,4,CA_1,FOODS_3,2016-01-14,1,1487.0,0.0,1381.4614531937546,193.9376723064393,-75.14483531028804,422.541,0.9316569595155147,-6.735754855402031,True,True,IF-1,0.7041007405550069,0.5075915644150194,0.19650917613998753,True,True
development_5,three_day_negative_sustained_drop,4,CA_1,FOODS_3,2016-01-15,2,1871.0,180.836,1588.1491251995276,193.9376723064393,-75.14483531028804,422.541,1.8459317669085684,-6.869053722498491,True,True,IF-1,0.7096959695689253,0.6263492054028064,0.08334676416611897,True,True
development_5,three_day_negative_sustained_drop,4,CA_1,FOODS_3,2016-01-16,3,2698.0,1007.836,2086.6705456948075,193.9376723064393,-75.14483531028804,422.541,3.539664478032861,-5.175321011374199,True,True,IF-1,0.7135888749262492,0.6997042841816263,0.013884590744622893,True,True
development_5,one_day_positive_spike,2,CA_1,HOBBIES_1,2016-01-17,1,532.0,696.5686000000001,627.3559178953349,64.15541050424108,19.20581402622625,82.2843,-1.7856908875049264,0.7794645484363812,False,True,IF-1,0.4487430735080669,0.4885851128984047,-0.03984203939033781,False,False
development_5,one_day_positive_spike,4,CA_1,HOBBIES_1,2016-01-17,1,532.0,861.1372,627.3559178953349,64.15541050424108,19.20581402622625,82.2843,-1.7856908875049264,3.344619984377687,True,True,IF-1,0.6028533778399652,0.4885851128984047,0.11426826494156045,True,False
development_5,one_day_negative_drop,2,CA_1,HOBBIES_1,2016-01-18,1,564.0,399.4314,522.6394804608262,64.15541050424108,19.20581402622625,82.2843,0.3453287156736835,-2.219826720267623,False,True,IF-1,0.6156194451927325,0.5479466193089095,0.06767282588382295,True,False
development_5,one_day_negative_drop,4,CA_1,HOBBIES_1,2016-01-18,1,564.0,234.8628,522.6394804608262,64.15541050424108,19.20581402622625,82.2843,0.3453287156736835,-4.78498215620893,True,True,IF-1,0.6873152758786483,0.5479466193089095,0.13936865656973874,True,True
development_5,two_day_positive_sustained_spike,2,CA_1,HOBBIES_1,2016-01-19,1,333.0,497.5686,426.69430255404745,64.15541050424108,19.20581402622625,82.2843,-1.7597910401151635,0.8053643958261429,False,True,IF-1,0.4471655754764499,0.4896648381966326,-0.04249926272018267,False,False
development_5,two_day_positive_sustained_spike,2,CA_1,HOBBIES_1,2016-01-20,2,478.0,642.5686000000001,427.72058101489137,64.15541050424108,19.20581402622625,82.2843,0.4843489382213247,3.049504374162632,True,True,IF-1,0.6012929282642205,0.431583837992353,0.16970909027186754,True,False
development_5,two_day_positive_sustained_spike,4,CA_1,HOBBIES_1,2016-01-19,1,333.0,662.1372,426.69430255404745,64.15541050424108,19.20581402622625,82.2843,-1.7597910401151635,3.37051983176745,True,True,IF-1,0.6112114499790118,0.4896648381966326,0.12154661178237919,True,False
development_5,two_day_positive_sustained_spike,4,CA_1,HOBBIES_1,2016-01-20,2,478.0,807.1372,427.72058101489137,64.15541050424108,19.20581402622625,82.2843,0.4843489382213247,5.614659810103937,True,True,IF-1,0.6780738851871232,0.431583837992353,0.2464900471947702,True,True
development_5,two_day_negative_sustained_drop,2,CA_1,HOBBIES_1,2016-01-21,1,539.0,374.4314,429.20133844797823,64.15541050424108,19.20581402622625,82.2843,1.4120842936513789,-1.1530711422899278,False,True,IF-1,0.43415695320660413,0.48537676420795006,-0.05121981100134593,False,False
development_5,two_day_negative_sustained_drop,2,CA_1,HOBBIES_1,2016-01-22,2,430.0,265.4314,480.1981000721468,64.15541050424108,19.20581402622625,82.2843,-1.0818092122376028,-3.6469646481789093,True,True,IF-1,0.6150392107808305,0.43597834236353994,0.17906086841729052,True,False
development_5,two_day_negative_sustained_drop,4,CA_1,HOBBIES_1,2016-01-21,1,539.0,209.8628,429.20133844797823,64.15541050424108,19.20581402622625,82.2843,1.4120842936513789,-3.7182265782312345,True,True,IF-1,0.6157513153265323,0.48537676420795006,0.1303745511185822,True,False
development_5,two_day_negative_sustained_drop,4,CA_1,HOBBIES_1,2016-01-22,2,430.0,100.8628,480.1981000721468,64.15541050424108,19.20581402622625,82.2843,-1.0818092122376028,-6.212120084120216,True,True,IF-1,0.6692414055959262,0.43597834236353994,0.23326306323238621,True,True
development_5,three_day_positive_sustained_spike,2,CA_1,HOBBIES_1,2016-01-23,1,664.0,828.5686000000001,622.7922846033952,64.15541050424108,19.20581402622625,82.2843,0.3429469345991345,2.9081023705404423,False,True,IF-1,0.5724788512182988,0.4231249112707033,0.1493539399475955,False,False
development_5,three_day_positive_sustained_spike,2,CA_1,HOBBIES_1,2016-01-24,2,431.0,595.5686000000001,598.1621079763167,64.15541050424108,19.20581402622625,82.2843,-2.9049447355686846,-0.3397892996273769,False,False,IF-1,0.43023277413104244,0.5686272022713927,-0.1383944281403503,False,False
development_5,three_day_positive_sustained_spike,2,CA_1,HOBBIES_1,2016-01-25,3,482.0,646.5686000000001,459.77379349332136,64.15541050424108,19.20581402622625,82.2843,0.04707931032960532,2.612234746270913,False,True,IF-1,0.5760489894963909,0.4242198871174445,0.15182910237894642,False,False
development_5,three_day_positive_sustained_spike,4,CA_1,HOBBIES_1,2016-01-23,1,664.0,993.1372,622.7922846033952,64.15541050424108,19.20581402622625,82.2843,0.3429469345991345,5.473257806481748,True,True,IF-1,0.6697538286665609,0.4231249112707033,0.24662891739585757,True,True
development_5,three_day_positive_sustained_spike,4,CA_1,HOBBIES_1,2016-01-24,2,431.0,760.1372,598.1621079763167,64.15541050424108,19.20581402622625,82.2843,-2.9049447355686846,2.2253661363139288,False,True,IF-1,0.5330604042392255,0.5686272022713927,-0.035566798032167224,False,False
development_5,three_day_positive_sustained_spike,4,CA_1,HOBBIES_1,2016-01-25,3,482.0,811.1372,459.77379349332136,64.15541050424108,19.20581402622625,82.2843,0.04707931032960532,5.1773901822122195,True,True,IF-1,0.6687130701981499,0.4242198871174445,0.24449318308070533,True,True
development_5,three_day_negative_sustained_drop,2,CA_1,HOBBIES_1,2016-01-26,1,414.0,249.4314,424.24861565152696,64.15541050424108,19.20581402622625,82.2843,-0.45911061041073203,-3.0242660463520386,True,True,IF-1,0.5921069691436294,0.41742953371096037,0.174677435432669,False,False
development_5,three_day_negative_sustained_drop,2,CA_1,HOBBIES_1,2016-01-27,2,376.0,211.4314,418.76300179964267,64.15541050424108,19.20581402622625,82.2843,-0.9659172209921778,-3.5310726569334845,True,True,IF-1,0.6073915104291552,0.4312611625569785,0.17613034787217668,True,False
development_5,three_day_negative_sustained_drop,2,CA_1,HOBBIES_1,2016-01-28,3,425.0,260.4314,419.82359369425535,64.15541050424108,19.20581402622625,82.2843,-0.21867848105428564,-2.7838339169955924,False,True,IF-1,0.5650629727939057,0.41544764821772856,0.14961532457617716,False,False
development_5,three_day_negative_sustained_drop,4,CA_1,HOBBIES_1,2016-01-26,1,414.0,84.8628,424.24861565152696,64.15541050424108,19.20581402622625,82.2843,-0.45911061041073203,-5.5894214822933455,True,True,IF-1,0.6497689823644222,0.41742953371096037,0.2323394486534618,True,True
development_5,three_day_negative_sustained_drop,4,CA_1,HOBBIES_1,2016-01-27,2,376.0,46.86279999999999,418.76300179964267,64.15541050424108,19.20581402622625,82.2843,-0.9659172209921778,-6.0962280928747905,True,True,IF-1,0.6630863300855222,0.4312611625569785,0.2318251675285437,True,True
development_5,three_day_negative_sustained_drop,4,CA_1,HOBBIES_1,2016-01-28,3,425.0,95.8628,419.82359369425535,64.15541050424108,19.20581402622625,82.2843,-0.21867848105428564,-5.348989352936899,True,True,IF-1,0.6529989219801916,0.41544764821772856,0.23755127376246304,True,True
development_5,one_day_positive_spike,2,CA_1,HOBBIES_2,2016-01-05,1,18.0,44.6868,39.88200329578783,14.02075566871684,-1.3485568155845833,13.343399999999999,-1.464503552117205,0.4388745988581866,False,True,IF-1,0.46246872254892357,0.473202159409226,-0.010733436860302425,False,False
development_5,one_day_positive_spike,4,CA_1,HOBBIES_2,2016-01-05,1,18.0,71.3736,39.88200329578783,14.02075566871684,-1.3485568155845833,13.343399999999999,-1.464503552117205,2.342252749833578,False,True,IF-1,0.516188677943042,0.473202159409226,0.04298651853381602,False,False
development_5,one_day_negative_drop,2,CA_1,HOBBIES_2,2016-01-06,1,29.0,2.313200000000002,39.88200329578783,14.02075566871684,-1.3485568155845833,13.343399999999999,-0.6799524009589804,-2.5833305519343717,False,True,IF-1,0.52588754196549,0.4697935034773796,0.056094038488110454,False,False
development_5,one_day_negative_drop,4,CA_1,HOBBIES_2,2016-01-06,1,29.0,0.0,39.88200329578783,14.02075566871684,-1.3485568155845833,13.343399999999999,-0.6799524009589804,-2.7483145267397546,False,True,IF-1,0.5262306917077518,0.4697935034773796,0.05643718823037225,False,False
development_5,two_day_positive_sustained_spike,2,CA_1,HOBBIES_2,2016-01-07,1,22.0,48.6868,44.96071601421112,14.02075566871684,-1.3485568155845833,13.343399999999999,-1.5414403980270242,0.3619377529483675,False,True,IF-1,0.5617002814383538,0.577328379089958,-0.015628097651604222,False,False
development_5,two_day_positive_sustained_spike,2,CA_1,HOBBIES_2,2016-01-08,2,28.0,54.6868,36.37306652796817,14.02075566871684,-1.3485568155845833,13.343399999999999,-0.501007925561152,1.4023702254142396,False,True,IF-1,0.4866356901421951,0.46358233105555446,0.023053359086640635,False,False
development_5,two_day_positive_sustained_spike,4,CA_1,HOBBIES_2,2016-01-07,1,22.0,75.3736,44.96071601421112,14.02075566871684,-1.3485568155845833,13.343399999999999,-1.5414403980270242,2.265315903923759,False,True,IF-1,0.5861184144207359,0.577328379089958,0.008790035330777823,False,False
development_5,two_day_positive_sustained_spike,4,CA_1,HOBBIES_2,2016-01-08,2,28.0,81.3736,36.37306652796817,14.02075566871684,-1.3485568155845833,13.343399999999999,-0.501007925561152,3.305748376389631,True,True,IF-1,0.5285165859458922,0.46358233105555446,0.06493425489033777,False,False
development_5,two_day_negative_sustained_drop,2,CA_1,HOBBIES_2,2016-01-09,1,44.0,17.313200000000002,43.51911492605611,14.02075566871684,-1.3485568155845833,13.343399999999999,0.13048097640060363,-1.772897174574788,False,True,IF-1,0.48576905943162546,0.46610500950096,0.01966404993066545,False,False
development_5,two_day_negative_sustained_drop,2,CA_1,HOBBIES_2,2016-01-10,2,28.0,1.313200000000002,41.123609442781365,14.02075566871684,-1.3485568155845833,13.343399999999999,-0.8398300994196283,-2.74320825039502,False,True,IF-1,0.5195946809608666,0.45703956991963324,0.06255511104123335,False,False
development_5,two_day_negative_sustained_drop,4,CA_1,HOBBIES_2,2016-01-09,1,44.0,0.0,43.51911492605611,14.02075566871684,-1.3485568155845833,13.343399999999999,0.13048097640060363,-3.007723628232295,True,True,IF-1,0.5221460165744282,0.46610500950096,0.05604100707346815,False,False
development_5,two_day_negative_sustained_drop,4,CA_1,HOBBIES_2,2016-01-10,2,28.0,0.0,41.123609442781365,14.02075566871684,-1.3485568155845833,13.343399999999999,-0.8398300994196283,-2.8368693932769276,False,True,IF-1,0.519418935364048,0.45703956991963324,0.0623793654444148,False,False
development_5,three_day_positive_sustained_spike,2,CA_1,HOBBIES_2,2016-01-11,1,27.0,53.6868,39.24658050364047,14.02075566871684,-1.3485568155845833,13.343399999999999,-0.7772779118012588,1.1261002391741326,False,True,IF-1,0.44180311009171774,0.4277480757950969,0.01405503429662086,False,False
development_5,three_day_positive_sustained_spike,2,CA_1,HOBBIES_2,2016-01-12,2,15.0,41.6868,40.937059925355854,14.02075566871684,-1.3485568155845833,13.343399999999999,-1.7537216745480582,0.14965647642733373,False,True,IF-1,0.42806777241351174,0.4570514221718982,-0.028983649758386465,False,False
development_5,three_day_positive_sustained_spike,2,CA_1,HOBBIES_2,2016-01-13,3,40.0,66.6868,40.937059925355854,14.02075566871684,-1.3485568155845833,13.343399999999999,0.029349123538816302,1.9327272745142083,False,True,IF-1,0.4657928520513034,0.4307886004236531,0.03500425162765031,False,False
development_5,three_day_positive_sustained_spike,4,CA_1,HOBBIES_2,2016-01-11,1,27.0,80.3736,39.24658050364047,14.02075566871684,-1.3485568155845833,13.343399999999999,-0.7772779118012588,3.0294783901495244,True,True,IF-1,0.5032198926086392,0.4277480757950969,0.07547181681354231,False,False
development_5,three_day_positive_sustained_spike,4,CA_1,HOBBIES_2,2016-01-12,2,15.0,68.3736,40.937059925355854,14.02075566871684,-1.3485568155845833,13.343399999999999,-1.7537216745480582,2.053034627402725,False,True,IF-1,0.46877510736988776,0.4570514221718982,0.011723685197989553,False,False
development_5,three_day_positive_sustained_spike,4,CA_1,HOBBIES_2,2016-01-13,3,40.0,93.3736,40.937059925355854,14.02075566871684,-1.3485568155845833,13.343399999999999,0.029349123538816302,3.8361054254896,True,True,IF-1,0.51852516523746,0.4307886004236531,0.08773656481380687,False,False
development_5,three_day_negative_sustained_drop,2,CA_1,HOBBIES_2,2016-01-14,1,31.0,4.313200000000002,41.16818540859494,14.02075566871684,-1.3485568155845833,13.343399999999999,-0.6290408877667515,-2.5324190387421432,False,True,IF-1,0.48885740340592376,0.4165876175550243,0.07226978585089944,False,False
development_5,three_day_negative_sustained_drop,2,CA_1,HOBBIES_2,2016-01-15,2,31.0,4.313200000000002,37.985315969306704,14.02075566871684,-1.3485568155845833,13.343399999999999,-0.40202962571403184,-2.305407776689423,False,True,IF-1,0.4920378869858693,0.41939819001750933,0.07263969696835998,False,False
development_5,three_day_negative_sustained_drop,2,CA_1,HOBBIES_2,2016-01-16,3,45.0,18.313200000000002,44.5059305550145,14.02075566871684,-1.3485568155845833,13.343399999999999,0.13142132308042115,-1.7719568278949704,False,True,IF-1,0.4617582934480155,0.4279547879404943,0.0338035055075212,False,False
development_5,three_day_negative_sustained_drop,4,CA_1,HOBBIES_2,2016-01-14,1,31.0,0.0,41.16818540859494,14.02075566871684,-1.3485568155845833,13.343399999999999,-0.6290408877667515,-2.840048677394475,False,True,IF-1,0.49000941099175715,0.4165876175550243,0.07342179343673283,False,False
development_5,three_day_negative_sustained_drop,4,CA_1,HOBBIES_2,2016-01-15,2,31.0,0.0,37.985315969306704,14.02075566871684,-1.3485568155845833,13.343399999999999,-0.40202962571403184,-2.613037415341756,False,True,IF-1,0.5005976042013904,0.41939819001750933,0.0811994141838811,False,False
development_5,three_day_negative_sustained_drop,4,CA_1,HOBBIES_2,2016-01-16,3,45.0,0.0,44.5059305550145,14.02075566871684,-1.3485568155845833,13.343399999999999,0.13142132308042115,-3.078106113475952,True,True,IF-1,0.4988945582839459,0.4279547879404943,0.07093977034345161,False,False
development_5,one_day_positive_spike,2,CA_1,HOUSEHOLD_1,2016-01-17,1,1109.0,1436.6545999999998,966.1453552577708,78.14582752931017,-0.2069055960165542,163.82729999999998,1.830699793723315,6.023560888925183,True,True,IF-1,0.6872935985152007,0.5193637940100496,0.16792980450515105,True,True
development_5,one_day_positive_spike,4,CA_1,HOUSEHOLD_1,2016-01-17,1,1109.0,1764.3092,966.1453552577708,78.14582752931017,-0.2069055960165542,163.82729999999998,1.830699793723315,10.216421984127056,True,True,IF-1,0.6977645721480595,0.5193637940100496,0.17840077813800992,True,True
development_5,one_day_negative_drop,2,CA_1,HOUSEHOLD_1,2016-01-18,1,801.0,473.34540000000004,753.010817006581,78.14582752931017,-0.2069055960165542,163.82729999999998,0.6167455142932445,-3.5761155809086267,True,True,IF-1,0.6821457926885729,0.5573094967542839,0.12483629593428902,True,True
development_5,one_day_negative_drop,4,CA_1,HOUSEHOLD_1,2016-01-18,1,801.0,145.69080000000008,753.010817006581,78.14582752931017,-0.2069055960165542,163.82729999999998,0.6167455142932445,-7.768976676110498,True,True,IF-1,0.7208566832349984,0.5573094967542839,0.16354718648071453,True,True
development_5,two_day_positive_sustained_spike,2,CA_1,HOUSEHOLD_1,2016-01-19,1,507.0,834.6546,587.2991047411869,78.14582752931017,-0.2069055960165542,163.82729999999998,-1.0249069166889313,3.16795417851294,True,True,IF-1,0.6152185813504981,0.4658358176032446,0.1493827637472535,True,False
development_5,two_day_positive_sustained_spike,2,CA_1,HOUSEHOLD_1,2016-01-20,2,711.0,1038.6545999999998,587.1777166336619,78.14582752931017,-0.2069055960165542,163.82729999999998,1.5871504964975256,5.780011591699395,True,True,IF-1,0.6938911877441408,0.5049301998207674,0.18896098792337346,True,True
development_5,two_day_positive_sustained_spike,4,CA_1,HOUSEHOLD_1,2016-01-19,1,507.0,1162.3092,587.2991047411869,78.14582752931017,-0.2069055960165542,163.82729999999998,-1.0249069166889313,7.3608152737148105,True,True,IF-1,0.6885912154438946,0.4658358176032446,0.22275539784064996,True,True
development_5,two_day_positive_sustained_spike,4,CA_1,HOUSEHOLD_1,2016-01-20,2,711.0,1366.3092,587.1777166336619,78.14582752931017,-0.2069055960165542,163.82729999999998,1.5871504964975256,9.972872686901267,True,True,IF-1,0.7051312721844887,0.5049301998207674,0.2002010723637213,True,True
development_5,two_day_negative_sustained_drop,2,CA_1,HOUSEHOLD_1,2016-01-21,1,574.0,246.34540000000004,586.36522298097,78.14582752931017,-0.2069055960165542,163.82729999999998,-0.15558498475677668,-4.348446079958648,True,True,IF-1,0.6581180073620182,0.4192196738481942,0.238898333513824,True,True
development_5,two_day_negative_sustained_drop,2,CA_1,HOUSEHOLD_1,2016-01-22,2,655.0,327.34540000000004,711.7691083720292,78.14582752931017,-0.2069055960165542,163.82729999999998,-0.7238032351093585,-4.91666433031123,True,True,IF-1,0.6733922474715347,0.4381324403396168,0.2352598071319179,True,True
development_5,two_day_negative_sustained_drop,4,CA_1,HOUSEHOLD_1,2016-01-21,1,574.0,0.0,586.36522298097,78.14582752931017,-0.2069055960165542,163.82729999999998,-0.15558498475677668,-7.50082679929524,True,True,IF-1,0.6923086876215413,0.4192196738481942,0.2730890137733471,True,True
development_5,two_day_negative_sustained_drop,4,CA_1,HOUSEHOLD_1,2016-01-22,2,655.0,0.0,711.7691083720292,78.14582752931017,-0.2069055960165542,163.82729999999998,-0.7238032351093585,-9.105568720340532,True,True,IF-1,0.7014399596150978,0.4381324403396168,0.26330751927548096,True,True
development_5,three_day_positive_sustained_spike,2,CA_1,HOUSEHOLD_1,2016-01-23,1,1206.0,1533.6545999999998,936.1735921292257,78.14582752931017,-0.2069055960165542,163.82729999999998,3.455505201035968,7.648366296237836,True,True,IF-1,0.6965385558003343,0.6241201098213581,0.07241844597897618,True,True
development_5,three_day_positive_sustained_spike,2,CA_1,HOUSEHOLD_1,2016-01-24,2,1089.0,1416.6545999999998,933.237390760312,78.14582752931017,-0.2069055960165542,163.82729999999998,1.9958777041193294,6.1887387993211975,True,True,IF-1,0.6880259996362182,0.5273333020015858,0.16069269763463245,True,True
development_5,three_day_positive_sustained_spike,2,CA_1,HOUSEHOLD_1,2016-01-25,3,765.0,1092.6545999999998,647.5348393989726,78.14582752931017,-0.2069055960165542,163.82729999999998,1.505801012253772,5.698662107455641,True,True,IF-1,0.6934153298450428,0.4945974709535533,0.19881785889148956,True,True
development_5,three_day_positive_sustained_spike,4,CA_1,HOUSEHOLD_1,2016-01-23,1,1206.0,1861.3092,936.1735921292257,78.14582752931017,-0.2069055960165542,163.82729999999998,3.455505201035968,11.841227391439709,True,True,IF-1,0.7046189333094387,0.6241201098213581,0.08049882348808057,True,True
development_5,three_day_positive_sustained_spike,4,CA_1,HOUSEHOLD_1,2016-01-24,2,1089.0,1744.3092,933.237390760312,78.14582752931017,-0.2069055960165542,163.82729999999998,1.9958777041193294,10.38159989452307,True,True,IF-1,0.6973276275251543,0.5273333020015858,0.16999432552356852,True,True
development_5,three_day_positive_sustained_spike,4,CA_1,HOUSEHOLD_1,2016-01-25,3,765.0,1420.3092,647.5348393989726,78.14582752931017,-0.2069055960165542,163.82729999999998,1.505801012253772,9.891523202657515,True,True,IF-1,0.7024361031043604,0.4945974709535533,0.20783863215080717,True,True
development_5,three_day_negative_sustained_drop,2,CA_1,HOUSEHOLD_1,2016-01-26,1,605.0,277.34540000000004,574.7051713116548,78.14582752931017,-0.2069055960165542,163.82729999999998,0.39031814299901646,-3.8025429522028547,True,True,IF-1,0.637782723923064,0.42852223886030577,0.20926048506275824,True,False
development_5,three_day_negative_sustained_drop,2,CA_1,HOUSEHOLD_1,2016-01-27,2,538.0,210.34540000000004,572.9727173909536,78.14582752931017,-0.2069055960165542,163.82729999999998,-0.44488378834938297,-4.637744883551254,True,True,IF-1,0.6591720663288421,0.4282034195967487,0.23096864673209339,True,True
development_5,three_day_negative_sustained_drop,2,CA_1,HOUSEHOLD_1,2016-01-28,3,565.0,237.34540000000004,572.0414275214453,78.14582752931017,-0.2069055960165542,163.82729999999998,-0.08745856485895268,-4.280319660060824,True,True,IF-1,0.6558954007572994,0.41992730445841714,0.2359680962988822,True,True
development_5,three_day_negative_sustained_drop,4,CA_1,HOUSEHOLD_1,2016-01-26,1,605.0,0.0,574.7051713116548,78.14582752931017,-0.2069055960165542,163.82729999999998,0.39031814299901646,-7.351617915878632,True,True,IF-1,0.6833885923426942,0.42852223886030577,0.25486635348238845,True,True
development_5,three_day_negative_sustained_drop,4,CA_1,HOUSEHOLD_1,2016-01-27,2,538.0,0.0,572.9727173909536,78.14582752931017,-0.2069055960165542,163.82729999999998,-0.44488378834938297,-7.329448415913308,True,True,IF-1,0.6872058452698322,0.4282034195967487,0.2590024256730835,True,True
development_5,three_day_negative_sustained_drop,4,CA_1,HOUSEHOLD_1,2016-01-28,3,565.0,0.0,572.0414275214453,78.14582752931017,-0.2069055960165542,163.82729999999998,-0.08745856485895268,-7.317531082653781,True,True,IF-1,0.6923086876215413,0.41992730445841714,0.27238138316312416,True,True
development_5,one_day_positive_spike,2,CA_1,HOUSEHOLD_2,2016-01-05,1,158.0,263.2646,172.65409072971718,24.90340828721646,-6.115577771879572,52.632299999999994,-0.3428652359291978,3.8840501640016187,True,True,IF-1,0.5657372254005583,0.4464413678917813,0.11929585750877697,False,False
development_5,one_day_positive_spike,4,CA_1,HOUSEHOLD_2,2016-01-05,1,158.0,368.52919999999995,172.65409072971718,24.90340828721646,-6.115577771879572,52.632299999999994,-0.3428652359291978,8.110965563932435,True,True,IF-1,0.6308966310851636,0.4464413678917813,0.1844552631933823,True,False
development_5,one_day_negative_drop,2,CA_1,HOUSEHOLD_2,2016-01-06,1,106.0,0.7354000000000127,172.65409072971718,24.90340828721646,-6.115577771879572,52.632299999999994,-2.4309328369688874,-6.657848236899705,True,True,IF-1,0.5981315701939687,0.5350047947488134,0.06312677544515533,False,False
development_5,one_day_negative_drop,4,CA_1,HOUSEHOLD_2,2016-01-06,1,106.0,0.0,172.65409072971718,24.90340828721646,-6.115577771879572,52.632299999999994,-2.4309328369688874,-6.687378331395947,True,True,IF-1,0.5981315701939687,0.5350047947488134,0.06312677544515533,False,False
development_5,two_day_positive_sustained_spike,2,CA_1,HOUSEHOLD_2,2016-01-07,1,171.0,276.2646,176.11201859776,24.90340828721646,-6.115577771879572,52.632299999999994,0.04029806533086979,4.267213465261686,True,True,IF-1,0.6435901216529042,0.5506712548427359,0.09291886681016825,True,False
development_5,two_day_positive_sustained_spike,2,CA_1,HOUSEHOLD_2,2016-01-08,2,198.0,303.2646,201.03415977313213,24.90340828721646,-6.115577771879572,52.632299999999994,0.12373479016240556,4.350650190093222,True,True,IF-1,0.5718568008921912,0.4560945196430087,0.11576228124918247,False,False
development_5,two_day_positive_sustained_spike,4,CA_1,HOUSEHOLD_2,2016-01-07,1,171.0,381.52919999999995,176.11201859776,24.90340828721646,-6.115577771879572,52.632299999999994,0.04029806533086979,8.494128865192502,True,True,IF-1,0.6852096752952765,0.5506712548427359,0.1345384204525406,True,True
development_5,two_day_positive_sustained_spike,4,CA_1,HOUSEHOLD_2,2016-01-08,2,198.0,408.52919999999995,201.03415977313213,24.90340828721646,-6.115577771879572,52.632299999999994,0.12373479016240556,8.577565590024038,True,True,IF-1,0.6351717584370852,0.4560945196430087,0.1790772387940765,True,False
development_5,two_day_negative_sustained_drop,2,CA_1,HOUSEHOLD_2,2016-01-09,1,263.0,157.73540000000003,238.2628846313989,24.90340828721646,-6.115577771879572,52.632299999999994,1.238894402912638,-2.9880209970181784,False,True,IF-1,0.5276320095840072,0.46550619420142275,0.06212581538258449,False,False
development_5,two_day_negative_sustained_drop,2,CA_1,HOUSEHOLD_2,2016-01-10,2,222.0,116.73540000000001,236.42804292793264,24.90340828721646,-6.115577771879572,52.632299999999994,-0.333788253406264,-4.560703653337081,True,True,IF-1,0.5585040239740641,0.4369546163833198,0.12154940759074429,False,False
development_5,two_day_negative_sustained_drop,4,CA_1,HOUSEHOLD_2,2016-01-09,1,263.0,52.470800000000025,238.2628846313989,24.90340828721646,-6.115577771879572,52.632299999999994,1.238894402912638,-7.214936396948995,True,True,IF-1,0.600815976027622,0.46550619420142275,0.1353097818261993,True,False
development_5,two_day_negative_sustained_drop,4,CA_1,HOUSEHOLD_2,2016-01-10,2,222.0,11.470800000000025,236.42804292793264,24.90340828721646,-6.115577771879572,52.632299999999994,-0.333788253406264,-8.787619053267898,True,True,IF-1,0.6201683833974108,0.4369546163833198,0.18321376701409098,True,False
development_5,three_day_positive_sustained_spike,2,CA_1,HOUSEHOLD_2,2016-01-11,1,132.0,237.26459999999997,174.27726431504232,24.90340828721646,-6.115577771879572,52.632299999999994,-1.4520778090332898,2.7748375908975267,False,True,IF-1,0.503129703841898,0.4576471741260438,0.04548252971585426,False,False
development_5,three_day_positive_sustained_spike,2,CA_1,HOUSEHOLD_2,2016-01-12,2,119.0,224.26459999999997,173.3603585338898,24.90340828721646,-6.115577771879572,52.632299999999994,-1.9372762236233938,2.2896391763074226,False,True,IF-1,0.4770295992482655,0.47667856084597426,0.00035103840229122607,False,False
development_5,three_day_positive_sustained_spike,2,CA_1,HOUSEHOLD_2,2016-01-13,3,159.0,264.2646,173.3603585338898,24.90340828721646,-6.115577771879572,52.632299999999994,-0.3310703766697865,3.89584502326103,True,True,IF-1,0.5331681324425401,0.4143031652520664,0.11886496719047374,False,False
development_5,three_day_positive_sustained_spike,4,CA_1,HOUSEHOLD_2,2016-01-11,1,132.0,342.52919999999995,174.27726431504232,24.90340828721646,-6.115577771879572,52.632299999999994,-1.4520778090332898,7.001752990828343,True,True,IF-1,0.5967686457023844,0.4576471741260438,0.13912147157634064,False,False
development_5,three_day_positive_sustained_spike,4,CA_1,HOUSEHOLD_2,2016-01-12,2,119.0,329.52919999999995,173.3603585338898,24.90340828721646,-6.115577771879572,52.632299999999994,-1.9372762236233938,6.516554576238239,True,True,IF-1,0.5898033098073913,0.47667856084597426,0.113124748961417,False,False
development_5,three_day_positive_sustained_spike,4,CA_1,HOUSEHOLD_2,2016-01-13,3,159.0,369.52919999999995,173.3603585338898,24.90340828721646,-6.115577771879572,52.632299999999994,-0.3310703766697865,8.122760423191846,True,True,IF-1,0.6184665845255446,0.4143031652520664,0.2041634192734782,True,False
development_5,three_day_negative_sustained_drop,2,CA_1,HOUSEHOLD_2,2016-01-14,1,157.0,51.73540000000001,174.33170631250553,24.90340828721646,-6.115577771879572,52.632299999999994,-0.4503852810534162,-4.677300680984233,True,True,IF-1,0.5393306420524414,0.40590094562498724,0.13342969642745417,False,False
development_5,three_day_negative_sustained_drop,2,CA_1,HOUSEHOLD_2,2016-01-15,2,164.0,58.73540000000001,202.2976203890753,24.90340828721646,-6.115577771879572,52.632299999999994,-1.2922746254662474,-5.519190025397065,True,True,IF-1,0.5713536548671878,0.4383869937398336,0.13296666112735422,False,False
development_5,three_day_negative_sustained_drop,2,CA_1,HOUSEHOLD_2,2016-01-16,3,268.0,162.73540000000003,238.90091143496187,24.90340828721646,-6.115577771879572,52.632299999999994,1.4140500742219395,-2.8128653257088767,False,True,IF-1,0.5005585436785825,0.43051037080862536,0.07004817286995718,False,False
development_5,three_day_negative_sustained_drop,4,CA_1,HOUSEHOLD_2,2016-01-14,1,157.0,0.0,174.33170631250553,24.90340828721646,-6.115577771879572,52.632299999999994,-0.4503852810534162,-6.754743230346325,True,True,IF-1,0.5920221855626006,0.40590094562498724,0.18612123993761331,False,False
development_5,three_day_negative_sustained_drop,4,CA_1,HOUSEHOLD_2,2016-01-15,2,164.0,0.0,202.2976203890753,24.90340828721646,-6.115577771879572,52.632299999999994,-1.2922746254662474,-7.877718597976038,True,True,IF-1,0.6174937700936884,0.4383869937398336,0.17910677635385486,True,False
development_5,three_day_negative_sustained_drop,4,CA_1,HOUSEHOLD_2,2016-01-16,3,268.0,57.470800000000025,238.90091143496187,24.90340828721646,-6.115577771879572,52.632299999999994,1.4140500742219395,-7.0397807256396945,True,True,IF-1,0.5966840288980697,0.43051037080862536,0.16617365808944434,False,False
development_5,one_day_positive_spike,2,CA_2,FOODS_1,2016-01-17,1,607.0,816.0466,530.5113260561127,61.11181863281323,-24.877640189321966,104.52329999999999,1.6587023001600198,5.0794252417573595,True,True,IF-1,0.6444221358799795,0.46276411690892155,0.181658018971058,True,False
development_5,one_day_positive_spike,4,CA_2,FOODS_1,2016-01-17,1,607.0,1025.0932,530.5113260561127,61.11181863281323,-24.877640189321966,104.52329999999999,1.6587023001600198,8.5001481833547,True,True,IF-1,0.6834825119380951,0.46276411690892155,0.2207183950291735,True,True
development_5,one_day_negative_drop,2,CA_2,FOODS_1,2016-01-18,1,528.0,318.9534,393.56815718436167,61.11181863281323,-24.877640189321966,104.52329999999999,2.606852268006651,-0.8138706735906888,False,True,IF-1,0.5653203752908569,0.6222601058496969,-0.05693973055884005,False,False
development_5,one_day_negative_drop,4,CA_2,FOODS_1,2016-01-18,1,528.0,109.90680000000003,393.56815718436167,61.11181863281323,-24.877640189321966,104.52329999999999,2.606852268006651,-4.234593615188027,True,True,IF-1,0.6858463911082949,0.6222601058496969,0.063586285258598,True,True
development_5,two_day_positive_sustained_spike,2,CA_2,FOODS_1,2016-01-19,1,346.0,555.0466,364.27414697603245,61.11181863281323,-24.877640189321966,104.52329999999999,0.10805591064088947,3.5287788522382293,True,True,IF-1,0.5929136065641696,0.4066993158274683,0.18621429073670126,False,False
development_5,two_day_positive_sustained_spike,2,CA_2,FOODS_1,2016-01-20,2,380.0,589.0466,365.3004254368764,61.11181863281323,-24.877640189321966,104.52329999999999,0.6476196525952364,4.0683425941925755,True,True,IF-1,0.6144906175204647,0.4181713279932235,0.19631928952724126,True,False
development_5,two_day_positive_sustained_spike,4,CA_2,FOODS_1,2016-01-19,1,346.0,764.0932,364.27414697603245,61.11181863281323,-24.877640189321966,104.52329999999999,0.10805591064088947,6.94950179383557,True,True,IF-1,0.6710552635348094,0.4066993158274683,0.26435594770734105,True,True
development_5,two_day_positive_sustained_spike,4,CA_2,FOODS_1,2016-01-20,2,380.0,798.0932,365.3004254368764,61.11181863281323,-24.877640189321966,104.52329999999999,0.6476196525952364,7.489065535789916,True,True,IF-1,0.6890379535263623,0.4181713279932235,0.27086662553313884,True,True
development_5,two_day_negative_sustained_drop,2,CA_2,FOODS_1,2016-01-21,1,371.0,161.95340000000002,368.4979069399965,61.11181863281323,-24.877640189321966,104.52329999999999,0.44802681153763396,-2.9726961300597057,False,True,IF-1,0.6129454608864237,0.4207654023150292,0.19218005857139447,True,False
development_5,two_day_negative_sustained_drop,2,CA_2,FOODS_1,2016-01-22,2,464.0,254.95340000000002,406.0516850784048,61.11181863281323,-24.877640189321966,104.52329999999999,1.3553181195371073,-2.065404822060232,False,True,IF-1,0.5506106433786268,0.43573468670320464,0.11487595667542211,False,False
development_5,two_day_negative_sustained_drop,4,CA_2,FOODS_1,2016-01-21,1,371.0,0.0,368.4979069399965,61.11181863281323,-24.877640189321966,104.52329999999999,0.44802681153763396,-5.622811993459019,True,True,IF-1,0.6681597666935937,0.4207654023150292,0.2473943643785645,True,True
development_5,two_day_negative_sustained_drop,4,CA_2,FOODS_1,2016-01-22,2,464.0,45.90680000000003,406.0516850784048,61.11181863281323,-24.877640189321966,104.52329999999999,1.3553181195371073,-5.4861277636575725,True,True,IF-1,0.6655354010742411,0.43573468670320464,0.2298007143710365,True,True
development_5,three_day_positive_sustained_spike,2,CA_2,FOODS_1,2016-01-23,1,551.0,760.0466,542.544591658331,61.11181863281323,-24.877640189321966,104.52329999999999,0.54544357010991,3.9661665117072498,True,True,IF-1,0.5993906601561148,0.4292217138953102,0.17016894626080453,True,False
development_5,three_day_positive_sustained_spike,2,CA_2,FOODS_1,2016-01-24,2,636.0,845.0466,499.3216821184523,61.11181863281323,-24.877640189321966,104.52329999999999,2.643612343490694,6.064335285088035,True,True,IF-1,0.6595875052820573,0.5237159205457929,0.13587158473626448,True,True
development_5,three_day_positive_sustained_spike,2,CA_2,FOODS_1,2016-01-25,3,336.0,545.0466,359.68129172311035,61.11181863281323,-24.877640189321966,104.52329999999999,0.019576384617185208,3.440299326214525,True,True,IF-1,0.5850448554577907,0.42149121637264236,0.16355363908514836,False,False
development_5,three_day_positive_sustained_spike,4,CA_2,FOODS_1,2016-01-23,1,551.0,969.0932,542.544591658331,61.11181863281323,-24.877640189321966,104.52329999999999,0.54544357010991,7.3868894533045895,True,True,IF-1,0.6856505053676434,0.4292217138953102,0.25642879147233316,True,True
development_5,three_day_positive_sustained_spike,4,CA_2,FOODS_1,2016-01-24,2,636.0,1054.0932,499.3216821184523,61.11181863281323,-24.877640189321966,104.52329999999999,2.643612343490694,9.485058226685373,True,True,IF-1,0.6857986018870252,0.5237159205457929,0.16208268134123238,True,True
development_5,three_day_positive_sustained_spike,4,CA_2,FOODS_1,2016-01-25,3,336.0,754.0932,359.68129172311035,61.11181863281323,-24.877640189321966,104.52329999999999,0.019576384617185208,6.861022267811864,True,True,IF-1,0.6778751608337722,0.42149121637264236,0.25638394446112983,True,True
development_5,three_day_negative_sustained_drop,2,CA_2,FOODS_1,2016-01-26,1,483.0,273.9534,363.2517014161878,61.11181863281323,-24.877640189321966,104.52329999999999,2.3665788714636444,-1.054144070133694,False,True,IF-1,0.467596359820943,0.5191312832680516,-0.05153492344710858,False,False
development_5,three_day_negative_sustained_drop,2,CA_2,FOODS_1,2016-01-27,2,404.0,194.95340000000002,358.2864366385452,61.11181863281323,-24.877640189321966,104.52329999999999,1.1551154118799816,-2.265607529717358,False,True,IF-1,0.5649734914243297,0.4437145398572194,0.1212589515671103,False,False
development_5,three_day_negative_sustained_drop,2,CA_2,FOODS_1,2016-01-28,3,352.0,142.95340000000002,359.38733618743146,61.11181863281323,-24.877640189321966,104.52329999999999,0.2862016610400677,-3.134521280557272,True,True,IF-1,0.6161069187892275,0.4078877588268022,0.2082191599624253,True,False
development_5,three_day_negative_sustained_drop,4,CA_2,FOODS_1,2016-01-26,1,483.0,64.90680000000003,363.2517014161878,61.11181863281323,-24.877640189321966,104.52329999999999,2.3665788714636444,-4.474867011731034,True,True,IF-1,0.6356334969603232,0.5191312832680516,0.11650221369227165,True,False
development_5,three_day_negative_sustained_drop,4,CA_2,FOODS_1,2016-01-27,2,404.0,0.0,358.2864366385452,61.11181863281323,-24.877640189321966,104.52329999999999,1.1551154118799816,-5.455717141270012,True,True,IF-1,0.6557001598275205,0.4437145398572194,0.21198561997030108,True,True
development_5,three_day_negative_sustained_drop,4,CA_2,FOODS_1,2016-01-28,3,352.0,0.0,359.38733618743146,61.11181863281323,-24.877640189321966,104.52329999999999,0.2862016610400677,-5.4737316525955695,True,True,IF-1,0.6647312076069658,0.4078877588268022,0.2568434487801636,True,True
development_5,one_day_positive_spike,2,CA_2,FOODS_2,2016-01-05,1,428.0,826.8194,426.5224847739358,33.59376679230054,-23.282358139497703,199.4097,0.7370377224633459,12.608865090491827,True,True,IF-1,0.6827206200740675,0.4628177289185224,0.21990289115554512,True,True
development_5,one_day_positive_spike,4,CA_2,FOODS_2,2016-01-05,1,428.0,1225.6388,426.5224847739358,33.59376679230054,-23.282358139497703,199.4097,0.7370377224633459,24.48069245852031,True,True,IF-1,0.7070046931687054,0.4628177289185224,0.244186964250183,True,True
development_5,one_day_negative_drop,2,CA_2,FOODS_2,2016-01-06,1,418.0,19.180600000000027,425.0892594125165,33.59376679230054,-23.282358139497703,199.4097,0.48202688394837945,-11.389800484080103,True,True,IF-1,0.6739295709978569,0.4559995092392154,0.2179300617586415,True,True
development_5,one_day_negative_drop,4,CA_2,FOODS_2,2016-01-06,1,418.0,0.0,425.0892594125165,33.59376679230054,-23.282358139497703,199.4097,0.48202688394837945,-11.960757594028133,True,True,IF-1,0.6777579567815147,0.4559995092392154,0.22175844754229934,True,True
development_5,two_day_positive_sustained_spike,2,CA_2,FOODS_2,2016-01-07,1,393.0,791.8194,430.9867762606364,33.59376679230054,-23.282358139497703,199.4097,-0.4377126927162234,11.434114675312259,True,True,IF-1,0.7168389521115677,0.5534182503985243,0.16342070171304335,True,True
development_5,two_day_positive_sustained_spike,2,CA_2,FOODS_2,2016-01-08,2,482.0,880.8194,478.8753094925151,33.59376679230054,-23.282358139497703,199.4097,0.7860698923776215,12.657897260406104,True,True,IF-1,0.6895336174636392,0.46481714124494505,0.22471647621869412,True,True
development_5,two_day_positive_sustained_spike,4,CA_2,FOODS_2,2016-01-07,1,393.0,1190.6388,430.9867762606364,33.59376679230054,-23.282358139497703,199.4097,-0.4377126927162234,23.305942043340742,True,True,IF-1,0.739853937041654,0.5534182503985243,0.1864356866431297,True,True
development_5,two_day_positive_sustained_spike,4,CA_2,FOODS_2,2016-01-08,2,482.0,1279.6388,478.8753094925151,33.59376679230054,-23.282358139497703,199.4097,0.7860698923776215,24.529724628434586,True,True,IF-1,0.7118330063677718,0.46481714124494505,0.24701586512282675,True,True
development_5,two_day_negative_sustained_drop,2,CA_2,FOODS_2,2016-01-09,1,797.0,398.1806,638.0682984148214,33.59376679230054,-23.282358139497703,199.4097,5.424043717730354,-6.447783650298128,True,True,IF-1,0.6228436903814965,0.6030946738407345,0.019749016540762,True,False
development_5,two_day_negative_sustained_drop,2,CA_2,FOODS_2,2016-01-10,2,844.0,445.1806,660.3619925422508,33.59376679230054,-23.282358139497703,199.4097,6.159486873757532,-5.71234049427095,True,True,IF-1,0.6078015497405688,0.6167275988263596,-0.008926049085790866,True,False
development_5,two_day_negative_sustained_drop,4,CA_2,FOODS_2,2016-01-09,1,797.0,0.0,638.0682984148214,33.59376679230054,-23.282358139497703,199.4097,5.424043717730354,-18.300595585971276,True,True,IF-1,0.6964478009122971,0.6030946738407345,0.09335312707156262,True,True
development_5,two_day_negative_sustained_drop,4,CA_2,FOODS_2,2016-01-10,2,844.0,46.36120000000005,660.3619925422508,33.59376679230054,-23.282358139497703,199.4097,6.159486873757532,-17.584167862299434,True,True,IF-1,0.6966911510668218,0.6167275988263596,0.07996355224046214,True,True
development_5,three_day_positive_sustained_spike,2,CA_2,FOODS_2,2016-01-11,1,425.0,823.8194,413.17554997261254,33.59376679230054,-23.282358139497703,199.4097,1.0450393486368845,12.916866716665368,True,True,IF-1,0.6812912681521098,0.4398713673928713,0.24141990075923853,True,True
development_5,three_day_positive_sustained_spike,2,CA_2,FOODS_2,2016-01-12,2,382.0,780.8194,386.6876717948794,33.59376679230054,-23.282358139497703,199.4097,0.553515967994398,12.42534333602288,True,True,IF-1,0.67124862869513,0.4207921092139299,0.2504565194812001,True,True
development_5,three_day_positive_sustained_spike,2,CA_2,FOODS_2,2016-01-13,3,342.0,740.8194,386.298313397712,33.59376679230054,-23.282358139497703,199.4097,-0.6255909135807595,11.246236454447724,True,True,IF-1,0.6722035071784149,0.42639500914928025,0.24580849802913468,True,True
development_5,three_day_positive_sustained_spike,4,CA_2,FOODS_2,2016-01-11,1,425.0,1222.6388,413.17554997261254,33.59376679230054,-23.282358139497703,199.4097,1.0450393486368845,24.788694084693848,True,True,IF-1,0.6975435921086164,0.4398713673928713,0.2576722247157451,True,True
development_5,three_day_positive_sustained_spike,4,CA_2,FOODS_2,2016-01-12,2,382.0,1179.6388,386.6876717948794,33.59376679230054,-23.282358139497703,199.4097,0.553515967994398,24.29717070405136,True,True,IF-1,0.6900857537534835,0.4207921092139299,0.26929364453955357,True,True
development_5,three_day_positive_sustained_spike,4,CA_2,FOODS_2,2016-01-13,3,342.0,1139.6388,386.298313397712,33.59376679230054,-23.282358139497703,199.4097,-0.6255909135807595,23.118063822476202,True,True,IF-1,0.699810049436656,0.42639500914928025,0.2734150402873758,True,True
development_5,three_day_negative_sustained_drop,2,CA_2,FOODS_2,2016-01-14,1,394.0,0.0,386.73367972101727,33.59376679230054,-23.282358139497703,199.4097,0.9093555541822116,-10.81901067625498,True,True,IF-1,0.6754022905316067,0.4228036974229259,0.2525985931086808,True,True
development_5,three_day_negative_sustained_drop,2,CA_2,FOODS_2,2016-01-15,2,497.0,98.18060000000003,432.4885121289961,33.59376679230054,-23.282358139497703,199.4097,2.61339690048165,-9.258430467546832,True,True,IF-1,0.655934039384508,0.47445909469153386,0.18147494469297415,True,True
development_5,three_day_negative_sustained_drop,2,CA_2,FOODS_2,2016-01-16,3,632.0,233.18060000000003,615.5522808407384,33.59376679230054,-23.282358139497703,199.4097,1.1826621749325588,-10.689165193095922,True,True,IF-1,0.6649591716020666,0.43554519830352617,0.22941397329854046,True,True
development_5,three_day_negative_sustained_drop,4,CA_2,FOODS_2,2016-01-14,1,394.0,0.0,386.73367972101727,33.59376679230054,-23.282358139497703,199.4097,0.9093555541822116,-10.81901067625498,True,True,IF-1,0.6754022905316067,0.4228036974229259,0.2525985931086808,True,True
development_5,three_day_negative_sustained_drop,4,CA_2,FOODS_2,2016-01-15,2,497.0,0.0,432.4885121289961,33.59376679230054,-23.282358139497703,199.4097,2.61339690048165,-12.181014308978462,True,True,IF-1,0.6808005892227487,0.47445909469153386,0.2063414945312148,True,True
development_5,three_day_negative_sustained_drop,4,CA_2,FOODS_2,2016-01-16,3,632.0,0.0,615.5522808407384,33.59376679230054,-23.282358139497703,199.4097,1.1826621749325588,-17.630351676936236,True,True,IF-1,0.6927070812905411,0.43554519830352617,0.257161882987015,True,True
development_5,one_day_positive_spike,2,CA_2,FOODS_3,2016-01-17,1,2284.0,3487.8712,2096.1688927598257,127.62514761038324,-20.009620695794524,601.9356,1.6285248779532813,11.061393106048921,True,True,IF-1,0.7139728728362478,0.5856933906073717,0.12827948222887608,True,True
development_5,one_day_positive_spike,4,CA_2,FOODS_3,2016-01-17,1,2284.0,4691.7424,2096.1688927598257,127.62514761038324,-20.009620695794524,601.9356,1.6285248779532813,20.49426133414456,True,True,IF-1,0.7139728728362478,0.5856933906073717,0.12827948222887608,True,True
development_5,one_day_negative_drop,2,CA_2,FOODS_3,2016-01-18,1,1860.0,656.1288,1386.8438363441608,127.62514761038324,-20.009620695794524,601.9356,3.864174056489092,-5.568694171606547,True,True,IF-1,0.7346100091481262,0.7293252250666057,0.005284784081520555,True,True
development_5,one_day_negative_drop,4,CA_2,FOODS_3,2016-01-18,1,1860.0,0.0,1386.8438363441608,127.62514761038324,-20.009620695794524,601.9356,3.864174056489092,-10.70975619805798,True,True,IF-1,0.7346100091481262,0.7293252250666057,0.005284784081520555,True,True
development_5,two_day_positive_sustained_spike,2,CA_2,FOODS_3,2016-01-19,1,1307.0,2510.8712,1227.4753277154227,127.62514761038324,-20.009620695794524,601.9356,0.7798956149632218,10.21276384305886,True,True,IF-1,0.7022456386313918,0.4837862591637848,0.21845937946760696,True,True
development_5,two_day_positive_sustained_spike,2,CA_2,FOODS_3,2016-01-20,2,1380.0,2583.8712,1226.6019033516927,127.62514761038324,-20.009620695794524,601.9356,1.3587268699855655,10.791595098081205,True,True,IF-1,0.7112876939023092,0.5399158908182986,0.17137180308401057,True,True
development_5,two_day_positive_sustained_spike,4,CA_2,FOODS_3,2016-01-19,1,1307.0,3714.7424,1227.4753277154227,127.62514761038324,-20.009620695794524,601.9356,0.7798956149632218,19.6456320711545,True,True,IF-1,0.7022456386313918,0.4837862591637848,0.21845937946760696,True,True
development_5,two_day_positive_sustained_spike,4,CA_2,FOODS_3,2016-01-20,2,1380.0,3787.7424,1226.6019033516927,127.62514761038324,-20.009620695794524,601.9356,1.3587268699855655,20.224463326176842,True,True,IF-1,0.7112876939023092,0.5399158908182986,0.17137180308401057,True,True
development_5,two_day_negative_sustained_drop,2,CA_2,FOODS_3,2016-01-21,1,1296.0,92.12879999999996,1226.7797301164353,127.62514761038324,-20.009620695794524,601.9356,0.6991560225400257,-8.733712205555614,True,True,IF-1,0.7026389741172681,0.4798044275617607,0.22283454655550733,True,True
development_5,two_day_negative_sustained_drop,2,CA_2,FOODS_3,2016-01-22,2,1638.0,434.12879999999996,1514.7036757333146,127.62514761038324,-20.009620695794524,601.9356,1.1228660467447005,-8.310002181350939,True,True,IF-1,0.7080114571901245,0.5199365726348085,0.18807488455531596,True,True
development_5,two_day_negative_sustained_drop,4,CA_2,FOODS_3,2016-01-21,1,1296.0,0.0,1226.7797301164353,127.62514761038324,-20.009620695794524,601.9356,0.6991560225400257,-9.45558247740245,True,True,IF-1,0.7026389741172681,0.4798044275617607,0.22283454655550733,True,True
development_5,two_day_negative_sustained_drop,4,CA_2,FOODS_3,2016-01-22,2,1638.0,0.0,1514.7036757333146,127.62514761038324,-20.009620695794524,601.9356,1.1228660467447005,-11.711595112904817,True,True,IF-1,0.7080114571901245,0.5199365726348085,0.18807488455531596,True,True
development_5,three_day_positive_sustained_spike,2,CA_2,FOODS_3,2016-01-23,1,2388.0,3591.8712,2076.748578874564,127.62514761038324,-20.009620695794524,601.9356,2.595578128790976,12.028446356886615,True,True,IF-1,0.7179292406020186,0.6484271879040313,0.06950205269798726,True,True
development_5,three_day_positive_sustained_spike,2,CA_2,FOODS_3,2016-01-24,2,2332.0,3535.8712,2045.2908266976171,127.62514761038324,-20.009620695794524,601.9356,2.403278662090445,11.836146890186082,True,True,IF-1,0.7127662329312613,0.6454954824988463,0.06727075043241504,True,True
development_5,three_day_positive_sustained_spike,2,CA_2,FOODS_3,2016-01-25,3,1370.0,2573.8712,1195.956969340568,127.62514761038324,-20.009620695794524,601.9356,1.5204891433123722,10.953357371408009,True,True,IF-1,0.7095759313643937,0.5582694293528189,0.1513065020115748,True,True
development_5,three_day_positive_sustained_spike,4,CA_2,FOODS_3,2016-01-23,1,2388.0,4795.7424,2076.748578874564,127.62514761038324,-20.009620695794524,601.9356,2.595578128790976,21.461314584982254,True,True,IF-1,0.7179292406020186,0.6484271879040313,0.06950205269798726,True,True
development_5,three_day_positive_sustained_spike,4,CA_2,FOODS_3,2016-01-24,2,2332.0,4739.7424,2045.2908266976171,127.62514761038324,-20.009620695794524,601.9356,2.403278662090445,21.26901511828172,True,True,IF-1,0.7127662329312613,0.6454954824988463,0.06727075043241504,True,True
development_5,three_day_positive_sustained_spike,4,CA_2,FOODS_3,2016-01-25,3,1370.0,3777.7424,1195.956969340568,127.62514761038324,-20.009620695794524,601.9356,1.5204891433123722,20.386225599503646,True,True,IF-1,0.7095759313643937,0.5582694293528189,0.1513065020115748,True,True
development_5,three_day_negative_sustained_drop,2,CA_2,FOODS_3,2016-01-26,1,1352.0,148.12879999999996,1119.7529593718511,127.62514761038324,-20.009620695794524,601.9356,1.976543542139813,-7.456324685955826,True,True,IF-1,0.6945346154898202,0.5910512139926672,0.10348340149715296,True,True
development_5,three_day_negative_sustained_drop,2,CA_2,FOODS_3,2016-01-27,2,1355.0,151.12879999999996,1105.5987879206568,127.62514761038324,-20.009620695794524,601.9356,2.110954132625968,-7.321914095469671,True,True,IF-1,0.6987057477704647,0.6081266282354773,0.09057911953498743,True,True
development_5,three_day_negative_sustained_drop,2,CA_2,FOODS_3,2016-01-28,3,1378.0,174.12879999999996,1104.1513534396547,127.62514761038324,-20.009620695794524,601.9356,2.3025106944693734,-7.130357533626265,True,True,IF-1,0.7033524299633631,0.6231476037628226,0.08020482620054048,True,True
development_5,three_day_negative_sustained_drop,4,CA_2,FOODS_3,2016-01-26,1,1352.0,0.0,1119.7529593718511,127.62514761038324,-20.009620695794524,601.9356,1.976543542139813,-8.616979954713758,True,True,IF-1,0.6945346154898202,0.5910512139926672,0.10348340149715296,True,True
development_5,three_day_negative_sustained_drop,4,CA_2,FOODS_3,2016-01-27,2,1355.0,0.0,1105.5987879206568,127.62514761038324,-20.009620695794524,601.9356,2.110954132625968,-8.506075703347838,True,True,IF-1,0.6987057477704647,0.6081266282354773,0.09057911953498743,True,True
development_5,three_day_negative_sustained_drop,4,CA_2,FOODS_3,2016-01-28,3,1378.0,0.0,1104.1513534396547,127.62514761038324,-20.009620695794524,601.9356,2.3025106944693734,-8.494734408092919,True,True,IF-1,0.7033524299633631,0.6231476037628226,0.08020482620054048,True,True
development_2,one_day_positive_spike,2,CA_1,FOODS_1,2015-04-28,1,271.0,466.7032,313.45115173563784,61.50968509725808,-20.717127798047244,97.85159999999999,-0.3533431182947064,2.8283216827940554,False,True,IF-2,0.5526658826740746,0.41645564403739715,0.13621023863667742,False,False
development_2,one_day_positive_spike,4,CA_1,FOODS_1,2015-04-28,1,271.0,662.4064,313.45115173563784,61.50968509725808,-20.717127798047244,97.85159999999999,-0.3533431182947064,6.009986483882817,True,True,IF-2,0.6557588219744641,0.41645564403739715,0.23930317793706696,True,True
development_2,one_day_negative_drop,2,CA_1,FOODS_1,2015-04-29,1,292.0,96.29680000000002,313.45115173563784,61.50968509725808,-20.717127798047244,97.85159999999999,-0.011933469280975282,-3.193598270369737,True,True,IF-2,0.6102849804390885,0.4282233187887826,0.1820616616503059,True,False
development_2,one_day_negative_drop,4,CA_1,FOODS_1,2015-04-29,1,292.0,0.0,313.45115173563784,61.50968509725808,-20.717127798047244,97.85159999999999,-0.011933469280975282,-4.759153350805234,True,True,IF-2,0.6492310587966786,0.4282233187887826,0.22100774000789603,True,True
development_2,two_day_positive_sustained_spike,2,CA_1,FOODS_1,2015-04-30,1,303.0,498.7032,319.7210394757289,61.50968509725808,-20.717127798047244,97.85159999999999,0.06496681483574164,3.2466316159245032,True,True,IF-2,0.5669165365894682,0.41128514219360407,0.1556313943958641,False,False
development_2,two_day_positive_sustained_spike,2,CA_1,FOODS_1,2015-05-01,2,474.0,669.7031999999999,414.4350668799792,61.50968509725808,-20.717127798047244,97.85159999999999,1.3051938209588854,4.486858622047645,True,True,IF-2,0.626045263434614,0.47194632977887857,0.1540989336557354,True,False
development_2,two_day_positive_sustained_spike,4,CA_1,FOODS_1,2015-04-30,1,303.0,694.4064,319.7210394757289,61.50968509725808,-20.717127798047244,97.85159999999999,0.06496681483574164,6.428296417013264,True,True,IF-2,0.6584375808261284,0.41128514219360407,0.24715243863252429,True,True
development_2,two_day_positive_sustained_spike,4,CA_1,FOODS_1,2015-05-01,2,474.0,865.4064,414.4350668799792,61.50968509725808,-20.717127798047244,97.85159999999999,1.3051938209588854,7.668523423136408,True,True,IF-2,0.6936746972301325,0.47194632977887857,0.22172836745125396,True,True
development_2,two_day_negative_sustained_drop,2,CA_1,FOODS_1,2015-05-02,1,479.0,283.2968,499.4429858464023,61.50968509725808,-20.717127798047244,97.85159999999999,0.004456890832906969,-3.1772079102558544,True,True,IF-2,0.6278139164893128,0.4645891702399163,0.16322474624939654,True,False
development_2,two_day_negative_sustained_drop,2,CA_1,FOODS_1,2015-05-03,2,535.0,339.2968,457.16961672863306,61.50968509725808,-20.717127798047244,97.85159999999999,1.6021462459707365,-1.579518555118025,False,True,IF-2,0.5177265096009634,0.4622755304899757,0.05545097911098773,False,False
development_2,two_day_negative_sustained_drop,4,CA_1,FOODS_1,2015-05-02,1,479.0,87.59360000000004,499.4429858464023,61.50968509725808,-20.717127798047244,97.85159999999999,0.004456890832906969,-6.358872711344616,True,True,IF-2,0.6864066678683788,0.4645891702399163,0.22181749762846248,True,True
development_2,two_day_negative_sustained_drop,4,CA_1,FOODS_1,2015-05-03,2,535.0,143.59360000000004,457.16961672863306,61.50968509725808,-20.717127798047244,97.85159999999999,1.6021462459707365,-4.761183356206786,True,True,IF-2,0.654456862511027,0.4622755304899757,0.19218133202105125,True,True
development_2,three_day_positive_sustained_spike,2,CA_1,FOODS_1,2015-05-04,1,327.0,522.7031999999999,347.84859959093035,61.50968509725808,-20.717127798047244,97.85159999999999,-0.0021374161268298384,3.1795273849619305,True,True,IF-2,0.5860966467687981,0.4376508597457755,0.14844578702302264,True,False
development_2,three_day_positive_sustained_spike,2,CA_1,FOODS_1,2015-05-05,2,360.0,555.7031999999999,315.79637108224614,61.50968509725808,-20.717127798047244,97.85159999999999,1.0554558459070225,4.237120646995782,True,True,IF-2,0.6631970714707695,0.5335366610748139,0.12966041039595555,True,True
development_2,three_day_positive_sustained_spike,2,CA_1,FOODS_1,2015-05-06,3,372.0,567.7031999999999,335.1046428490061,61.50968509725808,-20.717127798047244,97.85159999999999,0.9366408697743331,4.118305670863093,True,True,IF-2,0.6222483234540687,0.4610932688433304,0.16115505461073826,True,False
development_2,three_day_positive_sustained_spike,4,CA_1,FOODS_1,2015-05-04,1,327.0,718.4064,347.84859959093035,61.50968509725808,-20.717127798047244,97.85159999999999,-0.0021374161268298384,6.361192186050694,True,True,IF-2,0.682688707114093,0.4376508597457755,0.24503784736831752,True,True
development_2,three_day_positive_sustained_spike,4,CA_1,FOODS_1,2015-05-05,2,360.0,751.4064,315.79637108224614,61.50968509725808,-20.717127798047244,97.85159999999999,1.0554558459070225,7.418785448084545,True,True,IF-2,0.7211546842935398,0.5335366610748139,0.1876180232187259,True,True
development_2,three_day_positive_sustained_spike,4,CA_1,FOODS_1,2015-05-06,3,372.0,763.4064,335.1046428490061,61.50968509725808,-20.717127798047244,97.85159999999999,0.9366408697743331,7.2999704719518554,True,True,IF-2,0.6891974951304161,0.4610932688433304,0.22810422628708565,True,True
development_2,three_day_negative_sustained_drop,2,CA_1,FOODS_1,2015-05-07,1,379.0,183.29680000000002,335.58201506080104,61.50968509725808,-20.717127798047244,97.85159999999999,1.0426831585275855,-2.138981642561176,False,True,IF-2,0.5700623037004413,0.44525680573935766,0.12480549796108364,False,False
development_2,three_day_negative_sustained_drop,2,CA_1,FOODS_1,2015-05-08,2,425.0,229.29680000000002,382.4485096966208,61.50968509725808,-20.717127798047244,97.85159999999999,1.0285960333138944,-2.153068767774867,False,True,IF-2,0.5595948623056429,0.45814104441067216,0.10145381789497077,False,False
development_2,three_day_negative_sustained_drop,2,CA_1,FOODS_1,2015-05-09,3,485.0,289.2968,468.94101954550183,61.50968509725808,-20.717127798047244,97.85159999999999,0.5978913433615478,-2.583773457727214,False,True,IF-2,0.6066720619053622,0.4576682149014619,0.14900384700390024,True,False
development_2,three_day_negative_sustained_drop,4,CA_1,FOODS_1,2015-05-07,1,379.0,0.0,335.58201506080104,61.50968509725808,-20.717127798047244,97.85159999999999,1.0426831585275855,-5.118948126053559,True,True,IF-2,0.6699292405259586,0.44525680573935766,0.22467243478660093,True,True
development_2,three_day_negative_sustained_drop,4,CA_1,FOODS_1,2015-05-08,2,425.0,33.59360000000004,382.4485096966208,61.50968509725808,-20.717127798047244,97.85159999999999,1.0285960333138944,-5.334733568863628,True,True,IF-2,0.6699532414596925,0.45814104441067216,0.21181219704902032,True,True
development_2,three_day_negative_sustained_drop,4,CA_1,FOODS_1,2015-05-09,3,485.0,93.59360000000004,468.94101954550183,61.50968509725808,-20.717127798047244,97.85159999999999,0.5978913433615478,-5.7654382588159745,True,True,IF-2,0.6786421740780575,0.4576682149014619,0.22097395917659557,True,True
development_2,one_day_positive_spike,2,CA_1,FOODS_2,2015-05-10,1,593.0,803.5292,510.7858478389492,45.4405792447987,-13.942145869448836,105.26459999999999,2.1160887389327465,6.749154679087942,True,True,IF-2,0.6864463126237396,0.5759830963092766,0.11046321631446299,True,True
development_2,one_day_positive_spike,4,CA_1,FOODS_2,2015-05-10,1,593.0,1014.0583999999999,510.7858478389492,45.4405792447987,-13.942145869448836,105.26459999999999,2.1160887389327465,11.382220619243137,True,True,IF-2,0.7356000583461804,0.5759830963092766,0.1596169620369038,True,True
development_2,one_day_negative_drop,2,CA_1,FOODS_2,2015-05-11,1,526.0,315.47080000000005,479.4952958896661,45.4405792447987,-13.942145869448836,105.26459999999999,1.3302394244171454,-3.30282651573805,True,True,IF-2,0.5899137670113188,0.4689502733040218,0.12096349370729703,True,False
development_2,one_day_negative_drop,4,CA_1,FOODS_2,2015-05-11,1,526.0,104.94160000000005,479.4952958896661,45.4405792447987,-13.942145869448836,105.26459999999999,1.3302394244171454,-7.935892455893247,True,True,IF-2,0.6639249465800396,0.4689502733040218,0.19497467327601786,True,True
development_2,two_day_positive_sustained_spike,2,CA_1,FOODS_2,2015-05-12,1,399.0,609.5292,419.8288871490719,45.4405792447987,-13.942145869448836,105.26459999999999,-0.15155487438931187,4.481511065765884,True,True,IF-2,0.5875511890519157,0.41001023667645164,0.17754095237546408,True,False
development_2,two_day_positive_sustained_spike,2,CA_1,FOODS_2,2015-05-13,2,410.0,620.5292,418.2607633835133,45.4405792447987,-13.942145869448836,105.26459999999999,0.12502883062578632,4.758094770780982,True,True,IF-2,0.593054244423558,0.43480671567077495,0.15824752875278308,True,False
development_2,two_day_positive_sustained_spike,4,CA_1,FOODS_2,2015-05-12,1,399.0,820.0583999999999,419.8288871490719,45.4405792447987,-13.942145869448836,105.26459999999999,-0.15155487438931187,9.11457700592108,True,True,IF-2,0.6716422039514987,0.41001023667645164,0.261631967275047,True,True
development_2,two_day_positive_sustained_spike,4,CA_1,FOODS_2,2015-05-13,2,410.0,831.0583999999999,418.2607633835133,45.4405792447987,-13.942145869448836,105.26459999999999,0.12502883062578632,9.391160710936177,True,True,IF-2,0.671687948345629,0.43480671567077495,0.236881232674854,True,True
development_2,two_day_negative_sustained_drop,2,CA_1,FOODS_2,2015-05-14,1,357.0,146.47080000000003,416.8759944699988,45.4405792447987,-13.942145869448836,105.26459999999999,-1.0108552611773265,-5.643921201332521,True,True,IF-2,0.6256466632782337,0.44726452747642925,0.17838213580180445,True,False
development_2,two_day_negative_sustained_drop,2,CA_1,FOODS_2,2015-05-15,2,453.0,242.47080000000003,455.3167332445829,45.4405792447987,-13.942145869448836,105.26459999999999,0.25583768556816266,-4.377228254587035,True,True,IF-2,0.5967141097415116,0.42177568300184104,0.17493842673967058,True,False
development_2,two_day_negative_sustained_drop,4,CA_1,FOODS_2,2015-05-14,1,357.0,0.0,416.8759944699988,45.4405792447987,-13.942145869448836,105.26459999999999,-1.0108552611773265,-8.867269196324589,True,True,IF-2,0.6699787151039543,0.44726452747642925,0.2227141876275251,True,True
development_2,two_day_negative_sustained_drop,4,CA_1,FOODS_2,2015-05-15,2,453.0,31.94160000000005,455.3167332445829,45.4405792447987,-13.942145869448836,105.26459999999999,0.25583768556816266,-9.010294194742231,True,True,IF-2,0.6744645777779801,0.42177568300184104,0.25268889477613904,True,True
development_2,three_day_positive_sustained_spike,2,CA_1,FOODS_2,2015-05-16,1,621.0,831.5292,587.0456515884936,45.4405792447987,-13.942145869448836,105.26459999999999,1.05404673701288,5.687112677168075,True,True,IF-2,0.5953639492694826,0.4369923436956557,0.15837160557382685,True,False
development_2,three_day_positive_sustained_spike,2,CA_1,FOODS_2,2015-05-17,2,595.0,805.5292,622.1564590217845,45.4405792447987,-13.942145869448836,105.26459999999999,-0.2908042408778979,4.342261699277298,True,True,IF-2,0.5740372152418058,0.42998822967083833,0.1440489855709675,False,False
development_2,three_day_positive_sustained_spike,2,CA_1,FOODS_2,2015-05-18,3,477.0,687.5292,465.3153580088832,45.4405792447987,-13.942145869448836,105.26459999999999,0.5639626141759398,5.197028554331135,True,True,IF-2,0.6283539773951672,0.4477597049519858,0.18059427244318138,True,False
development_2,three_day_positive_sustained_spike,4,CA_1,FOODS_2,2015-05-16,1,621.0,1042.0584,587.0456515884936,45.4405792447987,-13.942145869448836,105.26459999999999,1.05404673701288,10.320178617323272,True,True,IF-2,0.6723414509782025,0.4369923436956557,0.23534910728254682,True,True
development_2,three_day_positive_sustained_spike,4,CA_1,FOODS_2,2015-05-17,2,595.0,1016.0583999999999,622.1564590217845,45.4405792447987,-13.942145869448836,105.26459999999999,-0.2908042408778979,8.975327639432493,True,True,IF-2,0.6687968755179811,0.42998822967083833,0.23880864584714273,True,True
development_2,three_day_positive_sustained_spike,4,CA_1,FOODS_2,2015-05-18,3,477.0,898.0583999999999,465.3153580088832,45.4405792447987,-13.942145869448836,105.26459999999999,0.5639626141759398,9.830094494486332,True,True,IF-2,0.6906723589455942,0.4477597049519858,0.2429126539936084,True,True
development_2,three_day_negative_sustained_drop,2,CA_1,FOODS_2,2015-05-19,1,409.0,198.47080000000003,398.87080004693274,45.4405792447987,-13.942145869448836,105.26459999999999,0.5297323718704883,-4.103333568284708,True,True,IF-2,0.602777656509304,0.41353661236955785,0.18924104413974618,True,False
development_2,three_day_negative_sustained_drop,2,CA_1,FOODS_2,2015-05-20,2,338.0,127.47080000000003,397.3014336297675,45.4405792447987,-13.942145869448836,105.26459999999999,-0.9982110376709301,-5.6312769778261265,True,True,IF-2,0.6323414267158431,0.4650689971611646,0.16727242955467853,True,False
development_2,three_day_negative_sustained_drop,2,CA_1,FOODS_2,2015-05-21,3,378.0,167.47080000000003,395.916664716253,45.4405792447987,-13.942145869448836,105.26459999999999,-0.08746628922559621,-4.720532229380792,True,True,IF-2,0.6090886709282837,0.4133608672767606,0.1957278036515231,True,False
development_2,three_day_negative_sustained_drop,4,CA_1,FOODS_2,2015-05-19,1,409.0,0.0,398.87080004693274,45.4405792447987,-13.942145869448836,105.26459999999999,0.5297323718704883,-8.471033172878057,True,True,IF-2,0.6692256744591593,0.41353661236955785,0.2556890620896014,True,True
development_2,three_day_negative_sustained_drop,4,CA_1,FOODS_2,2015-05-20,2,338.0,0.0,397.3014336297675,45.4405792447987,-13.942145869448836,105.26459999999999,-0.9982110376709301,-8.436496500079263,True,True,IF-2,0.6682178330891626,0.4650689971611646,0.20314883592799798,True,True
development_2,three_day_negative_sustained_drop,4,CA_1,FOODS_2,2015-05-21,3,378.0,0.0,395.916664716253,45.4405792447987,-13.942145869448836,105.26459999999999,-0.08746628922559621,-8.406022220557993,True,True,IF-2,0.6665797883293147,0.4133608672767606,0.25321892105255417,True,True
development_2,one_day_positive_spike,2,CA_1,FOODS_3,2015-04-28,1,1706.0,2505.1214,1655.2480999601828,154.1242798603323,-167.18760428338533,399.5607,1.414050430734857,6.598966141122378,True,True,IF-2,0.7068320349736581,0.500510732352533,0.20632130262112514,True,True
development_2,one_day_positive_spike,4,CA_1,FOODS_3,2015-04-28,1,1706.0,3304.2428,1655.2480999601828,154.1242798603323,-167.18760428338533,399.5607,1.414050430734857,11.783881851509898,True,True,IF-2,0.7068320349736581,0.500510732352533,0.20632130262112514,True,True
development_2,one_day_negative_drop,2,CA_1,FOODS_3,2015-04-29,1,1699.0,899.8786,1650.6944437473985,154.1242798603323,-167.18760428338533,399.5607,1.398177890798694,-3.786737819588829,True,True,IF-2,0.6992891201301178,0.5188136655669205,0.18047545456319725,True,True
development_2,one_day_negative_drop,4,CA_1,FOODS_3,2015-04-29,1,1699.0,100.75720000000001,1650.6944437473985,154.1242798603323,-167.18760428338533,399.5607,1.398177890798694,-8.971653529976349,True,True,IF-2,0.6992891201301178,0.5188136655669205,0.18047545456319725,True,True
development_2,two_day_positive_sustained_spike,2,CA_1,FOODS_3,2015-04-30,1,1694.0,2493.1214,1650.1520724378456,154.1242798603323,-167.18760428338533,399.5607,1.3692555905972794,6.554171300984801,True,True,IF-2,0.7097479651311662,0.5101820567920307,0.19956590833913557,True,True
development_2,two_day_positive_sustained_spike,2,CA_1,FOODS_3,2015-05-01,2,2533.0,3332.1214,2339.7289828049456,154.1242798603323,-167.18760428338533,399.5607,2.3387529972895114,7.523668707677032,True,True,IF-2,0.7281891999865928,0.6085480628845306,0.11964113710206226,True,True
development_2,two_day_positive_sustained_spike,4,CA_1,FOODS_3,2015-04-30,1,1694.0,3292.2428,1650.1520724378456,154.1242798603323,-167.18760428338533,399.5607,1.3692555905972794,11.739087011372321,True,True,IF-2,0.7105944097177719,0.5101820567920307,0.20041235292574122,True,True
development_2,two_day_positive_sustained_spike,4,CA_1,FOODS_3,2015-05-01,2,2533.0,4131.2428,2339.7289828049456,154.1242798603323,-167.18760428338533,399.5607,2.3387529972895114,12.708584418064554,True,True,IF-2,0.7281891999865928,0.6085480628845306,0.11964113710206226,True,True
development_2,two_day_negative_sustained_drop,2,CA_1,FOODS_3,2015-05-02,1,2836.0,2036.8786,2950.6845236938307,154.1242798603323,-167.18760428338533,399.5607,0.34065418269680176,-4.844261527690719,True,True,IF-2,0.7332609757409683,0.5915912533057975,0.14166972243517073,True,True
development_2,two_day_negative_sustained_drop,2,CA_1,FOODS_3,2015-05-03,2,3146.0,2346.8786,3028.189698668962,154.1242798603323,-167.18760428338533,399.5607,1.8491434696252194,-3.3357722407623016,True,True,IF-2,0.7333621701168214,0.5911570200974529,0.1422051500193685,True,True
development_2,two_day_negative_sustained_drop,4,CA_1,FOODS_3,2015-05-02,1,2836.0,1237.7572,2950.6845236938307,154.1242798603323,-167.18760428338533,399.5607,0.34065418269680176,-10.02917723807824,True,True,IF-2,0.7332609757409683,0.5915912533057975,0.14166972243517073,True,True
development_2,two_day_negative_sustained_drop,4,CA_1,FOODS_3,2015-05-03,2,3146.0,1547.7572,3028.189698668962,154.1242798603323,-167.18760428338533,399.5607,1.8491434696252194,-8.520687951149823,True,True,IF-2,0.7333621701168214,0.5911570200974529,0.1422051500193685,True,True
development_2,three_day_positive_sustained_spike,2,CA_1,FOODS_3,2015-05-04,1,2205.0,3004.1214,2187.164556244872,154.1242798603323,-167.18760428338533,399.5607,1.2004795623777218,6.385395272765243,True,True,IF-2,0.7243315761789026,0.5386611112333406,0.18567046494556205,True,True
development_2,three_day_positive_sustained_spike,2,CA_1,FOODS_3,2015-05-05,2,2019.0,2818.1214,1855.775985798728,154.1242798603323,-167.18760428338533,399.5607,2.143799917729229,7.328715628116751,True,True,IF-2,0.7461246492118874,0.6477651365798757,0.0983595126320117,True,True
development_2,three_day_positive_sustained_spike,2,CA_1,FOODS_3,2015-05-06,3,1754.0,2553.1214,1982.9348331085023,154.1242798603323,-167.18760428338533,399.5607,-0.4006327158905309,4.784282994496992,True,True,IF-2,0.7232938725385499,0.6247262292707736,0.09856764326777634,True,True
development_2,three_day_positive_sustained_spike,4,CA_1,FOODS_3,2015-05-04,1,2205.0,3803.2428,2187.164556244872,154.1242798603323,-167.18760428338533,399.5607,1.2004795623777218,11.570310983152764,True,True,IF-2,0.724907353094282,0.5386611112333406,0.1862462418609414,True,True
development_2,three_day_positive_sustained_spike,4,CA_1,FOODS_3,2015-05-05,2,2019.0,3617.2428,1855.775985798728,154.1242798603323,-167.18760428338533,399.5607,2.143799917729229,12.513631338504272,True,True,IF-2,0.7461246492118874,0.6477651365798757,0.0983595126320117,True,True
development_2,three_day_positive_sustained_spike,4,CA_1,FOODS_3,2015-05-06,3,1754.0,3352.2428,1982.9348331085023,154.1242798603323,-167.18760428338533,399.5607,-0.4006327158905309,9.969198704884512,True,True,IF-2,0.727664438187698,0.6247262292707736,0.1029382089169244,True,True
development_2,three_day_negative_sustained_drop,2,CA_1,FOODS_3,2015-05-07,1,1947.0,1147.8786,1980.5686431695103,154.1242798603323,-167.18760428338533,399.5607,0.8669559477258256,-4.317959762661694,True,True,IF-2,0.720527642946798,0.533396119378377,0.187131523568421,True,True
development_2,three_day_negative_sustained_drop,2,CA_1,FOODS_3,2015-05-08,2,2311.0,1511.8786,2253.590910583828,154.1242798603323,-167.18760428338533,399.5607,1.457244075385702,-3.727671635001819,True,True,IF-2,0.7273015689495421,0.554696952059763,0.17260461688977913,True,True
development_2,three_day_negative_sustained_drop,2,CA_1,FOODS_3,2015-05-09,3,2950.0,2150.8786,2883.7807429148997,154.1242798603323,-167.18760428338533,399.5607,1.5144068253230398,-3.670508885064481,True,True,IF-2,0.7313698275420923,0.5745310260699176,0.15683880147217477,True,True
development_2,three_day_negative_sustained_drop,4,CA_1,FOODS_3,2015-05-07,1,1947.0,348.7572,1980.5686431695103,154.1242798603323,-167.18760428338533,399.5607,0.8669559477258256,-9.502875473049215,True,True,IF-2,0.720527642946798,0.533396119378377,0.187131523568421,True,True
development_2,three_day_negative_sustained_drop,4,CA_1,FOODS_3,2015-05-08,2,2311.0,712.7572,2253.590910583828,154.1242798603323,-167.18760428338533,399.5607,1.457244075385702,-8.91258734538934,True,True,IF-2,0.7273015689495421,0.554696952059763,0.17260461688977913,True,True
development_2,three_day_negative_sustained_drop,4,CA_1,FOODS_3,2015-05-09,3,2950.0,1351.7572,2883.7807429148997,154.1242798603323,-167.18760428338533,399.5607,1.5144068253230398,-8.855424595452002,True,True,IF-2,0.7313698275420923,0.5745310260699176,0.15683880147217477,True,True
development_2,one_day_positive_spike,2,CA_1,HOBBIES_1,2015-05-10,1,494.0,677.8424,470.3553709073003,81.10531141948404,20.554133150188306,91.9212,0.0381047293749611,2.3048169431922587,False,True,IF-2,0.6321341273470859,0.534197215179561,0.09793691216752487,True,False
development_2,one_day_positive_spike,4,CA_1,HOBBIES_1,2015-05-10,1,494.0,861.6848,470.3553709073003,81.10531141948404,20.554133150188306,91.9212,0.0381047293749611,4.5715291570095555,True,True,IF-2,0.7168435571491786,0.534197215179561,0.1826463419696176,True,True
development_2,one_day_negative_drop,2,CA_1,HOBBIES_1,2015-05-11,1,586.0,402.1576,451.8682377968983,81.10531141948404,20.554133150188306,91.9212,1.400372269893393,-0.8663399439239046,False,True,IF-2,0.45968245480274345,0.5182645072337368,-0.0585820524309934,False,False
development_2,one_day_negative_drop,4,CA_1,HOBBIES_1,2015-05-11,1,586.0,218.3152,451.8682377968983,81.10531141948404,20.554133150188306,91.9212,1.400372269893393,-3.133052157741202,True,True,IF-2,0.6222848002133633,0.5182645072337368,0.10402029297962645,True,False
development_2,two_day_positive_sustained_spike,2,CA_1,HOBBIES_1,2015-05-12,1,501.0,684.8424,411.7452018234643,81.10531141948404,20.554133150188306,91.9212,0.8470550673435099,3.1137672811608073,True,True,IF-2,0.6074091279905968,0.4547063597631704,0.15270276822742634,True,False
development_2,two_day_positive_sustained_spike,2,CA_1,HOBBIES_1,2015-05-13,2,487.0,670.8424,411.142585454373,81.10531141948404,20.554133150188306,91.9212,0.6818700332633596,2.948582247080657,False,True,IF-2,0.6023670681447757,0.4564197888319982,0.1459472793127775,True,False
development_2,two_day_positive_sustained_spike,4,CA_1,HOBBIES_1,2015-05-12,1,501.0,868.6848,411.7452018234643,81.10531141948404,20.554133150188306,91.9212,0.8470550673435099,5.380479494978105,True,True,IF-2,0.6800754655412518,0.4547063597631704,0.22536910577808134,True,True
development_2,two_day_positive_sustained_spike,4,CA_1,HOBBIES_1,2015-05-13,2,487.0,854.6848,411.142585454373,81.10531141948404,20.554133150188306,91.9212,0.6818700332633596,5.215294460897955,True,True,IF-2,0.6752659761678351,0.4564197888319982,0.21884618733583694,True,True
development_2,two_day_negative_sustained_drop,2,CA_1,HOBBIES_1,2015-05-14,1,348.0,164.1576,411.9615649088275,81.10531141948404,20.554133150188306,91.9212,-1.0420488693014558,-3.3087610831187533,True,True,IF-2,0.6161493290415689,0.4514323639717749,0.16471696506979405,True,False
development_2,two_day_negative_sustained_drop,2,CA_1,HOBBIES_1,2015-05-15,2,523.0,339.1576,470.1758022606791,81.10531141948404,20.554133150188306,91.9212,0.3978785609024897,-1.8688336529148077,False,True,IF-2,0.5142362518139149,0.4252973188811558,0.08893893293275906,False,False
development_2,two_day_negative_sustained_drop,4,CA_1,HOBBIES_1,2015-05-14,1,348.0,0.0,411.9615649088275,81.10531141948404,20.554133150188306,91.9212,-1.0420488693014558,-5.332766627601062,True,True,IF-2,0.6689148410049311,0.4514323639717749,0.21748247703315626,True,True
development_2,two_day_negative_sustained_drop,4,CA_1,HOBBIES_1,2015-05-15,2,523.0,155.3152,470.1758022606791,81.10531141948404,20.554133150188306,91.9212,0.3978785609024897,-4.135545866732105,True,True,IF-2,0.6392484982742467,0.4252973188811558,0.21395117939309088,True,True
development_2,three_day_positive_sustained_spike,2,CA_1,HOBBIES_1,2015-05-16,1,621.0,804.8424,584.4721879533458,81.10531141948404,20.554133150188306,91.9212,0.19694984973115431,2.4636620635484516,False,True,IF-2,0.5420069305974555,0.4278953561198729,0.11411157447758263,False,False
development_2,three_day_positive_sustained_spike,2,CA_1,HOBBIES_1,2015-05-17,2,524.0,707.8424,568.9726556946351,81.10531141948404,20.554133150188306,91.9212,-0.8079222889104382,1.4587899249068592,False,True,IF-2,0.49106354300367805,0.44049078491048166,0.05057275809319639,False,False
development_2,three_day_positive_sustained_spike,2,CA_1,HOBBIES_1,2015-05-18,3,436.0,619.8424,446.6836702839059,81.10531141948404,20.554133150188306,91.9212,-0.3851511434624723,1.8815610703548251,False,True,IF-2,0.5505254798591176,0.43879267785568354,0.11173280200343405,False,False
development_2,three_day_positive_sustained_spike,4,CA_1,HOBBIES_1,2015-05-16,1,621.0,988.6848,584.4721879533458,81.10531141948404,20.554133150188306,91.9212,0.19694984973115431,4.730374277365749,True,True,IF-2,0.6544338397572319,0.4278953561198729,0.226538483637359,True,True
development_2,three_day_positive_sustained_spike,4,CA_1,HOBBIES_1,2015-05-17,2,524.0,891.6848,568.9726556946351,81.10531141948404,20.554133150188306,91.9212,-0.8079222889104382,3.7255021387241567,True,True,IF-2,0.6277448934172678,0.44049078491048166,0.18725410850678614,True,False
development_2,three_day_positive_sustained_spike,4,CA_1,HOBBIES_1,2015-05-18,3,436.0,803.6848,446.6836702839059,81.10531141948404,20.554133150188306,91.9212,-0.3851511434624723,4.148273284172123,True,True,IF-2,0.6688799627745954,0.43879267785568354,0.23008728491891184,True,True
development_2,three_day_negative_sustained_drop,2,CA_1,HOBBIES_1,2015-05-19,1,467.0,283.1576,405.3500887857238,81.10531141948404,20.554133150188306,91.9212,0.5066965078468996,-1.7600157059703971,False,True,IF-2,0.5243979088363835,0.4298961637370774,0.09450174509930609,False,False
development_2,three_day_negative_sustained_drop,2,CA_1,HOBBIES_1,2015-05-20,2,522.0,338.1576,405.9469084619332,81.10531141948404,20.554133150188306,91.9212,1.1774686110746704,-1.089243602742627,False,True,IF-2,0.4689987630821536,0.48689101355334957,-0.01789225047119597,False,False
development_2,three_day_negative_sustained_drop,2,CA_1,HOBBIES_1,2015-05-21,3,408.0,224.1576,406.7658879163877,81.10531141948404,20.554133150188306,91.9212,-0.23820907322149507,-2.5049212870387922,False,True,IF-2,0.57831369695911,0.419110176907076,0.15920352005203392,False,False
development_2,three_day_negative_sustained_drop,4,CA_1,HOBBIES_1,2015-05-19,1,467.0,99.3152,405.3500887857238,81.10531141948404,20.554133150188306,91.9212,0.5066965078468996,-4.026727919787694,True,True,IF-2,0.6472574912268174,0.4298961637370774,0.21736132748974002,True,True
development_2,three_day_negative_sustained_drop,4,CA_1,HOBBIES_1,2015-05-20,2,522.0,154.3152,405.9469084619332,81.10531141948404,20.554133150188306,91.9212,1.1774686110746704,-3.3559558165599244,True,True,IF-2,0.6257665631221571,0.48689101355334957,0.1388755495688075,True,False
development_2,three_day_negative_sustained_drop,4,CA_1,HOBBIES_1,2015-05-21,3,408.0,40.315200000000004,406.7658879163877,81.10531141948404,20.554133150188306,91.9212,-0.23820907322149507,-4.7716335008560895,True,True,IF-2,0.655196632690246,0.419110176907076,0.23608645578316995,True,True
development_2,one_day_positive_spike,2,CA_1,HOBBIES_2,2015-04-28,1,35.0,52.7912,46.294528379424776,10.83498747825522,-9.047656642867008,8.8956,-0.20737188123816702,1.4346420145513052,False,True,IF-2,0.4375454802706524,0.41349941927294864,0.024046060997703733,False,False
development_2,one_day_positive_spike,4,CA_1,HOBBIES_2,2015-04-28,1,35.0,70.5824,46.294528379424776,10.83498747825522,-9.047656642867008,8.8956,-0.20737188123816702,3.0766559103407776,True,True,IF-2,0.49346330411339345,0.41349941927294864,0.07996388484044481,False,False
development_2,one_day_negative_drop,2,CA_1,HOBBIES_2,2015-04-29,1,36.0,18.2088,46.294528379424776,10.83498747825522,-9.047656642867008,8.8956,-0.1150782812679867,-1.7570921770574586,False,True,IF-2,0.4789766725600934,0.43531135530343923,0.04366531725665418,False,False
development_2,one_day_negative_drop,4,CA_1,HOBBIES_2,2015-04-29,1,36.0,0.4176000000000002,46.294528379424776,10.83498747825522,-9.047656642867008,8.8956,-0.1150782812679867,-3.399106072846931,True,True,IF-2,0.5241049356394618,0.43531135530343923,0.08879358033602258,False,False
development_2,two_day_positive_sustained_spike,2,CA_1,HOBBIES_2,2015-04-30,1,24.0,41.7912,49.93502200364069,10.83498747825522,-9.047656642867008,8.8956,-1.558595743157526,0.08341815263194635,False,True,IF-2,0.41681987105185814,0.45829568702025236,-0.041475815968394225,False,False
development_2,two_day_positive_sustained_spike,2,CA_1,HOBBIES_2,2015-05-01,2,46.0,63.7912,57.352449760492874,10.83498747825522,-9.047656642867008,8.8956,-0.21271765401218645,1.4292962417772856,False,True,IF-2,0.4765518671488649,0.44718933786009424,0.029362529288770645,False,False
development_2,two_day_positive_sustained_spike,4,CA_1,HOBBIES_2,2015-04-30,1,24.0,59.5824,49.93502200364069,10.83498747825522,-9.047656642867008,8.8956,-1.558595743157526,1.7254320484214178,False,True,IF-2,0.4618004944030858,0.45829568702025236,0.0035048073828334303,False,False
development_2,two_day_positive_sustained_spike,4,CA_1,HOBBIES_2,2015-05-01,2,46.0,81.5824,57.352449760492874,10.83498747825522,-9.047656642867008,8.8956,-0.21271765401218645,3.0713101375667584,True,True,IF-2,0.5233264632418188,0.44718933786009424,0.07613712538172451,False,False
development_2,two_day_negative_sustained_drop,2,CA_1,HOBBIES_2,2015-05-02,1,51.0,33.2088,60.817800546458166,10.83498747825522,-9.047656642867008,8.8956,-0.07107935335751547,-1.7130932491469877,False,True,IF-2,0.5031197812172596,0.4635513246461816,0.03956845657107805,False,False
development_2,two_day_negative_sustained_drop,2,CA_1,HOBBIES_2,2015-05-03,2,45.0,27.2088,58.53208048121216,10.83498747825522,-9.047656642867008,8.8956,-0.41388361983296823,-2.05589751562244,False,True,IF-2,0.48928356788551675,0.43819757715534113,0.05108599073017561,False,False
development_2,two_day_negative_sustained_drop,4,CA_1,HOBBIES_2,2015-05-02,1,51.0,15.4176,60.817800546458166,10.83498747825522,-9.047656642867008,8.8956,-0.07107935335751547,-3.355107144936459,True,True,IF-2,0.5424584392108819,0.4635513246461816,0.07890711456470029,False,False
development_2,two_day_negative_sustained_drop,4,CA_1,HOBBIES_2,2015-05-03,2,45.0,9.4176,58.53208048121216,10.83498747825522,-9.047656642867008,8.8956,-0.41388361983296823,-3.6979114114119125,True,True,IF-2,0.52078686781796,0.43819757715534113,0.08258929066261889,False,False
development_2,three_day_positive_sustained_spike,2,CA_1,HOBBIES_2,2015-05-04,1,50.0,67.7912,47.84244340497504,10.83498747825522,-9.047656642867008,8.8956,1.0341694681585705,2.676183363948042,False,True,IF-2,0.524750652775044,0.4698238352498517,0.05492681752519224,False,False
development_2,three_day_positive_sustained_spike,2,CA_1,HOBBIES_2,2015-05-05,2,55.0,72.7912,45.05812141425683,10.83498747825522,-9.047656642867008,8.8956,1.7526125680089941,3.3946264637984664,True,True,IF-2,0.5967921285774763,0.5633488320947188,0.03344329648275757,True,False
development_2,three_day_positive_sustained_spike,2,CA_1,HOBBIES_2,2015-05-06,3,51.0,68.7912,47.371393366480646,10.83498747825522,-9.047656642867008,8.8956,1.16993797194749,2.8119518677369624,False,True,IF-2,0.5327577351395945,0.480505494851573,0.052252240288021445,False,False
development_2,three_day_positive_sustained_spike,4,CA_1,HOBBIES_2,2015-05-04,1,50.0,85.5824,47.84244340497504,10.83498747825522,-9.047656642867008,8.8956,1.0341694681585705,4.318197259737515,True,True,IF-2,0.5647315420627352,0.4698238352498517,0.09490770681288352,False,False
development_2,three_day_positive_sustained_spike,4,CA_1,HOBBIES_2,2015-05-05,2,55.0,90.5824,45.05812141425683,10.83498747825522,-9.047656642867008,8.8956,1.7526125680089941,5.036640359587939,True,True,IF-2,0.6101866487565574,0.5633488320947188,0.046837816661838616,True,False
development_2,three_day_positive_sustained_spike,4,CA_1,HOBBIES_2,2015-05-06,3,51.0,86.5824,47.371393366480646,10.83498747825522,-9.047656642867008,8.8956,1.16993797194749,4.453965763526435,True,True,IF-2,0.5564563384668361,0.480505494851573,0.07595084361526305,False,False
development_2,three_day_negative_sustained_drop,2,CA_1,HOBBIES_2,2015-05-07,1,55.0,37.2088,47.47236621686538,10.83498747825522,-9.047656642867008,8.8956,1.5297932239669536,-0.11222067182251862,False,True,IF-2,0.4476519379515823,0.4751134647753273,-0.027461526823744975,False,False
development_2,three_day_negative_sustained_drop,2,CA_1,HOBBIES_2,2015-05-08,2,49.0,31.2088,55.05813839195747,10.83498747825522,-9.047656642867008,8.8956,0.27591340155299793,-1.3661004942364738,False,True,IF-2,0.47051106684306604,0.45140133595841814,0.019109730884647902,False,False
development_2,three_day_negative_sustained_drop,2,CA_1,HOBBIES_2,2015-05-09,3,60.0,42.2088,61.73180335854118,10.83498747825522,-9.047656642867008,8.8956,0.6752064364640978,-0.9668074593253744,False,True,IF-2,0.4786892210307256,0.4690823803585943,0.0096068406721313,False,False
development_2,three_day_negative_sustained_drop,4,CA_1,HOBBIES_2,2015-05-07,1,55.0,19.4176,47.47236621686538,10.83498747825522,-9.047656642867008,8.8956,1.5297932239669536,-1.7542345676119901,False,True,IF-2,0.4893242039026474,0.4751134647753273,0.014210739127320127,False,False
development_2,three_day_negative_sustained_drop,4,CA_1,HOBBIES_2,2015-05-08,2,49.0,13.4176,55.05813839195747,10.83498747825522,-9.047656642867008,8.8956,0.27591340155299793,-3.008114390025946,True,True,IF-2,0.5241971177903483,0.45140133595841814,0.07279578183193014,False,False
development_2,three_day_negative_sustained_drop,4,CA_1,HOBBIES_2,2015-05-09,3,60.0,24.4176,61.73180335854118,10.83498747825522,-9.047656642867008,8.8956,0.6752064364640978,-2.608821355114846,False,True,IF-2,0.5282700060456207,0.4690823803585943,0.0591876256870264,False,False
development_2,one_day_positive_spike,2,CA_1,HOUSEHOLD_1,2015-05-10,1,757.0,1081.6894,695.3166951147323,89.50719752401402,23.239631355876327,162.3447,0.42950371135323817,4.057026513783608,True,True,IF-2,0.715492846503491,0.5532381525480721,0.16225469395541892,True,True
development_2,one_day_positive_spike,4,CA_1,HOUSEHOLD_1,2015-05-10,1,757.0,1406.3788,695.3166951147323,89.50719752401402,23.239631355876327,162.3447,0.42950371135323817,7.684549316213977,True,True,IF-2,0.7405429334115059,0.5532381525480721,0.18730478086343383,True,True
development_2,one_day_negative_drop,2,CA_1,HOUSEHOLD_1,2015-05-11,1,655.0,330.3106,670.5254769451439,89.50719752401402,23.239631355876327,162.3447,-0.4330948725170379,-4.060617674947408,True,True,IF-2,0.6576886277450064,0.45190504445332264,0.20578358329168372,True,True
development_2,one_day_negative_drop,4,CA_1,HOUSEHOLD_1,2015-05-11,1,655.0,5.621200000000044,670.5254769451439,89.50719752401402,23.239631355876327,162.3447,-0.4330948725170379,-7.688140477377777,True,True,IF-2,0.6951780639908818,0.45190504445332264,0.24327301953755914,True,True
development_2,two_day_positive_sustained_spike,2,CA_1,HOUSEHOLD_1,2015-05-12,1,649.0,973.6894,595.4944578847703,89.50719752401402,23.239631355876327,162.3447,0.3381394077412966,3.9656622101716663,True,True,IF-2,0.6607622978429678,0.431869758467485,0.22889253937548282,True,True
development_2,two_day_positive_sustained_spike,2,CA_1,HOUSEHOLD_1,2015-05-13,2,616.0,940.6894,591.7314323431104,89.50719752401402,23.239631355876327,162.3447,0.011495570518082383,3.639018372948452,True,True,IF-2,0.640498115087248,0.43962060919093043,0.20087750589631753,True,True
development_2,two_day_positive_sustained_spike,4,CA_1,HOUSEHOLD_1,2015-05-12,1,649.0,1298.3788,595.4944578847703,89.50719752401402,23.239631355876327,162.3447,0.3381394077412966,7.593185012602036,True,True,IF-2,0.6978718288788464,0.431869758467485,0.26600207041136137,True,True
development_2,two_day_positive_sustained_spike,4,CA_1,HOUSEHOLD_1,2015-05-13,2,616.0,1265.3788,591.7314323431104,89.50719752401402,23.239631355876327,162.3447,0.011495570518082383,7.266541175378822,True,True,IF-2,0.6957964526858157,0.43962060919093043,0.25617584349488526,True,True
development_2,two_day_negative_sustained_drop,2,CA_1,HOUSEHOLD_1,2015-05-14,1,537.0,212.31060000000002,589.5660048092961,89.50719752401402,23.239631355876327,162.3447,-0.8469222393521423,-4.474445041782512,True,True,IF-2,0.6657034476092716,0.443884522335143,0.2218189252741286,True,True
development_2,two_day_negative_sustained_drop,2,CA_1,HOUSEHOLD_1,2015-05-15,2,670.0,345.3106,697.3895948523066,89.50719752401402,23.239631355876327,162.3447,-0.5656441896150252,-4.193166992045395,True,True,IF-2,0.6496950460304654,0.42540699342115684,0.2242880526093085,True,True
development_2,two_day_negative_sustained_drop,4,CA_1,HOUSEHOLD_1,2015-05-14,1,537.0,0.0,589.5660048092961,89.50719752401402,23.239631355876327,162.3447,-0.8469222393521423,-6.84643976257621,True,True,IF-2,0.6889228990202032,0.443884522335143,0.24503837668506023,True,True
development_2,two_day_negative_sustained_drop,4,CA_1,HOUSEHOLD_1,2015-05-15,2,670.0,20.621200000000044,697.3895948523066,89.50719752401402,23.239631355876327,162.3447,-0.5656441896150252,-7.820689794475765,True,True,IF-2,0.6989507174814732,0.42540699342115684,0.27354372406031635,True,True
development_2,three_day_positive_sustained_spike,2,CA_1,HOUSEHOLD_1,2015-05-16,1,950.0,1274.6894,880.509419054725,89.50719752401402,23.239631355876327,162.3447,0.5167288315220682,4.144251633952438,True,True,IF-2,0.6545187241006137,0.4480220417580616,0.20649668234255214,True,True
development_2,three_day_positive_sustained_spike,2,CA_1,HOUSEHOLD_1,2015-05-17,2,974.0,1298.6894,919.00550059002,89.50719752401402,23.239631355876327,162.3447,0.3547744643170635,3.982297266747433,True,True,IF-2,0.6596949808345518,0.4526076157780493,0.2070873650565025,True,True
development_2,three_day_positive_sustained_spike,2,CA_1,HOUSEHOLD_1,2015-05-18,3,779.0,1103.6894,663.5719355531514,89.50719752401402,23.239631355876327,162.3447,1.0299555302939618,4.657478332724332,True,True,IF-2,0.6899341450228085,0.5074767937660949,0.18245735125671358,True,True
development_2,three_day_positive_sustained_spike,4,CA_1,HOUSEHOLD_1,2015-05-16,1,950.0,1599.3788,880.509419054725,89.50719752401402,23.239631355876327,162.3447,0.5167288315220682,7.771774436382808,True,True,IF-2,0.6927756755115541,0.4480220417580616,0.24475363375349246,True,True
development_2,three_day_positive_sustained_spike,4,CA_1,HOUSEHOLD_1,2015-05-17,2,974.0,1623.3788,919.00550059002,89.50719752401402,23.239631355876327,162.3447,0.3547744643170635,7.609820069177803,True,True,IF-2,0.6987676335118359,0.4526076157780493,0.2461600177337866,True,True
development_2,three_day_positive_sustained_spike,4,CA_1,HOUSEHOLD_1,2015-05-18,3,779.0,1428.3788,663.5719355531514,89.50719752401402,23.239631355876327,162.3447,1.0299555302939618,8.285001135154701,True,True,IF-2,0.7102438544401491,0.5074767937660949,0.20276706067405426,True,True
development_2,three_day_negative_sustained_drop,2,CA_1,HOUSEHOLD_1,2015-05-19,1,564.0,239.31060000000002,588.5409164927779,89.50719752401402,23.239631355876327,162.3447,-0.5338179405721548,-4.161340743002524,True,True,IF-2,0.6569102434574671,0.42193228922634274,0.23497795423112433,True,True
development_2,three_day_negative_sustained_drop,2,CA_1,HOUSEHOLD_1,2015-05-20,2,609.0,284.3106,585.3805073202093,89.50719752401402,23.239631355876327,162.3447,0.004243919309533401,-3.6232788831208365,True,True,IF-2,0.6451104308138855,0.43964404428352394,0.2054663865303616,True,True
development_2,three_day_negative_sustained_drop,2,CA_1,HOUSEHOLD_1,2015-05-21,3,583.0,258.3106,583.215079786395,89.50719752401402,23.239631355876327,162.3447,-0.26204273836166775,-3.8895655407920375,True,True,IF-2,0.6479665759069069,0.4270352762881728,0.2209312996187341,True,True
development_2,three_day_negative_sustained_drop,4,CA_1,HOUSEHOLD_1,2015-05-19,1,564.0,0.0,588.5409164927779,89.50719752401402,23.239631355876327,162.3447,-0.5338179405721548,-6.834987182841008,True,True,IF-2,0.6851718339031175,0.42193228922634274,0.2632395446767748,True,True
development_2,three_day_negative_sustained_drop,4,CA_1,HOUSEHOLD_1,2015-05-20,2,609.0,0.0,585.3805073202093,89.50719752401402,23.239631355876327,162.3447,0.004243919309533401,-6.799678188033963,True,True,IF-2,0.6855901926351051,0.43964404428352394,0.24594614835158118,True,True
development_2,three_day_negative_sustained_drop,4,CA_1,HOUSEHOLD_1,2015-05-21,3,583.0,0.0,583.215079786395,89.50719752401402,23.239631355876327,162.3447,-0.26204273836166775,-6.775485412550926,True,True,IF-2,0.6887860594284886,0.4270352762881728,0.2617507831403158,True,True
development_2,one_day_positive_spike,2,CA_1,HOUSEHOLD_2,2015-04-28,1,221.0,295.13,198.13988295907643,31.521097558322186,21.430435968650087,37.065,0.045356322686042325,2.3971145336062145,False,True,IF-2,0.5104106015370738,0.40462690915065486,0.10578369238641899,False,False
development_2,one_day_positive_spike,4,CA_1,HOUSEHOLD_2,2015-04-28,1,221.0,369.26,198.13988295907643,31.521097558322186,21.430435968650087,37.065,0.045356322686042325,4.748872744526387,True,True,IF-2,0.5858654400874573,0.40462690915065486,0.18123853093680248,True,False
development_2,one_day_negative_drop,2,CA_1,HOUSEHOLD_2,2015-04-29,1,165.0,90.87,198.13988295907643,31.521097558322186,21.430435968650087,37.065,-1.7312315609174873,-4.08298977183766,True,True,IF-2,0.5452017909878913,0.4720037414414985,0.07319804954639286,False,False
development_2,one_day_negative_drop,4,CA_1,HOUSEHOLD_2,2015-04-29,1,165.0,16.74000000000001,198.13988295907643,31.521097558322186,21.430435968650087,37.065,-1.7312315609174873,-6.434747982757832,True,True,IF-2,0.5938005895836539,0.4720037414414985,0.12179684814215541,True,False
development_2,two_day_positive_sustained_spike,2,CA_1,HOUSEHOLD_2,2015-04-30,1,182.0,256.13,203.79024328656365,31.521097558322186,21.430435968650087,37.065,-1.3711666979629848,0.9805915129571874,False,True,IF-2,0.43724551145745905,0.43751155250082674,-0.00026604104336769296,False,False
development_2,two_day_positive_sustained_spike,2,CA_1,HOUSEHOLD_2,2015-05-01,2,238.0,312.13,261.7339730704504,31.521097558322186,21.430435968650087,37.065,-1.4328311048032087,0.9189271061169635,False,True,IF-2,0.4563307258600843,0.46340059576328074,-0.0070698699031964685,False,False
development_2,two_day_positive_sustained_spike,4,CA_1,HOUSEHOLD_2,2015-04-30,1,182.0,330.26,203.79024328656365,31.521097558322186,21.430435968650087,37.065,-1.3711666979629848,3.3323497238773596,True,True,IF-2,0.5411188617897377,0.43751155250082674,0.10360730928891093,False,False
development_2,two_day_positive_sustained_spike,4,CA_1,HOUSEHOLD_2,2015-05-01,2,238.0,386.26,261.7339730704504,31.521097558322186,21.430435968650087,37.065,-1.4328311048032087,3.270685317037136,True,True,IF-2,0.5497486164646044,0.46340059576328074,0.08634802070132364,False,False
development_2,two_day_negative_sustained_drop,2,CA_1,HOUSEHOLD_2,2015-05-02,1,290.0,215.87,302.411215626781,31.521097558322186,21.430435968650087,37.065,-1.0736190747424086,-3.425377285662581,True,True,IF-2,0.5565147291276771,0.4761677665312878,0.08034696259638929,False,False
development_2,two_day_negative_sustained_drop,2,CA_1,HOUSEHOLD_2,2015-05-03,2,359.0,284.87,304.8064718385462,31.521097558322186,21.430435968650087,37.065,1.0394020110557227,-1.3123561998644495,False,True,IF-2,0.4508871574602798,0.4407516366125126,0.010135520847767199,False,False
development_2,two_day_negative_sustained_drop,4,CA_1,HOUSEHOLD_2,2015-05-02,1,290.0,141.74,302.411215626781,31.521097558322186,21.430435968650087,37.065,-1.0736190747424086,-5.777135496582754,True,True,IF-2,0.599532438264974,0.4761677665312878,0.12336467173368626,True,False
development_2,two_day_negative_sustained_drop,4,CA_1,HOUSEHOLD_2,2015-05-03,2,359.0,210.74,304.8064718385462,31.521097558322186,21.430435968650087,37.065,1.0394020110557227,-3.664114410784622,True,True,IF-2,0.5366768781774919,0.4407516366125126,0.09592524156497928,False,False
development_2,three_day_positive_sustained_spike,2,CA_1,HOUSEHOLD_2,2015-05-04,1,212.0,286.13,204.92339430993923,31.521097558322186,21.430435968650087,37.065,-0.45537215993291613,1.896386050987257,False,True,IF-2,0.5117579679951003,0.4396584482107078,0.0720995197843925,False,False
development_2,three_day_positive_sustained_spike,2,CA_1,HOUSEHOLD_2,2015-05-05,2,194.0,268.13,197.13615565076103,31.521097558322186,21.430435968650087,37.065,-0.7793698037943179,1.5723884071258545,False,True,IF-2,0.5604046270289149,0.5361395767322339,0.024265050296681023,False,False
development_2,three_day_positive_sustained_spike,2,CA_1,HOUSEHOLD_2,2015-05-06,3,198.0,272.13,200.39002732866996,31.521097558322186,21.430435968650087,37.065,-0.7556990442114532,1.5960591667087192,False,True,IF-2,0.4952926097176334,0.4704228835588247,0.02486972615880867,False,False
development_2,three_day_positive_sustained_spike,4,CA_1,HOUSEHOLD_2,2015-05-04,1,212.0,360.26,204.92339430993923,31.521097558322186,21.430435968650087,37.065,-0.45537215993291613,4.248144261907429,True,True,IF-2,0.5962407767771257,0.4396584482107078,0.1565823285664179,True,False
development_2,three_day_positive_sustained_spike,4,CA_1,HOUSEHOLD_2,2015-05-05,2,194.0,342.26,197.13615565076103,31.521097558322186,21.430435968650087,37.065,-0.7793698037943179,3.9241466180460267,True,True,IF-2,0.6323583928232751,0.5361395767322339,0.09621881609104121,True,False
development_2,three_day_positive_sustained_spike,4,CA_1,HOUSEHOLD_2,2015-05-06,3,198.0,346.26,200.39002732866996,31.521097558322186,21.430435968650087,37.065,-0.7556990442114532,3.9478173776288914,True,True,IF-2,0.5793893890532823,0.4704228835588247,0.10896650549445758,False,False
development_2,three_day_negative_sustained_drop,2,CA_1,HOUSEHOLD_2,2015-05-07,1,190.0,115.87,202.500866882326,31.521097558322186,21.430435968650087,37.065,-1.0764632414272501,-3.4282214523474224,True,True,IF-2,0.5431292566567223,0.4558643297693654,0.08726492688735688,False,False
development_2,three_day_negative_sustained_drop,2,CA_1,HOUSEHOLD_2,2015-05-08,2,243.0,168.87,248.0385750095059,31.521097558322186,21.430435968650087,37.065,-0.8397236463350134,-3.1914818572551855,True,True,IF-2,0.5273230572803848,0.4500377996147058,0.07728525766567895,False,False
development_2,three_day_negative_sustained_drop,2,CA_1,HOUSEHOLD_2,2015-05-09,3,287.0,212.87,291.11546790564574,31.521097558322186,21.430435968650087,37.065,-0.8104382731924007,-3.162196484112573,True,True,IF-2,0.5478248644966274,0.4711417895646477,0.07668307493197968,False,False
development_2,three_day_negative_sustained_drop,4,CA_1,HOUSEHOLD_2,2015-05-07,1,190.0,41.74000000000001,202.500866882326,31.521097558322186,21.430435968650087,37.065,-1.0764632414272501,-5.779979663267595,True,True,IF-2,0.5914983875074543,0.4558643297693654,0.1356340577380889,True,False
development_2,three_day_negative_sustained_drop,4,CA_1,HOUSEHOLD_2,2015-05-08,2,243.0,94.74000000000001,248.0385750095059,31.521097558322186,21.430435968650087,37.065,-0.8397236463350134,-5.543240068175359,True,True,IF-2,0.5803136995934761,0.4500377996147058,0.13027589997877032,False,False
development_2,three_day_negative_sustained_drop,4,CA_1,HOUSEHOLD_2,2015-05-09,3,287.0,138.74,291.11546790564574,31.521097558322186,21.430435968650087,37.065,-0.8104382731924007,-5.513954695032746,True,True,IF-2,0.5940888081761467,0.4711417895646477,0.12294701861149904,True,False
development_2,one_day_positive_spike,2,CA_2,FOODS_1,2015-05-10,1,267.0,398.95140000000004,284.592118927264,58.166015615257926,-30.39576318826235,65.9757,0.22012242244146007,2.4886532579176133,False,True,IF-2,0.6029349548157413,0.5313396131714332,0.07159534164430814,True,False
development_2,one_day_positive_spike,4,CA_2,FOODS_1,2015-05-10,1,267.0,530.9028000000001,284.592118927264,58.166015615257926,-30.39576318826235,65.9757,0.22012242244146007,4.757184093393766,True,True,IF-2,0.6762831795351132,0.5313396131714332,0.14494356636368,True,True
development_2,one_day_negative_drop,2,CA_2,FOODS_1,2015-05-11,1,285.0,153.0486,247.14596825389305,58.166015615257926,-30.39576318826235,65.9757,1.1733620433245944,-1.0951687921515583,False,True,IF-2,0.4947473466713181,0.45675955971261195,0.03798778695870614,False,False
development_2,one_day_negative_drop,4,CA_2,FOODS_1,2015-05-11,1,285.0,21.097199999999987,247.14596825389305,58.166015615257926,-30.39576318826235,65.9757,1.1733620433245944,-3.363699627627711,True,True,IF-2,0.6191483180315208,0.45675955971261195,0.16238875831890887,True,False
development_2,two_day_positive_sustained_spike,2,CA_2,FOODS_1,2015-05-12,1,158.0,289.95140000000004,247.7104345975558,58.166015615257926,-30.39576318826235,65.9757,-1.019747885116171,1.248782950359982,False,True,IF-2,0.4274398583513801,0.47230555327141066,-0.04486569492003056,False,False
development_2,two_day_positive_sustained_spike,2,CA_2,FOODS_1,2015-05-13,2,207.0,338.95140000000004,247.7104345975558,58.166015615257926,-30.39576318826235,65.9757,-0.17733157927681298,2.09119925619934,False,True,IF-2,0.4948432129453706,0.4347731775671743,0.060070035378196274,False,False
development_2,two_day_positive_sustained_spike,4,CA_2,FOODS_1,2015-05-12,1,158.0,421.9028,247.7104345975558,58.166015615257926,-30.39576318826235,65.9757,-1.019747885116171,3.517313785836134,True,True,IF-2,0.5703201355958021,0.47230555327141066,0.09801458232439142,False,False
development_2,two_day_positive_sustained_spike,4,CA_2,FOODS_1,2015-05-13,2,207.0,470.9028,247.7104345975558,58.166015615257926,-30.39576318826235,65.9757,-0.17733157927681298,4.359730091675492,True,True,IF-2,0.6048569207779483,0.4347731775671743,0.17008374321077396,True,False
development_2,two_day_negative_sustained_drop,2,CA_2,FOODS_1,2015-05-14,1,221.0,89.0486,248.7171369290249,58.166015615257926,-30.39576318826235,65.9757,0.04605139669451316,-2.2224794387816402,False,True,IF-2,0.5541909004845632,0.41132449812196464,0.14286640236259857,False,False
development_2,two_day_negative_sustained_drop,2,CA_2,FOODS_1,2015-05-15,2,392.0,260.04859999999996,291.19156544870634,58.166015615257926,-30.39576318826235,65.9757,2.2556848075586413,-0.012846027917511736,False,True,IF-2,0.4129880282875233,0.48875403549628665,-0.07576600720876336,False,False
development_2,two_day_negative_sustained_drop,4,CA_2,FOODS_1,2015-05-14,1,221.0,0.0,248.7171369290249,58.166015615257926,-30.39576318826235,65.9757,0.04605139669451316,-3.7534180643360617,True,True,IF-2,0.6180438020346932,0.41132449812196464,0.20671930391272858,True,False
development_2,two_day_negative_sustained_drop,4,CA_2,FOODS_1,2015-05-15,2,392.0,128.0972,291.19156544870634,58.166015615257926,-30.39576318826235,65.9757,2.2556848075586413,-2.281376863393664,False,True,IF-2,0.5463302448052295,0.48875403549628665,0.05757620930894286,False,False
development_2,three_day_positive_sustained_spike,2,CA_2,FOODS_1,2015-05-16,1,432.0,563.9514,357.7995419460718,58.166015615257926,-30.39576318826235,65.9757,1.7982359653796396,4.066766800855793,True,True,IF-2,0.5648181061939127,0.4511910782539559,0.11362702793995683,False,False
development_2,three_day_positive_sustained_spike,2,CA_2,FOODS_1,2015-05-17,2,326.0,457.95140000000004,323.4745924884024,58.166015615257926,-30.39576318826235,65.9757,0.5659863470384275,2.8345171825145807,False,True,IF-2,0.527581990676864,0.4287664752627051,0.09881551541415884,False,False
development_2,three_day_positive_sustained_spike,2,CA_2,FOODS_1,2015-05-18,3,206.0,337.95140000000004,246.25694281764515,58.166015615257926,-30.39576318826235,65.9757,-0.16953507172659166,2.0989957637495613,False,True,IF-2,0.5094519248143007,0.4430733223516872,0.06637860246261346,False,False
development_2,three_day_positive_sustained_spike,4,CA_2,FOODS_1,2015-05-16,1,432.0,695.9028000000001,357.7995419460718,58.166015615257926,-30.39576318826235,65.9757,1.7982359653796396,6.335297636331945,True,True,IF-2,0.6334054819500362,0.4511910782539559,0.18221440369608033,True,True
development_2,three_day_positive_sustained_spike,4,CA_2,FOODS_1,2015-05-17,2,326.0,589.9028000000001,323.4745924884024,58.166015615257926,-30.39576318826235,65.9757,0.5659863470384275,5.1030480179907345,True,True,IF-2,0.6154800322698759,0.4287664752627051,0.1867135570071708,True,False
development_2,three_day_positive_sustained_spike,4,CA_2,FOODS_1,2015-05-18,3,206.0,469.9028,246.25694281764515,58.166015615257926,-30.39576318826235,65.9757,-0.16953507172659166,4.367526599225713,True,True,IF-2,0.6232151898005303,0.4430733223516872,0.18014186744884303,True,False
development_2,three_day_negative_sustained_drop,2,CA_2,FOODS_1,2015-05-19,1,263.0,131.0486,247.15450399803407,58.166015615257926,-30.39576318826235,65.9757,0.7949875662120892,-1.4735432692640635,False,True,IF-2,0.5071962611699099,0.41410829115574144,0.09308797001416846,False,False
development_2,three_day_negative_sustained_drop,2,CA_2,FOODS_1,2015-05-20,2,279.0,147.0486,247.15450399803407,58.166015615257926,-30.39576318826235,65.9757,1.0700622783229001,-1.1984685571532527,False,True,IF-2,0.4901183372364705,0.4397003712565326,0.05041796597993792,False,False
development_2,three_day_negative_sustained_drop,2,CA_2,FOODS_1,2015-05-21,3,333.0,201.0486,248.16120632950313,58.166015615257926,-30.39576318826235,65.9757,1.9811320345712533,-0.2873988009048995,False,True,IF-2,0.42685376833230443,0.47968555445471595,-0.05283178612241152,False,False
development_2,three_day_negative_sustained_drop,4,CA_2,FOODS_1,2015-05-19,1,263.0,0.0,247.15450399803407,58.166015615257926,-30.39576318826235,65.9757,0.7949875662120892,-3.7265530141093635,True,True,IF-2,0.6238479050066428,0.41410829115574144,0.20973961385090134,True,False
development_2,three_day_negative_sustained_drop,4,CA_2,FOODS_1,2015-05-20,2,279.0,15.097199999999987,247.15450399803407,58.166015615257926,-30.39576318826235,65.9757,1.0700622783229001,-3.4669993926294054,True,True,IF-2,0.6164272926642116,0.4397003712565326,0.17672692140767898,True,False
development_2,three_day_negative_sustained_drop,4,CA_2,FOODS_1,2015-05-21,3,333.0,69.09719999999999,248.16120632950313,58.166015615257926,-30.39576318826235,65.9757,1.9811320345712533,-2.555929636381052,False,True,IF-2,0.57976321452711,0.47968555445471595,0.10007766007239405,False,False
development_2,one_day_positive_spike,2,CA_2,FOODS_2,2015-04-28,1,139.0,179.0302,97.05011095419374,15.638457611412955,-28.259439582196656,20.0151,4.489530257559678,7.049258396656078,True,True,IF-2,0.5483154161942042,0.5157440887571989,0.032571327437005304,False,False
development_2,one_day_positive_spike,4,CA_2,FOODS_2,2015-04-28,1,139.0,219.06040000000002,97.05011095419374,15.638457611412955,-28.259439582196656,20.0151,4.489530257559678,9.608986535752477,True,True,IF-2,0.5757428347864144,0.5157440887571989,0.05999874602921551,False,False
development_2,one_day_negative_drop,2,CA_2,FOODS_2,2015-04-29,1,111.0,70.96979999999999,96.0846035577264,15.638457611412955,-28.259439582196656,20.0151,2.7608116540189505,0.2010835149225519,False,False,IF-2,0.43181999917564506,0.5017756853192177,-0.06995568614357262,False,False
development_2,one_day_negative_drop,4,CA_2,FOODS_2,2015-04-29,1,111.0,30.9396,96.0846035577264,15.638457611412955,-28.259439582196656,20.0151,2.7608116540189505,-2.358644624173847,False,True,IF-2,0.5179628836891953,0.5017756853192177,0.016187198369977618,False,False
development_2,two_day_positive_sustained_spike,2,CA_2,FOODS_2,2015-04-30,1,94.0,134.0302,95.84021276640662,15.638457611412955,-28.259439582196656,20.0151,1.6893754788521642,4.249103617948564,True,True,IF-2,0.5200625764886574,0.46174784321759704,0.05831473327106035,False,False
development_2,two_day_positive_sustained_spike,2,CA_2,FOODS_2,2015-05-01,2,112.0,152.0302,118.20501004409144,15.638457611412955,-28.259439582196656,20.0151,1.4102688440329223,3.969996983129323,True,True,IF-2,0.5339884052855225,0.4730570059191414,0.06093139936638109,False,False
development_2,two_day_positive_sustained_spike,4,CA_2,FOODS_2,2015-04-30,1,94.0,174.06040000000002,95.84021276640662,15.638457611412955,-28.259439582196656,20.0151,1.6893754788521642,6.808831757044964,True,True,IF-2,0.5575243680298616,0.46174784321759704,0.09577652481226456,False,False
development_2,two_day_positive_sustained_spike,4,CA_2,FOODS_2,2015-05-01,2,112.0,192.06040000000002,118.20501004409144,15.638457611412955,-28.259439582196656,20.0151,1.4102688440329223,6.529725122225722,True,True,IF-2,0.5621082896155161,0.4730570059191414,0.08905128369637466,False,False
development_2,two_day_negative_sustained_drop,2,CA_2,FOODS_2,2015-05-02,1,125.0,84.96979999999999,137.61706837797607,15.638457611412955,-28.259439582196656,20.0151,1.0002502543987954,-1.559477884697604,False,True,IF-2,0.511422399344888,0.4698295963331122,0.04159280301177576,False,False
development_2,two_day_negative_sustained_drop,2,CA_2,FOODS_2,2015-05-03,2,188.0,147.9698,146.48980626177772,15.638457611412955,-28.259439582196656,20.0151,4.4614139740674315,1.9016858349710317,False,False,IF-2,0.4784797728913486,0.5309049018195326,-0.05242512892818407,False,False
development_2,two_day_negative_sustained_drop,4,CA_2,FOODS_2,2015-05-02,1,125.0,44.9396,137.61706837797607,15.638457611412955,-28.259439582196656,20.0151,1.0002502543987954,-4.1192060237940025,True,True,IF-2,0.5629929479511867,0.4698295963331122,0.09316335161807449,False,False
development_2,two_day_negative_sustained_drop,4,CA_2,FOODS_2,2015-05-03,2,188.0,107.9396,146.48980626177772,15.638457611412955,-28.259439582196656,20.0151,4.4614139740674315,-0.6580423041253668,False,True,IF-2,0.44662907062229645,0.5309049018195326,-0.0842758311972362,False,False
development_2,three_day_positive_sustained_spike,2,CA_2,FOODS_2,2015-05-04,1,96.0,136.0302,105.7965348612616,15.638457611412955,-28.259439582196656,20.0151,1.1806090587514726,3.740337197847872,True,True,IF-2,0.5422862979128926,0.46476568120544703,0.07752061670744559,False,False
development_2,three_day_positive_sustained_spike,2,CA_2,FOODS_2,2015-05-05,2,135.0,175.0302,103.42024126179918,15.638457611412955,-28.259439582196656,20.0151,3.8264130521878834,6.386141191284283,True,True,IF-2,0.6159764428659151,0.5931820912988044,0.022794351567110738,True,False
development_2,three_day_positive_sustained_spike,2,CA_2,FOODS_2,2015-05-06,3,77.0,117.03020000000001,102.51698622971492,15.638457611412955,-28.259439582196656,20.0151,0.175365974102221,2.7350941131986213,False,True,IF-2,0.5248851932743579,0.4629325713396896,0.06195262193466827,False,False
development_2,three_day_positive_sustained_spike,4,CA_2,FOODS_2,2015-05-04,1,96.0,176.06040000000002,105.7965348612616,15.638457611412955,-28.259439582196656,20.0151,1.1806090587514726,6.3000653369442725,True,True,IF-2,0.576595816098586,0.46476568120544703,0.11183013489313898,False,False
development_2,three_day_positive_sustained_spike,4,CA_2,FOODS_2,2015-05-05,2,135.0,215.06040000000002,103.42024126179918,15.638457611412955,-28.259439582196656,20.0151,3.8264130521878834,8.945869330380683,True,True,IF-2,0.6398034043596591,0.5931820912988044,0.04662131306085471,True,True
development_2,three_day_positive_sustained_spike,4,CA_2,FOODS_2,2015-05-06,3,77.0,157.06040000000002,102.51698622971492,15.638457611412955,-28.259439582196656,20.0151,0.175365974102221,5.29482225229502,True,True,IF-2,0.5600962006179812,0.4629325713396896,0.09716362927829153,False,False
development_2,three_day_negative_sustained_drop,2,CA_2,FOODS_2,2015-05-07,1,84.0,43.9698,102.70567624249207,15.638457611412955,-28.259439582196656,20.0151,0.6109146807887387,-1.9488134583076595,False,True,IF-2,0.5159418470035295,0.45110639201569847,0.06483545498783105,False,False
development_2,three_day_negative_sustained_drop,2,CA_2,FOODS_2,2015-05-08,2,83.0,42.9698,116.47789779775188,15.638457611412955,-28.259439582196656,20.0151,-0.3336939195171517,-2.89342205861355,False,True,IF-2,0.5332977447624697,0.45394131853563685,0.07935642622683287,False,False
development_2,three_day_negative_sustained_drop,2,CA_2,FOODS_2,2015-05-09,3,94.0,53.9698,139.68510772922647,15.638457611412955,-28.259439582196656,20.0151,-1.1142830437646585,-3.674011182861058,True,True,IF-2,0.5597971505116869,0.4917079671464421,0.06808918336524478,False,False
development_2,three_day_negative_sustained_drop,4,CA_2,FOODS_2,2015-05-07,1,84.0,3.9395999999999987,102.70567624249207,15.638457611412955,-28.259439582196656,20.0151,0.6109146807887387,-4.508541597404058,True,True,IF-2,0.5546373810291668,0.45110639201569847,0.10353098901346836,False,False
development_2,three_day_negative_sustained_drop,4,CA_2,FOODS_2,2015-05-08,2,83.0,2.9395999999999987,116.47789779775188,15.638457611412955,-28.259439582196656,20.0151,-0.3336939195171517,-5.453150197709951,True,True,IF-2,0.5637062220943805,0.45394131853563685,0.10976490355874363,False,False
development_2,three_day_negative_sustained_drop,4,CA_2,FOODS_2,2015-05-09,3,94.0,13.939599999999999,139.68510772922647,15.638457611412955,-28.259439582196656,20.0151,-1.1142830437646585,-6.233739321957456,True,True,IF-2,0.5830939849621075,0.4917079671464421,0.09138601781566541,False,False
development_2,one_day_positive_spike,2,CA_2,FOODS_3,2015-05-10,1,883.0,1265.5108,870.2608510400776,155.6170221309546,-157.65738568322234,191.25539999999998,1.0949736237707526,3.5530003535080055,True,True,IF-2,0.7176364124686069,0.5583067084730522,0.15932970399555468,True,True
development_2,one_day_positive_spike,4,CA_2,FOODS_3,2015-05-10,1,883.0,1648.0216,870.2608510400776,155.6170221309546,-157.65738568322234,191.25539999999998,1.0949736237707526,6.011027083245258,True,True,IF-2,0.7412569919482846,0.5583067084730522,0.18295028347523246,True,True
development_2,one_day_negative_drop,2,CA_2,FOODS_3,2015-05-11,1,876.0,493.48920000000004,788.653594562265,155.6170221309546,-157.65738568322234,191.25539999999998,1.5744022586088438,-0.8836244711284084,False,True,IF-2,0.606289977969325,0.5082296170955573,0.0980603608737678,True,False
development_2,one_day_negative_drop,4,CA_2,FOODS_3,2015-05-11,1,876.0,110.97840000000008,788.653594562265,155.6170221309546,-157.65738568322234,191.25539999999998,1.5744022586088438,-3.341651200865661,True,True,IF-2,0.6944627244548858,0.5082296170955573,0.18623310735932852,True,True
development_2,two_day_positive_sustained_spike,2,CA_2,FOODS_3,2015-05-12,1,784.0,1166.5108,765.0272494878595,155.6170221309546,-157.65738568322234,191.25539999999998,1.1350309482642926,3.5930576780015455,True,True,IF-2,0.6648343987426529,0.45051711259303984,0.2143172861496131,True,True
development_2,two_day_positive_sustained_spike,2,CA_2,FOODS_3,2015-05-13,2,841.0,1223.5108,765.0272494878595,155.6170221309546,-157.65738568322234,191.25539999999998,1.501314785465813,3.959341515203066,True,True,IF-2,0.6750710843879764,0.49122215389799917,0.1838489304899772,True,True
development_2,two_day_positive_sustained_spike,4,CA_2,FOODS_3,2015-05-12,1,784.0,1549.0216,765.0272494878595,155.6170221309546,-157.65738568322234,191.25539999999998,1.1350309482642926,6.051084407738798,True,True,IF-2,0.6994281245770793,0.45051711259303984,0.24891101198403942,True,True
development_2,two_day_positive_sustained_spike,4,CA_2,FOODS_3,2015-05-13,2,841.0,1606.0216,765.0272494878595,155.6170221309546,-157.65738568322234,191.25539999999998,1.501314785465813,6.417368244940318,True,True,IF-2,0.6954067584883225,0.49122215389799917,0.20418460459032328,True,True
development_2,two_day_negative_sustained_drop,2,CA_2,FOODS_3,2015-05-14,1,688.0,305.48920000000004,764.8585985113567,155.6170221309546,-157.65738568322234,191.25539999999998,0.5192156106410515,-1.9388111190962007,False,True,IF-2,0.6672143905404858,0.47228477056924917,0.19492961997123665,True,True
development_2,two_day_negative_sustained_drop,2,CA_2,FOODS_3,2015-05-15,2,976.0,593.4892,918.6272135343186,155.6170221309546,-157.65738568322234,191.25539999999998,1.3817908169965616,-1.076235912740691,False,True,IF-2,0.5966923333690491,0.46586962832803713,0.130822705041012,True,False
development_2,two_day_negative_sustained_drop,4,CA_2,FOODS_3,2015-05-14,1,688.0,0.0,764.8585985113567,155.6170221309546,-157.65738568322234,191.25539999999998,0.5192156106410515,-3.901894564703618,True,True,IF-2,0.6941404930707876,0.47228477056924917,0.22185572250153845,True,True
development_2,two_day_negative_sustained_drop,4,CA_2,FOODS_3,2015-05-15,2,976.0,210.97840000000008,918.6272135343186,155.6170221309546,-157.65738568322234,191.25539999999998,1.3817908169965616,-3.5342626424779433,True,True,IF-2,0.6979412014874758,0.46586962832803713,0.23207157315943872,True,True
development_2,three_day_positive_sustained_spike,2,CA_2,FOODS_3,2015-05-16,1,1138.0,1520.5108,1107.588185605494,155.6170221309546,-157.65738568322234,191.25539999999998,1.2085387414717699,3.6665654712090228,True,True,IF-2,0.654760346623629,0.4663160182646955,0.18844432835893354,True,True
development_2,three_day_positive_sustained_spike,2,CA_2,FOODS_3,2015-05-17,2,1102.0,1484.5108,1109.1135775728033,155.6170221309546,-157.65738568322234,191.25539999999998,0.9673993631862052,3.425426092923458,True,True,IF-2,0.6508087183963489,0.46890508116416985,0.18190363723217906,True,True
development_2,three_day_positive_sustained_spike,2,CA_2,FOODS_3,2015-05-18,3,835.0,1217.5108,777.0737238397609,155.6170221309546,-157.65738568322234,191.25539999999998,1.3853475596136509,3.843374289350903,True,True,IF-2,0.6880447156892457,0.4882700910746278,0.19977462461461792,True,True
development_2,three_day_positive_sustained_spike,4,CA_2,FOODS_3,2015-05-16,1,1138.0,1903.0216,1107.588185605494,155.6170221309546,-157.65738568322234,191.25539999999998,1.2085387414717699,6.124592200946275,True,True,IF-2,0.6930344898972837,0.4663160182646955,0.22671847163258818,True,True
development_2,three_day_positive_sustained_spike,4,CA_2,FOODS_3,2015-05-17,2,1102.0,1867.0216,1109.1135775728033,155.6170221309546,-157.65738568322234,191.25539999999998,0.9673993631862052,5.88345282266071,True,True,IF-2,0.6992677745967915,0.46890508116416985,0.2303626934326216,True,True
development_2,three_day_positive_sustained_spike,4,CA_2,FOODS_3,2015-05-18,3,835.0,1600.0216,777.0737238397609,155.6170221309546,-157.65738568322234,191.25539999999998,1.3853475596136509,6.301401019088155,True,True,IF-2,0.7109357670420686,0.4882700910746278,0.2226656759674408,True,True
development_2,three_day_negative_sustained_drop,2,CA_2,FOODS_3,2015-05-19,1,744.0,361.48920000000004,752.9285313834087,155.6170221309546,-157.65738568322234,191.25539999999998,0.9557364115003795,-1.5022903182368728,False,True,IF-2,0.6517595590129674,0.44700832810701663,0.20475123090595082,True,True
development_2,three_day_negative_sustained_drop,2,CA_2,FOODS_3,2015-05-20,2,785.0,402.48920000000004,752.9285313834087,155.6170221309546,-157.65738568322234,191.25539999999998,1.21920373299621,-1.2388229967410422,False,True,IF-2,0.6301112264961671,0.46941117078484645,0.16070005571132068,True,False
development_2,three_day_negative_sustained_drop,2,CA_2,FOODS_3,2015-05-21,3,872.0,489.48920000000004,752.7598804069058,155.6170221309546,-157.65738568322234,191.25539999999998,1.7793522937567983,-0.6786744359804541,False,True,IF-2,0.5756323566568834,0.5054902213491601,0.07014213530772329,False,False
development_2,three_day_negative_sustained_drop,4,CA_2,FOODS_3,2015-05-19,1,744.0,0.0,752.9285313834087,155.6170221309546,-157.65738568322234,191.25539999999998,0.9557364115003795,-3.8252315688142042,True,True,IF-2,0.6944642643618252,0.44700832810701663,0.24745593625480855,True,True
development_2,three_day_negative_sustained_drop,4,CA_2,FOODS_3,2015-05-20,2,785.0,19.97840000000008,752.9285313834087,155.6170221309546,-157.65738568322234,191.25539999999998,1.21920373299621,-3.6968497264782947,True,True,IF-2,0.6933905342731121,0.46941117078484645,0.2239793634882657,True,True
development_2,three_day_negative_sustained_drop,4,CA_2,FOODS_3,2015-05-21,3,872.0,106.97840000000008,752.7598804069058,155.6170221309546,-157.65738568322234,191.25539999999998,1.7793522937567983,-3.136701165717706,True,True,IF-2,0.6929743119049533,0.5054902213491601,0.18748409055579318,True,True
development_3,one_day_positive_spike,2,CA_1,FOODS_1,2015-07-21,1,348.0,528.8772,345.33278171149254,52.69976730818562,1.8222516591951035,90.4386,0.0160335931726421,3.4482536813988225,True,True,IF-2,0.5844139613266395,0.4097458417873476,0.1746681195392919,False,False
development_3,one_day_positive_spike,4,CA_1,FOODS_1,2015-07-21,1,348.0,709.7544,345.33278171149254,52.69976730818562,1.8222516591951035,90.4386,0.0160335931726421,6.880473769625002,True,True,IF-2,0.6707716885390136,0.4097458417873476,0.261025846751666,True,True
development_3,one_day_negative_drop,2,CA_1,FOODS_1,2015-07-22,1,374.0,193.1228,345.408216712408,52.69976730818562,1.8222516591951035,90.4386,0.5079629948240574,-2.9242570934021224,False,True,IF-2,0.5727912223464118,0.41794518265319186,0.15484603969321992,False,False
development_3,one_day_negative_drop,4,CA_1,FOODS_1,2015-07-22,1,374.0,12.245600000000024,345.408216712408,52.69976730818562,1.8222516591951035,90.4386,0.5079629948240574,-6.356477181628302,True,True,IF-2,0.6500142496830589,0.41794518265319186,0.23206906702986702,True,True
development_3,two_day_positive_sustained_spike,2,CA_1,FOODS_1,2015-07-23,1,347.0,527.8772,346.4728264389115,52.69976730818562,1.8222516591951035,90.4386,-0.02457464547296883,3.4076454427532115,True,True,IF-2,0.5937241713502581,0.416878679580773,0.1768454917694851,True,False
development_3,two_day_positive_sustained_spike,2,CA_1,FOODS_1,2015-07-24,2,384.0,564.8772,389.2860121099964,52.69976730818562,1.8222516591951035,90.4386,-0.13488226100928968,3.2973378272168903,True,True,IF-2,0.5868904878642265,0.41727988343986383,0.16961060442436265,False,False
development_3,two_day_positive_sustained_spike,4,CA_1,FOODS_1,2015-07-23,1,347.0,708.7544,346.4728264389115,52.69976730818562,1.8222516591951035,90.4386,-0.02457464547296883,6.839865530979392,True,True,IF-2,0.676952162597089,0.416878679580773,0.260073483016316,True,True
development_3,two_day_positive_sustained_spike,4,CA_1,FOODS_1,2015-07-24,2,384.0,745.7544,389.2860121099964,52.69976730818562,1.8222516591951035,90.4386,-0.13488226100928968,6.7295579154430705,True,True,IF-2,0.6744909371364666,0.41727988343986383,0.25721105369660274,True,True
development_3,two_day_negative_sustained_drop,2,CA_1,FOODS_1,2015-07-25,1,325.0,144.1228,465.1334948779224,52.69976730818562,1.8222516591951035,90.4386,-2.693669323186331,-6.12588941141251,True,True,IF-2,0.6363578410392701,0.5492305503518842,0.0871272906873859,True,True
development_3,two_day_negative_sustained_drop,2,CA_1,FOODS_1,2015-07-26,2,357.0,176.1228,441.6578609630828,52.69976730818562,1.8222516591951035,90.4386,-1.6409960999741513,-5.07321618820033,True,True,IF-2,0.6185262278058629,0.4708358085514638,0.14769041925439907,True,False
development_3,two_day_negative_sustained_drop,4,CA_1,FOODS_1,2015-07-25,1,325.0,0.0,465.1334948779224,52.69976730818562,1.8222516591951035,90.4386,-2.693669323186331,-8.860679475231521,True,True,IF-2,0.6699208234476586,0.5492305503518842,0.1206902730957744,True,True
development_3,two_day_negative_sustained_drop,4,CA_1,FOODS_1,2015-07-26,2,357.0,0.0,441.6578609630828,52.69976730818562,1.8222516591951035,90.4386,-1.6409960999741513,-8.415219559297638,True,True,IF-2,0.6755773639106065,0.4708358085514638,0.20474155535914274,True,True
development_3,three_day_positive_sustained_spike,2,CA_1,FOODS_1,2015-07-27,1,326.0,506.8772,344.7746009320637,52.69976730818562,1.8222516591951035,90.4386,-0.3908338431706814,3.0413862450554987,True,True,IF-2,0.5728838725133962,0.4145423672110282,0.158341505302368,False,False
development_3,three_day_positive_sustained_spike,2,CA_1,FOODS_1,2015-07-28,2,259.0,439.8772,339.87016711050217,52.69976730818562,1.8222516591951035,90.4386,-1.569123033999678,1.8630970542265022,False,True,IF-2,0.48273887795909226,0.47679792576000124,0.005940952199091021,False,False
development_3,three_day_positive_sustained_spike,2,CA_1,FOODS_1,2015-07-29,3,293.0,473.8772,339.87016711050217,52.69976730818562,1.8222516591951035,90.4386,-0.9239588950164889,2.5082611932096914,False,True,IF-2,0.5420220439390697,0.43425961785565004,0.10776242608341968,False,False
development_3,three_day_positive_sustained_spike,4,CA_1,FOODS_1,2015-07-27,1,326.0,687.7544,344.7746009320637,52.69976730818562,1.8222516591951035,90.4386,-0.3908338431706814,6.473606333281679,True,True,IF-2,0.6694037769706094,0.4145423672110282,0.25486140975958116,True,True
development_3,three_day_positive_sustained_spike,4,CA_1,FOODS_1,2015-07-28,2,259.0,620.7544,339.87016711050217,52.69976730818562,1.8222516591951035,90.4386,-1.569123033999678,5.295317142452682,True,True,IF-2,0.6435416125511288,0.47679792576000124,0.1667436867911276,True,True
development_3,three_day_positive_sustained_spike,4,CA_1,FOODS_1,2015-07-29,3,293.0,654.7544,339.87016711050217,52.69976730818562,1.8222516591951035,90.4386,-0.9239588950164889,5.940481281435871,True,True,IF-2,0.6630538755442713,0.43425961785565004,0.22879425768862127,True,True
development_3,three_day_negative_sustained_drop,2,CA_1,FOODS_1,2015-07-30,1,354.0,173.1228,347.49479508950543,52.69976730818562,1.8222516591951035,90.4386,0.0888609853609749,-3.3433591028652048,True,True,IF-2,0.5862916177568529,0.41108934140092745,0.17520227635592545,False,False
development_3,three_day_negative_sustained_drop,2,CA_1,FOODS_1,2015-07-31,2,456.0,275.1228,410.4046061999915,52.69976730818562,1.8222516591951035,90.4386,0.8306135752901946,-2.6016065129359855,False,True,IF-2,0.5455590471616262,0.42475551251423416,0.12080353464739202,False,False
development_3,three_day_negative_sustained_drop,2,CA_1,FOODS_1,2015-08-01,3,471.0,290.1228,511.6672928151277,52.69976730818562,1.8222516591951035,90.4386,-0.8062567757813063,-4.238476864007486,True,True,IF-2,0.6206178342496925,0.4554551522569332,0.1651626819927593,True,False
development_3,three_day_negative_sustained_drop,4,CA_1,FOODS_1,2015-07-30,1,354.0,0.0,347.49479508950543,52.69976730818562,1.8222516591951035,90.4386,0.0888609853609749,-6.628436226405172,True,True,IF-2,0.6549215630442043,0.41108934140092745,0.2438322216432769,True,True
development_3,three_day_negative_sustained_drop,4,CA_1,FOODS_1,2015-07-31,2,456.0,94.24560000000002,410.4046061999915,52.69976730818562,1.8222516591951035,90.4386,0.8306135752901946,-6.033826601162165,True,True,IF-2,0.6517131000416787,0.42475551251423416,0.22695758752744455,True,True
development_3,three_day_negative_sustained_drop,4,CA_1,FOODS_1,2015-08-01,3,471.0,109.24560000000002,511.6672928151277,52.69976730818562,1.8222516591951035,90.4386,-0.8062567757813063,-7.670696952233666,True,True,IF-2,0.6811056164280579,0.4554551522569332,0.22565046417112467,True,True
development_3,one_day_positive_spike,2,CA_1,FOODS_2,2015-08-02,1,715.0,950.7334,629.6455868354009,50.36258716489441,0.018977254101173457,117.8667,1.6944212105525351,6.375145797400599,True,True,IF-2,0.6576455428881521,0.47608907092532565,0.18155647196282648,True,True
development_3,one_day_positive_spike,4,CA_1,FOODS_2,2015-08-02,1,715.0,1186.4668,629.6455868354009,50.36258716489441,0.018977254101173457,117.8667,1.6944212105525351,11.055870384248662,True,True,IF-2,0.7075774516552495,0.47608907092532565,0.2314883807299239,True,True
development_3,one_day_negative_drop,2,CA_1,FOODS_2,2015-08-03,1,639.0,403.26660000000004,530.3354249943379,50.36258716489441,0.018977254101173457,117.8667,2.157268001261323,-2.523456585586741,False,True,IF-2,0.5657143233782261,0.522737464368058,0.04297685901016812,False,False
development_3,one_day_negative_drop,4,CA_1,FOODS_2,2015-08-03,1,639.0,167.53320000000002,530.3354249943379,50.36258716489441,0.018977254101173457,117.8667,2.157268001261323,-7.204181172434805,True,True,IF-2,0.6856887704186381,0.522737464368058,0.16295130605058006,True,True
development_3,two_day_positive_sustained_spike,2,CA_1,FOODS_2,2015-08-04,1,542.0,777.7334,467.9120975991082,50.36258716489441,0.018977254101173457,117.8667,1.4707132678525472,6.15143785470061,True,True,IF-2,0.6676530082248697,0.4780099048988791,0.1896431033259906,True,True
development_3,two_day_positive_sustained_spike,2,CA_1,FOODS_2,2015-08-05,2,486.0,721.7334,458.3153372487829,50.36258716489441,0.018977254101173457,117.8667,0.5493301090060061,5.2300546958540695,True,True,IF-2,0.6613193887572694,0.45055043566421477,0.2107689530930546,True,True
development_3,two_day_positive_sustained_spike,4,CA_1,FOODS_2,2015-08-04,1,542.0,1013.4667999999999,467.9120975991082,50.36258716489441,0.018977254101173457,117.8667,1.4707132678525472,10.832162441548675,True,True,IF-2,0.7117220273307803,0.4780099048988791,0.23371212243190115,True,True
development_3,two_day_positive_sustained_spike,4,CA_1,FOODS_2,2015-08-05,2,486.0,957.4667999999999,458.3153372487829,50.36258716489441,0.018977254101173457,117.8667,0.5493301090060061,9.910779282702133,True,True,IF-2,0.7137332486450124,0.45055043566421477,0.26318281298079765,True,True
development_3,two_day_negative_sustained_drop,2,CA_1,FOODS_2,2015-08-06,1,492.0,256.26660000000004,457.01295897185105,50.36258716489441,0.018977254101173457,117.8667,0.6943262001127398,-3.9863983867353237,True,True,IF-2,0.6223870177772949,0.45395495109695644,0.16843206668033844,True,False
development_3,two_day_negative_sustained_drop,2,CA_1,FOODS_2,2015-08-07,2,549.0,313.26660000000004,511.3331856732406,50.36258716489441,0.018977254101173457,117.8667,0.7475358036987602,-3.9331887831493035,True,True,IF-2,0.6103956070474945,0.4532543579712429,0.1571412490762516,True,False
development_3,two_day_negative_sustained_drop,4,CA_1,FOODS_2,2015-08-06,1,492.0,20.533200000000022,457.01295897185105,50.36258716489441,0.018977254101173457,117.8667,0.6943262001127398,-8.667122973583389,True,True,IF-2,0.6953173824444463,0.45395495109695644,0.24136243134748986,True,True
development_3,two_day_negative_sustained_drop,4,CA_1,FOODS_2,2015-08-07,2,549.0,77.53320000000002,511.3331856732406,50.36258716489441,0.018977254101173457,117.8667,0.7475358036987602,-8.613913369997368,True,True,IF-2,0.686858276585173,0.4532543579712429,0.23360391861393004,True,True
development_3,three_day_positive_sustained_spike,2,CA_1,FOODS_2,2015-08-08,1,683.0,918.7334,611.6805231965557,50.36258716489441,0.018977254101173457,117.8667,1.4157433833948003,6.096467970242864,True,True,IF-2,0.6582708392315627,0.470774161738023,0.1874966774935397,True,True
development_3,three_day_positive_sustained_spike,2,CA_1,FOODS_2,2015-08-09,2,737.0,972.7334,651.7307535716492,50.36258716489441,0.018977254101173457,117.8667,1.6927301390440468,6.373454725892111,True,True,IF-2,0.6578686831145278,0.47817543014170877,0.17969325297281907,True,True
development_3,three_day_positive_sustained_spike,2,CA_1,FOODS_2,2015-08-10,3,564.0,799.7334,569.5314245604334,50.36258716489441,0.018977254101173457,117.8667,-0.11020883014531666,4.570515756702747,True,True,IF-2,0.6401741333569614,0.45495811637349154,0.18521601698346984,True,True
development_3,three_day_positive_sustained_spike,4,CA_1,FOODS_2,2015-08-08,1,683.0,1154.4668,611.6805231965557,50.36258716489441,0.018977254101173457,117.8667,1.4157433833948003,10.777192557090927,True,True,IF-2,0.7063749173217151,0.470774161738023,0.2356007555836921,True,True
development_3,three_day_positive_sustained_spike,4,CA_1,FOODS_2,2015-08-09,2,737.0,1208.4668,651.7307535716492,50.36258716489441,0.018977254101173457,117.8667,1.6927301390440468,11.054179312740175,True,True,IF-2,0.7069863123918633,0.47817543014170877,0.2288108822501545,True,True
development_3,three_day_positive_sustained_spike,4,CA_1,FOODS_2,2015-08-10,3,564.0,1035.4668,569.5314245604334,50.36258716489441,0.018977254101173457,117.8667,-0.11020883014531666,9.25124034355081,True,True,IF-2,0.7117760810417689,0.45495811637349154,0.2568179646682774,True,True
development_3,three_day_negative_sustained_drop,2,CA_1,FOODS_2,2015-08-11,1,494.0,258.26660000000004,408.9544619873235,50.36258716489441,0.018977254101173457,117.8667,1.6882881826580125,-2.992436404190051,False,True,IF-2,0.5648541567928839,0.4717379270151338,0.09311622977775008,False,False
development_3,three_day_negative_sustained_drop,2,CA_1,FOODS_2,2015-08-12,2,473.0,237.2666,408.9680379114489,50.36258716489441,0.018977254101173457,117.8667,1.2710424233143969,-3.409682163533667,True,True,IF-2,0.5920472544923684,0.4469947512282163,0.1450525032641521,True,False
development_3,three_day_negative_sustained_drop,2,CA_1,FOODS_2,2015-08-13,3,389.0,153.2666,407.66565963451706,50.36258716489441,0.018977254101173457,117.8667,-0.371002324154675,-5.051726911002739,True,True,IF-2,0.6221213776992773,0.4067572247657627,0.21536415293351463,True,False
development_3,three_day_negative_sustained_drop,4,CA_1,FOODS_2,2015-08-11,1,494.0,22.533200000000022,408.9544619873235,50.36258716489441,0.018977254101173457,117.8667,1.6882881826580125,-7.673160991038116,True,True,IF-2,0.6684139663012112,0.4717379270151338,0.1966760392860774,True,True
development_3,three_day_negative_sustained_drop,4,CA_1,FOODS_2,2015-08-12,2,473.0,1.533200000000022,408.9680379114489,50.36258716489441,0.018977254101173457,117.8667,1.2710424233143969,-8.090406750381732,True,True,IF-2,0.671532819125206,0.4469947512282163,0.2245380678969897,True,True
development_3,three_day_negative_sustained_drop,4,CA_1,FOODS_2,2015-08-13,3,389.0,0.0,407.66565963451706,50.36258716489441,0.018977254101173457,117.8667,-0.371002324154675,-8.094989948665656,True,True,IF-2,0.6763328293079469,0.4067572247657627,0.2695756045421842,True,True
development_3,one_day_positive_spike,2,CA_1,FOODS_3,2015-07-21,1,1740.0,2605.8384,1723.9039177267932,190.2886245916772,-78.52309564154314,432.9192,0.49724032699161325,5.047372537248126,True,True,IF-2,0.7113321592871084,0.4813286156290316,0.23000354365807674,True,True
development_3,one_day_positive_spike,4,CA_1,FOODS_3,2015-07-21,1,1740.0,3471.6768,1723.9039177267932,190.2886245916772,-78.52309564154314,432.9192,0.49724032699161325,9.597504747504638,True,True,IF-2,0.7117561998445573,0.4813286156290316,0.23042758421552567,True,True
development_3,one_day_negative_drop,2,CA_1,FOODS_3,2015-07-22,1,1853.0,987.1616,1696.0713035901813,190.2886245916772,-78.52309564154314,432.9192,1.2373403431581689,-3.3127918670983436,True,True,IF-2,0.7041595237813054,0.5540697351991132,0.15008978858219224,True,True
development_3,one_day_negative_drop,4,CA_1,FOODS_3,2015-07-22,1,1853.0,121.32320000000004,1696.0713035901813,190.2886245916772,-78.52309564154314,432.9192,1.2373403431581689,-7.862924077354855,True,True,IF-2,0.705139364240153,0.5540697351991132,0.15106962904103982,True,True
development_3,two_day_positive_sustained_spike,2,CA_1,FOODS_3,2015-07-23,1,1672.0,2537.8384,1686.39993278435,190.2886245916772,-78.52309564154314,432.9192,0.33697843470564387,4.8871106449621555,True,True,IF-2,0.7126020745726191,0.48917075743295046,0.22343131713966868,True,True
development_3,two_day_positive_sustained_spike,2,CA_1,FOODS_3,2015-07-24,2,2049.0,2914.8384,2041.208635153382,190.2886245916772,-78.52309564154314,432.9192,0.45359758458171345,5.003729794838226,True,True,IF-2,0.7171323025920269,0.5067551566889492,0.21037714590307766,True,True
development_3,two_day_positive_sustained_spike,4,CA_1,FOODS_3,2015-07-23,1,1672.0,3403.6768,1686.39993278435,190.2886245916772,-78.52309564154314,432.9192,0.33697843470564387,9.43724285521867,True,True,IF-2,0.7144446938318417,0.48917075743295046,0.22527393639889126,True,True
development_3,two_day_positive_sustained_spike,4,CA_1,FOODS_3,2015-07-24,2,2049.0,3780.6768,2041.208635153382,190.2886245916772,-78.52309564154314,432.9192,0.45359758458171345,9.553862005094741,True,True,IF-2,0.7171323025920269,0.5067551566889492,0.21037714590307766,True,True
development_3,two_day_negative_sustained_drop,2,CA_1,FOODS_3,2015-07-25,1,2237.0,1371.1616,2494.1954507473856,190.2886245916772,-78.52309564154314,432.9192,-0.9389544723928663,-5.48908668264938,True,True,IF-2,0.7078659708799747,0.5959639424140463,0.11190202846592845,True,True
development_3,two_day_negative_sustained_drop,2,CA_1,FOODS_3,2015-07-26,2,2532.0,1666.1616,2556.7619206737645,190.2886245916772,-78.52309564154314,432.9192,0.28252437623709653,-4.267607834019417,True,True,IF-2,0.7184495643650929,0.5218550693403915,0.1965944950247014,True,True
development_3,two_day_negative_sustained_drop,4,CA_1,FOODS_3,2015-07-25,1,2237.0,505.32320000000004,2494.1954507473856,190.2886245916772,-78.52309564154314,432.9192,-0.9389544723928663,-10.039218892905891,True,True,IF-2,0.7078659708799747,0.5959639424140463,0.11190202846592845,True,True
development_3,two_day_negative_sustained_drop,4,CA_1,FOODS_3,2015-07-26,2,2532.0,800.3232,2556.7619206737645,190.2886245916772,-78.52309564154314,432.9192,0.28252437623709653,-8.817740044275928,True,True,IF-2,0.7184495643650929,0.5218550693403915,0.1965944950247014,True,True
development_3,three_day_positive_sustained_spike,2,CA_1,FOODS_3,2015-07-27,1,2273.0,3138.8384,1901.7786012835309,190.2886245916772,-78.52309564154314,432.9192,2.3634859693955823,6.9136181796520955,True,True,IF-2,0.716988749814041,0.6641141738861651,0.05287457592787592,True,True
development_3,three_day_positive_sustained_spike,2,CA_1,FOODS_3,2015-07-28,2,1852.0,2717.8384,1661.8040584581463,190.2886245916772,-78.52309564154314,432.9192,1.4121655341196364,5.962297744376149,True,True,IF-2,0.7124928486507998,0.5555886887247141,0.15690415992608564,True,True
development_3,three_day_positive_sustained_spike,2,CA_1,FOODS_3,2015-07-29,3,1751.0,2616.8384,1660.4632715184498,190.2886245916772,-78.52309564154314,432.9192,0.8884389410342484,5.438571151290761,True,True,IF-2,0.7129054751012819,0.5195706298117064,0.19333484528957545,True,True
development_3,three_day_positive_sustained_spike,4,CA_1,FOODS_3,2015-07-27,1,2273.0,4004.6768,1901.7786012835309,190.2886245916772,-78.52309564154314,432.9192,2.3634859693955823,11.463750389908608,True,True,IF-2,0.716988749814041,0.6641141738861651,0.05287457592787592,True,True
development_3,three_day_positive_sustained_spike,4,CA_1,FOODS_3,2015-07-28,2,1852.0,3583.6768,1661.8040584581463,190.2886245916772,-78.52309564154314,432.9192,1.4121655341196364,10.512429954632662,True,True,IF-2,0.7124928486507998,0.5555886887247141,0.15690415992608564,True,True
development_3,three_day_positive_sustained_spike,4,CA_1,FOODS_3,2015-07-29,3,1751.0,3482.6768,1660.4632715184498,190.2886245916772,-78.52309564154314,432.9192,0.8884389410342484,9.988703361547275,True,True,IF-2,0.7133304535464758,0.5195706298117064,0.1937598237347694,True,True
development_3,three_day_negative_sustained_drop,2,CA_1,FOODS_3,2015-07-30,1,1949.0,1083.1616,1668.351419340337,190.2886245916772,-78.52309564154314,432.9192,1.887509971086917,-2.662622239169595,False,True,IF-2,0.6992097181771725,0.6185559923795029,0.0806537257976696,True,True
development_3,three_day_negative_sustained_drop,2,CA_1,FOODS_3,2015-07-31,2,2331.0,1465.1616,2058.359420073313,190.2886245916772,-78.52309564154314,432.9192,1.8454265267919199,-2.7047056834645935,False,True,IF-2,0.7068246695277792,0.6200549047726641,0.08676976475511511,True,True
development_3,three_day_negative_sustained_drop,2,CA_1,FOODS_3,2015-08-01,3,2795.0,1929.1616,2884.203211772608,190.2886245916772,-78.52309564154314,432.9192,-0.056125878012846894,-4.60625808826936,True,True,IF-2,0.7291103994448136,0.5731277227319758,0.15598267671283783,True,True
development_3,three_day_negative_sustained_drop,4,CA_1,FOODS_3,2015-07-30,1,1949.0,217.32320000000004,1668.351419340337,190.2886245916772,-78.52309564154314,432.9192,1.887509971086917,-7.212754449426106,True,True,IF-2,0.7086105217201659,0.6185559923795029,0.09005452934066305,True,True
development_3,three_day_negative_sustained_drop,4,CA_1,FOODS_3,2015-07-31,2,2331.0,599.3232,2058.359420073313,190.2886245916772,-78.52309564154314,432.9192,1.8454265267919199,-7.254837893721104,True,True,IF-2,0.7163067466903225,0.6200549047726641,0.09625184191765834,True,True
development_3,three_day_negative_sustained_drop,4,CA_1,FOODS_3,2015-08-01,3,2795.0,1063.3232,2884.203211772608,190.2886245916772,-78.52309564154314,432.9192,-0.056125878012846894,-9.15639029852587,True,True,IF-2,0.7291103994448136,0.5731277227319758,0.15598267671283783,True,True
development_3,one_day_positive_spike,2,CA_1,HOBBIES_1,2015-08-02,1,715.0,879.5686000000001,717.2542706435769,76.39888385951363,24.252179445681463,82.2843,-0.34694813261931723,1.8071226035791021,False,True,IF-2,0.5324676681326898,0.45004858023358146,0.08241908789910829,False,False
development_3,one_day_positive_spike,4,CA_1,HOBBIES_1,2015-08-02,1,715.0,1044.1372000000001,717.2542706435769,76.39888385951363,24.252179445681463,82.2843,-0.34694813261931723,3.9611933397775214,True,True,IF-2,0.6472878532351034,0.45004858023358146,0.19723927300152194,True,True
development_3,one_day_negative_drop,2,CA_1,HOBBIES_1,2015-08-03,1,636.0,471.4314,576.5982000139427,76.39888385951363,24.252179445681463,82.2843,0.46008028867294526,-1.6939904475254732,False,True,IF-2,0.5273767646244999,0.46861719404157226,0.058759570582927634,False,False
development_3,one_day_negative_drop,4,CA_1,HOBBIES_1,2015-08-03,1,636.0,306.8628,576.5982000139427,76.39888385951363,24.252179445681463,82.2843,0.46008028867294526,-3.8480611837238916,True,True,IF-2,0.6512475771853133,0.46861719404157226,0.18263038314374108,True,True
development_3,two_day_positive_sustained_spike,2,CA_1,HOBBIES_1,2015-08-04,1,470.0,634.5686000000001,452.37706971947216,76.39888385951363,24.252179445681463,82.2843,-0.08677154469093872,2.0672991915074808,False,True,IF-2,0.5591440562111106,0.4391438050189914,0.12000025119211921,False,False
development_3,two_day_positive_sustained_spike,2,CA_1,HOBBIES_1,2015-08-05,2,455.0,619.5686000000001,451.40222925947944,76.39888385951363,24.252179445681463,82.2843,-0.2703496132632165,1.8837211229352029,False,True,IF-2,0.5514226257507019,0.45405012838136666,0.09737249736933523,False,False
development_3,two_day_positive_sustained_spike,4,CA_1,HOBBIES_1,2015-08-04,1,470.0,799.1372,452.37706971947216,76.39888385951363,24.252179445681463,82.2843,-0.08677154469093872,4.221369927705898,True,True,IF-2,0.6690799950148614,0.4391438050189914,0.22993618999586996,True,True
development_3,two_day_positive_sustained_spike,4,CA_1,HOBBIES_1,2015-08-05,2,455.0,784.1372,451.40222925947944,76.39888385951363,24.252179445681463,82.2843,-0.2703496132632165,4.037791859133621,True,True,IF-2,0.67291534404283,0.45405012838136666,0.21886521566146339,True,True
development_3,two_day_negative_sustained_drop,2,CA_1,HOBBIES_1,2015-08-06,1,474.0,309.4314,453.21130222807534,76.39888385951363,24.252179445681463,82.2843,-0.045334192056072954,-2.1994049282544914,False,True,IF-2,0.5723734982831962,0.4451329370943177,0.12724056118887844,False,False
development_3,two_day_negative_sustained_drop,2,CA_1,HOBBIES_1,2015-08-07,2,570.0,405.4314,513.5314066637537,76.39888385951363,24.252179445681463,82.2843,0.4216869705820059,-1.7323837656164127,False,True,IF-2,0.5199409221249084,0.45890968423520206,0.061031237889706325,False,False
development_3,two_day_negative_sustained_drop,4,CA_1,HOBBIES_1,2015-08-06,1,474.0,144.8628,453.21130222807534,76.39888385951363,24.252179445681463,82.2843,-0.045334192056072954,-4.35347566445291,True,True,IF-2,0.6587710716104495,0.4451329370943177,0.21363813451613173,True,True
development_3,two_day_negative_sustained_drop,4,CA_1,HOBBIES_1,2015-08-07,2,570.0,240.8628,513.5314066637537,76.39888385951363,24.252179445681463,82.2843,0.4216869705820059,-3.886454501814831,True,True,IF-2,0.6342657387140719,0.45890968423520206,0.17535605447886982,True,True
development_3,three_day_positive_sustained_spike,2,CA_1,HOBBIES_1,2015-08-08,1,588.0,752.5686000000001,655.8499485356813,76.39888385951363,24.252179445681463,82.2843,-1.2055428473369465,0.9485278888614729,False,True,IF-2,0.48156176002895623,0.4816155670679737,-5.3807039017472746e-05,False,False
development_3,three_day_positive_sustained_spike,2,CA_1,HOBBIES_1,2015-08-09,2,684.0,848.5686000000001,644.6426392740649,76.39888385951363,24.252179445681463,82.2843,0.19771468530914488,2.351785421507564,False,True,IF-2,0.5731660323361759,0.4445930376187982,0.1285729947173777,False,False
development_3,three_day_positive_sustained_spike,2,CA_1,HOBBIES_1,2015-08-10,3,448.0,612.5686000000001,505.4060165578725,76.39888385951363,24.252179445681463,82.2843,-1.0688401698866623,1.085230566311757,False,True,IF-2,0.4979398299180009,0.47898379488321036,0.01895603503479054,False,False
development_3,three_day_positive_sustained_spike,4,CA_1,HOBBIES_1,2015-08-08,1,588.0,917.1372,655.8499485356813,76.39888385951363,24.252179445681463,82.2843,-1.2055428473369465,3.1025986250598905,True,True,IF-2,0.6119108427386603,0.4816155670679737,0.13029527567068655,True,False
development_3,three_day_positive_sustained_spike,4,CA_1,HOBBIES_1,2015-08-09,2,684.0,1013.1372,644.6426392740649,76.39888385951363,24.252179445681463,82.2843,0.19771468530914488,4.505856157705982,True,True,IF-2,0.6713552623416531,0.4445930376187982,0.2267622247228549,True,True
development_3,three_day_positive_sustained_spike,4,CA_1,HOBBIES_1,2015-08-10,3,448.0,777.1372,505.4060165578725,76.39888385951363,24.252179445681463,82.2843,-1.0688401698866623,3.239301302510175,True,True,IF-2,0.6382384196092155,0.47898379488321036,0.1592546247260051,True,True
development_3,three_day_negative_sustained_drop,2,CA_1,HOBBIES_1,2015-08-11,1,550.0,385.4314,443.1391895333692,76.39888385951363,24.252179445681463,82.2843,1.0812806005497997,-1.072790135648618,False,True,IF-2,0.43867678835442464,0.4709160926285783,-0.03223930427415367,False,False
development_3,three_day_negative_sustained_drop,2,CA_1,HOBBIES_1,2015-08-12,2,485.0,320.4314,443.15276545749464,76.39888385951363,24.252179445681463,82.2843,0.23030513284956664,-1.923765603348852,False,True,IF-2,0.5370309242954212,0.42192774927404875,0.11510317502137246,False,False
development_3,three_day_negative_sustained_drop,2,CA_1,HOBBIES_1,2015-08-13,3,449.0,284.4314,444.2173751839982,76.39888385951363,24.252179445681463,82.2843,-0.25484082549532133,-2.4089115616937398,False,True,IF-2,0.560066659619122,0.4172545370500456,0.14281212256907644,False,False
development_3,three_day_negative_sustained_drop,4,CA_1,HOBBIES_1,2015-08-11,1,550.0,220.8628,443.1391895333692,76.39888385951363,24.252179445681463,82.2843,1.0812806005497997,-3.2268608718470366,True,True,IF-2,0.6074363112389375,0.4709160926285783,0.13652021861035918,True,False
development_3,three_day_negative_sustained_drop,4,CA_1,HOBBIES_1,2015-08-12,2,485.0,155.8628,443.15276545749464,76.39888385951363,24.252179445681463,82.2843,0.23030513284956664,-4.077836339547271,True,True,IF-2,0.6333826419930559,0.42192774927404875,0.2114548927190072,True,False
development_3,three_day_negative_sustained_drop,4,CA_1,HOBBIES_1,2015-08-13,3,449.0,119.8628,444.2173751839982,76.39888385951363,24.252179445681463,82.2843,-0.25484082549532133,-4.562982297892159,True,True,IF-2,0.6467456434770463,0.4172545370500456,0.2294911064270007,True,True
development_3,one_day_positive_spike,2,CA_1,HOBBIES_2,2015-07-21,1,28.0,48.7564,41.12653940569291,8.145128937441815,-6.4463163155884615,10.3782,-0.8201494588252083,1.7281711582476844,False,True,IF-2,0.45534342435931985,0.4166150133267317,0.03872841103258817,False,False
development_3,one_day_positive_spike,4,CA_1,HOBBIES_2,2015-07-21,1,28.0,69.5128,41.12653940569291,8.145128937441815,-6.4463163155884615,10.3782,-0.8201494588252083,4.276491775320577,True,True,IF-2,0.5299442857221534,0.4166150133267317,0.11332927239542168,False,False
development_3,one_day_negative_drop,2,CA_1,HOBBIES_2,2015-07-22,1,40.0,19.2436,41.12653940569291,8.145128937441815,-6.4463163155884615,10.3782,0.6531237198028155,-1.8951968972700772,False,True,IF-2,0.473732394268481,0.4343904333808448,0.039341960887636196,False,False
development_3,one_day_negative_drop,4,CA_1,HOBBIES_2,2015-07-22,1,40.0,0.0,41.12653940569291,8.145128937441815,-6.4463163155884615,10.3782,0.6531237198028155,-4.25778687562393,True,True,IF-2,0.512533617658011,0.4343904333808448,0.07814318427716616,False,False
development_3,two_day_positive_sustained_spike,2,CA_1,HOBBIES_2,2015-07-23,1,40.0,60.7564,41.557375016249765,8.145128937441815,-6.4463163155884615,10.3782,0.6002288406835452,3.1485494577564377,True,True,IF-2,0.5031504523896501,0.4295226146503883,0.07362783773926174,False,False
development_3,two_day_positive_sustained_spike,2,CA_1,HOBBIES_2,2015-07-24,2,30.0,50.7564,45.132957304029226,8.145128937441815,-6.4463163155884615,10.3782,-1.0664829317200504,1.4818376853528423,False,True,IF-2,0.4490317674500692,0.43108336798973934,0.017948399460329834,False,False
development_3,two_day_positive_sustained_spike,4,CA_1,HOBBIES_2,2015-07-23,1,40.0,81.5128,41.557375016249765,8.145128937441815,-6.4463163155884615,10.3782,0.6002288406835452,5.696870074829331,True,True,IF-2,0.542940396387482,0.4295226146503883,0.11341778173709371,False,False
development_3,two_day_positive_sustained_spike,4,CA_1,HOBBIES_2,2015-07-24,2,30.0,71.5128,45.132957304029226,8.145128937441815,-6.4463163155884615,10.3782,-1.0664829317200504,4.030158302425735,True,True,IF-2,0.5209221544692769,0.43108336798973934,0.08983878647953758,False,False
development_3,two_day_negative_sustained_drop,2,CA_1,HOBBIES_2,2015-07-25,1,28.0,7.243600000000001,50.152876150420134,8.145128937441815,-6.4463163155884615,10.3782,-1.928337777764476,-4.476658394837369,True,True,IF-2,0.5112968481475882,0.4632177042496815,0.04807914389790674,False,False
development_3,two_day_negative_sustained_drop,2,CA_1,HOBBIES_2,2015-07-26,2,30.0,9.2436,49.30676756214903,8.145128937441815,-6.4463163155884615,10.3782,-1.5789131572175845,-4.127233774290477,True,True,IF-2,0.49592793822838593,0.4407825632634538,0.05514537496493216,False,False
development_3,two_day_negative_sustained_drop,4,CA_1,HOBBIES_2,2015-07-25,1,28.0,0.0,50.152876150420134,8.145128937441815,-6.4463163155884615,10.3782,-1.928337777764476,-5.365975194563197,True,True,IF-2,0.5143399028509128,0.4632177042496815,0.051122198601231295,False,False
development_3,two_day_negative_sustained_drop,4,CA_1,HOBBIES_2,2015-07-26,2,30.0,0.0,49.30676756214903,8.145128937441815,-6.4463163155884615,10.3782,-1.5789131572175845,-5.262096103787644,True,True,IF-2,0.5034737425625578,0.4407825632634538,0.06269117929910406,False,False
development_3,three_day_positive_sustained_spike,2,CA_1,HOBBIES_2,2015-07-27,1,34.0,54.7564,41.16433684404653,8.145128937441815,-6.4463163155884615,10.3782,-0.08815336552346612,2.4601672515494264,False,True,IF-2,0.4994320510426605,0.4234399371003467,0.07599211394231375,False,False
development_3,three_day_positive_sustained_spike,2,CA_1,HOBBIES_2,2015-07-28,2,44.0,64.7564,40.69048059922794,8.145128937441815,-6.4463163155884615,10.3782,1.1977509246679392,3.746071541740832,True,True,IF-2,0.5196275623438682,0.43942784957134606,0.08019971277252214,False,False
development_3,three_day_positive_sustained_spike,2,CA_1,HOBBIES_2,2015-07-29,3,28.0,48.7564,40.69048059922794,8.145128937441815,-6.4463163155884615,10.3782,-0.7666133135027592,1.7817073035701334,False,True,IF-2,0.45957777410224754,0.4280026988092074,0.031575075293040156,False,False
development_3,three_day_positive_sustained_spike,4,CA_1,HOBBIES_2,2015-07-27,1,34.0,75.5128,41.16433684404653,8.145128937441815,-6.4463163155884615,10.3782,-0.08815336552346612,5.0084878686223195,True,True,IF-2,0.5491675446911634,0.4234399371003467,0.12572760759081664,False,False
development_3,three_day_positive_sustained_spike,4,CA_1,HOBBIES_2,2015-07-28,2,44.0,85.5128,40.69048059922794,8.145128937441815,-6.4463163155884615,10.3782,1.1977509246679392,6.294392158813724,True,True,IF-2,0.5465014321812304,0.43942784957134606,0.10707358260988431,False,False
development_3,three_day_positive_sustained_spike,4,CA_1,HOBBIES_2,2015-07-29,3,28.0,69.5128,40.69048059922794,8.145128937441815,-6.4463163155884615,10.3782,-0.7666133135027592,4.330027920643026,True,True,IF-2,0.5306989288227907,0.4280026988092074,0.1026962300135833,False,False
development_3,three_day_negative_sustained_drop,2,CA_1,HOBBIES_2,2015-07-30,1,51.0,30.2436,41.715416947540696,8.145128937441815,-6.4463163155884615,10.3782,1.931326009553442,-0.6169946075194508,False,True,IF-2,0.4160382438852863,0.46944340297493525,-0.053405159089648935,False,False
development_3,three_day_negative_sustained_drop,2,CA_1,HOBBIES_2,2015-07-31,2,40.0,19.2436,51.38928490337521,8.145128937441815,-6.4463163155884615,10.3782,-0.6068619202655884,-3.155182537338481,True,True,IF-2,0.5044819352218516,0.4199641129423173,0.0845178222795343,False,False
development_3,three_day_negative_sustained_drop,2,CA_1,HOBBIES_2,2015-08-01,3,34.0,13.2436,53.88927807873147,8.145128937441815,-6.4463163155884615,10.3782,-1.6504295839133905,-4.198750200986283,True,True,IF-2,0.5256958261212834,0.4803645208267415,0.04533130529454188,False,False
development_3,three_day_negative_sustained_drop,4,CA_1,HOBBIES_2,2015-07-30,1,51.0,9.487200000000001,41.715416947540696,8.145128937441815,-6.4463163155884615,10.3782,1.931326009553442,-3.1653152245923435,True,True,IF-2,0.5068080976547955,0.46944340297493525,0.037364694679860255,False,False
development_3,three_day_negative_sustained_drop,4,CA_1,HOBBIES_2,2015-07-31,2,40.0,0.0,51.38928490337521,8.145128937441815,-6.4463163155884615,10.3782,-0.6068619202655884,-5.517772515692334,True,True,IF-2,0.51476603806647,0.4199641129423173,0.09480192512415275,False,False
development_3,three_day_negative_sustained_drop,4,CA_1,HOBBIES_2,2015-08-01,3,34.0,0.0,53.88927807873147,8.145128937441815,-6.4463163155884615,10.3782,-1.6504295839133905,-5.824703590026124,True,True,IF-2,0.5331052257811656,0.4803645208267415,0.05274070495442407,False,False
development_3,one_day_positive_spike,2,CA_1,HOUSEHOLD_1,2015-08-02,1,1389.0,1675.1417999999999,1130.0531426168964,78.2379253292243,6.783911882279142,143.0709,3.2230269966863987,6.88035557225788,True,True,IF-2,0.7109753488652055,0.6184967939012928,0.09247855496391277,True,True
development_3,one_day_positive_spike,4,CA_1,HOUSEHOLD_1,2015-08-02,1,1389.0,1961.2836,1130.0531426168964,78.2379253292243,6.783911882279142,143.0709,3.2230269966863987,10.537684147829365,True,True,IF-2,0.7129553749209596,0.6184967939012928,0.09445858101966687,True,True
development_3,one_day_negative_drop,2,CA_1,HOUSEHOLD_1,2015-08-03,1,929.0,642.8582,866.6364408621868,78.2379253292243,6.783911882279142,143.0709,0.7103926519223966,-2.946935923649087,False,True,IF-2,0.6278191296508816,0.4854766284243314,0.14234250122655018,True,False
development_3,one_day_negative_drop,4,CA_1,HOUSEHOLD_1,2015-08-03,1,929.0,356.7164,866.6364408621868,78.2379253292243,6.783911882279142,143.0709,0.7103926519223966,-6.6042644992205695,True,True,IF-2,0.7164021480754205,0.4854766284243314,0.23092551965108904,True,True
development_3,two_day_positive_sustained_spike,2,CA_1,HOUSEHOLD_1,2015-08-04,1,798.0,1084.1417999999999,722.1139153809423,78.2379253292243,6.783911882279142,143.0709,0.883231149675779,4.540559725247261,True,True,IF-2,0.6777206302515382,0.4754704610931884,0.20225016915834976,True,True
development_3,two_day_positive_sustained_spike,2,CA_1,HOUSEHOLD_1,2015-08-05,2,707.0,993.1418,708.8584816761701,78.2379253292243,6.783911882279142,143.0709,-0.11046296948803436,3.546865606083449,True,True,IF-2,0.6492211971542473,0.4642719167450674,0.1849492804091799,True,True
development_3,two_day_positive_sustained_spike,4,CA_1,HOUSEHOLD_1,2015-08-04,1,798.0,1370.2836,722.1139153809423,78.2379253292243,6.783911882279142,143.0709,0.883231149675779,8.197888300818747,True,True,IF-2,0.7154393424311419,0.4754704610931884,0.23996888133795352,True,True
development_3,two_day_positive_sustained_spike,4,CA_1,HOUSEHOLD_1,2015-08-05,2,707.0,1279.2836,708.8584816761701,78.2379253292243,6.783911882279142,143.0709,-0.11046296948803436,7.204194181654933,True,True,IF-2,0.7166040453694922,0.4642719167450674,0.2523321286244248,True,True
development_3,two_day_negative_sustained_drop,2,CA_1,HOUSEHOLD_1,2015-08-06,1,704.0,417.8582,710.4951917363688,78.2379253292243,6.783911882279142,143.0709,-0.169727195126528,-3.8270557706980117,True,True,IF-2,0.6563010552167167,0.4617032654453527,0.194597789771364,True,True
development_3,two_day_negative_sustained_drop,2,CA_1,HOUSEHOLD_1,2015-08-07,2,783.0,496.8582,824.1821556532225,78.2379253292243,6.783911882279142,143.0709,-0.613079492249583,-4.270408067821067,True,True,IF-2,0.6591914365479148,0.4602221035381362,0.1989693330097786,True,True
development_3,two_day_negative_sustained_drop,4,CA_1,HOUSEHOLD_1,2015-08-06,1,704.0,131.71640000000002,710.4951917363688,78.2379253292243,6.783911882279142,143.0709,-0.169727195126528,-7.484384346269494,True,True,IF-2,0.7081631272629926,0.4617032654453527,0.2464598618176399,True,True
development_3,two_day_negative_sustained_drop,4,CA_1,HOUSEHOLD_1,2015-08-07,2,783.0,210.71640000000002,824.1821556532225,78.2379253292243,6.783911882279142,143.0709,-0.613079492249583,-7.927736643392551,True,True,IF-2,0.7016720525748713,0.4602221035381362,0.2414499490367351,True,True
development_3,three_day_positive_sustained_spike,2,CA_1,HOUSEHOLD_1,2015-08-08,1,1121.0,1407.1417999999999,1010.7930690821012,78.2379253292243,6.783911882279142,143.0709,1.3219039053044503,4.979232480875934,True,True,IF-2,0.692474545527339,0.5024849228784412,0.18998962264889785,True,True
development_3,three_day_positive_sustained_spike,2,CA_1,HOUSEHOLD_1,2015-08-09,2,1115.0,1401.1417999999999,1048.6522658963172,78.2379253292243,6.783911882279142,143.0709,0.7613164839271973,4.4186450594986795,True,True,IF-2,0.6649701369970412,0.4679592300231938,0.19701090697384743,True,True
development_3,three_day_positive_sustained_spike,2,CA_1,HOUSEHOLD_1,2015-08-10,3,847.0,1133.1417999999999,788.7963502904279,78.2379253292243,6.783911882279142,143.0709,0.6572226654901611,4.314551241061643,True,True,IF-2,0.6725984048163556,0.47924972824608664,0.19334867657026894,True,True
development_3,three_day_positive_sustained_spike,4,CA_1,HOUSEHOLD_1,2015-08-08,1,1121.0,1693.2836,1010.7930690821012,78.2379253292243,6.783911882279142,143.0709,1.3219039053044503,8.63656105644742,True,True,IF-2,0.7112887606195117,0.5024849228784412,0.20880383774107059,True,True
development_3,three_day_positive_sustained_spike,4,CA_1,HOUSEHOLD_1,2015-08-09,2,1115.0,1687.2836,1048.6522658963172,78.2379253292243,6.783911882279142,143.0709,0.7613164839271973,8.075973635070163,True,True,IF-2,0.7112807256692764,0.4679592300231938,0.24332149564608258,True,True
development_3,three_day_positive_sustained_spike,4,CA_1,HOUSEHOLD_1,2015-08-10,3,847.0,1419.2836,788.7963502904279,78.2379253292243,6.783911882279142,143.0709,0.6572226654901611,7.971879816633128,True,True,IF-2,0.7218106118264846,0.47924972824608664,0.242560883580398,True,True
development_3,three_day_negative_sustained_drop,2,CA_1,HOUSEHOLD_1,2015-08-11,1,733.0,446.8582,698.0619726326084,78.2379253292243,6.783911882279142,143.0709,0.3598525314499358,-3.297476044121548,True,True,IF-2,0.6194725164805386,0.4260859141642392,0.1933866023162994,True,False
development_3,three_day_negative_sustained_drop,2,CA_1,HOUSEHOLD_1,2015-08-12,2,692.0,405.8582,692.1715188906741,78.2379253292243,6.783911882279142,143.0709,-0.08890101243974496,-3.7462295880112286,True,True,IF-2,0.6336951847192542,0.4385950822401314,0.19510010247912285,True,True
development_3,three_day_negative_sustained_drop,2,CA_1,HOUSEHOLD_1,2015-08-13,3,607.0,320.8582,693.0637657087805,78.2379253292243,6.783911882279142,143.0709,-1.1867349140504129,-4.844063489621896,True,True,IF-2,0.6676044014429234,0.476088539505265,0.19151586193765846,True,True
development_3,three_day_negative_sustained_drop,4,CA_1,HOUSEHOLD_1,2015-08-11,1,733.0,160.71640000000002,698.0619726326084,78.2379253292243,6.783911882279142,143.0709,0.3598525314499358,-6.95480461969303,True,True,IF-2,0.692485111993104,0.4260859141642392,0.26639919782886484,True,True
development_3,three_day_negative_sustained_drop,4,CA_1,HOUSEHOLD_1,2015-08-12,2,692.0,119.71640000000002,692.1715188906741,78.2379253292243,6.783911882279142,143.0709,-0.08890101243974496,-7.403558163582711,True,True,IF-2,0.6909790237054337,0.4385950822401314,0.25238394146530235,True,True
development_3,three_day_negative_sustained_drop,4,CA_1,HOUSEHOLD_1,2015-08-13,3,607.0,34.71640000000002,693.0637657087805,78.2379253292243,6.783911882279142,143.0709,-1.1867349140504129,-8.50139206519338,True,True,IF-2,0.6946158250070507,0.476088539505265,0.21852728550178568,True,True
development_3,one_day_positive_spike,2,CA_1,HOUSEHOLD_2,2015-07-21,1,180.0,277.85159999999996,209.06466150292124,27.76088292934403,-3.601418388884994,48.925799999999995,-0.9172346275456853,2.607566807950737,False,True,IF-2,0.48702595630240286,0.413738544689626,0.07328741161277685,False,False
development_3,one_day_positive_spike,4,CA_1,HOUSEHOLD_2,2015-07-21,1,180.0,375.7032,209.06466150292124,27.76088292934403,-3.601418388884994,48.925799999999995,-0.9172346275456853,6.132368243447162,True,True,IF-2,0.6045168127308723,0.413738544689626,0.1907782680412463,True,False
development_3,one_day_negative_drop,2,CA_1,HOUSEHOLD_2,2015-07-22,1,164.0,66.14840000000001,209.06466150292124,27.76088292934403,-3.601418388884994,48.925799999999995,-1.493585172329243,-5.018386607825667,True,True,IF-2,0.5715027535601631,0.45742735497218573,0.11407539858797738,False,False
development_3,one_day_negative_drop,4,CA_1,HOUSEHOLD_2,2015-07-22,1,164.0,0.0,209.06466150292124,27.76088292934403,-3.601418388884994,48.925799999999995,-1.493585172329243,-7.401178256360709,True,True,IF-2,0.6039562392128932,0.45742735497218573,0.14652888424070748,True,False
development_3,two_day_positive_sustained_spike,2,CA_1,HOUSEHOLD_2,2015-07-23,1,204.0,301.85159999999996,210.17691745612552,27.76088292934403,-3.601418388884994,48.925799999999995,-0.09277439315585145,3.4320270423405708,True,True,IF-2,0.5352941153400884,0.40834123560469965,0.12695287973538877,False,False
development_3,two_day_positive_sustained_spike,2,CA_1,HOUSEHOLD_2,2015-07-24,2,259.0,356.85159999999996,251.61756683801033,27.76088292934403,-3.601418388884994,48.925799999999995,0.395659301573021,3.920460737069443,True,True,IF-2,0.5518279299178277,0.412739317081731,0.1390886128360967,False,False
development_3,two_day_positive_sustained_spike,4,CA_1,HOUSEHOLD_2,2015-07-23,1,204.0,399.7032,210.17691745612552,27.76088292934403,-3.601418388884994,48.925799999999995,-0.09277439315585145,6.9568284778369955,True,True,IF-2,0.6266244529185374,0.40834123560469965,0.21828321731383776,True,False
development_3,two_day_positive_sustained_spike,4,CA_1,HOUSEHOLD_2,2015-07-24,2,259.0,454.7032,251.61756683801033,27.76088292934403,-3.601418388884994,48.925799999999995,0.395659301573021,7.445262172565867,True,True,IF-2,0.6246431687846928,0.412739317081731,0.21190385170296183,True,False
development_3,two_day_negative_sustained_drop,2,CA_1,HOUSEHOLD_2,2015-07-25,1,239.0,141.1484,290.6057670135861,27.76088292934403,-3.601418388884994,48.925799999999995,-1.7292082801141446,-5.254009715610568,True,True,IF-2,0.5672486857376953,0.45514606489609744,0.11210262084159783,False,False
development_3,two_day_negative_sustained_drop,2,CA_1,HOUSEHOLD_2,2015-07-26,2,287.0,189.1484,295.59403988970774,27.76088292934403,-3.601418388884994,48.925799999999995,-0.17984375761858098,-3.704645193115004,True,True,IF-2,0.5308478048782022,0.4093000997123761,0.12154770516582608,False,False
development_3,two_day_negative_sustained_drop,4,CA_1,HOUSEHOLD_2,2015-07-25,1,239.0,43.29680000000002,290.6057670135861,27.76088292934403,-3.601418388884994,48.925799999999995,-1.7292082801141446,-8.778811151106991,True,True,IF-2,0.6084268601439424,0.45514606489609744,0.153280795247845,True,False
development_3,two_day_negative_sustained_drop,4,CA_1,HOUSEHOLD_2,2015-07-26,2,287.0,91.29680000000002,295.59403988970774,27.76088292934403,-3.601418388884994,48.925799999999995,-0.17984375761858098,-7.229446628611427,True,True,IF-2,0.5848575320953748,0.4093000997123761,0.17555743238299876,False,False
development_3,three_day_positive_sustained_spike,2,CA_1,HOUSEHOLD_2,2015-07-27,1,250.0,347.85159999999996,210.9485469714063,27.76088292934403,-3.601418388884994,48.925799999999995,1.53643785487793,5.061239290374353,True,True,IF-2,0.5929331501601363,0.44909071643674175,0.1438424337233945,True,False
development_3,three_day_positive_sustained_spike,2,CA_1,HOUSEHOLD_2,2015-07-28,2,184.0,281.85159999999996,207.63315971508752,27.76088292934403,-3.601418388884994,48.925799999999995,-0.7215815641450081,2.803219871351414,False,True,IF-2,0.4965829917805546,0.4071666983681428,0.08941629341241181,False,False
development_3,three_day_positive_sustained_spike,2,CA_1,HOUSEHOLD_2,2015-07-29,3,191.0,288.85159999999996,207.63315971508752,27.76088292934403,-3.601418388884994,48.925799999999995,-0.4694282008022016,3.0553732346942204,True,True,IF-2,0.5181364054685362,0.4145186246250856,0.10361778084345064,False,False
development_3,three_day_positive_sustained_spike,4,CA_1,HOUSEHOLD_2,2015-07-27,1,250.0,445.7032,210.9485469714063,27.76088292934403,-3.601418388884994,48.925799999999995,1.53643785487793,8.586040725870777,True,True,IF-2,0.6367244827705475,0.44909071643674175,0.18763376633380574,True,True
development_3,three_day_positive_sustained_spike,4,CA_1,HOUSEHOLD_2,2015-07-28,2,184.0,379.7032,207.63315971508752,27.76088292934403,-3.601418388884994,48.925799999999995,-0.7215815641450081,6.328021306847838,True,True,IF-2,0.6071423980476196,0.4071666983681428,0.19997569967947681,True,False
development_3,three_day_positive_sustained_spike,4,CA_1,HOUSEHOLD_2,2015-07-29,3,191.0,386.7032,207.63315971508752,27.76088292934403,-3.601418388884994,48.925799999999995,-0.4694282008022016,6.580174670190645,True,True,IF-2,0.6225772149681926,0.4145186246250856,0.20805859034310703,True,False
development_3,three_day_negative_sustained_drop,2,CA_1,HOUSEHOLD_2,2015-07-30,1,204.0,106.14840000000001,209.33951640604772,27.76088292934403,-3.601418388884994,48.925799999999995,-0.06260960869243495,-3.5874110441888583,True,True,IF-2,0.5427828035491379,0.410064203229407,0.13271860031973087,False,False
development_3,three_day_negative_sustained_drop,2,CA_1,HOUSEHOLD_2,2015-07-31,2,246.0,148.1484,260.7798582400252,27.76088292934403,-3.601418388884994,48.925799999999995,-0.4026687436271803,-3.9274701791236035,True,True,IF-2,0.5448038909297277,0.40961185525587723,0.13519203567385046,False,False
development_3,three_day_negative_sustained_drop,2,CA_1,HOUSEHOLD_2,2015-08-01,3,272.0,174.1484,339.7339964638764,27.76088292934403,-3.601418388884994,48.925799999999995,-2.310177894493459,-5.834979329989882,True,True,IF-2,0.5946206850522979,0.5090091442120499,0.08561154084024802,True,False
development_3,three_day_negative_sustained_drop,4,CA_1,HOUSEHOLD_2,2015-07-30,1,204.0,8.296800000000019,209.33951640604772,27.76088292934403,-3.601418388884994,48.925799999999995,-0.06260960869243495,-7.11221247968528,True,True,IF-2,0.6034845837758533,0.410064203229407,0.19342038054644634,True,False
development_3,three_day_negative_sustained_drop,4,CA_1,HOUSEHOLD_2,2015-07-31,2,246.0,50.29680000000002,260.7798582400252,27.76088292934403,-3.601418388884994,48.925799999999995,-0.4026687436271803,-7.452271614620026,True,True,IF-2,0.6024965562789767,0.40961185525587723,0.19288470102309946,True,False
development_3,three_day_negative_sustained_drop,4,CA_1,HOUSEHOLD_2,2015-08-01,3,272.0,76.29680000000002,339.7339964638764,27.76088292934403,-3.601418388884994,48.925799999999995,-2.310177894493459,-9.359780765486304,True,True,IF-2,0.635949244555022,0.5090091442120499,0.1269401003429721,True,True
development_3,one_day_positive_spike,2,CA_2,FOODS_1,2015-08-02,1,495.0,638.8122,537.8578684269339,39.7685446866221,-25.9858848523576,71.9061,-0.42425448825267054,3.1919754023115052,True,True,IF-2,0.5199493269559647,0.4449080931400827,0.07504123381588201,False,False
development_3,one_day_positive_spike,4,CA_2,FOODS_1,2015-08-02,1,495.0,782.6243999999999,537.8578684269339,39.7685446866221,-25.9858848523576,71.9061,-0.42425448825267054,6.80820529287568,True,True,IF-2,0.6313678059376067,0.4449080931400827,0.18645971279752394,True,False
development_3,one_day_negative_drop,2,CA_2,FOODS_1,2015-08-03,1,341.0,197.1878,435.8527132124909,39.7685446866221,-25.9858848523576,71.9061,-1.731690935708284,-5.3479208262724605,True,True,IF-2,0.6362144068047643,0.5203826248248542,0.11583178197991006,True,True
development_3,one_day_negative_drop,4,CA_2,FOODS_1,2015-08-03,1,341.0,53.37560000000002,435.8527132124909,39.7685446866221,-25.9858848523576,71.9061,-1.731690935708284,-8.964150716836636,True,True,IF-2,0.6905394532682385,0.5203826248248542,0.1701568284433843,True,True
development_3,two_day_positive_sustained_spike,2,CA_2,FOODS_1,2015-08-04,1,457.0,600.8122,397.12438004577024,39.7685446866221,-25.9858848523576,71.9061,2.1590305977545783,5.775260488318754,True,True,IF-2,0.6295250738513838,0.48599087563449217,0.14353419821689162,True,False
development_3,two_day_positive_sustained_spike,2,CA_2,FOODS_1,2015-08-05,2,400.0,543.8122,393.9245112034265,39.7685446866221,-25.9858848523576,71.9061,0.8061993191246046,4.4224292096887785,True,True,IF-2,0.5970197839001069,0.45785817909580606,0.13916160480430084,True,False
development_3,two_day_positive_sustained_spike,4,CA_2,FOODS_1,2015-08-04,1,457.0,744.6243999999999,397.12438004577024,39.7685446866221,-25.9858848523576,71.9061,2.1590305977545783,9.39149037888293,True,True,IF-2,0.6798784498394017,0.48599087563449217,0.19388757420490954,True,True
development_3,two_day_positive_sustained_spike,4,CA_2,FOODS_1,2015-08-05,2,400.0,687.6243999999999,393.9245112034265,39.7685446866221,-25.9858848523576,71.9061,0.8061993191246046,8.038659100252953,True,True,IF-2,0.6733566575466972,0.45785817909580606,0.2154984784508911,True,True
development_3,two_day_negative_sustained_drop,2,CA_2,FOODS_1,2015-08-06,1,394.0,250.1878,405.07378114372415,39.7685446866221,-25.9858848523576,71.9061,0.37497232614724757,-3.241257564416929,True,True,IF-2,0.5950397008497397,0.44888631235345755,0.14615338849628212,True,False
development_3,two_day_negative_sustained_drop,2,CA_2,FOODS_1,2015-08-07,2,500.0,356.18780000000004,473.2743894903493,39.7685446866221,-25.9858848523576,71.9061,1.3254569855994793,-2.290772904964696,False,True,IF-2,0.5393266030295528,0.4625601589394573,0.07676644409009553,False,False
development_3,two_day_negative_sustained_drop,4,CA_2,FOODS_1,2015-08-06,1,394.0,106.37560000000002,405.07378114372415,39.7685446866221,-25.9858848523576,71.9061,0.37497232614724757,-6.857487454981106,True,True,IF-2,0.6546990861990386,0.44888631235345755,0.20581277384558105,True,True
development_3,two_day_negative_sustained_drop,4,CA_2,FOODS_1,2015-08-07,2,500.0,212.37560000000002,473.2743894903493,39.7685446866221,-25.9858848523576,71.9061,1.3254569855994793,-5.907002795528873,True,True,IF-2,0.6319180094677377,0.4625601589394573,0.1693578505282804,True,False
development_3,three_day_positive_sustained_spike,2,CA_2,FOODS_1,2015-08-08,1,429.0,572.8122,561.051924477295,39.7685446866221,-25.9858848523576,71.9061,-2.667083758300498,0.9491461322636778,False,True,IF-2,0.4618280641315427,0.5578286601310735,-0.09600059599953076,False,False
development_3,three_day_positive_sustained_spike,2,CA_2,FOODS_1,2015-08-09,2,522.0,665.8122,541.4610056464118,39.7685446866221,-25.9858848523576,71.9061,0.16407135984890006,3.7803012504130757,True,True,IF-2,0.5486222438251136,0.43781460364298797,0.11080764018212563,False,False
development_3,three_day_positive_sustained_spike,2,CA_2,FOODS_1,2015-08-10,3,390.0,533.8122,430.4317386379256,39.7685446866221,-25.9858848523576,71.9061,-0.3632482380082544,3.252981652555921,True,True,IF-2,0.5545254582141894,0.457792114926547,0.09673334328764244,False,False
development_3,three_day_positive_sustained_spike,4,CA_2,FOODS_1,2015-08-08,1,429.0,716.6243999999999,561.051924477295,39.7685446866221,-25.9858848523576,71.9061,-2.667083758300498,4.565376022827853,True,True,IF-2,0.5861103990951577,0.5578286601310735,0.028281738964084258,False,False
development_3,three_day_positive_sustained_spike,4,CA_2,FOODS_1,2015-08-09,2,522.0,809.6243999999999,541.4610056464118,39.7685446866221,-25.9858848523576,71.9061,0.16407135984890006,7.396531140977251,True,True,IF-2,0.6402570829985188,0.43781460364298797,0.20244247935553084,True,True
development_3,three_day_positive_sustained_spike,4,CA_2,FOODS_1,2015-08-10,3,390.0,677.6243999999999,430.4317386379256,39.7685446866221,-25.9858848523576,71.9061,-0.3632482380082544,6.869211543120096,True,True,IF-2,0.651869795828473,0.457792114926547,0.19407768090192606,True,True
development_3,three_day_negative_sustained_drop,2,CA_2,FOODS_1,2015-08-11,1,315.0,171.1878,381.01652358115354,39.7685446866221,-25.9858848523576,71.9061,-1.00659048613016,-4.622820376694336,True,True,IF-2,0.6009890198789966,0.44353652770827584,0.15745249217072071,True,False
development_3,three_day_negative_sustained_drop,2,CA_2,FOODS_1,2015-08-12,2,352.0,208.1878,381.03009950527894,39.7685446866221,-25.9858848523576,71.9061,-0.07654830411597625,-3.6927781946801526,True,True,IF-2,0.5931896035536306,0.4189468340427276,0.174242769510903,True,False
development_3,three_day_negative_sustained_drop,2,CA_2,FOODS_1,2015-08-13,3,457.0,313.18780000000004,391.6644793710769,39.7685446866221,-25.9858848523576,71.9061,2.296322538350283,-1.3199073522138924,False,True,IF-2,0.46786370998498467,0.48189495909920665,-0.014031249114221989,False,False
development_3,three_day_negative_sustained_drop,4,CA_2,FOODS_1,2015-08-11,1,315.0,27.37560000000002,381.01652358115354,39.7685446866221,-25.9858848523576,71.9061,-1.00659048613016,-8.239050267258513,True,True,IF-2,0.6572981065549652,0.44353652770827584,0.2137615788466894,True,True
development_3,three_day_negative_sustained_drop,4,CA_2,FOODS_1,2015-08-12,2,352.0,64.37560000000002,381.03009950527894,39.7685446866221,-25.9858848523576,71.9061,-0.07654830411597625,-7.309008085244328,True,True,IF-2,0.6439599599050201,0.4189468340427276,0.2250131258622925,True,True
development_3,three_day_negative_sustained_drop,4,CA_2,FOODS_1,2015-08-13,3,457.0,169.37560000000002,391.6644793710769,39.7685446866221,-25.9858848523576,71.9061,2.296322538350283,-4.936137242778069,True,True,IF-2,0.6101449726437708,0.48189495909920665,0.1282500135445641,True,False
development_3,one_day_positive_spike,2,CA_2,FOODS_2,2015-07-21,1,339.0,380.51279999999997,303.13477977695175,20.09725404436599,-27.882194896998143,20.7564,3.1719465246008163,5.2375421481799265,True,True,IF-2,0.5495149819632124,0.4950975488993793,0.054417433063833065,False,False
development_3,one_day_positive_spike,4,CA_2,FOODS_2,2015-07-21,1,339.0,422.0256,303.13477977695175,20.09725404436599,-27.882194896998143,20.7564,3.1719465246008163,7.303137771759041,True,True,IF-2,0.5799643046159716,0.4950975488993793,0.0848667557165923,False,False
development_3,one_day_negative_drop,2,CA_2,FOODS_2,2015-07-22,1,287.0,245.4872,303.13477977695175,20.09725404436599,-27.882194896998143,20.7564,0.5845283686076326,-1.4810672549714796,False,True,IF-2,0.4633360162236889,0.4181824658992618,0.04515355032442714,False,False
development_3,one_day_negative_drop,4,CA_2,FOODS_2,2015-07-22,1,287.0,203.9744,303.13477977695175,20.09725404436599,-27.882194896998143,20.7564,0.5845283686076326,-3.546662878550592,True,True,IF-2,0.5424224527624227,0.4181824658992618,0.12423998686316096,False,False
development_3,two_day_positive_sustained_spike,2,CA_2,FOODS_2,2015-07-23,1,227.0,268.51279999999997,313.85936913078234,20.09725404436599,-27.882194896998143,20.7564,-2.934588680801281,-0.8689930572221702,False,False,IF-2,0.4272542728909541,0.5219585552225545,-0.09470428233160044,False,False
development_3,two_day_positive_sustained_spike,2,CA_2,FOODS_2,2015-07-24,2,329.0,370.51279999999997,343.4817045995128,20.09725404436599,-27.882194896998143,20.7564,0.6667821518254632,2.732377775404574,False,True,IF-2,0.4826873708703011,0.4178931240580975,0.06479424681220364,False,False
development_3,two_day_positive_sustained_spike,4,CA_2,FOODS_2,2015-07-23,1,227.0,310.0256,313.85936913078234,20.09725404436599,-27.882194896998143,20.7564,-2.934588680801281,1.1966025663569433,False,True,IF-2,0.43675296678106335,0.5219585552225545,-0.08520558844149118,False,False
development_3,two_day_positive_sustained_spike,4,CA_2,FOODS_2,2015-07-24,2,329.0,412.0256,343.4817045995128,20.09725404436599,-27.882194896998143,20.7564,0.6667821518254632,4.797973398983688,True,True,IF-2,0.5323558358983425,0.4178931240580975,0.11446271184024498,False,False
development_3,two_day_negative_sustained_drop,2,CA_2,FOODS_2,2015-07-25,1,430.0,388.48720000000003,411.9813319535496,20.09725404436599,-27.882194896998143,20.7564,2.283937041454492,0.21834141787537872,False,False,IF-2,0.41344051933851195,0.46154115579471067,-0.04810063645619872,False,False
development_3,two_day_negative_sustained_drop,2,CA_2,FOODS_2,2015-07-26,2,520.0,478.48720000000003,417.261353057269,20.09725404436599,-27.882194896998143,20.7564,6.499437263985178,4.433841640406068,True,False,IF-2,0.5116279037851794,0.545577002318298,-0.03394909853311856,False,False
development_3,two_day_negative_sustained_drop,4,CA_2,FOODS_2,2015-07-25,1,430.0,346.9744,411.9813319535496,20.09725404436599,-27.882194896998143,20.7564,2.283937041454492,-1.8472542057037347,False,True,IF-2,0.4686406520836243,0.46154115579471067,0.007099496288913654,False,False
development_3,two_day_negative_sustained_drop,4,CA_2,FOODS_2,2015-07-26,2,520.0,436.9744,417.261353057269,20.09725404436599,-27.882194896998143,20.7564,6.499437263985178,2.3682460168269546,False,False,IF-2,0.46120971818884166,0.545577002318298,-0.08436728412945632,False,False
development_3,three_day_positive_sustained_spike,2,CA_2,FOODS_2,2015-07-27,1,418.0,459.51279999999997,287.9039313167776,20.09725404436599,-27.882194896998143,20.7564,7.860688989225759,9.926284612804869,True,True,IF-2,0.6097285027770242,0.5873847123503466,0.022343790426677557,True,False
development_3,three_day_positive_sustained_spike,2,CA_2,FOODS_2,2015-07-28,2,248.0,289.51279999999997,281.49323016795756,20.09725404436599,-27.882194896998143,20.7564,-0.27919412565381796,1.7864014979252927,False,True,IF-2,0.44956175533538384,0.40978210395286857,0.03977965138251527,False,False
development_3,three_day_positive_sustained_spike,2,CA_2,FOODS_2,2015-07-29,3,221.0,262.51279999999997,281.49323016795756,20.09725404436599,-27.882194896998143,20.7564,-1.6226612451118172,0.4429343784672935,False,True,IF-2,0.4170131992451213,0.4693837897163004,-0.05237059047117909,False,False
development_3,three_day_positive_sustained_spike,4,CA_2,FOODS_2,2015-07-27,1,418.0,501.0256,287.9039313167776,20.09725404436599,-27.882194896998143,20.7564,7.860688989225759,11.991880236383983,True,True,IF-2,0.6249053984363526,0.5873847123503466,0.037520686086006005,True,False
development_3,three_day_positive_sustained_spike,4,CA_2,FOODS_2,2015-07-28,2,248.0,331.0256,281.49323016795756,20.09725404436599,-27.882194896998143,20.7564,-0.27919412565381796,3.8519971215044064,True,True,IF-2,0.5172276970166804,0.40978210395286857,0.1074455930638118,False,False
development_3,three_day_positive_sustained_spike,4,CA_2,FOODS_2,2015-07-29,3,221.0,304.0256,281.49323016795756,20.09725404436599,-27.882194896998143,20.7564,-1.6226612451118172,2.508530002046407,False,True,IF-2,0.4798842466048652,0.4693837897163004,0.010500456888564769,False,False
development_3,three_day_negative_sustained_drop,2,CA_2,FOODS_2,2015-07-30,1,298.0,256.48720000000003,293.80152011837663,20.09725404436599,-27.882194896998143,20.7564,1.5962715457445753,-0.46932407783453545,False,True,IF-2,0.4144967034280565,0.4498018242298023,-0.035305120801745804,False,False
development_3,three_day_negative_sustained_drop,2,CA_2,FOODS_2,2015-07-31,2,369.0,327.48720000000003,346.08961516988944,20.09725404436599,-27.882194896998143,20.7564,2.5273392879933145,0.4617436644142039,False,False,IF-2,0.4143974675713557,0.47707038405653723,-0.06267291648518153,False,False
development_3,three_day_negative_sustained_drop,2,CA_2,FOODS_2,2015-08-01,3,516.0,474.48720000000003,490.4989003111284,20.09725404436599,-27.882194896998143,20.7564,2.65624818535023,0.5906525617711195,False,False,IF-2,0.44975399204124433,0.5040334926366277,-0.054279500595383334,False,False
development_3,three_day_negative_sustained_drop,4,CA_2,FOODS_2,2015-07-30,1,298.0,214.9744,293.80152011837663,20.09725404436599,-27.882194896998143,20.7564,1.5962715457445753,-2.534919701413649,False,True,IF-2,0.5092060709153414,0.4498018242298023,0.05940424668553912,False,False
development_3,three_day_negative_sustained_drop,4,CA_2,FOODS_2,2015-07-31,2,369.0,285.9744,346.08961516988944,20.09725404436599,-27.882194896998143,20.7564,2.5273392879933145,-1.6038519591649096,False,True,IF-2,0.45643451155636044,0.47707038405653723,-0.02063587250017679,False,False
development_3,three_day_negative_sustained_drop,4,CA_2,FOODS_2,2015-08-01,3,516.0,432.9744,490.4989003111284,20.09725404436599,-27.882194896998143,20.7564,2.65624818535023,-1.474943061807994,False,True,IF-2,0.47966167221240896,0.5040334926366277,-0.024371820424218704,False,False
development_3,one_day_positive_spike,2,CA_2,FOODS_3,2015-08-02,1,2250.0,2626.5804,2235.068852265247,111.20367211676187,-11.501883919436295,188.2902,0.2376992697366585,3.6241018302977626,True,True,IF-2,0.6960336080006849,0.5069273868689782,0.18910622113170672,True,True
development_3,one_day_positive_spike,4,CA_2,FOODS_3,2015-08-02,1,2250.0,3003.1608,2235.068852265247,111.20367211676187,-11.501883919436295,188.2902,0.2376992697366585,7.010504390858871,True,True,IF-2,0.7296979554153775,0.5069273868689782,0.22277056854639932,True,True
development_3,one_day_negative_drop,2,CA_2,FOODS_3,2015-08-03,1,1427.0,1050.4196,1824.0730273158167,111.20367211676187,-11.501883919436295,188.2902,-3.467251899663328,-6.853654460224434,True,True,IF-2,0.7198268601991918,0.6984655491162226,0.021361311082969237,True,True
development_3,one_day_negative_drop,4,CA_2,FOODS_3,2015-08-03,1,1427.0,673.8392,1824.0730273158167,111.20367211676187,-11.501883919436295,188.2902,-3.467251899663328,-10.240057020785539,True,True,IF-2,0.7198268601991918,0.6984655491162226,0.021361311082969237,True,True
development_3,two_day_positive_sustained_spike,2,CA_2,FOODS_3,2015-08-04,1,1410.0,1786.5804,1639.3709405289112,111.20367211676187,-11.501883919436295,188.2902,-1.9591894086079846,1.4272131519531215,False,True,IF-2,0.5418044530552584,0.6308756624788983,-0.08907120942363989,False,False
development_3,two_day_positive_sustained_spike,2,CA_2,FOODS_3,2015-08-05,2,1462.0,1838.5804,1632.8886935735952,111.20367211676187,-11.501883919436295,188.2902,-1.43328728827233,1.9531152722887761,False,True,IF-2,0.5940371315249975,0.5999041673425677,-0.005867035817570199,True,False
development_3,two_day_positive_sustained_spike,4,CA_2,FOODS_3,2015-08-04,1,1410.0,2163.1608,1639.3709405289112,111.20367211676187,-11.501883919436295,188.2902,-1.9591894086079846,4.813615712514228,True,True,IF-2,0.7182391074172999,0.6308756624788983,0.08736344493840165,True,True
development_3,two_day_positive_sustained_spike,4,CA_2,FOODS_3,2015-08-05,2,1462.0,2215.1608,1632.8886935735952,111.20367211676187,-11.501883919436295,188.2902,-1.43328728827233,5.339517832849882,True,True,IF-2,0.7251781610309441,0.5999041673425677,0.12527399368837644,True,True
development_3,two_day_negative_sustained_drop,2,CA_2,FOODS_3,2015-08-06,1,1471.0,1094.4196,1639.4037421789008,111.20367211676187,-11.501883919436295,188.2902,-1.4109413409902536,-4.7973439015513595,True,True,IF-2,0.7176732924265604,0.597894151978608,0.11977914044795246,True,True
development_3,two_day_negative_sustained_drop,2,CA_2,FOODS_3,2015-08-07,2,1899.0,1522.4196,1880.2600625435448,111.20367211676187,-11.501883919436295,188.2902,0.2719498448229132,-3.1144527157381927,True,True,IF-2,0.6801563264997673,0.5128344082228783,0.16732191827688903,True,True
development_3,two_day_negative_sustained_drop,4,CA_2,FOODS_3,2015-08-06,1,1471.0,717.8392,1639.4037421789008,111.20367211676187,-11.501883919436295,188.2902,-1.4109413409902536,-8.183746462112465,True,True,IF-2,0.7206733979605994,0.597894151978608,0.12277924598199141,True,True
development_3,two_day_negative_sustained_drop,4,CA_2,FOODS_3,2015-08-07,2,1899.0,1145.8392,1880.2600625435448,111.20367211676187,-11.501883919436295,188.2902,0.2719498448229132,-6.500855276299299,True,True,IF-2,0.7143285044566173,0.5128344082228783,0.20149409623373904,True,True
development_3,three_day_positive_sustained_spike,2,CA_2,FOODS_3,2015-08-08,1,2191.0,2567.5804,2180.514566276022,111.20367211676187,-11.501883919436295,188.2902,0.19772114737657298,3.584123707937677,True,True,IF-2,0.6902064006195064,0.5108095043125036,0.17939689630700284,True,True
development_3,three_day_positive_sustained_spike,2,CA_2,FOODS_3,2015-08-09,2,2166.0,2542.5804,2183.882387316609,111.20367211676187,-11.501883919436295,188.2902,-0.057376732941634756,3.329025827619469,True,True,IF-2,0.6785382494004378,0.5050854291877039,0.1734528202127339,True,True
development_3,three_day_positive_sustained_spike,2,CA_2,FOODS_3,2015-08-10,3,1472.0,1848.5804,1749.2311473818634,111.20367211676187,-11.501883919436295,188.2902,-2.389572739858951,0.9968298207021552,False,True,IF-2,0.528241475977274,0.6503316477575758,-0.12209017178030179,False,False
development_3,three_day_positive_sustained_spike,4,CA_2,FOODS_3,2015-08-08,1,2191.0,2944.1608,2180.514566276022,111.20367211676187,-11.501883919436295,188.2902,0.19772114737657298,6.970526268498785,True,True,IF-2,0.7257896257636858,0.5108095043125036,0.21498012145118217,True,True
development_3,three_day_positive_sustained_spike,4,CA_2,FOODS_3,2015-08-09,2,2166.0,2919.1608,2183.882387316609,111.20367211676187,-11.501883919436295,188.2902,-0.057376732941634756,6.715428388180578,True,True,IF-2,0.7289735498859881,0.5050854291877039,0.22388812069828412,True,True
development_3,three_day_positive_sustained_spike,4,CA_2,FOODS_3,2015-08-10,3,1472.0,2225.1608,1749.2311473818634,111.20367211676187,-11.501883919436295,188.2902,-2.389572739858951,4.383232381263261,True,True,IF-2,0.7174890782939372,0.6503316477575758,0.06715743053636136,True,True
development_3,three_day_negative_sustained_drop,2,CA_2,FOODS_3,2015-08-11,1,1483.0,1106.4196,1437.2465901284777,111.20367211676187,-11.501883919436295,188.2902,0.5148687332091137,-2.8715338273519944,False,True,IF-2,0.6531400899030216,0.467327397462761,0.18581269244026066,True,True
development_3,three_day_negative_sustained_drop,2,CA_2,FOODS_3,2015-08-12,2,1591.0,1214.4196,1440.8907427975882,111.20367211676187,-11.501883919436295,188.2902,1.4532896085675953,-1.9331129519935109,False,True,IF-2,0.601409368415708,0.5441810039408439,0.057228364474864124,True,False
development_3,three_day_negative_sustained_drop,2,CA_2,FOODS_3,2015-08-13,3,1372.0,995.4196,1448.1885124143553,111.20367211676187,-11.501883919436295,188.2902,-0.5816950759233848,-3.9680976364844907,True,True,IF-2,0.6914876835852822,0.49247475496802184,0.1990129286172604,True,True
development_3,three_day_negative_sustained_drop,4,CA_2,FOODS_3,2015-08-11,1,1483.0,729.8392,1437.2465901284777,111.20367211676187,-11.501883919436295,188.2902,0.5148687332091137,-6.2579363879131,True,True,IF-2,0.7050903896490044,0.467327397462761,0.23776299218624342,True,True
development_3,three_day_negative_sustained_drop,4,CA_2,FOODS_3,2015-08-12,2,1591.0,837.8392,1440.8907427975882,111.20367211676187,-11.501883919436295,188.2902,1.4532896085675953,-5.319515512554616,True,True,IF-2,0.7017460837326379,0.5441810039408439,0.15756507979179402,True,True
development_3,three_day_negative_sustained_drop,4,CA_2,FOODS_3,2015-08-13,3,1372.0,618.8392,1448.1885124143553,111.20367211676187,-11.501883919436295,188.2902,-0.5816950759233848,-7.354500197045596,True,True,IF-2,0.7046402827263487,0.49247475496802184,0.21216552775832687,True,True
development_4,one_day_positive_spike,2,CA_1,FOODS_1,2015-10-13,1,237.0,386.7426,269.7034852066881,62.14479902683457,-14.665260657116079,74.87129999999999,-0.29026120982035775,2.119314528534513,False,True,IF-2,0.49894240127671796,0.4004665529227992,0.09847584835391876,False,False
development_4,one_day_positive_spike,4,CA_1,FOODS_1,2015-10-13,1,237.0,536.4852,269.7034852066881,62.14479902683457,-14.665260657116079,74.87129999999999,-0.29026120982035775,4.528890266889385,True,True,IF-2,0.6420411279355746,0.4004665529227992,0.24157457501277535,True,True
development_4,one_day_negative_drop,2,CA_1,FOODS_1,2015-10-14,1,229.0,79.25740000000002,269.7034852066881,62.14479902683457,-14.665260657116079,74.87129999999999,-0.4189928193078314,-2.8285685576627024,False,True,IF-2,0.5860029352549344,0.41648147277690084,0.16952146247803357,False,False
development_4,one_day_negative_drop,4,CA_1,FOODS_1,2015-10-14,1,229.0,0.0,269.7034852066881,62.14479902683457,-14.665260657116079,74.87129999999999,-0.4189928193078314,-4.103935140886764,True,True,IF-2,0.6217356033305039,0.41648147277690084,0.2052541305536031,True,False
development_4,two_day_positive_sustained_spike,2,CA_1,FOODS_1,2015-10-15,1,225.0,374.7426,270.54970768425335,62.14479902683457,-14.665260657116079,74.87129999999999,-0.49697557174175017,1.912600166613121,False,True,IF-2,0.4880008395034156,0.41368480106381045,0.07431603843960516,False,False
development_4,two_day_positive_sustained_spike,2,CA_1,FOODS_1,2015-10-16,2,284.0,433.7426,316.86662341901166,62.14479902683457,-14.665260657116079,74.87129999999999,-0.29288634040052336,2.1166893979543477,False,True,IF-2,0.4907780933050639,0.4086445280116775,0.08213356529338639,False,False
development_4,two_day_positive_sustained_spike,4,CA_1,FOODS_1,2015-10-15,1,225.0,524.4852,270.54970768425335,62.14479902683457,-14.665260657116079,74.87129999999999,-0.49697557174175017,4.322175904967992,True,True,IF-2,0.6372355211122036,0.41368480106381045,0.22355072004839316,True,True
development_4,two_day_positive_sustained_spike,4,CA_1,FOODS_1,2015-10-16,2,284.0,583.4852,316.86662341901166,62.14479902683457,-14.665260657116079,74.87129999999999,-0.29288634040052336,4.5262651363092195,True,True,IF-2,0.6380567816024731,0.4086445280116775,0.22941225359079565,True,True
development_4,two_day_negative_sustained_drop,2,CA_1,FOODS_1,2015-10-17,1,337.0,187.25740000000002,369.055389957358,62.14479902683457,-14.665260657116079,74.87129999999999,-0.2798324167519268,-2.689408155106798,False,True,IF-2,0.5749873550821949,0.41415715387087154,0.16083020121132335,False,False
development_4,two_day_negative_sustained_drop,2,CA_1,FOODS_1,2015-10-18,2,316.0,166.25740000000002,345.6167150101281,62.14479902683457,-14.665260657116079,74.87129999999999,-0.24059059788021603,-2.6501663362350873,False,True,IF-2,0.5750781562928313,0.40616663736388736,0.16891151892894396,False,False
development_4,two_day_negative_sustained_drop,4,CA_1,FOODS_1,2015-10-17,1,337.0,37.51480000000004,369.055389957358,62.14479902683457,-14.665260657116079,74.87129999999999,-0.2798324167519268,-5.09898389346167,True,True,IF-2,0.6435363935596519,0.41415715387087154,0.22937923968878032,True,True
development_4,two_day_negative_sustained_drop,4,CA_1,FOODS_1,2015-10-18,2,316.0,16.514800000000037,345.6167150101281,62.14479902683457,-14.665260657116079,74.87129999999999,-0.24059059788021603,-5.059742074589958,True,True,IF-2,0.6488717226425644,0.40616663736388736,0.24270508527867707,True,True
development_4,three_day_positive_sustained_spike,2,CA_1,FOODS_1,2015-10-19,1,263.0,412.7426,270.51738916585936,62.14479902683457,-14.665260657116079,74.87129999999999,0.11501962518488829,2.5245953635397593,False,True,IF-2,0.5241048783562754,0.40516343435285074,0.11894144400342466,False,False
development_4,three_day_positive_sustained_spike,2,CA_1,FOODS_1,2015-10-20,2,189.0,338.7426,267.4188275883595,62.14479902683457,-14.665260657116079,74.87129999999999,-1.0258874102032924,1.3836883281515788,False,True,IF-2,0.4395216100605238,0.44927058687447774,-0.009748976813953925,False,False
development_4,three_day_positive_sustained_spike,2,CA_1,FOODS_1,2015-10-21,3,215.0,364.7426,267.4188275883595,62.14479902683457,-14.665260657116079,74.87129999999999,-0.607509679369003,1.8020660589858681,False,True,IF-2,0.48912369426561264,0.4229634412383686,0.06616025302724404,False,False
development_4,three_day_positive_sustained_spike,4,CA_1,FOODS_1,2015-10-19,1,263.0,562.4852,270.51738916585936,62.14479902683457,-14.665260657116079,74.87129999999999,0.11501962518488829,4.934171101894631,True,True,IF-2,0.6468132953764059,0.40516343435285074,0.24164986102355512,True,True
development_4,three_day_positive_sustained_spike,4,CA_1,FOODS_1,2015-10-20,2,189.0,488.48519999999996,267.4188275883595,62.14479902683457,-14.665260657116079,74.87129999999999,-1.0258874102032924,3.79326406650645,True,True,IF-2,0.6059990425881725,0.44927058687447774,0.15672845571369476,True,False
development_4,three_day_positive_sustained_spike,4,CA_1,FOODS_1,2015-10-21,3,215.0,514.4852,267.4188275883595,62.14479902683457,-14.665260657116079,74.87129999999999,-0.607509679369003,4.2116417973407385,True,True,IF-2,0.630977666424648,0.4229634412383686,0.20801422518627943,True,False
development_4,three_day_negative_sustained_drop,2,CA_1,FOODS_1,2015-10-22,1,207.0,57.25740000000002,268.26505006592475,62.14479902683457,-14.665260657116079,74.87129999999999,-0.7498582365466586,-3.1594339749015297,True,True,IF-2,0.6179505182930527,0.43492877791816514,0.18302174037488755,True,False
development_4,three_day_negative_sustained_drop,2,CA_1,FOODS_1,2015-10-23,2,297.0,147.25740000000002,311.61170068610704,62.14479902683457,-14.665260657116079,74.87129999999999,0.0008618576590119644,-2.408713880695859,False,True,IF-2,0.5621341343438615,0.40638441759163113,0.15574971675223037,False,False
development_4,three_day_negative_sustained_drop,2,CA_1,FOODS_1,2015-10-24,3,362.0,212.25740000000002,361.79664311811854,62.14479902683457,-14.665260657116079,74.87129999999999,0.2392576333311041,-2.170318105023767,False,True,IF-2,0.5284528995694425,0.4163499334013225,0.11210296616812004,False,False
development_4,three_day_negative_sustained_drop,4,CA_1,FOODS_1,2015-10-22,1,207.0,0.0,268.26505006592475,62.14479902683457,-14.665260657116079,74.87129999999999,-0.7498582365466586,-4.0807886320350395,True,True,IF-2,0.6394992499205573,0.43492877791816514,0.20457047200239215,True,True
development_4,three_day_negative_sustained_drop,4,CA_1,FOODS_1,2015-10-23,2,297.0,0.0,311.61170068610704,62.14479902683457,-14.665260657116079,74.87129999999999,0.0008618576590119644,-4.778299144563448,True,True,IF-2,0.6488662354564191,0.40638441759163113,0.24248181786478795,True,True
development_4,three_day_negative_sustained_drop,4,CA_1,FOODS_1,2015-10-24,3,362.0,62.51480000000004,361.79664311811854,62.14479902683457,-14.665260657116079,74.87129999999999,0.2392576333311041,-4.579893843378637,True,True,IF-2,0.6296894715252174,0.4163499334013225,0.2133395381238949,True,False
development_4,one_day_positive_spike,2,CA_1,FOODS_2,2015-10-25,1,639.0,852.4944,662.9648945800058,54.60486034584416,7.728493995641968,106.74719999999999,-0.580413325387432,3.3293924803195423,True,True,IF-2,0.5677778127765355,0.41869741370164,0.1490803990748955,False,False
development_4,one_day_positive_spike,4,CA_1,FOODS_2,2015-10-25,1,639.0,1065.9888,662.9648945800058,54.60486034584416,7.728493995641968,106.74719999999999,-0.580413325387432,7.239198286026517,True,True,IF-2,0.6697116863021817,0.41869741370164,0.2510142726005417,True,True
development_4,one_day_negative_drop,2,CA_1,FOODS_2,2015-10-26,1,535.0,321.5056,519.7598820661957,54.60486034584416,7.728493995641968,106.74719999999999,0.13756328448762387,-3.7722425212193498,True,True,IF-2,0.6020235273210514,0.41427981885356757,0.18774370846748378,True,False
development_4,one_day_negative_drop,4,CA_1,FOODS_2,2015-10-26,1,535.0,108.01120000000003,519.7598820661957,54.60486034584416,7.728493995641968,106.74719999999999,0.13756328448762387,-7.6820483269263224,True,True,IF-2,0.6811214425949371,0.41427981885356757,0.26684162374136955,True,True
development_4,two_day_positive_sustained_spike,2,CA_1,FOODS_2,2015-10-27,1,475.0,688.4944,454.0572440479013,54.60486034584416,7.728493995641968,106.74719999999999,0.24199790774599975,4.151803713452973,True,True,IF-2,0.6148097112686768,0.4016223154147559,0.21318739585392088,True,False
development_4,two_day_positive_sustained_spike,2,CA_1,FOODS_2,2015-10-28,2,342.0,555.4944,452.5104622559659,54.60486034584416,7.728493995641968,106.74719999999999,-2.1653558951113903,1.744449910595584,False,True,IF-2,0.4922332136466421,0.5196044374836442,-0.02737122383700208,False,False
development_4,two_day_positive_sustained_spike,4,CA_1,FOODS_2,2015-10-27,1,475.0,901.9888,454.0572440479013,54.60486034584416,7.728493995641968,106.74719999999999,0.24199790774599975,8.061609519159946,True,True,IF-2,0.6932162003891091,0.4016223154147559,0.29159388497435323,True,True
development_4,two_day_positive_sustained_spike,4,CA_1,FOODS_2,2015-10-28,2,342.0,768.9888,452.5104622559659,54.60486034584416,7.728493995641968,106.74719999999999,-2.1653558951113903,5.654255716302557,True,True,IF-2,0.6690832209426856,0.5196044374836442,0.14947878345904142,True,True
development_4,two_day_negative_sustained_drop,2,CA_1,FOODS_2,2015-10-29,1,359.0,145.50560000000002,455.777927183964,54.60486034584416,7.728493995641968,106.74719999999999,-1.9138666506553876,-5.8236724563623605,True,True,IF-2,0.6547055729405892,0.4969913341544602,0.157714238786129,True,True
development_4,two_day_negative_sustained_drop,2,CA_1,FOODS_2,2015-10-30,2,489.0,275.5056,492.8107296588738,54.60486034584416,7.728493995641968,106.74719999999999,-0.2113222812297514,-4.121128086936725,True,True,IF-2,0.6137038994252486,0.41760416349884627,0.19609973592640234,True,False
development_4,two_day_negative_sustained_drop,4,CA_1,FOODS_2,2015-10-29,1,359.0,0.0,455.777927183964,54.60486034584416,7.728493995641968,106.74719999999999,-1.9138666506553876,-8.4883729807924,True,True,IF-2,0.6895104498531456,0.4969913341544602,0.1925191156986854,True,True
development_4,two_day_negative_sustained_drop,4,CA_1,FOODS_2,2015-10-30,2,489.0,62.01120000000003,492.8107296588738,54.60486034584416,7.728493995641968,106.74719999999999,-0.2113222812297514,-8.030933892643697,True,True,IF-2,0.6858488601859712,0.41760416349884627,0.268244696687125,True,True
development_4,three_day_positive_sustained_spike,2,CA_1,FOODS_2,2015-10-31,1,526.0,739.4944,584.8735066870805,54.60486034584416,7.728493995641968,106.74719999999999,-1.2197082871541747,2.6900975185528,False,True,IF-2,0.6258507846602134,0.5640263345285887,0.06182445013162463,True,False
development_4,three_day_positive_sustained_spike,2,CA_1,FOODS_2,2015-11-01,2,688.0,901.4944,784.3384624997943,54.60486034584416,7.728493995641968,106.74719999999999,-1.9058185633352063,2.003987242371768,False,True,IF-2,0.50586394058552,0.5030724546859167,0.0027914858996033187,False,False
development_4,three_day_positive_sustained_spike,2,CA_1,FOODS_2,2015-11-02,3,575.0,788.4944,653.0960902575379,54.60486034584416,7.728493995641968,106.74719999999999,-1.571738920484424,2.3380668852225504,False,True,IF-2,0.5436648689151341,0.5118419512350973,0.031822917680036755,False,False
development_4,three_day_positive_sustained_spike,4,CA_1,FOODS_2,2015-10-31,1,526.0,952.9888,584.8735066870805,54.60486034584416,7.728493995641968,106.74719999999999,-1.2197082871541747,6.599903324259773,True,True,IF-2,0.7162116325865565,0.5640263345285887,0.15218529805796777,True,True
development_4,three_day_positive_sustained_spike,4,CA_1,FOODS_2,2015-11-01,2,688.0,1114.9888,784.3384624997943,54.60486034584416,7.728493995641968,106.74719999999999,-1.9058185633352063,5.913793048078743,True,True,IF-2,0.6677927442795242,0.5030724546859167,0.16472028959360752,True,True
development_4,three_day_positive_sustained_spike,4,CA_1,FOODS_2,2015-11-02,3,575.0,1001.9888,653.0960902575379,54.60486034584416,7.728493995641968,106.74719999999999,-1.571738920484424,6.2478726909295235,True,True,IF-2,0.688377050844233,0.5118419512350973,0.1765350996091356,True,True
development_4,three_day_negative_sustained_drop,2,CA_1,FOODS_2,2015-11-03,1,622.0,408.5056,601.0215197816923,54.60486034584416,7.728493995641968,106.74719999999999,0.2426521400978945,-3.667153665609079,True,True,IF-2,0.603925765643128,0.4417292268827783,0.16219653876034973,True,False
development_4,three_day_negative_sustained_drop,2,CA_1,FOODS_2,2015-11-04,2,525.0,311.5056,572.6170965406551,54.60486034584416,7.728493995641968,106.74719999999999,-1.0135652794597667,-4.92337108516674,True,True,IF-2,0.6409201828423728,0.47448302355791283,0.16643715928446,True,True
development_4,three_day_negative_sustained_drop,2,CA_1,FOODS_2,2015-11-05,3,440.0,226.50560000000002,574.0589420288231,54.60486034584416,7.728493995641968,106.74719999999999,-2.5966083445034616,-6.506414150210435,True,True,IF-2,0.6774352902821641,0.5789890667483046,0.09844622353385946,True,True
development_4,three_day_negative_sustained_drop,4,CA_1,FOODS_2,2015-11-03,1,622.0,195.01120000000003,601.0215197816923,54.60486034584416,7.728493995641968,106.74719999999999,0.2426521400978945,-7.5769594713160515,True,True,IF-2,0.6855667238122978,0.4417292268827783,0.24383749692951945,True,True
development_4,three_day_negative_sustained_drop,4,CA_1,FOODS_2,2015-11-04,2,525.0,98.01120000000003,572.6170965406551,54.60486034584416,7.728493995641968,106.74719999999999,-1.0135652794597667,-8.833176890873712,True,True,IF-2,0.702878227952171,0.47448302355791283,0.2283952043942582,True,True
development_4,three_day_negative_sustained_drop,4,CA_1,FOODS_2,2015-11-05,3,440.0,13.01120000000003,574.0589420288231,54.60486034584416,7.728493995641968,106.74719999999999,-2.5966083445034616,-10.41621995591741,True,True,IF-2,0.707929269635088,0.5789890667483046,0.12894020288678332,True,True
development_4,one_day_positive_spike,2,CA_1,FOODS_3,2015-10-13,1,1906.0,2770.3558,1724.8064754384272,173.53821622377438,-33.75224410736769,432.17789999999997,1.2386076873797744,6.2193883984447575,True,True,IF-2,0.7208660819864208,0.5507388634525041,0.17012721853391666,True,True
development_4,one_day_positive_spike,4,CA_1,FOODS_3,2015-10-13,1,1906.0,3634.7115999999996,1724.8064754384272,173.53821622377438,-33.75224410736769,432.17789999999997,1.2386076873797744,11.20016910950974,True,True,IF-2,0.7208660819864208,0.5507388634525041,0.17012721853391666,True,True
development_4,one_day_negative_drop,2,CA_1,FOODS_3,2015-10-14,1,1727.0,862.6442000000001,1718.9436664388918,173.53821622377438,-33.75224410736769,432.17789999999997,0.24091856294387912,-4.739862148121105,True,True,IF-2,0.7105006023833806,0.492479216823352,0.21802138556002865,True,True
development_4,one_day_negative_drop,4,CA_1,FOODS_3,2015-10-14,1,1727.0,0.0,1718.9436664388918,173.53821622377438,-33.75224410736769,432.17789999999997,0.24091856294387912,-9.710779901981361,True,True,IF-2,0.7105006023833806,0.492479216823352,0.21802138556002865,True,True
development_4,two_day_positive_sustained_spike,2,CA_1,FOODS_3,2015-10-15,1,1725.0,2589.3558,1719.955083487008,173.53821622377438,-33.75224410736769,432.17789999999997,0.22356551464336452,5.204346225708348,True,True,IF-2,0.7271967981507376,0.4800569102153874,0.2471398879353502,True,True
development_4,two_day_positive_sustained_spike,2,CA_1,FOODS_3,2015-10-16,2,1897.0,2761.3558,2101.9943072141277,173.53821622377438,-33.75224410736769,432.17789999999997,-0.9867686025189202,3.9940121085460634,True,True,IF-2,0.713269576422694,0.5729065258247954,0.14036305059789855,True,True
development_4,two_day_positive_sustained_spike,4,CA_1,FOODS_3,2015-10-15,1,1725.0,3453.7115999999996,1719.955083487008,173.53821622377438,-33.75224410736769,432.17789999999997,0.22356551464336452,10.185126936773331,True,True,IF-2,0.7279194380621816,0.4800569102153874,0.24786252784679424,True,True
development_4,two_day_positive_sustained_spike,4,CA_1,FOODS_3,2015-10-16,2,1897.0,3625.7115999999996,2101.9943072141277,173.53821622377438,-33.75224410736769,432.17789999999997,-0.9867686025189202,8.974792819611046,True,True,IF-2,0.7271382754578325,0.5729065258247954,0.1542317496330371,True,True
development_4,two_day_negative_sustained_drop,2,CA_1,FOODS_3,2015-10-17,1,2611.0,1746.6442000000002,2683.9554785943383,173.53821622377438,-33.75224410736769,432.17789999999997,-0.22590548260804252,-5.2066861936730255,True,True,IF-2,0.7167528623516642,0.5398082646919742,0.17694459765969006,True,True
development_4,two_day_negative_sustained_drop,2,CA_1,FOODS_3,2015-10-18,2,2979.0,2114.6442,2874.2857395149476,173.53821622377438,-33.75224410736769,432.17789999999997,0.7979020852321659,-4.182878625832817,True,True,IF-2,0.7276280333676198,0.5622809510224109,0.1653470823452089,True,True
development_4,two_day_negative_sustained_drop,4,CA_1,FOODS_3,2015-10-17,1,2611.0,882.2884000000001,2683.9554785943383,173.53821622377438,-33.75224410736769,432.17789999999997,-0.22590548260804252,-10.187466904738011,True,True,IF-2,0.7167528623516642,0.5398082646919742,0.17694459765969006,True,True
development_4,two_day_negative_sustained_drop,4,CA_1,FOODS_3,2015-10-18,2,2979.0,1250.2884000000001,2874.2857395149476,173.53821622377438,-33.75224410736769,432.17789999999997,0.7979020852321659,-9.163659336897803,True,True,IF-2,0.7276280333676198,0.5622809510224109,0.1653470823452089,True,True
development_4,three_day_positive_sustained_spike,2,CA_1,FOODS_3,2015-10-19,1,1829.0,2693.3558,1934.438462522733,173.53821622377438,-33.75224410736769,432.17789999999997,-0.4130860623975027,4.567694648667481,True,True,IF-2,0.715300568898069,0.5295939804561527,0.18570658844191634,True,True
development_4,three_day_positive_sustained_spike,2,CA_1,FOODS_3,2015-10-20,2,1693.0,2557.3558,1705.8027673523472,173.53821622377438,-33.75224410736769,432.17789999999997,0.1207196732275182,5.1015003842925015,True,True,IF-2,0.7174341216375797,0.4723174091543822,0.2451167124831975,True,True
development_4,three_day_positive_sustained_spike,2,CA_1,FOODS_3,2015-10-21,3,1600.0,2464.3558,1700.5436508492648,173.53821622377438,-33.75224410736769,432.17789999999997,-0.3848801041942879,4.595900606870695,True,True,IF-2,0.7227639233168747,0.5187223946591806,0.2040415286576941,True,True
development_4,three_day_positive_sustained_spike,4,CA_1,FOODS_3,2015-10-19,1,1829.0,3557.7115999999996,1934.438462522733,173.53821622377438,-33.75224410736769,432.17789999999997,-0.4130860623975027,9.548475359732464,True,True,IF-2,0.7208671086136489,0.5295939804561527,0.1912731281574962,True,True
development_4,three_day_positive_sustained_spike,4,CA_1,FOODS_3,2015-10-20,2,1693.0,3421.7115999999996,1705.8027673523472,173.53821622377438,-33.75224410736769,432.17789999999997,0.1207196732275182,10.082281095357486,True,True,IF-2,0.7208660819864208,0.4723174091543822,0.24854867283203858,True,True
development_4,three_day_positive_sustained_spike,4,CA_1,FOODS_3,2015-10-21,3,1600.0,3328.7115999999996,1700.5436508492648,173.53821622377438,-33.75224410736769,432.17789999999997,-0.3848801041942879,9.576681317935678,True,True,IF-2,0.7290070192757317,0.5187223946591806,0.21028462461655117,True,True
development_4,three_day_negative_sustained_drop,2,CA_1,FOODS_3,2015-10-22,1,1443.0,578.6442000000001,1699.6503253370151,173.53821622377438,-33.75224410736769,432.17789999999997,-1.2844322482963892,-6.265212959361373,True,True,IF-2,0.7163625978320144,0.6088511424680039,0.10751145536401052,True,True
development_4,three_day_negative_sustained_drop,2,CA_1,FOODS_3,2015-10-23,2,1845.0,980.6442000000001,2094.1810142217923,173.53821622377438,-33.75224410736769,432.17789999999997,-1.2413909443245235,-6.2221716553895074,True,True,IF-2,0.7204314725428825,0.6025956244183457,0.11783584812453685,True,True
development_4,three_day_negative_sustained_drop,2,CA_1,FOODS_3,2015-10-24,3,2379.0,1514.6442000000002,2587.8566247927647,173.53821622377438,-33.75224410736769,432.17789999999997,-1.0090248966233644,-5.989805607688348,True,True,IF-2,0.7147833529934879,0.5850083116674906,0.12977504132599738,True,True
development_4,three_day_negative_sustained_drop,4,CA_1,FOODS_3,2015-10-22,1,1443.0,0.0,1699.6503253370151,173.53821622377438,-33.75224410736769,432.17789999999997,-1.2844322482963892,-9.599603577125064,True,True,IF-2,0.7163625978320144,0.6088511424680039,0.10751145536401052,True,True
development_4,three_day_negative_sustained_drop,4,CA_1,FOODS_3,2015-10-23,2,1845.0,116.28840000000014,2094.1810142217923,173.53821622377438,-33.75224410736769,432.17789999999997,-1.2413909443245235,-11.202952366454491,True,True,IF-2,0.7204314725428825,0.6025956244183457,0.11783584812453685,True,True
development_4,three_day_negative_sustained_drop,4,CA_1,FOODS_3,2015-10-24,3,2379.0,650.2884000000001,2587.8566247927647,173.53821622377438,-33.75224410736769,432.17789999999997,-1.0090248966233644,-10.970586318753332,True,True,IF-2,0.7147833529934879,0.5850083116674906,0.12977504132599738,True,True
development_4,one_day_positive_spike,2,CA_1,HOBBIES_1,2015-10-25,1,633.0,807.9467999999999,568.758002579985,64.68263828354812,17.289827805758932,87.4734,0.7258851967112513,3.430580067583537,True,True,IF-2,0.5932643900171654,0.43480970716879513,0.15845468284837022,True,False
development_4,one_day_positive_spike,4,CA_1,HOBBIES_1,2015-10-25,1,633.0,982.8936,568.758002579985,64.68263828354812,17.289827805758932,87.4734,0.7258851967112513,6.135274938455825,True,True,IF-2,0.6710416727214767,0.43480970716879513,0.2362319655526816,True,True
development_4,one_day_negative_drop,2,CA_1,HOBBIES_1,2015-10-26,1,459.0,284.0532,430.6324825283361,64.68263828354812,17.289827805758932,87.4734,0.17126218039134267,-2.533432690480944,False,True,IF-2,0.5586251864515573,0.4170277700714046,0.14159741638015272,False,False
development_4,one_day_negative_drop,4,CA_1,HOBBIES_1,2015-10-26,1,459.0,109.10640000000001,430.6324825283361,64.68263828354812,17.289827805758932,87.4734,0.17126218039134267,-5.238127561353231,True,True,IF-2,0.6526522741857905,0.4170277700714046,0.2356245041143859,True,True
development_4,two_day_positive_sustained_spike,2,CA_1,HOBBIES_1,2015-10-27,1,450.0,624.9467999999999,403.3736608718867,64.68263828354812,17.289827805758932,87.4734,0.45354537323837046,3.1582402441106563,True,True,IF-2,0.5916743688962252,0.41547148772876663,0.17620288116745852,True,False
development_4,two_day_positive_sustained_spike,2,CA_1,HOBBIES_1,2015-10-28,2,404.0,578.9467999999999,400.5014611656934,64.68263828354812,17.289827805758932,87.4734,-0.2132146946603462,2.4914801762119394,False,True,IF-2,0.55922556782609,0.41402248517869644,0.14520308264739357,False,False
development_4,two_day_positive_sustained_spike,4,CA_1,HOBBIES_1,2015-10-27,1,450.0,799.8936,403.3736608718867,64.68263828354812,17.289827805758932,87.4734,0.45354537323837046,5.862935114982943,True,True,IF-2,0.6865785123939401,0.41547148772876663,0.27110702466517345,True,True
development_4,two_day_positive_sustained_spike,4,CA_1,HOBBIES_1,2015-10-28,2,404.0,753.8936,400.5014611656934,64.68263828354812,17.289827805758932,87.4734,-0.2132146946603462,5.196175047084227,True,True,IF-2,0.6855463755551253,0.41402248517869644,0.2715238903764289,True,True
development_4,two_day_negative_sustained_drop,2,CA_1,HOBBIES_1,2015-10-29,1,385.0,210.0532,401.3476836432587,64.68263828354812,17.289827805758932,87.4734,-0.5200392615644627,-3.2247341324367493,True,True,IF-2,0.5995507360840945,0.40646486090976935,0.19308587517432513,True,False
development_4,two_day_negative_sustained_drop,2,CA_1,HOBBIES_1,2015-10-30,2,524.0,349.0532,465.669131767829,64.68263828354812,17.289827805758932,87.4734,0.6344985534835667,-2.07019631738872,False,True,IF-2,0.5182541194938198,0.4253710175116993,0.09288310198212052,False,False
development_4,two_day_negative_sustained_drop,4,CA_1,HOBBIES_1,2015-10-29,1,385.0,35.10640000000001,401.3476836432587,64.68263828354812,17.289827805758932,87.4734,-0.5200392615644627,-5.929429003309036,True,True,IF-2,0.674504800024538,0.40646486090976935,0.2680399391147687,True,True
development_4,two_day_negative_sustained_drop,4,CA_1,HOBBIES_1,2015-10-30,2,524.0,174.1064,465.669131767829,64.68263828354812,17.289827805758932,87.4734,0.6344985534835667,-4.774891188261007,True,True,IF-2,0.6451446545210103,0.4253710175116993,0.21977363700931102,True,True
development_4,three_day_positive_sustained_spike,2,CA_1,HOBBIES_1,2015-10-31,1,661.0,835.9467999999999,543.9278010994091,64.68263828354812,17.289827805758932,87.4734,1.5426453487784126,4.247340219650699,True,True,IF-2,0.6919693751313913,0.5972436955360162,0.09472567959537515,True,True
development_4,three_day_positive_sustained_spike,2,CA_1,HOBBIES_1,2015-11-01,2,572.0,746.9467999999999,611.3003889869187,64.68263828354812,17.289827805758932,87.4734,-0.8748903615310828,1.829804509341203,False,True,IF-2,0.5098588607746523,0.44284724575885503,0.06701161501579722,False,False
development_4,three_day_positive_sustained_spike,2,CA_1,HOBBIES_1,2015-11-02,3,565.0,739.9467999999999,493.7194043199268,64.68263828354812,17.289827805758932,87.4734,0.8347026235639292,3.5393974944362148,True,True,IF-2,0.6309212811544602,0.47919790880249047,0.15172337235196975,True,False
development_4,three_day_positive_sustained_spike,4,CA_1,HOBBIES_1,2015-10-31,1,661.0,1010.8936,543.9278010994091,64.68263828354812,17.289827805758932,87.4734,1.5426453487784126,6.952035090522986,True,True,IF-2,0.728697051927158,0.5972436955360162,0.13145335639114175,True,True
development_4,three_day_positive_sustained_spike,4,CA_1,HOBBIES_1,2015-11-01,2,572.0,921.8936,611.3003889869187,64.68263828354812,17.289827805758932,87.4734,-0.8748903615310828,4.53449938021349,True,True,IF-2,0.6554443929793377,0.44284724575885503,0.21259714722048262,True,True
development_4,three_day_positive_sustained_spike,4,CA_1,HOBBIES_1,2015-11-02,3,565.0,914.8936,493.7194043199268,64.68263828354812,17.289827805758932,87.4734,0.8347026235639292,6.244092365308503,True,True,IF-2,0.7029659383186951,0.47919790880249047,0.22376802951620467,True,True
development_4,three_day_negative_sustained_drop,2,CA_1,HOBBIES_1,2015-11-03,1,444.0,269.0532,471.92371795151024,64.68263828354812,17.289827805758932,87.4734,-0.699005899528516,-3.4037007704008024,True,True,IF-2,0.6082213109581438,0.4429311915705579,0.16529011938758592,True,False
development_4,three_day_negative_sustained_drop,2,CA_1,HOBBIES_1,2015-11-04,2,514.0,339.0532,423.15111695137034,64.68263828354812,17.289827805758932,87.4734,1.137230286130433,-1.5674645847418536,False,True,IF-2,0.5011705267259317,0.4954868920139955,0.00568363471193617,False,False
development_4,three_day_negative_sustained_drop,2,CA_1,HOBBIES_1,2015-11-05,3,504.0,329.0532,422.7712630370317,64.68263828354812,17.289827805758932,87.4734,0.9885018739792512,-1.7161929968930354,False,True,IF-2,0.5193211501929876,0.4900274795532532,0.029293670639734426,False,False
development_4,three_day_negative_sustained_drop,4,CA_1,HOBBIES_1,2015-11-03,1,444.0,94.10640000000001,471.92371795151024,64.68263828354812,17.289827805758932,87.4734,-0.699005899528516,-6.1083956412730895,True,True,IF-2,0.6782635391911449,0.4429311915705579,0.23533234762058702,True,True
development_4,three_day_negative_sustained_drop,4,CA_1,HOBBIES_1,2015-11-04,2,514.0,164.1064,423.15111695137034,64.68263828354812,17.289827805758932,87.4734,1.137230286130433,-4.2721594556141405,True,True,IF-2,0.6361743864961952,0.4954868920139955,0.1406874944821997,True,False
development_4,three_day_negative_sustained_drop,4,CA_1,HOBBIES_1,2015-11-05,3,504.0,154.1064,422.7712630370317,64.68263828354812,17.289827805758932,87.4734,0.9885018739792512,-4.420887867765322,True,True,IF-2,0.6435433663552189,0.4900274795532532,0.1535158868019657,True,True
development_4,one_day_positive_spike,2,CA_1,HOBBIES_2,2015-10-13,1,33.0,56.721599999999995,37.47042790344538,10.25475666079229,-6.145024159855325,11.8608,0.16329946304942947,2.4765284147120665,False,True,IF-2,0.47133522031699104,0.4069257530776959,0.06440946723929514,False,False
development_4,one_day_positive_spike,4,CA_1,HOBBIES_2,2015-10-13,1,33.0,80.44319999999999,37.47042790344538,10.25475666079229,-6.145024159855325,11.8608,0.16329946304942947,4.789757366374704,True,True,IF-2,0.532613078350644,0.4069257530776959,0.12568732527294807,False,False
development_4,one_day_negative_drop,2,CA_1,HOBBIES_2,2015-10-14,1,53.0,29.2784,37.47042790344538,10.25475666079229,-6.145024159855325,11.8608,2.113613903612155,-0.19961504805048236,False,True,IF-2,0.413794687908622,0.4678603407713756,-0.05406565286275361,False,False
development_4,one_day_negative_drop,4,CA_1,HOBBIES_2,2015-10-14,1,53.0,5.556800000000003,37.47042790344538,10.25475666079229,-6.145024159855325,11.8608,2.113613903612155,-2.5128439997131196,False,True,IF-2,0.49558060326896475,0.4678603407713756,0.027720262497589132,False,False
development_4,two_day_positive_sustained_spike,2,CA_1,HOBBIES_2,2015-10-15,1,47.0,70.7216,37.891314538212896,10.25475666079229,-6.145024159855325,11.8608,1.4874765073619909,3.800705459024628,True,True,IF-2,0.5168420304242648,0.4434720425976519,0.07336998782661291,False,False
development_4,two_day_positive_sustained_spike,2,CA_1,HOBBIES_2,2015-10-16,2,94.0,117.7216,41.314317114289594,10.25475666079229,-6.145024159855325,11.8608,5.736918874974107,8.050147826636744,True,True,IF-2,0.5535378489316224,0.5385887438747119,0.014949105056910494,False,False
development_4,two_day_positive_sustained_spike,4,CA_1,HOBBIES_2,2015-10-15,1,47.0,94.44319999999999,37.891314538212896,10.25475666079229,-6.145024159855325,11.8608,1.4874765073619909,6.113934410687265,True,True,IF-2,0.5512085461433577,0.4434720425976519,0.1077365035457058,False,False
development_4,two_day_positive_sustained_spike,4,CA_1,HOBBIES_2,2015-10-16,2,94.0,141.4432,41.314317114289594,10.25475666079229,-6.145024159855325,11.8608,5.736918874974107,10.363376778299381,True,True,IF-2,0.5581929012764055,0.5385887438747119,0.019604157401693634,False,False
development_4,two_day_negative_sustained_drop,2,CA_1,HOBBIES_2,2015-10-17,1,48.0,24.2784,49.618597843966285,10.25475666079229,-6.145024159855325,11.8608,0.4413977304010766,-1.8718312212615609,False,True,IF-2,0.4591066746995199,0.4251487412004781,0.033957933499041804,False,False
development_4,two_day_negative_sustained_drop,2,CA_1,HOBBIES_2,2015-10-18,2,83.0,59.278400000000005,49.39533090977427,10.25475666079229,-6.145024159855325,11.8608,3.8762200376785887,1.5629910860159517,False,False,IF-2,0.4368601524392864,0.50138737596254,-0.06452722352325363,False,False
development_4,two_day_negative_sustained_drop,4,CA_1,HOBBIES_2,2015-10-17,1,48.0,0.5568000000000026,49.618597843966285,10.25475666079229,-6.145024159855325,11.8608,0.4413977304010766,-4.1850601729241985,True,True,IF-2,0.5173291765041955,0.4251487412004781,0.09218043530371745,False,False
development_4,two_day_negative_sustained_drop,4,CA_1,HOBBIES_2,2015-10-18,2,83.0,35.5568,49.39533090977427,10.25475666079229,-6.145024159855325,11.8608,3.8762200376785887,-0.750237865646686,False,True,IF-2,0.4159178765937464,0.50138737596254,-0.08546949936879361,False,False
development_4,three_day_positive_sustained_spike,2,CA_1,HOBBIES_2,2015-10-19,1,65.0,88.7216,38.05160720807166,10.25475666079229,-6.145024159855325,11.8608,3.227128448431349,5.540357400093986,True,True,IF-2,0.5432495833188923,0.5014470210644673,0.041802562254425024,False,False
development_4,three_day_positive_sustained_spike,2,CA_1,HOBBIES_2,2015-10-20,2,79.0,102.7216,37.804632917553974,10.25475666079229,-6.145024159855325,11.8608,4.616432433087476,6.929661384750113,True,True,IF-2,0.5545687348522709,0.5299674472481951,0.02460128760407576,False,False
development_4,three_day_positive_sustained_spike,2,CA_1,HOBBIES_2,2015-10-21,3,83.0,106.7216,37.804632917553974,10.25475666079229,-6.145024159855325,11.8608,5.0064953212000205,7.319724272862658,True,True,IF-2,0.5602256760627563,0.5426367101095106,0.01758896595324566,False,False
development_4,three_day_positive_sustained_spike,4,CA_1,HOBBIES_2,2015-10-19,1,65.0,112.44319999999999,38.05160720807166,10.25475666079229,-6.145024159855325,11.8608,3.227128448431349,7.853586351756623,True,True,IF-2,0.5510646932025434,0.5014470210644673,0.04961767213807611,False,False
development_4,three_day_positive_sustained_spike,4,CA_1,HOBBIES_2,2015-10-20,2,79.0,126.44319999999999,37.804632917553974,10.25475666079229,-6.145024159855325,11.8608,4.616432433087476,9.24289033641275,True,True,IF-2,0.5636233709900003,0.5299674472481951,0.03365592374180515,False,False
development_4,three_day_positive_sustained_spike,4,CA_1,HOBBIES_2,2015-10-21,3,83.0,130.4432,37.804632917553974,10.25475666079229,-6.145024159855325,11.8608,5.0064953212000205,9.632953224525295,True,True,IF-2,0.5733550839902871,0.5426367101095106,0.030718373880776473,False,False
development_4,three_day_negative_sustained_drop,2,CA_1,HOBBIES_2,2015-10-22,1,112.0,88.2784,38.110848100482045,10.25475666079229,-6.145024159855325,11.8608,7.804590465356764,5.491361513694127,True,False,IF-2,0.5467854722115191,0.5606175582245931,-0.013832086013074063,False,False
development_4,three_day_negative_sustained_drop,2,CA_1,HOBBIES_2,2015-10-23,2,38.0,14.278400000000001,41.53385067655874,10.25475666079229,-6.145024159855325,11.8608,0.25463046756438984,-2.0585984840982476,False,True,IF-2,0.4786929578065085,0.42301284461164207,0.05568011319486643,False,False
development_4,three_day_negative_sustained_drop,2,CA_1,HOBBIES_2,2015-10-24,3,71.0,47.278400000000005,47.88508904066586,10.25475666079229,-6.145024159855325,11.8608,2.8533036996441825,0.5400747479815453,False,False,IF-2,0.4297611491986729,0.48247199094458665,-0.05271084174591373,False,False
development_4,three_day_negative_sustained_drop,4,CA_1,HOBBIES_2,2015-10-22,1,112.0,64.55680000000001,38.110848100482045,10.25475666079229,-6.145024159855325,11.8608,7.804590465356764,3.17813256203149,True,False,IF-2,0.5002867174423183,0.5606175582245931,-0.0603308407822748,False,False
development_4,three_day_negative_sustained_drop,4,CA_1,HOBBIES_2,2015-10-23,2,38.0,0.0,41.53385067655874,10.25475666079229,-6.145024159855325,11.8608,0.25463046756438984,-3.4509669695047887,True,True,IF-2,0.5206143232443164,0.42301284461164207,0.09760147863267438,False,False
development_4,three_day_negative_sustained_drop,4,CA_1,HOBBIES_2,2015-10-24,3,71.0,23.556800000000003,47.88508904066586,10.25475666079229,-6.145024159855325,11.8608,2.8533036996441825,-1.7731542036810926,False,True,IF-2,0.4550347965580623,0.48247199094458665,-0.027437194386524366,False,False
development_4,one_day_positive_spike,2,CA_1,HOUSEHOLD_1,2015-10-25,1,1104.0,1400.52,1028.17816250825,81.2637179012018,6.783911882279142,148.26,0.849554110893685,4.49841497596635,True,True,IF-2,0.6610077119510158,0.45994823988453926,0.20105947206647656,True,True
development_4,one_day_positive_spike,4,CA_1,HOUSEHOLD_1,2015-10-25,1,1104.0,1697.04,1028.17816250825,81.2637179012018,6.783911882279142,148.26,0.849554110893685,8.147275841039011,True,True,IF-2,0.6997796960296423,0.45994823988453926,0.23983145614510304,True,True
development_4,one_day_negative_drop,2,CA_1,HOUSEHOLD_1,2015-10-26,1,793.0,496.48,727.4487258690648,81.2637179012018,6.783911882279142,148.26,0.7231685156234645,-2.9256923494491978,False,True,IF-2,0.6193962311450566,0.4451834802010794,0.1742127509439772,True,False
development_4,one_day_negative_drop,4,CA_1,HOUSEHOLD_1,2015-10-26,1,793.0,199.96000000000004,727.4487258690648,81.2637179012018,6.783911882279142,148.26,0.7231685156234645,-6.574553214521859,True,True,IF-2,0.6995881054755413,0.4451834802010794,0.2544046252744619,True,True
development_4,two_day_positive_sustained_spike,2,CA_1,HOUSEHOLD_1,2015-10-27,1,641.0,937.52,682.0648618609088,81.2637179012018,6.783911882279142,148.26,-0.5888085726198392,3.060052292452823,True,True,IF-2,0.6059866953950073,0.421116443944097,0.1848702514509103,True,False
development_4,two_day_positive_sustained_spike,2,CA_1,HOUSEHOLD_1,2015-10-28,2,657.0,953.52,676.2829272787422,81.2637179012018,6.783911882279142,148.26,-0.32076847865504676,3.3280923864176155,True,True,IF-2,0.6272068955949142,0.4252275305961731,0.20197936499874108,True,False
development_4,two_day_positive_sustained_spike,4,CA_1,HOUSEHOLD_1,2015-10-27,1,641.0,1234.04,682.0648618609088,81.2637179012018,6.783911882279142,148.26,-0.5888085726198392,6.708913157525486,True,True,IF-2,0.7077938183498356,0.421116443944097,0.2866773744057386,True,True
development_4,two_day_positive_sustained_spike,4,CA_1,HOUSEHOLD_1,2015-10-28,2,657.0,1250.04,676.2829272787422,81.2637179012018,6.783911882279142,148.26,-0.32076847865504676,6.976953251490278,True,True,IF-2,0.7186488530290778,0.4252275305961731,0.2934213224329047,True,True
development_4,two_day_negative_sustained_drop,2,CA_1,HOUSEHOLD_1,2015-10-29,1,601.0,304.48,674.9784150608193,81.2637179012018,6.783911882279142,148.26,-0.9938300760652753,-4.642690941137937,True,True,IF-2,0.6762302895950333,0.4514763070354954,0.22475398255953788,True,True
development_4,two_day_negative_sustained_drop,2,CA_1,HOUSEHOLD_1,2015-10-30,2,782.0,485.48,820.9157413203852,81.2637179012018,6.783911882279142,148.26,-0.5623623233461303,-4.211223188418792,True,True,IF-2,0.6621276750835023,0.4310839856512987,0.23104368943220366,True,True
development_4,two_day_negative_sustained_drop,4,CA_1,HOUSEHOLD_1,2015-10-29,1,601.0,7.960000000000036,674.9784150608193,81.2637179012018,6.783911882279142,148.26,-0.9938300760652753,-8.2915518062106,True,True,IF-2,0.7092228767649864,0.4514763070354954,0.257746569729491,True,True
development_4,two_day_negative_sustained_drop,4,CA_1,HOUSEHOLD_1,2015-10-30,2,782.0,188.96000000000004,820.9157413203852,81.2637179012018,6.783911882279142,148.26,-0.5623623233461303,-7.860084053491455,True,True,IF-2,0.7083361945106037,0.4310839856512987,0.277252208859305,True,True
development_4,three_day_positive_sustained_spike,2,CA_1,HOUSEHOLD_1,2015-10-31,1,992.0,1288.52,976.796184585623,81.2637179012018,6.783911882279142,148.26,0.103612088513284,3.7524729535859462,True,True,IF-2,0.6894772527672518,0.5596561393856354,0.1298211133816164,True,True
development_4,three_day_positive_sustained_spike,2,CA_1,HOUSEHOLD_1,2015-11-01,2,1081.0,1377.52,1109.480237237023,81.2637179012018,6.783911882279142,148.26,-0.43394703109910965,3.2149138339735526,True,True,IF-2,0.6275198595871836,0.4542237929843964,0.17329606660278718,True,False
development_4,three_day_positive_sustained_spike,2,CA_1,HOUSEHOLD_1,2015-11-02,3,853.0,1149.52,831.0141550143211,81.2637179012018,6.783911882279142,148.26,0.18706913116972892,3.835929996242391,True,True,IF-2,0.6641642812821604,0.4667477843902971,0.1974164968918633,True,True
development_4,three_day_positive_sustained_spike,4,CA_1,HOUSEHOLD_1,2015-10-31,1,992.0,1585.04,976.796184585623,81.2637179012018,6.783911882279142,148.26,0.103612088513284,7.401333818658608,True,True,IF-2,0.7396665177374888,0.5596561393856354,0.1800103783518534,True,True
development_4,three_day_positive_sustained_spike,4,CA_1,HOUSEHOLD_1,2015-11-01,2,1081.0,1674.04,1109.480237237023,81.2637179012018,6.783911882279142,148.26,-0.43394703109910965,6.863774699046214,True,True,IF-2,0.7089104060337386,0.4542237929843964,0.25468661304934215,True,True
development_4,three_day_positive_sustained_spike,4,CA_1,HOUSEHOLD_1,2015-11-02,3,853.0,1446.04,831.0141550143211,81.2637179012018,6.783911882279142,148.26,0.18706913116972892,7.484790861315054,True,True,IF-2,0.7212133221321281,0.4667477843902971,0.25446553774183095,True,True
development_4,three_day_negative_sustained_drop,2,CA_1,HOUSEHOLD_1,2015-11-03,1,823.0,526.48,784.9103895148343,81.2637179012018,6.783911882279142,148.26,0.3852358643121301,-3.263625000760532,True,True,IF-2,0.6373615826149781,0.4583812953860487,0.1789802872289294,True,True
development_4,three_day_negative_sustained_drop,2,CA_1,HOUSEHOLD_1,2015-11-04,2,619.0,322.48,684.0388794484012,81.2637179012018,6.783911882279142,148.26,-0.8838235953959246,-4.5326844604685865,True,True,IF-2,0.6798625300734432,0.4878960963054881,0.19196643376795514,True,True
development_4,three_day_negative_sustained_drop,2,CA_1,HOUSEHOLD_1,2015-11-05,3,668.0,371.48,685.5052391549142,81.2637179012018,6.783911882279142,148.26,-0.29889293358105296,-3.9477537986537152,True,True,IF-2,0.6630580686057079,0.4559320167504399,0.20712605185526806,True,True
development_4,three_day_negative_sustained_drop,4,CA_1,HOUSEHOLD_1,2015-11-03,1,823.0,229.96000000000004,784.9103895148343,81.2637179012018,6.783911882279142,148.26,0.3852358643121301,-6.912485865833194,True,True,IF-2,0.7068004107123831,0.4583812953860487,0.24841911532633437,True,True
development_4,three_day_negative_sustained_drop,4,CA_1,HOUSEHOLD_1,2015-11-04,2,619.0,25.960000000000036,684.0388794484012,81.2637179012018,6.783911882279142,148.26,-0.8838235953959246,-8.181545325541249,True,True,IF-2,0.7133140938835263,0.4878960963054881,0.2254179975780382,True,True
development_4,three_day_negative_sustained_drop,4,CA_1,HOUSEHOLD_1,2015-11-05,3,668.0,74.96000000000004,685.5052391549142,81.2637179012018,6.783911882279142,148.26,-0.29889293358105296,-7.596614663726377,True,True,IF-2,0.7108177764766198,0.4559320167504399,0.25488575972617994,True,True
development_4,one_day_positive_spike,2,CA_1,HOUSEHOLD_2,2015-10-13,1,179.0,285.7472,174.61699262737366,24.163544853453068,-7.3854786729166335,53.373599999999996,0.48703475077503816,4.904730939285451,True,True,IF-2,0.5644727139196678,0.4040983286821865,0.16037438523748132,False,False
development_4,one_day_positive_spike,4,CA_1,HOUSEHOLD_2,2015-10-13,1,179.0,392.4944,174.61699262737366,24.163544853453068,-7.3854786729166335,53.373599999999996,0.48703475077503816,9.322427127795862,True,True,IF-2,0.6292687179540118,0.4040983286821865,0.22517038927182537,True,False
development_4,one_day_negative_drop,2,CA_1,HOUSEHOLD_2,2015-10-14,1,178.0,71.25280000000001,174.61699262737366,24.163544853453068,-7.3854786729166335,53.373599999999996,0.4456500944232986,-3.972046094087113,True,True,IF-2,0.5306528392203175,0.41149462622271876,0.11915821299759871,False,False
development_4,one_day_negative_drop,4,CA_1,HOUSEHOLD_2,2015-10-14,1,178.0,0.0,174.61699262737366,24.163544853453068,-7.3854786729166335,53.373599999999996,0.4456500944232986,-6.920818736186341,True,True,IF-2,0.5818281567630222,0.41149462622271876,0.17033353054030348,False,False
development_4,two_day_positive_sustained_spike,2,CA_1,HOUSEHOLD_2,2015-10-15,1,185.0,291.7472,175.95340460955046,24.163544853453068,-7.3854786729166335,53.373599999999996,0.6800357382587415,5.097731926769154,True,True,IF-2,0.5707619393462827,0.41143379571988686,0.15932814362639586,False,False
development_4,two_day_positive_sustained_spike,2,CA_1,HOUSEHOLD_2,2015-10-16,2,204.0,310.7472,213.92423754871248,24.163544853453068,-7.3854786729166335,53.373599999999996,-0.10506566363473986,4.312630524875673,True,True,IF-2,0.5336647632385801,0.4096545034236036,0.12401025981497654,False,False
development_4,two_day_positive_sustained_spike,4,CA_1,HOUSEHOLD_2,2015-10-15,1,185.0,398.4944,175.95340460955046,24.163544853453068,-7.3854786729166335,53.373599999999996,0.6800357382587415,9.515428115279565,True,True,IF-2,0.6312615223759764,0.41143379571988686,0.21982772665608957,True,False
development_4,two_day_positive_sustained_spike,4,CA_1,HOUSEHOLD_2,2015-10-16,2,204.0,417.4944,213.92423754871248,24.163544853453068,-7.3854786729166335,53.373599999999996,-0.10506566363473986,8.730326713386084,True,True,IF-2,0.6162146617749009,0.4096545034236036,0.20656015835129732,True,False
development_4,two_day_negative_sustained_drop,2,CA_1,HOUSEHOLD_2,2015-10-17,1,283.0,176.2528,248.7027741046943,24.163544853453068,-7.3854786729166335,53.373599999999996,1.7250244043669656,-2.692671784143446,False,True,IF-2,0.5066164349476117,0.4378760291933827,0.06874040575422896,False,False
development_4,two_day_negative_sustained_drop,2,CA_1,HOUSEHOLD_2,2015-10-18,2,293.0,186.2528,256.005703395527,24.163544853453068,-7.3854786729166335,53.373599999999996,1.8366417488221964,-2.581054439688215,False,True,IF-2,0.4989594811319484,0.4357981860722235,0.0631612950597249,False,False
development_4,two_day_negative_sustained_drop,4,CA_1,HOUSEHOLD_2,2015-10-17,1,283.0,69.50560000000002,248.7027741046943,24.163544853453068,-7.3854786729166335,53.373599999999996,1.7250244043669656,-7.110367972653858,True,True,IF-2,0.5827472166582862,0.4378760291933827,0.14487118746490352,False,False
development_4,two_day_negative_sustained_drop,4,CA_1,HOUSEHOLD_2,2015-10-18,2,293.0,79.50560000000002,256.005703395527,24.163544853453068,-7.3854786729166335,53.373599999999996,1.8366417488221964,-6.998750628198627,True,True,IF-2,0.5804376449631715,0.4357981860722235,0.14463945889094804,False,False
development_4,three_day_positive_sustained_spike,2,CA_1,HOUSEHOLD_2,2015-10-19,1,198.0,304.7472,177.6001248846587,24.163544853453068,-7.3854786729166335,53.373599999999996,1.1498873181385594,5.5675835066489725,True,True,IF-2,0.5741278749729976,0.4264902057589319,0.14763766921406568,False,False
development_4,three_day_positive_sustained_spike,2,CA_1,HOUSEHOLD_2,2015-10-20,2,162.0,268.7472,174.9658080137521,24.163544853453068,-7.3854786729166335,53.373599999999996,-0.23094001210000545,4.186756176410407,True,True,IF-2,0.5399487399688119,0.39404762651211434,0.14590111345669754,False,False
development_4,three_day_positive_sustained_spike,2,CA_1,HOUSEHOLD_2,2015-10-21,3,176.0,282.7472,174.9990481830791,24.163544853453068,-7.3854786729166335,53.373599999999996,0.34706954383967664,4.76476573235009,True,True,IF-2,0.5690498254749405,0.4157786516244404,0.15327117385050015,False,False
development_4,three_day_positive_sustained_spike,4,CA_1,HOUSEHOLD_2,2015-10-19,1,198.0,411.4944,177.6001248846587,24.163544853453068,-7.3854786729166335,53.373599999999996,1.1498873181385594,9.985279695159383,True,True,IF-2,0.6313429197780114,0.4264902057589319,0.2048527140190795,True,False
development_4,three_day_positive_sustained_spike,4,CA_1,HOUSEHOLD_2,2015-10-20,2,162.0,375.4944,174.9658080137521,24.163544853453068,-7.3854786729166335,53.373599999999996,-0.23094001210000545,8.604452364920817,True,True,IF-2,0.624339321822882,0.39404762651211434,0.23029169531076765,True,False
development_4,three_day_positive_sustained_spike,4,CA_1,HOUSEHOLD_2,2015-10-21,3,176.0,389.4944,174.9990481830791,24.163544853453068,-7.3854786729166335,53.373599999999996,0.34706954383967664,9.1824619208605,True,True,IF-2,0.6279117417795009,0.4157786516244404,0.21213309015506054,True,False
development_4,three_day_negative_sustained_drop,2,CA_1,HOUSEHOLD_2,2015-10-22,1,162.0,55.25280000000001,176.22078871341645,24.163544853453068,-7.3854786729166335,53.373599999999996,-0.28287695708368,-4.700573145594092,True,True,IF-2,0.551981432716495,0.40109818077163867,0.15088325194485636,False,False
development_4,three_day_negative_sustained_drop,2,CA_1,HOUSEHOLD_2,2015-10-23,2,204.0,97.25280000000001,213.41799688377063,24.163544853453068,-7.3854786729166335,53.373599999999996,-0.0841150676848462,-4.501811256195257,True,True,IF-2,0.547632945851655,0.4095361676741102,0.1380967781775448,False,False
development_4,three_day_negative_sustained_drop,2,CA_1,HOUSEHOLD_2,2015-10-24,3,290.0,183.2528,246.66993520884017,24.163544853453068,-7.3854786729166335,53.373599999999996,2.098845337952516,-2.3188508505578964,False,True,IF-2,0.48684597705134763,0.44869183997399587,0.03815413707735177,False,False
development_4,three_day_negative_sustained_drop,4,CA_1,HOUSEHOLD_2,2015-10-22,1,162.0,0.0,176.22078871341645,24.163544853453068,-7.3854786729166335,53.373599999999996,-0.28287695708368,-6.987191286065487,True,True,IF-2,0.5960329628665373,0.40109818077163867,0.19493478209489862,True,False
development_4,three_day_negative_sustained_drop,4,CA_1,HOUSEHOLD_2,2015-10-23,2,204.0,0.0,213.41799688377063,24.163544853453068,-7.3854786729166335,53.373599999999996,-0.0841150676848462,-8.526584963439714,True,True,IF-2,0.6139479787000844,0.4095361676741102,0.20441181102597422,True,False
development_4,three_day_negative_sustained_drop,4,CA_1,HOUSEHOLD_2,2015-10-24,3,290.0,76.50560000000002,246.66993520884017,24.163544853453068,-7.3854786729166335,53.373599999999996,2.098845337952516,-6.736547039068308,True,True,IF-2,0.5752755393047498,0.44869183997399587,0.12658369933075397,False,False
development_4,one_day_positive_spike,2,CA_2,FOODS_1,2015-10-25,1,522.0,723.6336,509.1199714480358,45.648276747385566,-25.9858848523576,100.8168,0.8514212621738841,5.26853433559452,True,True,IF-2,0.6091800890593392,0.42232469407313583,0.18685539498620335,True,False
development_4,one_day_positive_spike,4,CA_2,FOODS_1,2015-10-25,1,522.0,925.2672,509.1199714480358,45.648276747385566,-25.9858848523576,100.8168,0.8514212621738841,9.685647409015155,True,True,IF-2,0.6718419562293793,0.42232469407313583,0.24951726215624342,True,True
development_4,one_day_negative_drop,2,CA_2,FOODS_1,2015-10-26,1,309.0,107.3664,362.7406008443955,45.648276747385566,-25.9858848523576,100.8168,-0.6080123494174946,-5.025125422838131,True,True,IF-2,0.6287434581887182,0.4381068334738915,0.19063662471482673,True,False
development_4,one_day_negative_drop,4,CA_2,FOODS_1,2015-10-26,1,309.0,0.0,362.7406008443955,45.648276747385566,-25.9858848523576,100.8168,-0.6080123494174946,-7.377161636475685,True,True,IF-2,0.6697095000152149,0.4381068334738915,0.2316026665413234,True,True
development_4,two_day_positive_sustained_spike,2,CA_2,FOODS_1,2015-10-27,1,363.0,564.6336,353.7011303828297,45.648276747385566,-25.9858848523576,100.8168,0.7729701312667572,5.190083204687393,True,True,IF-2,0.6253128488112896,0.4086125159011412,0.21670033291014834,True,False
development_4,two_day_positive_sustained_spike,2,CA_2,FOODS_1,2015-10-28,2,381.0,582.6336,353.7011303828297,45.648276747385566,-25.9858848523576,100.8168,1.1672895072118945,5.58440258063253,True,True,IF-2,0.6348794564536852,0.4261655750190533,0.20871388143463188,True,False
development_4,two_day_positive_sustained_spike,4,CA_2,FOODS_1,2015-10-27,1,363.0,766.2672,353.7011303828297,45.648276747385566,-25.9858848523576,100.8168,0.7729701312667572,9.60719627810803,True,True,IF-2,0.6895856029548962,0.4086125159011412,0.280973087053755,True,True
development_4,two_day_positive_sustained_spike,4,CA_2,FOODS_1,2015-10-28,2,381.0,784.2672,353.7011303828297,45.648276747385566,-25.9858848523576,100.8168,1.1672895072118945,10.001515654053167,True,True,IF-2,0.7009688612341066,0.4261655750190533,0.27480328621505334,True,True
development_4,two_day_negative_sustained_drop,2,CA_2,FOODS_1,2015-10-29,1,399.0,197.3664,355.1419138625577,45.648276747385566,-25.9858848523576,100.8168,1.5300461696793426,-2.8870669037412933,False,True,IF-2,0.5773163918120777,0.4293580114663365,0.14795838034574121,False,False
development_4,two_day_negative_sustained_drop,2,CA_2,FOODS_1,2015-10-30,2,591.0,389.3664,423.08624331581694,45.648276747385566,-25.9858848523576,100.8168,4.247688091481919,-0.1694249819387168,False,True,IF-2,0.41223352171480937,0.578928566907806,-0.16669504519299666,False,False
development_4,two_day_negative_sustained_drop,4,CA_2,FOODS_1,2015-10-29,1,399.0,0.0,355.1419138625577,45.648276747385566,-25.9858848523576,100.8168,1.5300461696793426,-7.210699997104534,True,True,IF-2,0.6704049754662439,0.4293580114663365,0.24104696399990738,True,True
development_4,two_day_negative_sustained_drop,4,CA_2,FOODS_1,2015-10-30,2,591.0,187.7328,423.08624331581694,45.648276747385566,-25.9858848523576,100.8168,4.247688091481919,-4.586538055359353,True,True,IF-2,0.6190458862819145,0.578928566907806,0.04011731937410845,True,False
development_4,three_day_positive_sustained_spike,2,CA_2,FOODS_1,2015-10-31,1,816.0,1017.6336,503.2486194624252,45.648276747385566,-25.9858848523576,100.8168,7.42059261655114,11.837705689971775,True,True,IF-2,0.7317432403268025,0.7015213553366053,0.03022188499019718,True,True
development_4,three_day_positive_sustained_spike,2,CA_2,FOODS_1,2015-11-01,2,619.0,820.6336,542.9504609337059,45.648276747385566,-25.9858848523576,100.8168,2.235252482438904,6.652365555859539,True,True,IF-2,0.6563579851335675,0.488618993755208,0.16773899137835946,True,True
development_4,three_day_positive_sustained_spike,2,CA_2,FOODS_1,2015-11-02,3,312.0,513.6336,410.837223847044,45.648276747385566,-25.9858848523576,100.8168,-1.5959274738417986,2.821185599578836,False,True,IF-2,0.5397859230685914,0.5203379073224375,0.019448015746153957,False,False
development_4,three_day_positive_sustained_spike,4,CA_2,FOODS_1,2015-10-31,1,816.0,1219.2672,503.2486194624252,45.648276747385566,-25.9858848523576,100.8168,7.42059261655114,16.25481876339241,True,True,IF-2,0.7393715613837235,0.7015213553366053,0.037850206047118196,True,True
development_4,three_day_positive_sustained_spike,4,CA_2,FOODS_1,2015-11-01,2,619.0,1022.2672,542.9504609337059,45.648276747385566,-25.9858848523576,100.8168,2.235252482438904,11.069478629280175,True,True,IF-2,0.6979150058533018,0.488618993755208,0.2092960120980938,True,True
development_4,three_day_positive_sustained_spike,4,CA_2,FOODS_1,2015-11-02,3,312.0,715.2672,410.837223847044,45.648276747385566,-25.9858848523576,100.8168,-1.5959274738417986,7.238298672999472,True,True,IF-2,0.6715091891176604,0.5203379073224375,0.151171281795223,True,True
development_4,three_day_negative_sustained_drop,2,CA_2,FOODS_1,2015-11-03,1,296.0,94.3664,404.6654189158494,45.648276747385566,-25.9858848523576,100.8168,-1.8112301264083766,-6.228343199829014,True,True,IF-2,0.6498631485950976,0.5206454245175274,0.12921772407757026,True,True
development_4,three_day_negative_sustained_drop,2,CA_2,FOODS_1,2015-11-04,2,363.0,161.3664,380.41173369565894,45.648276747385566,-25.9858848523576,100.8168,0.18783077407603854,-4.2292822993445975,True,True,IF-2,0.6211665617462035,0.434868879580757,0.18629768216544657,True,False
development_4,three_day_negative_sustained_drop,2,CA_2,FOODS_1,2015-11-05,3,314.0,112.3664,380.7500616907552,45.648276747385566,-25.9858848523576,100.8168,-0.8930058206574526,-5.31011889407809,True,True,IF-2,0.643926996540146,0.4798294273693661,0.16409756917077983,True,True
development_4,three_day_negative_sustained_drop,4,CA_2,FOODS_1,2015-11-03,1,296.0,0.0,404.6654189158494,45.648276747385566,-25.9858848523576,100.8168,-1.8112301264083766,-8.295593197506193,True,True,IF-2,0.6809678771505745,0.5206454245175274,0.16032245263304712,True,True
development_4,three_day_negative_sustained_drop,4,CA_2,FOODS_1,2015-11-04,2,363.0,0.0,380.41173369565894,45.648276747385566,-25.9858848523576,100.8168,0.18783077407603854,-7.764276640817564,True,True,IF-2,0.6797886075490935,0.434868879580757,0.24491972796833655,True,True
development_4,three_day_negative_sustained_drop,4,CA_2,FOODS_1,2015-11-05,3,314.0,0.0,380.7500616907552,45.648276747385566,-25.9858848523576,100.8168,-0.8930058206574526,-7.771688267700404,True,True,IF-2,0.6836212510360302,0.4798294273693661,0.2037918236666641,True,True
development_4,one_day_positive_spike,2,CA_2,FOODS_2,2015-10-13,1,363.0,465.2994,396.15981378272573,27.211155573749025,-25.48382554179122,51.149699999999996,-0.28208975617116555,3.4773757219759522,True,True,IF-2,0.5064511597263787,0.4030405500980241,0.10341060962835458,False,False
development_4,one_day_positive_spike,4,CA_2,FOODS_2,2015-10-13,1,363.0,567.5988,396.15981378272573,27.211155573749025,-25.48382554179122,51.149699999999996,-0.28208975617116555,7.23684120012307,True,True,IF-2,0.6086676509508917,0.4030405500980241,0.20562710085286762,True,False
development_4,one_day_negative_drop,2,CA_2,FOODS_2,2015-10-14,1,342.0,239.7006,393.3682958428517,27.211155573749025,-25.48382554179122,51.149699999999996,-0.9512448021880967,-4.710710280335217,True,True,IF-2,0.568593540734107,0.43209462488584416,0.1364989158482628,False,False
development_4,one_day_negative_drop,4,CA_2,FOODS_2,2015-10-14,1,342.0,137.40120000000002,393.3682958428517,27.211155573749025,-25.48382554179122,51.149699999999996,-0.9512448021880967,-8.470175758482334,True,True,IF-2,0.6183884330860258,0.43209462488584416,0.1862938082001816,True,False
development_4,two_day_positive_sustained_spike,2,CA_2,FOODS_2,2015-10-15,1,315.0,417.2994,396.63576077084974,27.211155573749025,-25.48382554179122,51.149699999999996,-2.0635630514431025,1.6959024267040155,False,True,IF-2,0.44372668284577776,0.4980976716476836,-0.05437098880190583,False,False
development_4,two_day_positive_sustained_spike,2,CA_2,FOODS_2,2015-10-16,2,420.0,522.2994,470.4137985735756,27.211155573749025,-25.48382554179122,51.149699999999996,-0.9161673771706583,2.8432981009764595,False,True,IF-2,0.47764266159425844,0.4272783439342228,0.05036431766003563,False,False
development_4,two_day_positive_sustained_spike,4,CA_2,FOODS_2,2015-10-15,1,315.0,519.5988,396.63576077084974,27.211155573749025,-25.48382554179122,51.149699999999996,-2.0635630514431025,5.455367904851133,True,True,IF-2,0.5764050146790803,0.4980976716476836,0.07830734303139675,False,False
development_4,two_day_positive_sustained_spike,4,CA_2,FOODS_2,2015-10-16,2,420.0,624.5988,470.4137985735756,27.211155573749025,-25.48382554179122,51.149699999999996,-0.9161673771706583,6.602763579123578,True,True,IF-2,0.5825918985568767,0.4272783439342228,0.15531355462265384,False,False
development_4,two_day_negative_sustained_drop,2,CA_2,FOODS_2,2015-10-17,1,701.0,598.7006,627.0980460406673,27.211155573749025,-25.48382554179122,51.149699999999996,3.652390992060724,-0.10707448608639425,False,True,IF-2,0.4189601857500072,0.5094396718324913,-0.09047948608248407,False,False
development_4,two_day_negative_sustained_drop,2,CA_2,FOODS_2,2015-10-18,2,703.0,600.7006,674.6618828027872,27.211155573749025,-25.48382554179122,51.149699999999996,1.977936680900343,-1.7815287972467748,False,True,IF-2,0.4698156986376824,0.4530139955633641,0.01680170307431833,False,False
development_4,two_day_negative_sustained_drop,4,CA_2,FOODS_2,2015-10-17,1,701.0,496.4012,627.0980460406673,27.211155573749025,-25.48382554179122,51.149699999999996,3.652390992060724,-3.866539964233512,True,True,IF-2,0.549487456852012,0.5094396718324913,0.040047785019520665,False,False
development_4,two_day_negative_sustained_drop,4,CA_2,FOODS_2,2015-10-18,2,703.0,498.4012,674.6618828027872,27.211155573749025,-25.48382554179122,51.149699999999996,1.977936680900343,-5.540994275393893,True,True,IF-2,0.5810575211086422,0.4530139955633641,0.1280435255452781,False,False
development_4,three_day_positive_sustained_spike,2,CA_2,FOODS_2,2015-10-19,1,475.0,577.2994,389.52205646371374,27.211155573749025,-25.48382554179122,51.149699999999996,4.077804368776011,7.837269846923129,True,True,IF-2,0.6087598758203865,0.5249025269477203,0.08385734887266616,True,False
development_4,three_day_positive_sustained_spike,2,CA_2,FOODS_2,2015-10-20,2,412.0,514.2994,366.99878894340475,27.211155573749025,-25.48382554179122,51.149699999999996,2.590299276609346,6.349764754756464,True,True,IF-2,0.5898690680186476,0.4713791327831204,0.1184899352355272,False,False
development_4,three_day_positive_sustained_spike,2,CA_2,FOODS_2,2015-10-21,3,336.0,438.2994,364.0740394086422,27.211155573749025,-25.48382554179122,51.149699999999996,-0.09518941082200083,3.664276067325117,True,True,IF-2,0.5239861366913204,0.4104129471150614,0.11357318957625906,False,False
development_4,three_day_positive_sustained_spike,4,CA_2,FOODS_2,2015-10-19,1,475.0,679.5988,389.52205646371374,27.211155573749025,-25.48382554179122,51.149699999999996,4.077804368776011,11.596735325070249,True,True,IF-2,0.6537784131708061,0.5249025269477203,0.12887588622308577,True,True
development_4,three_day_positive_sustained_spike,4,CA_2,FOODS_2,2015-10-20,2,412.0,616.5988,366.99878894340475,27.211155573749025,-25.48382554179122,51.149699999999996,2.590299276609346,10.109230232903583,True,True,IF-2,0.6448382494244922,0.4713791327831204,0.1734591166413718,True,True
development_4,three_day_positive_sustained_spike,4,CA_2,FOODS_2,2015-10-21,3,336.0,540.5988,364.0740394086422,27.211155573749025,-25.48382554179122,51.149699999999996,-0.09518941082200083,7.423741545472235,True,True,IF-2,0.6161504995296753,0.4104129471150614,0.2057375524146139,True,False
development_4,three_day_negative_sustained_drop,2,CA_2,FOODS_2,2015-10-22,1,344.0,241.7006,367.0080320688401,27.211155573749025,-25.48382554179122,51.149699999999996,0.09098450325790385,-3.668480974889214,True,True,IF-2,0.5530322462535303,0.4020363385189158,0.15099590773461452,False,False
development_4,three_day_negative_sustained_drop,2,CA_2,FOODS_2,2015-10-23,2,439.0,336.7006,439.7899367186614,27.211155573749025,-25.48382554179122,51.149699999999996,0.9074913689792853,-2.851974109167833,False,True,IF-2,0.5347429391855444,0.4325706955212807,0.1021722436642637,False,False
development_4,three_day_negative_sustained_drop,2,CA_2,FOODS_2,2015-10-24,3,546.0,443.7006,565.7666549868921,27.211155573749025,-25.48382554179122,51.149699999999996,0.2101039237162902,-3.5493615544308277,True,True,IF-2,0.5436956286783766,0.417550425507805,0.1261452031705716,False,False
development_4,three_day_negative_sustained_drop,4,CA_2,FOODS_2,2015-10-22,1,344.0,139.40120000000002,367.0080320688401,27.211155573749025,-25.48382554179122,51.149699999999996,0.09098450325790385,-7.427946453036332,True,True,IF-2,0.6228764380226102,0.4020363385189158,0.22084009950369438,True,False
development_4,three_day_negative_sustained_drop,4,CA_2,FOODS_2,2015-10-23,2,439.0,234.40120000000002,439.7899367186614,27.211155573749025,-25.48382554179122,51.149699999999996,0.9074913689792853,-6.61143958731495,True,True,IF-2,0.6081607608044758,0.4325706955212807,0.1755900652831951,True,False
development_4,three_day_negative_sustained_drop,4,CA_2,FOODS_2,2015-10-24,3,546.0,341.4012,565.7666549868921,27.211155573749025,-25.48382554179122,51.149699999999996,0.2101039237162902,-7.308827032577946,True,True,IF-2,0.6028134907363318,0.417550425507805,0.1852630652285268,True,False
development_4,one_day_positive_spike,2,CA_2,FOODS_3,2015-10-25,1,2252.0,3045.191,2417.464478045839,121.72516942746171,4.372528826101758,396.59549999999996,-1.3952497061271263,5.120995074888989,True,True,IF-2,0.7114323800974943,0.5569794447548613,0.15445293534263305,True,True
development_4,one_day_positive_spike,4,CA_2,FOODS_3,2015-10-25,1,2252.0,3838.3819999999996,2417.464478045839,121.72516942746171,4.372528826101758,396.59549999999996,-1.3952497061271263,11.637239855905104,True,True,IF-2,0.7177245426860597,0.5569794447548613,0.1607450979311984,True,True
development_4,one_day_negative_drop,2,CA_2,FOODS_3,2015-10-26,1,1408.0,614.8090000000001,1494.3301609052628,121.72516942746171,4.372528826101758,396.59549999999996,-0.7451432613155324,-7.2613880423316495,True,True,IF-2,0.7163368124601455,0.5022300173571379,0.21410679510300756,True,True
development_4,one_day_negative_drop,4,CA_2,FOODS_3,2015-10-26,1,1408.0,0.0,1494.3301609052628,121.72516942746171,4.372528826101758,396.59549999999996,-0.7451432613155324,-12.312184051832185,True,True,IF-2,0.7163368124601455,0.5022300173571379,0.21410679510300756,True,True
development_4,two_day_positive_sustained_spike,2,CA_2,FOODS_3,2015-10-27,1,1324.0,2117.191,1404.4009975239733,121.72516942746171,4.372528826101758,396.59549999999996,-0.6964338332721989,5.819810947743917,True,True,IF-2,0.7173186476333308,0.4885661807022678,0.22875246693106294,True,True
development_4,two_day_positive_sustained_spike,2,CA_2,FOODS_3,2015-10-28,2,1413.0,2206.191,1387.745765275135,121.72516942746171,4.372528826101758,396.59549999999996,0.17154797152455015,6.687792752540666,True,True,IF-2,0.7264587073725217,0.4699416285423383,0.25651707883018343,True,True
development_4,two_day_positive_sustained_spike,4,CA_2,FOODS_3,2015-10-27,1,1324.0,2910.3819999999996,1404.4009975239733,121.72516942746171,4.372528826101758,396.59549999999996,-0.6964338332721989,12.336055728760032,True,True,IF-2,0.7173186476333308,0.4885661807022678,0.22875246693106294,True,True
development_4,two_day_positive_sustained_spike,4,CA_2,FOODS_3,2015-10-28,2,1413.0,2999.3819999999996,1387.745765275135,121.72516942746171,4.372528826101758,396.59549999999996,0.17154797152455015,13.20403753355678,True,True,IF-2,0.7264587073725217,0.4699416285423383,0.25651707883018343,True,True
development_4,two_day_negative_sustained_drop,2,CA_2,FOODS_3,2015-10-29,1,1505.0,711.8090000000001,1392.8482698139085,121.72516942746171,4.372528826101758,396.59549999999996,0.8854306949576061,-5.6308140860585105,True,True,IF-2,0.7150830057867844,0.5021405642762383,0.2129424415105461,True,True
development_4,two_day_negative_sustained_drop,2,CA_2,FOODS_3,2015-10-30,2,1863.0,1069.8090000000002,1816.034256978485,121.72516942746171,4.372528826101758,396.59549999999996,0.34991295880508355,-6.166331822211032,True,True,IF-2,0.716159205005242,0.48670070949232896,0.22945849551291303,True,True
development_4,two_day_negative_sustained_drop,4,CA_2,FOODS_3,2015-10-29,1,1505.0,0.0,1392.8482698139085,121.72516942746171,4.372528826101758,396.59549999999996,0.8854306949576061,-11.478487195473901,True,True,IF-2,0.7150830057867844,0.5021405642762383,0.2129424415105461,True,True
development_4,two_day_negative_sustained_drop,4,CA_2,FOODS_3,2015-10-30,2,1863.0,276.61800000000017,1816.034256978485,121.72516942746171,4.372528826101758,396.59549999999996,0.34991295880508355,-12.682576603227151,True,True,IF-2,0.716159205005242,0.48670070949232896,0.22945849551291303,True,True
development_4,three_day_positive_sustained_spike,2,CA_2,FOODS_3,2015-10-31,1,2214.0,3007.191,2285.254454964886,121.72516942746171,4.372528826101758,396.59549999999996,-0.6212929022543303,5.894951878761786,True,True,IF-2,0.751260765966378,0.6124359660904982,0.1388247998758798,True,True
development_4,three_day_positive_sustained_spike,2,CA_2,FOODS_3,2015-11-01,2,2434.0,3227.191,2448.285212725055,121.72516942746171,4.372528826101758,396.59549999999996,-0.15327759771388214,6.362967183302233,True,True,IF-2,0.7322716300733015,0.5093086235192799,0.22296300655402168,True,True
development_4,three_day_positive_sustained_spike,2,CA_2,FOODS_3,2015-11-02,3,1214.0,2007.1909999999998,1748.4098462246077,121.72516942746171,4.372528826101758,396.59549999999996,-4.426219964078832,2.0900248169372824,False,True,IF-2,0.621021714627409,0.7109593928122241,-0.08993767818481513,True,False
development_4,three_day_positive_sustained_spike,4,CA_2,FOODS_3,2015-10-31,1,2214.0,3800.3819999999996,2285.254454964886,121.72516942746171,4.372528826101758,396.59549999999996,-0.6212929022543303,12.4111966597779,True,True,IF-2,0.751260765966378,0.6124359660904982,0.1388247998758798,True,True
development_4,three_day_positive_sustained_spike,4,CA_2,FOODS_3,2015-11-01,2,2434.0,4020.3819999999996,2448.285212725055,121.72516942746171,4.372528826101758,396.59549999999996,-0.15327759771388214,12.879211964318348,True,True,IF-2,0.7322716300733015,0.5093086235192799,0.22296300655402168,True,True
development_4,three_day_positive_sustained_spike,4,CA_2,FOODS_3,2015-11-02,3,1214.0,2800.3819999999996,1748.4098462246077,121.72516942746171,4.372528826101758,396.59549999999996,-4.426219964078832,8.606269597953398,True,True,IF-2,0.7301962811849555,0.7109593928122241,0.01923688837273141,True,True
development_4,three_day_negative_sustained_drop,2,CA_2,FOODS_3,2015-11-03,1,1424.0,630.8090000000001,1649.4889453660337,121.72516942746171,4.372528826101758,396.59549999999996,-1.8883643807874442,-8.404609161803561,True,True,IF-2,0.7163804837628873,0.6072517220798321,0.10912876168305519,True,True
development_4,three_day_negative_sustained_drop,2,CA_2,FOODS_3,2015-11-04,2,1211.0,417.8090000000001,1603.7657131537806,121.72516942746171,4.372528826101758,396.59549999999996,-3.2625811395279625,-9.778825920544081,True,True,IF-2,0.7193350007017708,0.6930505517732372,0.026284448928533655,True,True
development_4,three_day_negative_sustained_drop,2,CA_2,FOODS_3,2015-11-05,3,1369.0,575.8090000000001,1599.0833646847946,121.72516942746171,4.372528826101758,396.59549999999996,-1.926108582256794,-8.442353363272911,True,True,IF-2,0.7179758699175212,0.6134077832339232,0.10456808668359796,True,True
development_4,three_day_negative_sustained_drop,4,CA_2,FOODS_3,2015-11-03,1,1424.0,0.0,1649.4889453660337,121.72516942746171,4.372528826101758,396.59549999999996,-1.8883643807874442,-13.586848816650877,True,True,IF-2,0.7163804837628873,0.6072517220798321,0.10912876168305519,True,True
development_4,three_day_negative_sustained_drop,4,CA_2,FOODS_3,2015-11-04,2,1211.0,0.0,1603.7657131537806,121.72516942746171,4.372528826101758,396.59549999999996,-3.2625811395279625,-13.211222046712384,True,True,IF-2,0.7193350007017708,0.6930505517732372,0.026284448928533655,True,True
development_4,three_day_negative_sustained_drop,4,CA_2,FOODS_3,2015-11-05,3,1369.0,0.0,1599.0833646847946,121.72516942746171,4.372528826101758,396.59549999999996,-1.926108582256794,-13.17275548724067,True,True,IF-2,0.7179758699175212,0.6134077832339232,0.10456808668359796,True,True
development_5,one_day_positive_spike,2,CA_1,FOODS_1,2016-01-05,1,187.0,360.4642,297.75733736313333,56.83680129184195,-21.07080590464031,86.73209999999999,-1.577965849942476,1.4740039312087745,False,True,IF-2,0.4802439567898096,0.5093595263792396,-0.029115569589430068,False,False
development_5,one_day_positive_spike,4,CA_1,FOODS_1,2016-01-05,1,187.0,533.9284,297.75733736313333,56.83680129184195,-21.07080590464031,86.73209999999999,-1.577965849942476,4.525973712360025,True,True,IF-2,0.6448489717212339,0.5093595263792396,0.13548944534199425,True,True
development_5,one_day_negative_drop,2,CA_1,FOODS_1,2016-01-06,1,215.0,41.53580000000002,297.75733736313333,56.83680129184195,-21.07080590464031,86.73209999999999,-1.0853272889469798,-4.13729707009823,True,True,IF-2,0.6390556706769666,0.49195375974533184,0.14710191093163472,True,False
development_5,one_day_negative_drop,4,CA_1,FOODS_1,2016-01-06,1,215.0,0.0,297.75733736313333,56.83680129184195,-21.07080590464031,86.73209999999999,-1.0853272889469798,-4.868087668019544,True,True,IF-2,0.6533386627397304,0.49195375974533184,0.16138490299439856,True,True
development_5,two_day_positive_sustained_spike,2,CA_1,FOODS_1,2016-01-07,1,211.0,384.4642,303.2745680657429,56.83680129184195,-21.07080590464031,86.73209999999999,-1.2527756760182565,1.7991941051329943,False,True,IF-2,0.5978323508976018,0.6004277708551604,-0.002595419957558631,True,False
development_5,two_day_positive_sustained_spike,2,CA_1,FOODS_1,2016-01-08,2,295.0,468.4642,323.86986294943625,56.83680129184195,-21.07080590464031,86.73209999999999,-0.1372184371310738,2.914751344020177,False,True,IF-2,0.5738092491891866,0.4398884645218268,0.13392078466735985,False,False
development_5,two_day_positive_sustained_spike,4,CA_1,FOODS_1,2016-01-07,1,211.0,557.9284,303.2745680657429,56.83680129184195,-21.07080590464031,86.73209999999999,-1.2527756760182565,4.851163886284245,True,True,IF-2,0.6927810845458515,0.6004277708551604,0.09235331369069111,True,True
development_5,two_day_positive_sustained_spike,4,CA_1,FOODS_1,2016-01-08,2,295.0,641.9284,323.86986294943625,56.83680129184195,-21.07080590464031,86.73209999999999,-0.1372184371310738,5.966721125171428,True,True,IF-2,0.6766633786204933,0.4398884645218268,0.23677491409866652,True,True
development_5,two_day_negative_sustained_drop,2,CA_1,FOODS_1,2016-01-09,1,383.0,209.53580000000002,396.1631334190744,56.83680129184195,-21.07080590464031,86.73209999999999,0.13912944264688878,-2.9128403385043624,False,True,IF-2,0.588026557585258,0.43959115987027586,0.14843539771498215,False,False
development_5,two_day_negative_sustained_drop,2,CA_1,FOODS_1,2016-01-10,2,294.0,120.53580000000002,366.7935811148112,56.83680129184195,-21.07080590464031,86.73209999999999,-0.910022626794004,-3.9619924079452553,True,True,IF-2,0.6215014564373124,0.46319667462495523,0.15830478181235713,True,False
development_5,two_day_negative_sustained_drop,4,CA_1,FOODS_1,2016-01-09,1,383.0,36.071600000000046,396.1631334190744,56.83680129184195,-21.07080590464031,86.73209999999999,0.13912944264688878,-5.9648101196556125,True,True,IF-2,0.6654766231048996,0.43959115987027586,0.22588546323462377,True,True
development_5,two_day_negative_sustained_drop,4,CA_1,FOODS_1,2016-01-10,2,294.0,0.0,366.7935811148112,56.83680129184195,-21.07080590464031,86.73209999999999,-0.910022626794004,-6.082727517246719,True,True,IF-2,0.6709991029552573,0.46319667462495523,0.2078024283303021,True,True
development_5,three_day_positive_sustained_spike,2,CA_1,FOODS_1,2016-01-11,1,318.0,491.4642,289.3212988483377,56.83680129184195,-21.07080590464031,86.73209999999999,0.8753044845161512,3.927274265667402,True,True,IF-2,0.5957430215748738,0.4236061243946155,0.17213689718025832,True,False
development_5,three_day_positive_sustained_spike,2,CA_1,FOODS_1,2016-01-12,2,236.0,409.4642,296.00399654818807,56.83680129184195,-21.07080590464031,86.73209999999999,-0.6849996790571679,2.3669701020940828,False,True,IF-2,0.502930284623002,0.42340428600378005,0.079525998619222,False,False
development_5,three_day_positive_sustained_spike,2,CA_1,FOODS_1,2016-01-13,3,258.0,431.4642,296.00399654818807,56.83680129184195,-21.07080590464031,86.73209999999999,-0.2979265239892777,2.754043257161973,False,True,IF-2,0.5327575458281472,0.4093277608255711,0.12342978500257606,False,False
development_5,three_day_positive_sustained_spike,4,CA_1,FOODS_1,2016-01-11,1,318.0,664.9284,289.3212988483377,56.83680129184195,-21.07080590464031,86.73209999999999,0.8753044845161512,6.9792440468186525,True,True,IF-2,0.6828799956748949,0.4236061243946155,0.2592738712802794,True,True
development_5,three_day_positive_sustained_spike,4,CA_1,FOODS_1,2016-01-12,2,236.0,582.9284,296.00399654818807,56.83680129184195,-21.07080590464031,86.73209999999999,-0.6849996790571679,5.418939883245334,True,True,IF-2,0.6506958282675024,0.42340428600378005,0.22729154226372233,True,True
development_5,three_day_positive_sustained_spike,4,CA_1,FOODS_1,2016-01-13,3,258.0,604.9284,296.00399654818807,56.83680129184195,-21.07080590464031,86.73209999999999,-0.2979265239892777,5.806013038313225,True,True,IF-2,0.6601658672103609,0.4093277608255711,0.25083810638478976,True,True
development_5,three_day_negative_sustained_drop,2,CA_1,FOODS_1,2016-01-14,1,273.0,99.53580000000002,296.05698918857485,56.83680129184195,-21.07080590464031,86.73209999999999,-0.03494537410252935,-3.0869151552537795,True,True,IF-2,0.5995001586738165,0.402040202427395,0.19745995624642143,True,False
development_5,three_day_negative_sustained_drop,2,CA_1,FOODS_1,2016-01-15,2,330.0,156.53580000000002,322.11036484765447,56.83680129184195,-21.07080590464031,86.73209999999999,0.5095367860038715,-2.5424329951473785,False,True,IF-2,0.5643539600719969,0.404912824069175,0.1594411360028219,False,False
development_5,three_day_negative_sustained_drop,2,CA_1,FOODS_1,2016-01-16,3,450.0,276.5358,396.93270774392306,56.83680129184195,-21.07080590464031,86.73209999999999,1.3044030711728078,-1.747566709978443,False,True,IF-2,0.4888804163460687,0.43131139723833084,0.05756901910773787,False,False
development_5,three_day_negative_sustained_drop,4,CA_1,FOODS_1,2016-01-14,1,273.0,0.0,296.05698918857485,56.83680129184195,-21.07080590464031,86.73209999999999,-0.03494537410252935,-4.838171343808622,True,True,IF-2,0.6494702904820288,0.402040202427395,0.24743008805463373,True,True
development_5,three_day_negative_sustained_drop,4,CA_1,FOODS_1,2016-01-15,2,330.0,0.0,322.11036484765447,56.83680129184195,-21.07080590464031,86.73209999999999,0.5095367860038715,-5.2965605400144815,True,True,IF-2,0.6614608842208056,0.404912824069175,0.2565480601516306,True,True
development_5,three_day_negative_sustained_drop,4,CA_1,FOODS_1,2016-01-16,3,450.0,103.07160000000005,396.93270774392306,56.83680129184195,-21.07080590464031,86.73209999999999,1.3044030711728078,-4.799536491129693,True,True,IF-2,0.6418533014809877,0.43131139723833084,0.2105419042426569,True,True
development_5,one_day_positive_spike,2,CA_1,FOODS_2,2016-01-17,1,609.0,822.4944,653.6671810252592,64.71101465964018,-6.326202077439461,106.74719999999999,-0.5924954066858843,2.706701818437446,False,True,IF-2,0.5411041802530132,0.4276331126338444,0.11347106761916881,False,False
development_5,one_day_positive_spike,4,CA_1,FOODS_2,2016-01-17,1,609.0,1035.9888,653.6671810252592,64.71101465964018,-6.326202077439461,106.74719999999999,-0.5924954066858843,6.005899043560776,True,True,IF-2,0.6724186841088238,0.4276331126338444,0.24478557147497937,True,True
development_5,one_day_negative_drop,2,CA_1,FOODS_2,2016-01-18,1,544.0,330.5056,520.044659876738,64.71101465964018,-6.326202077439461,106.74719999999999,0.46795035373765864,-2.831246871385671,False,True,IF-2,0.654190463059849,0.5455563829352456,0.1086340801246034,True,True
development_5,one_day_negative_drop,4,CA_1,FOODS_2,2016-01-18,1,544.0,117.01120000000003,520.044659876738,64.71101465964018,-6.326202077439461,106.74719999999999,0.46795035373765864,-6.130444096509,True,True,IF-2,0.7185701298331479,0.5455563829352456,0.1730137468979024,True,True
development_5,two_day_positive_sustained_spike,2,CA_1,FOODS_2,2016-01-19,1,349.0,562.4944,391.1847036207997,64.71101465964018,-6.326202077439461,106.74719999999999,-0.5541328896164714,2.745064335506859,False,True,IF-2,0.5494579381516947,0.41175433568019393,0.13770360247150082,False,False
development_5,two_day_positive_sustained_spike,2,CA_1,FOODS_2,2016-01-20,2,447.0,660.4944,388.42402685517584,64.71101465964018,-6.326202077439461,106.74719999999999,1.0029540652952034,4.302151290418534,True,True,IF-2,0.6388888814383251,0.4323471699172052,0.20654171152111994,True,False
development_5,two_day_positive_sustained_spike,4,CA_1,FOODS_2,2016-01-19,1,349.0,775.9888,391.1847036207997,64.71101465964018,-6.326202077439461,106.74719999999999,-0.5541328896164714,6.044261560630187,True,True,IF-2,0.6813099915518457,0.41175433568019393,0.26955565587165176,True,True
development_5,two_day_positive_sustained_spike,4,CA_1,FOODS_2,2016-01-20,2,447.0,873.9888,388.42402685517584,64.71101465964018,-6.326202077439461,106.74719999999999,1.0029540652952034,7.601348515541862,True,True,IF-2,0.6977895452783868,0.4323471699172052,0.2654423753611816,True,True
development_5,two_day_negative_sustained_drop,2,CA_1,FOODS_2,2016-01-21,1,387.0,173.50560000000002,387.80717651980814,64.71101465964018,-6.326202077439461,106.74719999999999,0.08528726657524506,-3.213909958548084,True,True,IF-2,0.614084698670234,0.41182500823580864,0.20225969043442532,True,False
development_5,two_day_negative_sustained_drop,2,CA_1,FOODS_2,2016-01-22,2,431.0,217.50560000000002,432.0568083692329,64.71101465964018,-6.326202077439461,106.74719999999999,0.08142962578970422,-3.217767599333625,True,True,IF-2,0.6098632712029469,0.41364414980947856,0.19621912139346837,True,False
development_5,two_day_negative_sustained_drop,4,CA_1,FOODS_2,2016-01-21,1,387.0,0.0,387.80717651980814,64.71101465964018,-6.326202077439461,106.74719999999999,0.08528726657524506,-5.895147471397875,True,True,IF-2,0.6754258972642829,0.41182500823580864,0.2636008890284743,True,True
development_5,two_day_negative_sustained_drop,4,CA_1,FOODS_2,2016-01-22,2,431.0,4.011200000000031,432.0568083692329,64.71101465964018,-6.326202077439461,106.74719999999999,0.08142962578970422,-6.516964824456955,True,True,IF-2,0.6837895533864209,0.41364414980947856,0.27014540357694233,True,True
development_5,three_day_positive_sustained_spike,2,CA_1,FOODS_2,2016-01-23,1,688.0,901.4944,584.1880770158424,64.71101465964018,-6.326202077439461,106.74719999999999,1.7019996617405762,5.001196886863906,True,True,IF-2,0.6492248992212855,0.4749922869768693,0.17423261224441616,True,True
development_5,three_day_positive_sustained_spike,2,CA_1,FOODS_2,2016-01-24,2,621.0,834.4944,583.2684158550843,64.71101465964018,-6.326202077439461,106.74719999999999,0.6808390573704557,3.980036282493786,True,True,IF-2,0.6156941089805055,0.42433155509370507,0.1913625538868004,True,False
development_5,three_day_positive_sustained_spike,2,CA_1,FOODS_2,2016-01-25,3,440.0,653.4944,416.6207916326889,64.71101465964018,-6.326202077439461,106.74719999999999,0.4590472055026773,3.7582444306260068,True,True,IF-2,0.6199400650653266,0.42208919507631176,0.19785086998901485,True,False
development_5,three_day_positive_sustained_spike,4,CA_1,FOODS_2,2016-01-23,1,688.0,1114.9888,584.1880770158424,64.71101465964018,-6.326202077439461,106.74719999999999,1.7019996617405762,8.300394111987236,True,True,IF-2,0.6969825405152665,0.4749922869768693,0.22199025353839724,True,True
development_5,three_day_positive_sustained_spike,4,CA_1,FOODS_2,2016-01-24,2,621.0,1047.9888,583.2684158550843,64.71101465964018,-6.326202077439461,106.74719999999999,0.6808390573704557,7.279233507617116,True,True,IF-2,0.6887657564912802,0.42433155509370507,0.2644342013975752,True,True
development_5,three_day_positive_sustained_spike,4,CA_1,FOODS_2,2016-01-25,3,440.0,866.9888,416.6207916326889,64.71101465964018,-6.326202077439461,106.74719999999999,0.4590472055026773,7.057441655749336,True,True,IF-2,0.696843098423313,0.42208919507631176,0.2747539033470013,True,True
development_5,three_day_negative_sustained_drop,2,CA_1,FOODS_2,2016-01-26,1,355.0,141.50560000000002,367.3002343675928,64.71101465964018,-6.326202077439461,106.74719999999999,-0.09231863109510617,-3.3915158562184358,True,True,IF-2,0.613760090870445,0.40249969463345364,0.2112603962369914,True,False
development_5,three_day_negative_sustained_drop,2,CA_1,FOODS_2,2016-01-27,2,371.0,157.50560000000002,362.6834057362729,64.71101465964018,-6.326202077439461,106.74719999999999,0.2262798136945182,-3.0729174114288123,True,True,IF-2,0.6012977778953236,0.41137681838985996,0.18992095950546362,True,False
development_5,three_day_negative_sustained_drop,2,CA_1,FOODS_2,2016-01-28,3,366.0,152.50560000000002,363.7667062590159,64.71101465964018,-6.326202077439461,106.74719999999999,0.13227262566417547,-3.1669245994591537,True,True,IF-2,0.6116267721472831,0.40966088484495283,0.20196588730233028,True,False
development_5,three_day_negative_sustained_drop,4,CA_1,FOODS_2,2016-01-26,1,355.0,0.0,367.3002343675928,64.71101465964018,-6.326202077439461,106.74719999999999,-0.09231863109510617,-5.578247137504558,True,True,IF-2,0.6707515699406059,0.40249969463345364,0.2682518753071523,True,True
development_5,three_day_negative_sustained_drop,4,CA_1,FOODS_2,2016-01-27,2,371.0,0.0,362.6834057362729,64.71101465964018,-6.326202077439461,106.74719999999999,0.2262798136945182,-5.506901808496768,True,True,IF-2,0.6696114250922638,0.41137681838985996,0.25823460670240383,True,True
development_5,three_day_negative_sustained_drop,4,CA_1,FOODS_2,2016-01-28,3,366.0,0.0,363.7667062590159,64.71101465964018,-6.326202077439461,106.74719999999999,0.13227262566417547,-5.523642397845287,True,True,IF-2,0.6695541653097579,0.40966088484495283,0.25989328046480503,True,True
development_5,one_day_positive_spike,2,CA_1,FOODS_3,2016-01-05,1,1622.0,2467.082,1496.2283822409029,193.9376723064393,-75.14483531028804,422.541,1.0359846577508611,5.393477402454391,True,True,IF-2,0.72875112179359,0.5421716066238342,0.1865795151697558,True,True
development_5,one_day_positive_spike,4,CA_1,FOODS_3,2016-01-05,1,1622.0,3312.1639999999998,1496.2283822409029,193.9376723064393,-75.14483531028804,422.541,1.0359846577508611,9.75097014715792,True,True,IF-2,0.7317975362226928,0.5421716066238342,0.1896259295988586,True,True
development_5,one_day_negative_drop,2,CA_1,FOODS_3,2016-01-06,1,1471.0,625.918,1496.2283822409029,193.9376723064393,-75.14483531028804,422.541,0.2573839959804849,-4.100108748723045,True,True,IF-2,0.7201828664214701,0.5015470798279507,0.21863578659351945,True,True
development_5,one_day_negative_drop,4,CA_1,FOODS_3,2016-01-06,1,1471.0,0.0,1496.2283822409029,193.9376723064393,-75.14483531028804,422.541,0.2573839959804849,-7.32752708656404,True,True,IF-2,0.7201828664214701,0.5015470798279507,0.21863578659351945,True,True
development_5,two_day_positive_sustained_spike,2,CA_1,FOODS_3,2016-01-07,1,1732.0,2577.082,1582.4708252809762,193.9376723064393,-75.14483531028804,422.541,1.1584856482875916,5.515978392991121,True,True,IF-2,0.7530377400114707,0.6424020722462529,0.11063566776521783,True,True
development_5,two_day_positive_sustained_spike,2,CA_1,FOODS_3,2016-01-08,2,1980.0,2825.082,1726.6472420614143,193.9376723064393,-75.14483531028804,422.541,1.6938307516129056,6.051323496316436,True,True,IF-2,0.7277244479108048,0.629220488618541,0.09850395929226385,True,True
development_5,two_day_positive_sustained_spike,4,CA_1,FOODS_3,2016-01-07,1,1732.0,3422.1639999999998,1582.4708252809762,193.9376723064393,-75.14483531028804,422.541,1.1584856482875916,9.87347113769465,True,True,IF-2,0.7549849162717962,0.6424020722462529,0.1125828440255433,True,True
development_5,two_day_positive_sustained_spike,4,CA_1,FOODS_3,2016-01-08,2,1980.0,3670.1639999999998,1726.6472420614143,193.9376723064393,-75.14483531028804,422.541,1.6938307516129056,10.408816241019965,True,True,IF-2,0.7294612495849857,0.629220488618541,0.10024076096644474,True,True
development_5,two_day_negative_sustained_drop,2,CA_1,FOODS_3,2016-01-09,1,2863.0,2017.9180000000001,2155.4867494079667,193.9376723064393,-75.14483531028804,422.541,4.035616580287969,-0.32187616441556055,False,True,IF-2,0.5538785932377364,0.7251195377584034,-0.17124094452066707,False,False
development_5,two_day_negative_sustained_drop,2,CA_1,FOODS_3,2016-01-10,2,2800.0,1954.9180000000001,2244.8385558721684,193.9376723064393,-75.14483531028804,422.541,3.2500456045598916,-1.1074471401436379,False,True,IF-2,0.6204772528836675,0.7103205422240982,-0.08984328934043073,True,False
development_5,two_day_negative_sustained_drop,4,CA_1,FOODS_3,2016-01-09,1,2863.0,1172.836,2155.4867494079667,193.9376723064393,-75.14483531028804,422.541,4.035616580287969,-4.679368909119091,True,True,IF-2,0.719170964849026,0.7251195377584034,-0.0059485729093774475,True,True
development_5,two_day_negative_sustained_drop,4,CA_1,FOODS_3,2016-01-10,2,2800.0,1109.836,2244.8385558721684,193.9376723064393,-75.14483531028804,422.541,3.2500456045598916,-5.464939884847168,True,True,IF-2,0.723025068104271,0.7103205422240982,0.01270452588017279,True,True
development_5,three_day_positive_sustained_spike,2,CA_1,FOODS_3,2016-01-11,1,1853.0,2698.082,1535.4692009397102,193.9376723064393,-75.14483531028804,422.541,2.024751713788306,6.382244458491836,True,True,IF-2,0.716070724157152,0.6329165078357603,0.08315421632139175,True,True
development_5,three_day_positive_sustained_spike,2,CA_1,FOODS_3,2016-01-12,2,1545.0,2390.082,1386.5384947255409,193.9376723064393,-75.14483531028804,422.541,1.204543386576424,5.562036131279953,True,True,IF-2,0.7111133778754308,0.525142116971628,0.18597126090380278,True,True
development_5,three_day_positive_sustained_spike,2,CA_1,FOODS_3,2016-01-13,3,1471.0,2316.082,1385.7027816940522,193.9376723064393,-75.14483531028804,422.541,0.8272866829231749,5.1847794276267045,True,True,IF-2,0.7088084037247453,0.48702255608015066,0.22178584764459464,True,True
development_5,three_day_positive_sustained_spike,4,CA_1,FOODS_3,2016-01-11,1,1853.0,3543.1639999999998,1535.4692009397102,193.9376723064393,-75.14483531028804,422.541,2.024751713788306,10.739737203195364,True,True,IF-2,0.7180649405443401,0.6329165078357603,0.08514843270857986,True,True
development_5,three_day_positive_sustained_spike,4,CA_1,FOODS_3,2016-01-12,2,1545.0,3235.1639999999998,1386.5384947255409,193.9376723064393,-75.14483531028804,422.541,1.204543386576424,9.919528875983483,True,True,IF-2,0.7143698208110452,0.525142116971628,0.18922770383941712,True,True
development_5,three_day_positive_sustained_spike,4,CA_1,FOODS_3,2016-01-13,3,1471.0,3161.1639999999998,1385.7027816940522,193.9376723064393,-75.14483531028804,422.541,0.8272866829231749,9.542272172330234,True,True,IF-2,0.7129034864664405,0.48702255608015066,0.22588093038628987,True,True
development_5,three_day_negative_sustained_drop,2,CA_1,FOODS_3,2016-01-14,1,1487.0,641.918,1381.4614531937546,193.9376723064393,-75.14483531028804,422.541,0.9316569595155147,-3.4258357851880152,True,True,IF-2,0.7040456336267628,0.4980133959868964,0.20603223763986633,True,True
development_5,three_day_negative_sustained_drop,2,CA_1,FOODS_3,2016-01-15,2,1871.0,1025.9180000000001,1588.1491251995276,193.9376723064393,-75.14483531028804,422.541,1.8459317669085684,-2.511560977794961,False,True,IF-2,0.6921329876839339,0.6181199648060699,0.07401302287786404,True,True
development_5,three_day_negative_sustained_drop,2,CA_1,FOODS_3,2016-01-16,3,2698.0,1852.9180000000001,2086.6705456948075,193.9376723064393,-75.14483531028804,422.541,3.539664478032861,-0.8178282666706684,False,True,IF-2,0.5792785598172315,0.6957818135059093,-0.11650325368867775,False,False
development_5,three_day_negative_sustained_drop,4,CA_1,FOODS_3,2016-01-14,1,1487.0,0.0,1381.4614531937546,193.9376723064393,-75.14483531028804,422.541,0.9316569595155147,-6.735754855402031,True,True,IF-2,0.7071325512050771,0.4980133959868964,0.2091191552181807,True,True
development_5,three_day_negative_sustained_drop,4,CA_1,FOODS_3,2016-01-15,2,1871.0,180.836,1588.1491251995276,193.9376723064393,-75.14483531028804,422.541,1.8459317669085684,-6.869053722498491,True,True,IF-2,0.7092552852696562,0.6181199648060699,0.0911353204635863,True,True
development_5,three_day_negative_sustained_drop,4,CA_1,FOODS_3,2016-01-16,3,2698.0,1007.836,2086.6705456948075,193.9376723064393,-75.14483531028804,422.541,3.539664478032861,-5.175321011374199,True,True,IF-2,0.7098522375130887,0.6957818135059093,0.014070424007179394,True,True
development_5,one_day_positive_spike,2,CA_1,HOBBIES_1,2016-01-17,1,532.0,696.5686000000001,627.3559178953349,64.15541050424108,19.20581402622625,82.2843,-1.7856908875049264,0.7794645484363812,False,True,IF-2,0.44184327880461677,0.4722116580113755,-0.030368379206758722,False,False
development_5,one_day_positive_spike,4,CA_1,HOBBIES_1,2016-01-17,1,532.0,861.1372,627.3559178953349,64.15541050424108,19.20581402622625,82.2843,-1.7856908875049264,3.344619984377687,True,True,IF-2,0.5996797312534268,0.4722116580113755,0.12746807324205128,True,False
development_5,one_day_negative_drop,2,CA_1,HOBBIES_1,2016-01-18,1,564.0,399.4314,522.6394804608262,64.15541050424108,19.20581402622625,82.2843,0.3453287156736835,-2.219826720267623,False,True,IF-2,0.6238028036978143,0.5490056300944152,0.0747971736033991,True,False
development_5,one_day_negative_drop,4,CA_1,HOBBIES_1,2016-01-18,1,564.0,234.8628,522.6394804608262,64.15541050424108,19.20581402622625,82.2843,0.3453287156736835,-4.78498215620893,True,True,IF-2,0.692509175627658,0.5490056300944152,0.14350354553324285,True,True
development_5,two_day_positive_sustained_spike,2,CA_1,HOBBIES_1,2016-01-19,1,333.0,497.5686,426.69430255404745,64.15541050424108,19.20581402622625,82.2843,-1.7597910401151635,0.8053643958261429,False,True,IF-2,0.4326527721279373,0.4768247209581314,-0.0441719488301941,False,False
development_5,two_day_positive_sustained_spike,2,CA_1,HOBBIES_1,2016-01-20,2,478.0,642.5686000000001,427.72058101489137,64.15541050424108,19.20581402622625,82.2843,0.4843489382213247,3.049504374162632,True,True,IF-2,0.5968974765746702,0.4235384870724445,0.17335898950222567,True,False
development_5,two_day_positive_sustained_spike,4,CA_1,HOBBIES_1,2016-01-19,1,333.0,662.1372,426.69430255404745,64.15541050424108,19.20581402622625,82.2843,-1.7597910401151635,3.37051983176745,True,True,IF-2,0.6127558695882988,0.4768247209581314,0.13593114863016736,True,False
development_5,two_day_positive_sustained_spike,4,CA_1,HOBBIES_1,2016-01-20,2,478.0,807.1372,427.72058101489137,64.15541050424108,19.20581402622625,82.2843,0.4843489382213247,5.614659810103937,True,True,IF-2,0.6812250832446106,0.4235384870724445,0.2576865961721661,True,True
development_5,two_day_negative_sustained_drop,2,CA_1,HOBBIES_1,2016-01-21,1,539.0,374.4314,429.20133844797823,64.15541050424108,19.20581402622625,82.2843,1.4120842936513789,-1.1530711422899278,False,True,IF-2,0.43664898180959355,0.4747582311859054,-0.03810924937631183,False,False
development_5,two_day_negative_sustained_drop,2,CA_1,HOBBIES_1,2016-01-22,2,430.0,265.4314,480.1981000721468,64.15541050424108,19.20581402622625,82.2843,-1.0818092122376028,-3.6469646481789093,True,True,IF-2,0.6114756453091538,0.430532727498058,0.18094291781109578,True,False
development_5,two_day_negative_sustained_drop,4,CA_1,HOBBIES_1,2016-01-21,1,539.0,209.8628,429.20133844797823,64.15541050424108,19.20581402622625,82.2843,1.4120842936513789,-3.7182265782312345,True,True,IF-2,0.6170340426897363,0.4747582311859054,0.1422758115038309,True,False
development_5,two_day_negative_sustained_drop,4,CA_1,HOBBIES_1,2016-01-22,2,430.0,100.8628,480.1981000721468,64.15541050424108,19.20581402622625,82.2843,-1.0818092122376028,-6.212120084120216,True,True,IF-2,0.6741027831389951,0.430532727498058,0.2435700556409371,True,True
development_5,three_day_positive_sustained_spike,2,CA_1,HOBBIES_1,2016-01-23,1,664.0,828.5686000000001,622.7922846033952,64.15541050424108,19.20581402622625,82.2843,0.3429469345991345,2.9081023705404423,False,True,IF-2,0.5713543724795163,0.42427183893498865,0.1470825335445276,False,False
development_5,three_day_positive_sustained_spike,2,CA_1,HOBBIES_1,2016-01-24,2,431.0,595.5686000000001,598.1621079763167,64.15541050424108,19.20581402622625,82.2843,-2.9049447355686846,-0.3397892996273769,False,False,IF-2,0.42414936905763484,0.5507755187042341,-0.1266261496465993,False,False
development_5,three_day_positive_sustained_spike,2,CA_1,HOBBIES_1,2016-01-25,3,482.0,646.5686000000001,459.77379349332136,64.15541050424108,19.20581402622625,82.2843,0.04707931032960532,2.612234746270913,False,True,IF-2,0.5714467631687413,0.41822986502676673,0.1532168981419746,False,False
development_5,three_day_positive_sustained_spike,4,CA_1,HOBBIES_1,2016-01-23,1,664.0,993.1372,622.7922846033952,64.15541050424108,19.20581402622625,82.2843,0.3429469345991345,5.473257806481748,True,True,IF-2,0.6708588818752,0.42427183893498865,0.2465870429402114,True,True
development_5,three_day_positive_sustained_spike,4,CA_1,HOBBIES_1,2016-01-24,2,431.0,760.1372,598.1621079763167,64.15541050424108,19.20581402622625,82.2843,-2.9049447355686846,2.2253661363139288,False,True,IF-2,0.5257604957679067,0.5507755187042341,-0.025015022936327402,False,False
development_5,three_day_positive_sustained_spike,4,CA_1,HOBBIES_1,2016-01-25,3,482.0,811.1372,459.77379349332136,64.15541050424108,19.20581402622625,82.2843,0.04707931032960532,5.1773901822122195,True,True,IF-2,0.6751886405844728,0.41822986502676673,0.2569587755577061,True,True
development_5,three_day_negative_sustained_drop,2,CA_1,HOBBIES_1,2016-01-26,1,414.0,249.4314,424.24861565152696,64.15541050424108,19.20581402622625,82.2843,-0.45911061041073203,-3.0242660463520386,True,True,IF-2,0.5731862248842919,0.40851639541346835,0.1646698294708236,False,False
development_5,three_day_negative_sustained_drop,2,CA_1,HOBBIES_1,2016-01-27,2,376.0,211.4314,418.76300179964267,64.15541050424108,19.20581402622625,82.2843,-0.9659172209921778,-3.5310726569334845,True,True,IF-2,0.6030973345179231,0.4258590005349332,0.17723833398298994,True,False
development_5,three_day_negative_sustained_drop,2,CA_1,HOBBIES_1,2016-01-28,3,425.0,260.4314,419.82359369425535,64.15541050424108,19.20581402622625,82.2843,-0.21867848105428564,-2.7838339169955924,False,True,IF-2,0.564583060251298,0.40746229255753136,0.15712076769376665,False,False
development_5,three_day_negative_sustained_drop,4,CA_1,HOBBIES_1,2016-01-26,1,414.0,84.8628,424.24861565152696,64.15541050424108,19.20581402622625,82.2843,-0.45911061041073203,-5.5894214822933455,True,True,IF-2,0.6665951374420148,0.40851639541346835,0.25807874202854647,True,True
development_5,three_day_negative_sustained_drop,4,CA_1,HOBBIES_1,2016-01-27,2,376.0,46.86279999999999,418.76300179964267,64.15541050424108,19.20581402622625,82.2843,-0.9659172209921778,-6.0962280928747905,True,True,IF-2,0.6730978504442623,0.4258590005349332,0.2472388499093291,True,True
development_5,three_day_negative_sustained_drop,4,CA_1,HOBBIES_1,2016-01-28,3,425.0,95.8628,419.82359369425535,64.15541050424108,19.20581402622625,82.2843,-0.21867848105428564,-5.348989352936899,True,True,IF-2,0.662487776630168,0.40746229255753136,0.25502548407263664,True,True
development_5,one_day_positive_spike,2,CA_1,HOBBIES_2,2016-01-05,1,18.0,44.6868,39.88200329578783,14.02075566871684,-1.3485568155845833,13.343399999999999,-1.464503552117205,0.4388745988581866,False,True,IF-2,0.4484769742171614,0.46403463198796074,-0.015557657770799371,False,False
development_5,one_day_positive_spike,4,CA_1,HOBBIES_2,2016-01-05,1,18.0,71.3736,39.88200329578783,14.02075566871684,-1.3485568155845833,13.343399999999999,-1.464503552117205,2.342252749833578,False,True,IF-2,0.5086360326128124,0.46403463198796074,0.044601400624851684,False,False
development_5,one_day_negative_drop,2,CA_1,HOBBIES_2,2016-01-06,1,29.0,2.313200000000002,39.88200329578783,14.02075566871684,-1.3485568155845833,13.343399999999999,-0.6799524009589804,-2.5833305519343717,False,True,IF-2,0.5158326339304289,0.4583351305818968,0.0574975033485321,False,False
development_5,one_day_negative_drop,4,CA_1,HOBBIES_2,2016-01-06,1,29.0,0.0,39.88200329578783,14.02075566871684,-1.3485568155845833,13.343399999999999,-0.6799524009589804,-2.7483145267397546,False,True,IF-2,0.5188563739681017,0.4583351305818968,0.060521243386204904,False,False
development_5,two_day_positive_sustained_spike,2,CA_1,HOBBIES_2,2016-01-07,1,22.0,48.6868,44.96071601421112,14.02075566871684,-1.3485568155845833,13.343399999999999,-1.5414403980270242,0.3619377529483675,False,True,IF-2,0.559121289998503,0.5828405268592445,-0.02371923686074151,False,False
development_5,two_day_positive_sustained_spike,2,CA_1,HOBBIES_2,2016-01-08,2,28.0,54.6868,36.37306652796817,14.02075566871684,-1.3485568155845833,13.343399999999999,-0.501007925561152,1.4023702254142396,False,True,IF-2,0.4754862284937643,0.4476916368813543,0.02779459161240999,False,False
development_5,two_day_positive_sustained_spike,4,CA_1,HOBBIES_2,2016-01-07,1,22.0,75.3736,44.96071601421112,14.02075566871684,-1.3485568155845833,13.343399999999999,-1.5414403980270242,2.265315903923759,False,True,IF-2,0.6001266345867957,0.5828405268592445,0.017286107727551236,True,False
development_5,two_day_positive_sustained_spike,4,CA_1,HOBBIES_2,2016-01-08,2,28.0,81.3736,36.37306652796817,14.02075566871684,-1.3485568155845833,13.343399999999999,-0.501007925561152,3.305748376389631,True,True,IF-2,0.5406242646189365,0.4476916368813543,0.09293262773758221,False,False
development_5,two_day_negative_sustained_drop,2,CA_1,HOBBIES_2,2016-01-09,1,44.0,17.313200000000002,43.51911492605611,14.02075566871684,-1.3485568155845833,13.343399999999999,0.13048097640060363,-1.772897174574788,False,True,IF-2,0.4881496630309555,0.46022522618268935,0.027924436848266176,False,False
development_5,two_day_negative_sustained_drop,2,CA_1,HOBBIES_2,2016-01-10,2,28.0,1.313200000000002,41.123609442781365,14.02075566871684,-1.3485568155845833,13.343399999999999,-0.8398300994196283,-2.74320825039502,False,True,IF-2,0.4986943484554277,0.4411913398557827,0.05750300859964502,False,False
development_5,two_day_negative_sustained_drop,4,CA_1,HOBBIES_2,2016-01-09,1,44.0,0.0,43.51911492605611,14.02075566871684,-1.3485568155845833,13.343399999999999,0.13048097640060363,-3.007723628232295,True,True,IF-2,0.5189955452702274,0.46022522618268935,0.05877031908753805,False,False
development_5,two_day_negative_sustained_drop,4,CA_1,HOBBIES_2,2016-01-10,2,28.0,0.0,41.123609442781365,14.02075566871684,-1.3485568155845833,13.343399999999999,-0.8398300994196283,-2.8368693932769276,False,True,IF-2,0.4997427527495355,0.4411913398557827,0.05855141289375282,False,False
development_5,three_day_positive_sustained_spike,2,CA_1,HOBBIES_2,2016-01-11,1,27.0,53.6868,39.24658050364047,14.02075566871684,-1.3485568155845833,13.343399999999999,-0.7772779118012588,1.1261002391741326,False,True,IF-2,0.43540164024093936,0.4308961890915754,0.004505451149363959,False,False
development_5,three_day_positive_sustained_spike,2,CA_1,HOBBIES_2,2016-01-12,2,15.0,41.6868,40.937059925355854,14.02075566871684,-1.3485568155845833,13.343399999999999,-1.7537216745480582,0.14965647642733373,False,True,IF-2,0.41787884240487666,0.45157024045059774,-0.03369139804572108,False,False
development_5,three_day_positive_sustained_spike,2,CA_1,HOBBIES_2,2016-01-13,3,40.0,66.6868,40.937059925355854,14.02075566871684,-1.3485568155845833,13.343399999999999,0.029349123538816302,1.9327272745142083,False,True,IF-2,0.45261704358001187,0.4242959516288388,0.02832109195117305,False,False
development_5,three_day_positive_sustained_spike,4,CA_1,HOBBIES_2,2016-01-11,1,27.0,80.3736,39.24658050364047,14.02075566871684,-1.3485568155845833,13.343399999999999,-0.7772779118012588,3.0294783901495244,True,True,IF-2,0.501355053550082,0.4308961890915754,0.07045886445850663,False,False
development_5,three_day_positive_sustained_spike,4,CA_1,HOBBIES_2,2016-01-12,2,15.0,68.3736,40.937059925355854,14.02075566871684,-1.3485568155845833,13.343399999999999,-1.7537216745480582,2.053034627402725,False,True,IF-2,0.45653499969036765,0.45157024045059774,0.004964759239769911,False,False
development_5,three_day_positive_sustained_spike,4,CA_1,HOBBIES_2,2016-01-13,3,40.0,93.3736,40.937059925355854,14.02075566871684,-1.3485568155845833,13.343399999999999,0.029349123538816302,3.8361054254896,True,True,IF-2,0.5085966458330018,0.4242959516288388,0.08430069420416297,False,False
development_5,three_day_negative_sustained_drop,2,CA_1,HOBBIES_2,2016-01-14,1,31.0,4.313200000000002,41.16818540859494,14.02075566871684,-1.3485568155845833,13.343399999999999,-0.6290408877667515,-2.5324190387421432,False,True,IF-2,0.49703899130836543,0.41447333068517145,0.08256566062319398,False,False
development_5,three_day_negative_sustained_drop,2,CA_1,HOBBIES_2,2016-01-15,2,31.0,4.313200000000002,37.985315969306704,14.02075566871684,-1.3485568155845833,13.343399999999999,-0.40202962571403184,-2.305407776689423,False,True,IF-2,0.49266123505217135,0.4197384262690577,0.07292280878311364,False,False
development_5,three_day_negative_sustained_drop,2,CA_1,HOBBIES_2,2016-01-16,3,45.0,18.313200000000002,44.5059305550145,14.02075566871684,-1.3485568155845833,13.343399999999999,0.13142132308042115,-1.7719568278949704,False,True,IF-2,0.4578823021921993,0.4273012914008612,0.03058101079133807,False,False
development_5,three_day_negative_sustained_drop,4,CA_1,HOBBIES_2,2016-01-14,1,31.0,0.0,41.16818540859494,14.02075566871684,-1.3485568155845833,13.343399999999999,-0.6290408877667515,-2.840048677394475,False,True,IF-2,0.4979820320966007,0.41447333068517145,0.08350870141142924,False,False
development_5,three_day_negative_sustained_drop,4,CA_1,HOBBIES_2,2016-01-15,2,31.0,0.0,37.985315969306704,14.02075566871684,-1.3485568155845833,13.343399999999999,-0.40202962571403184,-2.613037415341756,False,True,IF-2,0.5006583147182323,0.4197384262690577,0.08091988844917458,False,False
development_5,three_day_negative_sustained_drop,4,CA_1,HOBBIES_2,2016-01-16,3,45.0,0.0,44.5059305550145,14.02075566871684,-1.3485568155845833,13.343399999999999,0.13142132308042115,-3.078106113475952,True,True,IF-2,0.49940999706795214,0.4273012914008612,0.07210870566709093,False,False
development_5,one_day_positive_spike,2,CA_1,HOUSEHOLD_1,2016-01-17,1,1109.0,1436.6545999999998,966.1453552577708,78.14582752931017,-0.2069055960165542,163.82729999999998,1.830699793723315,6.023560888925183,True,True,IF-2,0.6847358762167736,0.5139409747875676,0.17079490142920595,True,True
development_5,one_day_positive_spike,4,CA_1,HOUSEHOLD_1,2016-01-17,1,1109.0,1764.3092,966.1453552577708,78.14582752931017,-0.2069055960165542,163.82729999999998,1.830699793723315,10.216421984127056,True,True,IF-2,0.7002423908656359,0.5139409747875676,0.18630141607806827,True,True
development_5,one_day_negative_drop,2,CA_1,HOUSEHOLD_1,2016-01-18,1,801.0,473.34540000000004,753.010817006581,78.14582752931017,-0.2069055960165542,163.82729999999998,0.6167455142932445,-3.5761155809086267,True,True,IF-2,0.6898719337690336,0.5649454641597562,0.12492646960927734,True,True
development_5,one_day_negative_drop,4,CA_1,HOUSEHOLD_1,2016-01-18,1,801.0,145.69080000000008,753.010817006581,78.14582752931017,-0.2069055960165542,163.82729999999998,0.6167455142932445,-7.768976676110498,True,True,IF-2,0.7347364673757086,0.5649454641597562,0.16979100321595242,True,True
development_5,two_day_positive_sustained_spike,2,CA_1,HOUSEHOLD_1,2016-01-19,1,507.0,834.6546,587.2991047411869,78.14582752931017,-0.2069055960165542,163.82729999999998,-1.0249069166889313,3.16795417851294,True,True,IF-2,0.6105927755341893,0.44492238323768124,0.1656703922965081,True,False
development_5,two_day_positive_sustained_spike,2,CA_1,HOUSEHOLD_1,2016-01-20,2,711.0,1038.6545999999998,587.1777166336619,78.14582752931017,-0.2069055960165542,163.82729999999998,1.5871504964975256,5.780011591699395,True,True,IF-2,0.6931624888540835,0.4952871891562445,0.197875299697839,True,True
development_5,two_day_positive_sustained_spike,4,CA_1,HOUSEHOLD_1,2016-01-19,1,507.0,1162.3092,587.2991047411869,78.14582752931017,-0.2069055960165542,163.82729999999998,-1.0249069166889313,7.3608152737148105,True,True,IF-2,0.6964636099642458,0.44492238323768124,0.2515412267265646,True,True
development_5,two_day_positive_sustained_spike,4,CA_1,HOUSEHOLD_1,2016-01-20,2,711.0,1366.3092,587.1777166336619,78.14582752931017,-0.2069055960165542,163.82729999999998,1.5871504964975256,9.972872686901267,True,True,IF-2,0.7030081284058791,0.4952871891562445,0.20772093924963464,True,True
development_5,two_day_negative_sustained_drop,2,CA_1,HOUSEHOLD_1,2016-01-21,1,574.0,246.34540000000004,586.36522298097,78.14582752931017,-0.2069055960165542,163.82729999999998,-0.15558498475677668,-4.348446079958648,True,True,IF-2,0.6658070001791173,0.41263237022734245,0.25317462995177487,True,True
development_5,two_day_negative_sustained_drop,2,CA_1,HOUSEHOLD_1,2016-01-22,2,655.0,327.34540000000004,711.7691083720292,78.14582752931017,-0.2069055960165542,163.82729999999998,-0.7238032351093585,-4.91666433031123,True,True,IF-2,0.6747718576411841,0.4316748633517009,0.24309699428948317,True,True
development_5,two_day_negative_sustained_drop,4,CA_1,HOUSEHOLD_1,2016-01-21,1,574.0,0.0,586.36522298097,78.14582752931017,-0.2069055960165542,163.82729999999998,-0.15558498475677668,-7.50082679929524,True,True,IF-2,0.6940652830935327,0.41263237022734245,0.2814329128661902,True,True
development_5,two_day_negative_sustained_drop,4,CA_1,HOUSEHOLD_1,2016-01-22,2,655.0,0.0,711.7691083720292,78.14582752931017,-0.2069055960165542,163.82729999999998,-0.7238032351093585,-9.105568720340532,True,True,IF-2,0.6995117039953462,0.4316748633517009,0.2678368406436453,True,True
development_5,three_day_positive_sustained_spike,2,CA_1,HOUSEHOLD_1,2016-01-23,1,1206.0,1533.6545999999998,936.1735921292257,78.14582752931017,-0.2069055960165542,163.82729999999998,3.455505201035968,7.648366296237836,True,True,IF-2,0.6998681153390214,0.6163348362315763,0.08353327910744512,True,True
development_5,three_day_positive_sustained_spike,2,CA_1,HOUSEHOLD_1,2016-01-24,2,1089.0,1416.6545999999998,933.237390760312,78.14582752931017,-0.2069055960165542,163.82729999999998,1.9958777041193294,6.1887387993211975,True,True,IF-2,0.686506440123361,0.5224598842856396,0.16404655583772143,True,True
development_5,three_day_positive_sustained_spike,2,CA_1,HOUSEHOLD_1,2016-01-25,3,765.0,1092.6545999999998,647.5348393989726,78.14582752931017,-0.2069055960165542,163.82729999999998,1.505801012253772,5.698662107455641,True,True,IF-2,0.6952886998161025,0.49443087365283345,0.20085782616326908,True,True
development_5,three_day_positive_sustained_spike,4,CA_1,HOUSEHOLD_1,2016-01-23,1,1206.0,1861.3092,936.1735921292257,78.14582752931017,-0.2069055960165542,163.82729999999998,3.455505201035968,11.841227391439709,True,True,IF-2,0.7043311632625364,0.6163348362315763,0.08799632703096016,True,True
development_5,three_day_positive_sustained_spike,4,CA_1,HOUSEHOLD_1,2016-01-24,2,1089.0,1744.3092,933.237390760312,78.14582752931017,-0.2069055960165542,163.82729999999998,1.9958777041193294,10.38159989452307,True,True,IF-2,0.7001033029023768,0.5224598842856396,0.17764341861673716,True,True
development_5,three_day_positive_sustained_spike,4,CA_1,HOUSEHOLD_1,2016-01-25,3,765.0,1420.3092,647.5348393989726,78.14582752931017,-0.2069055960165542,163.82729999999998,1.505801012253772,9.891523202657515,True,True,IF-2,0.7073885325580861,0.49443087365283345,0.21295765890525264,True,True
development_5,three_day_negative_sustained_drop,2,CA_1,HOUSEHOLD_1,2016-01-26,1,605.0,277.34540000000004,574.7051713116548,78.14582752931017,-0.2069055960165542,163.82729999999998,0.39031814299901646,-3.8025429522028547,True,True,IF-2,0.6447429916893589,0.40786595358503913,0.23687703810431976,True,True
development_5,three_day_negative_sustained_drop,2,CA_1,HOUSEHOLD_1,2016-01-27,2,538.0,210.34540000000004,572.9727173909536,78.14582752931017,-0.2069055960165542,163.82729999999998,-0.44488378834938297,-4.637744883551254,True,True,IF-2,0.669688330473251,0.41785841433027937,0.2518299161429717,True,True
development_5,three_day_negative_sustained_drop,2,CA_1,HOUSEHOLD_1,2016-01-28,3,565.0,237.34540000000004,572.0414275214453,78.14582752931017,-0.2069055960165542,163.82729999999998,-0.08745856485895268,-4.280319660060824,True,True,IF-2,0.6634032173011589,0.4130187437083218,0.2503844735928371,True,True
development_5,three_day_negative_sustained_drop,4,CA_1,HOUSEHOLD_1,2016-01-26,1,605.0,0.0,574.7051713116548,78.14582752931017,-0.2069055960165542,163.82729999999998,0.39031814299901646,-7.351617915878632,True,True,IF-2,0.6941738417185243,0.40786595358503913,0.2863078881334851,True,True
development_5,three_day_negative_sustained_drop,4,CA_1,HOUSEHOLD_1,2016-01-27,2,538.0,0.0,572.9727173909536,78.14582752931017,-0.2069055960165542,163.82729999999998,-0.44488378834938297,-7.329448415913308,True,True,IF-2,0.6943364405095138,0.41785841433027937,0.27647802617923445,True,True
development_5,three_day_negative_sustained_drop,4,CA_1,HOUSEHOLD_1,2016-01-28,3,565.0,0.0,572.0414275214453,78.14582752931017,-0.2069055960165542,163.82729999999998,-0.08745856485895268,-7.317531082653781,True,True,IF-2,0.6932099681308866,0.4130187437083218,0.28019122442256483,True,True
development_5,one_day_positive_spike,2,CA_1,HOUSEHOLD_2,2016-01-05,1,158.0,263.2646,172.65409072971718,24.90340828721646,-6.115577771879572,52.632299999999994,-0.3428652359291978,3.8840501640016187,True,True,IF-2,0.5630766982364719,0.4350716816975725,0.1280050165388994,False,False
development_5,one_day_positive_spike,4,CA_1,HOUSEHOLD_2,2016-01-05,1,158.0,368.52919999999995,172.65409072971718,24.90340828721646,-6.115577771879572,52.632299999999994,-0.3428652359291978,8.110965563932435,True,True,IF-2,0.6375225610702444,0.4350716816975725,0.20245087937267192,True,False
development_5,one_day_negative_drop,2,CA_1,HOUSEHOLD_2,2016-01-06,1,106.0,0.7354000000000127,172.65409072971718,24.90340828721646,-6.115577771879572,52.632299999999994,-2.4309328369688874,-6.657848236899705,True,True,IF-2,0.5986148412326218,0.5229011289522346,0.07571371228038715,True,False
development_5,one_day_negative_drop,4,CA_1,HOUSEHOLD_2,2016-01-06,1,106.0,0.0,172.65409072971718,24.90340828721646,-6.115577771879572,52.632299999999994,-2.4309328369688874,-6.687378331395947,True,True,IF-2,0.5992097049297083,0.5229011289522346,0.07630857597747365,True,False
development_5,two_day_positive_sustained_spike,2,CA_1,HOUSEHOLD_2,2016-01-07,1,171.0,276.2646,176.11201859776,24.90340828721646,-6.115577771879572,52.632299999999994,0.04029806533086979,4.267213465261686,True,True,IF-2,0.6453460737844375,0.5450751745402944,0.10027089924414312,True,True
development_5,two_day_positive_sustained_spike,2,CA_1,HOUSEHOLD_2,2016-01-08,2,198.0,303.2646,201.03415977313213,24.90340828721646,-6.115577771879572,52.632299999999994,0.12373479016240556,4.350650190093222,True,True,IF-2,0.5749956317257746,0.44356364344657884,0.13143198827919578,False,False
development_5,two_day_positive_sustained_spike,4,CA_1,HOUSEHOLD_2,2016-01-07,1,171.0,381.52919999999995,176.11201859776,24.90340828721646,-6.115577771879572,52.632299999999994,0.04029806533086979,8.494128865192502,True,True,IF-2,0.6880732005238827,0.5450751745402944,0.14299802598358824,True,True
development_5,two_day_positive_sustained_spike,4,CA_1,HOUSEHOLD_2,2016-01-08,2,198.0,408.52919999999995,201.03415977313213,24.90340828721646,-6.115577771879572,52.632299999999994,0.12373479016240556,8.577565590024038,True,True,IF-2,0.6388321311903555,0.44356364344657884,0.1952684877437767,True,False
development_5,two_day_negative_sustained_drop,2,CA_1,HOUSEHOLD_2,2016-01-09,1,263.0,157.73540000000003,238.2628846313989,24.90340828721646,-6.115577771879572,52.632299999999994,1.238894402912638,-2.9880209970181784,False,True,IF-2,0.5272437037205575,0.4571467977726514,0.07009690594790613,False,False
development_5,two_day_negative_sustained_drop,2,CA_1,HOUSEHOLD_2,2016-01-10,2,222.0,116.73540000000001,236.42804292793264,24.90340828721646,-6.115577771879572,52.632299999999994,-0.333788253406264,-4.560703653337081,True,True,IF-2,0.5557787097299103,0.430575378304994,0.1252033314249163,False,False
development_5,two_day_negative_sustained_drop,4,CA_1,HOUSEHOLD_2,2016-01-09,1,263.0,52.470800000000025,238.2628846313989,24.90340828721646,-6.115577771879572,52.632299999999994,1.238894402912638,-7.214936396948995,True,True,IF-2,0.5970411846243942,0.4571467977726514,0.13989438685174277,True,False
development_5,two_day_negative_sustained_drop,4,CA_1,HOUSEHOLD_2,2016-01-10,2,222.0,11.470800000000025,236.42804292793264,24.90340828721646,-6.115577771879572,52.632299999999994,-0.333788253406264,-8.787619053267898,True,True,IF-2,0.6119067641823275,0.430575378304994,0.1813313858773335,True,False
development_5,three_day_positive_sustained_spike,2,CA_1,HOUSEHOLD_2,2016-01-11,1,132.0,237.26459999999997,174.27726431504232,24.90340828721646,-6.115577771879572,52.632299999999994,-1.4520778090332898,2.7748375908975267,False,True,IF-2,0.4966562741463408,0.4614879800099685,0.03516829413637229,False,False
development_5,three_day_positive_sustained_spike,2,CA_1,HOUSEHOLD_2,2016-01-12,2,119.0,224.26459999999997,173.3603585338898,24.90340828721646,-6.115577771879572,52.632299999999994,-1.9372762236233938,2.2896391763074226,False,True,IF-2,0.4650384778816102,0.4629610076416413,0.002077470239968904,False,False
development_5,three_day_positive_sustained_spike,2,CA_1,HOUSEHOLD_2,2016-01-13,3,159.0,264.2646,173.3603585338898,24.90340828721646,-6.115577771879572,52.632299999999994,-0.3310703766697865,3.89584502326103,True,True,IF-2,0.5290248580543646,0.4080556752805299,0.12096918277383473,False,False
development_5,three_day_positive_sustained_spike,4,CA_1,HOUSEHOLD_2,2016-01-11,1,132.0,342.52919999999995,174.27726431504232,24.90340828721646,-6.115577771879572,52.632299999999994,-1.4520778090332898,7.001752990828343,True,True,IF-2,0.6013917958997419,0.4614879800099685,0.1399038158897734,True,False
development_5,three_day_positive_sustained_spike,4,CA_1,HOUSEHOLD_2,2016-01-12,2,119.0,329.52919999999995,173.3603585338898,24.90340828721646,-6.115577771879572,52.632299999999994,-1.9372762236233938,6.516554576238239,True,True,IF-2,0.589635318799264,0.4629610076416413,0.12667431115762273,False,False
development_5,three_day_positive_sustained_spike,4,CA_1,HOUSEHOLD_2,2016-01-13,3,159.0,369.52919999999995,173.3603585338898,24.90340828721646,-6.115577771879572,52.632299999999994,-0.3310703766697865,8.122760423191846,True,True,IF-2,0.6198879944002876,0.4080556752805299,0.21183231911975775,True,False
development_5,three_day_negative_sustained_drop,2,CA_1,HOUSEHOLD_2,2016-01-14,1,157.0,51.73540000000001,174.33170631250553,24.90340828721646,-6.115577771879572,52.632299999999994,-0.4503852810534162,-4.677300680984233,True,True,IF-2,0.552579845762539,0.40528789590904823,0.1472919498534908,False,False
development_5,three_day_negative_sustained_drop,2,CA_1,HOUSEHOLD_2,2016-01-15,2,164.0,58.73540000000001,202.2976203890753,24.90340828721646,-6.115577771879572,52.632299999999994,-1.2922746254662474,-5.519190025397065,True,True,IF-2,0.5720560376003805,0.43426273103940716,0.13779330656097333,False,False
development_5,three_day_negative_sustained_drop,2,CA_1,HOUSEHOLD_2,2016-01-16,3,268.0,162.73540000000003,238.90091143496187,24.90340828721646,-6.115577771879572,52.632299999999994,1.4140500742219395,-2.8128653257088767,False,True,IF-2,0.4939324118351452,0.42688397347122814,0.06704843836391705,False,False
development_5,three_day_negative_sustained_drop,4,CA_1,HOUSEHOLD_2,2016-01-14,1,157.0,0.0,174.33170631250553,24.90340828721646,-6.115577771879572,52.632299999999994,-0.4503852810534162,-6.754743230346325,True,True,IF-2,0.5890344408552998,0.40528789590904823,0.18374654494625153,False,False
development_5,three_day_negative_sustained_drop,4,CA_1,HOUSEHOLD_2,2016-01-15,2,164.0,0.0,202.2976203890753,24.90340828721646,-6.115577771879572,52.632299999999994,-1.2922746254662474,-7.877718597976038,True,True,IF-2,0.6093857597458412,0.43426273103940716,0.17512302870643404,True,False
development_5,three_day_negative_sustained_drop,4,CA_1,HOUSEHOLD_2,2016-01-16,3,268.0,57.470800000000025,238.90091143496187,24.90340828721646,-6.115577771879572,52.632299999999994,1.4140500742219395,-7.0397807256396945,True,True,IF-2,0.5787044327955986,0.42688397347122814,0.15182045932437044,False,False
development_5,one_day_positive_spike,2,CA_2,FOODS_1,2016-01-17,1,607.0,816.0466,530.5113260561127,61.11181863281323,-24.877640189321966,104.52329999999999,1.6587023001600198,5.0794252417573595,True,True,IF-2,0.6370450848769079,0.454808796600436,0.18223628827647192,True,False
development_5,one_day_positive_spike,4,CA_2,FOODS_1,2016-01-17,1,607.0,1025.0932,530.5113260561127,61.11181863281323,-24.877640189321966,104.52329999999999,1.6587023001600198,8.5001481833547,True,True,IF-2,0.6886940796956262,0.454808796600436,0.23388528309519024,True,True
development_5,one_day_negative_drop,2,CA_2,FOODS_1,2016-01-18,1,528.0,318.9534,393.56815718436167,61.11181863281323,-24.877640189321966,104.52329999999999,2.606852268006651,-0.8138706735906888,False,True,IF-2,0.5699857392484466,0.6280763939596021,-0.05809065471115549,False,False
development_5,one_day_negative_drop,4,CA_2,FOODS_1,2016-01-18,1,528.0,109.90680000000003,393.56815718436167,61.11181863281323,-24.877640189321966,104.52329999999999,2.606852268006651,-4.234593615188027,True,True,IF-2,0.6893859923455303,0.6280763939596021,0.0613095983859282,True,True
development_5,two_day_positive_sustained_spike,2,CA_2,FOODS_1,2016-01-19,1,346.0,555.0466,364.27414697603245,61.11181863281323,-24.877640189321966,104.52329999999999,0.10805591064088947,3.5287788522382293,True,True,IF-2,0.5854602855916785,0.4030798261510083,0.18238045944067022,False,False
development_5,two_day_positive_sustained_spike,2,CA_2,FOODS_1,2016-01-20,2,380.0,589.0466,365.3004254368764,61.11181863281323,-24.877640189321966,104.52329999999999,0.6476196525952364,4.0683425941925755,True,True,IF-2,0.6188491585806809,0.41570291628407113,0.20314624229660977,True,False
development_5,two_day_positive_sustained_spike,4,CA_2,FOODS_1,2016-01-19,1,346.0,764.0932,364.27414697603245,61.11181863281323,-24.877640189321966,104.52329999999999,0.10805591064088947,6.94950179383557,True,True,IF-2,0.6867102139291675,0.4030798261510083,0.28363038777815924,True,True
development_5,two_day_positive_sustained_spike,4,CA_2,FOODS_1,2016-01-20,2,380.0,798.0932,365.3004254368764,61.11181863281323,-24.877640189321966,104.52329999999999,0.6476196525952364,7.489065535789916,True,True,IF-2,0.6932706256807931,0.41570291628407113,0.277567709396722,True,True
development_5,two_day_negative_sustained_drop,2,CA_2,FOODS_1,2016-01-21,1,371.0,161.95340000000002,368.4979069399965,61.11181863281323,-24.877640189321966,104.52329999999999,0.44802681153763396,-2.9726961300597057,False,True,IF-2,0.6069068160872737,0.411288949796543,0.1956178662907307,True,False
development_5,two_day_negative_sustained_drop,2,CA_2,FOODS_1,2016-01-22,2,464.0,254.95340000000002,406.0516850784048,61.11181863281323,-24.877640189321966,104.52329999999999,1.3553181195371073,-2.065404822060232,False,True,IF-2,0.5366194268973586,0.4343163487371481,0.10230307816021056,False,False
development_5,two_day_negative_sustained_drop,4,CA_2,FOODS_1,2016-01-21,1,371.0,0.0,368.4979069399965,61.11181863281323,-24.877640189321966,104.52329999999999,0.44802681153763396,-5.622811993459019,True,True,IF-2,0.6714188357166404,0.411288949796543,0.2601298859200974,True,True
development_5,two_day_negative_sustained_drop,4,CA_2,FOODS_1,2016-01-22,2,464.0,45.90680000000003,406.0516850784048,61.11181863281323,-24.877640189321966,104.52329999999999,1.3553181195371073,-5.4861277636575725,True,True,IF-2,0.6706295152662902,0.4343163487371481,0.23631316652914214,True,True
development_5,three_day_positive_sustained_spike,2,CA_2,FOODS_1,2016-01-23,1,551.0,760.0466,542.544591658331,61.11181863281323,-24.877640189321966,104.52329999999999,0.54544357010991,3.9661665117072498,True,True,IF-2,0.5933053796449191,0.41941222394997524,0.1738931556949439,False,False
development_5,three_day_positive_sustained_spike,2,CA_2,FOODS_1,2016-01-24,2,636.0,845.0466,499.3216821184523,61.11181863281323,-24.877640189321966,104.52329999999999,2.643612343490694,6.064335285088035,True,True,IF-2,0.6619378429188965,0.5196563109149644,0.142281532003932,True,True
development_5,three_day_positive_sustained_spike,2,CA_2,FOODS_1,2016-01-25,3,336.0,545.0466,359.68129172311035,61.11181863281323,-24.877640189321966,104.52329999999999,0.019576384617185208,3.440299326214525,True,True,IF-2,0.5826202958090597,0.4210687940579566,0.1615515017511031,False,False
development_5,three_day_positive_sustained_spike,4,CA_2,FOODS_1,2016-01-23,1,551.0,969.0932,542.544591658331,61.11181863281323,-24.877640189321966,104.52329999999999,0.54544357010991,7.3868894533045895,True,True,IF-2,0.6883499742631197,0.41941222394997524,0.2689377503131445,True,True
development_5,three_day_positive_sustained_spike,4,CA_2,FOODS_1,2016-01-24,2,636.0,1054.0932,499.3216821184523,61.11181863281323,-24.877640189321966,104.52329999999999,2.643612343490694,9.485058226685373,True,True,IF-2,0.6915130281875709,0.5196563109149644,0.17185671727260643,True,True
development_5,three_day_positive_sustained_spike,4,CA_2,FOODS_1,2016-01-25,3,336.0,754.0932,359.68129172311035,61.11181863281323,-24.877640189321966,104.52329999999999,0.019576384617185208,6.861022267811864,True,True,IF-2,0.6845089943500614,0.4210687940579566,0.2634402002921048,True,True
development_5,three_day_negative_sustained_drop,2,CA_2,FOODS_1,2016-01-26,1,483.0,273.9534,363.2517014161878,61.11181863281323,-24.877640189321966,104.52329999999999,2.3665788714636444,-1.054144070133694,False,True,IF-2,0.4553619640354889,0.5083102918649913,-0.05294832782950243,False,False
development_5,three_day_negative_sustained_drop,2,CA_2,FOODS_1,2016-01-27,2,404.0,194.95340000000002,358.2864366385452,61.11181863281323,-24.877640189321966,104.52329999999999,1.1551154118799816,-2.265607529717358,False,True,IF-2,0.5547326862304374,0.42860226179265953,0.12613042443777783,False,False
development_5,three_day_negative_sustained_drop,2,CA_2,FOODS_1,2016-01-28,3,352.0,142.95340000000002,359.38733618743146,61.11181863281323,-24.877640189321966,104.52329999999999,0.2862016610400677,-3.134521280557272,True,True,IF-2,0.6128682127903167,0.40564154589606793,0.20722666689424873,True,False
development_5,three_day_negative_sustained_drop,4,CA_2,FOODS_1,2016-01-26,1,483.0,64.90680000000003,363.2517014161878,61.11181863281323,-24.877640189321966,104.52329999999999,2.3665788714636444,-4.474867011731034,True,True,IF-2,0.6457180424779108,0.5083102918649913,0.13740775061291943,True,True
development_5,three_day_negative_sustained_drop,4,CA_2,FOODS_1,2016-01-27,2,404.0,0.0,358.2864366385452,61.11181863281323,-24.877640189321966,104.52329999999999,1.1551154118799816,-5.455717141270012,True,True,IF-2,0.6693454439380435,0.42860226179265953,0.24074318214538398,True,True
development_5,three_day_negative_sustained_drop,4,CA_2,FOODS_1,2016-01-28,3,352.0,0.0,359.38733618743146,61.11181863281323,-24.877640189321966,104.52329999999999,0.2862016610400677,-5.4737316525955695,True,True,IF-2,0.6692882069001062,0.40564154589606793,0.2636466610040382,True,True
development_5,one_day_positive_spike,2,CA_2,FOODS_2,2016-01-05,1,428.0,826.8194,426.5224847739358,33.59376679230054,-23.282358139497703,199.4097,0.7370377224633459,12.608865090491827,True,True,IF-2,0.6998682290769319,0.45361245324908667,0.24625577582784525,True,True
development_5,one_day_positive_spike,4,CA_2,FOODS_2,2016-01-05,1,428.0,1225.6388,426.5224847739358,33.59376679230054,-23.282358139497703,199.4097,0.7370377224633459,24.48069245852031,True,True,IF-2,0.7187206998636212,0.45361245324908667,0.2651082466145345,True,True
development_5,one_day_negative_drop,2,CA_2,FOODS_2,2016-01-06,1,418.0,19.180600000000027,425.0892594125165,33.59376679230054,-23.282358139497703,199.4097,0.48202688394837945,-11.389800484080103,True,True,IF-2,0.6841210404846513,0.45139383550303047,0.2327272049816208,True,True
development_5,one_day_negative_drop,4,CA_2,FOODS_2,2016-01-06,1,418.0,0.0,425.0892594125165,33.59376679230054,-23.282358139497703,199.4097,0.48202688394837945,-11.960757594028133,True,True,IF-2,0.6879368231229126,0.45139383550303047,0.23654298761988213,True,True
development_5,two_day_positive_sustained_spike,2,CA_2,FOODS_2,2016-01-07,1,393.0,791.8194,430.9867762606364,33.59376679230054,-23.282358139497703,199.4097,-0.4377126927162234,11.434114675312259,True,True,IF-2,0.7266472648424357,0.5504462623708236,0.17620100247161208,True,True
development_5,two_day_positive_sustained_spike,2,CA_2,FOODS_2,2016-01-08,2,482.0,880.8194,478.8753094925151,33.59376679230054,-23.282358139497703,199.4097,0.7860698923776215,12.657897260406104,True,True,IF-2,0.7026625270436243,0.45259948074894146,0.25006304629468284,True,True
development_5,two_day_positive_sustained_spike,4,CA_2,FOODS_2,2016-01-07,1,393.0,1190.6388,430.9867762606364,33.59376679230054,-23.282358139497703,199.4097,-0.4377126927162234,23.305942043340742,True,True,IF-2,0.7454652267157033,0.5504462623708236,0.19501896434487964,True,True
development_5,two_day_positive_sustained_spike,4,CA_2,FOODS_2,2016-01-08,2,482.0,1279.6388,478.8753094925151,33.59376679230054,-23.282358139497703,199.4097,0.7860698923776215,24.529724628434586,True,True,IF-2,0.7188573798343152,0.45259948074894146,0.26625789908537373,True,True
development_5,two_day_negative_sustained_drop,2,CA_2,FOODS_2,2016-01-09,1,797.0,398.1806,638.0682984148214,33.59376679230054,-23.282358139497703,199.4097,5.424043717730354,-6.447783650298128,True,True,IF-2,0.6187902160853453,0.5953751756898177,0.023415040395527664,True,False
development_5,two_day_negative_sustained_drop,2,CA_2,FOODS_2,2016-01-10,2,844.0,445.1806,660.3619925422508,33.59376679230054,-23.282358139497703,199.4097,6.159486873757532,-5.71234049427095,True,True,IF-2,0.605557876133454,0.5988354915771922,0.00672238455626184,True,False
development_5,two_day_negative_sustained_drop,4,CA_2,FOODS_2,2016-01-09,1,797.0,0.0,638.0682984148214,33.59376679230054,-23.282358139497703,199.4097,5.424043717730354,-18.300595585971276,True,True,IF-2,0.7022155062509883,0.5953751756898177,0.1068403305611706,True,True
development_5,two_day_negative_sustained_drop,4,CA_2,FOODS_2,2016-01-10,2,844.0,46.36120000000005,660.3619925422508,33.59376679230054,-23.282358139497703,199.4097,6.159486873757532,-17.584167862299434,True,True,IF-2,0.7090502192611778,0.5988354915771922,0.11021472768398566,True,True
development_5,three_day_positive_sustained_spike,2,CA_2,FOODS_2,2016-01-11,1,425.0,823.8194,413.17554997261254,33.59376679230054,-23.282358139497703,199.4097,1.0450393486368845,12.916866716665368,True,True,IF-2,0.6888660811151465,0.4272883693212707,0.2615777117938758,True,True
development_5,three_day_positive_sustained_spike,2,CA_2,FOODS_2,2016-01-12,2,382.0,780.8194,386.6876717948794,33.59376679230054,-23.282358139497703,199.4097,0.553515967994398,12.42534333602288,True,True,IF-2,0.6855185041791315,0.408583905625687,0.2769345985534445,True,True
development_5,three_day_positive_sustained_spike,2,CA_2,FOODS_2,2016-01-13,3,342.0,740.8194,386.298313397712,33.59376679230054,-23.282358139497703,199.4097,-0.6255909135807595,11.246236454447724,True,True,IF-2,0.6796687292525102,0.4186933746904603,0.2609753545620499,True,True
development_5,three_day_positive_sustained_spike,4,CA_2,FOODS_2,2016-01-11,1,425.0,1222.6388,413.17554997261254,33.59376679230054,-23.282358139497703,199.4097,1.0450393486368845,24.788694084693848,True,True,IF-2,0.7063199644595023,0.4272883693212707,0.2790315951382316,True,True
development_5,three_day_positive_sustained_spike,4,CA_2,FOODS_2,2016-01-12,2,382.0,1179.6388,386.6876717948794,33.59376679230054,-23.282358139497703,199.4097,0.553515967994398,24.29717070405136,True,True,IF-2,0.7037978514072067,0.408583905625687,0.2952139457815197,True,True
development_5,three_day_positive_sustained_spike,4,CA_2,FOODS_2,2016-01-13,3,342.0,1139.6388,386.298313397712,33.59376679230054,-23.282358139497703,199.4097,-0.6255909135807595,23.118063822476202,True,True,IF-2,0.7034959473754875,0.4186933746904603,0.2848025726850272,True,True
development_5,three_day_negative_sustained_drop,2,CA_2,FOODS_2,2016-01-14,1,394.0,0.0,386.73367972101727,33.59376679230054,-23.282358139497703,199.4097,0.9093555541822116,-10.81901067625498,True,True,IF-2,0.6754258972642829,0.4160812924825662,0.2593446047817167,True,True
development_5,three_day_negative_sustained_drop,2,CA_2,FOODS_2,2016-01-15,2,497.0,98.18060000000003,432.4885121289961,33.59376679230054,-23.282358139497703,199.4097,2.61339690048165,-9.258430467546832,True,True,IF-2,0.6659798827257295,0.4761679632388485,0.18981191948688098,True,True
development_5,three_day_negative_sustained_drop,2,CA_2,FOODS_2,2016-01-16,3,632.0,233.18060000000003,615.5522808407384,33.59376679230054,-23.282358139497703,199.4097,1.1826621749325588,-10.689165193095922,True,True,IF-2,0.6648640033501189,0.4283781647818192,0.23648583856829963,True,True
development_5,three_day_negative_sustained_drop,4,CA_2,FOODS_2,2016-01-14,1,394.0,0.0,386.73367972101727,33.59376679230054,-23.282358139497703,199.4097,0.9093555541822116,-10.81901067625498,True,True,IF-2,0.6754258972642829,0.4160812924825662,0.2593446047817167,True,True
development_5,three_day_negative_sustained_drop,4,CA_2,FOODS_2,2016-01-15,2,497.0,0.0,432.4885121289961,33.59376679230054,-23.282358139497703,199.4097,2.61339690048165,-12.181014308978462,True,True,IF-2,0.6837895533864209,0.4761679632388485,0.20762159014757237,True,True
development_5,three_day_negative_sustained_drop,4,CA_2,FOODS_2,2016-01-16,3,632.0,0.0,615.5522808407384,33.59376679230054,-23.282358139497703,199.4097,1.1826621749325588,-17.630351676936236,True,True,IF-2,0.6916396673090853,0.4283781647818192,0.2632615025272661,True,True
development_5,one_day_positive_spike,2,CA_2,FOODS_3,2016-01-17,1,2284.0,3487.8712,2096.1688927598257,127.62514761038324,-20.009620695794524,601.9356,1.6285248779532813,11.061393106048921,True,True,IF-2,0.712709599595134,0.5611514526880861,0.15155814690704794,True,True
development_5,one_day_positive_spike,4,CA_2,FOODS_3,2016-01-17,1,2284.0,4691.7424,2096.1688927598257,127.62514761038324,-20.009620695794524,601.9356,1.6285248779532813,20.49426133414456,True,True,IF-2,0.712709599595134,0.5611514526880861,0.15155814690704794,True,True
development_5,one_day_negative_drop,2,CA_2,FOODS_3,2016-01-18,1,1860.0,656.1288,1386.8438363441608,127.62514761038324,-20.009620695794524,601.9356,3.864174056489092,-5.568694171606547,True,True,IF-2,0.7438582240308714,0.728752446549816,0.01510577748105546,True,True
development_5,one_day_negative_drop,4,CA_2,FOODS_3,2016-01-18,1,1860.0,0.0,1386.8438363441608,127.62514761038324,-20.009620695794524,601.9356,3.864174056489092,-10.70975619805798,True,True,IF-2,0.7438582240308714,0.728752446549816,0.01510577748105546,True,True
development_5,two_day_positive_sustained_spike,2,CA_2,FOODS_3,2016-01-19,1,1307.0,2510.8712,1227.4753277154227,127.62514761038324,-20.009620695794524,601.9356,0.7798956149632218,10.21276384305886,True,True,IF-2,0.7102278655053009,0.47144577694300766,0.23878208856229327,True,True
development_5,two_day_positive_sustained_spike,2,CA_2,FOODS_3,2016-01-20,2,1380.0,2583.8712,1226.6019033516927,127.62514761038324,-20.009620695794524,601.9356,1.3587268699855655,10.791595098081205,True,True,IF-2,0.7100782821037293,0.5287155882796747,0.18136269382405457,True,True
development_5,two_day_positive_sustained_spike,4,CA_2,FOODS_3,2016-01-19,1,1307.0,3714.7424,1227.4753277154227,127.62514761038324,-20.009620695794524,601.9356,0.7798956149632218,19.6456320711545,True,True,IF-2,0.7102278655053009,0.47144577694300766,0.23878208856229327,True,True
development_5,two_day_positive_sustained_spike,4,CA_2,FOODS_3,2016-01-20,2,1380.0,3787.7424,1226.6019033516927,127.62514761038324,-20.009620695794524,601.9356,1.3587268699855655,20.224463326176842,True,True,IF-2,0.7100782821037293,0.5287155882796747,0.18136269382405457,True,True
development_5,two_day_negative_sustained_drop,2,CA_2,FOODS_3,2016-01-21,1,1296.0,92.12879999999996,1226.7797301164353,127.62514761038324,-20.009620695794524,601.9356,0.6991560225400257,-8.733712205555614,True,True,IF-2,0.7051601448575321,0.4714680119739326,0.23369213288359947,True,True
development_5,two_day_negative_sustained_drop,2,CA_2,FOODS_3,2016-01-22,2,1638.0,434.12879999999996,1514.7036757333146,127.62514761038324,-20.009620695794524,601.9356,1.1228660467447005,-8.310002181350939,True,True,IF-2,0.7087094930606769,0.5115329319004968,0.19717656116018012,True,True
development_5,two_day_negative_sustained_drop,4,CA_2,FOODS_3,2016-01-21,1,1296.0,0.0,1226.7797301164353,127.62514761038324,-20.009620695794524,601.9356,0.6991560225400257,-9.45558247740245,True,True,IF-2,0.7051601448575321,0.4714680119739326,0.23369213288359947,True,True
development_5,two_day_negative_sustained_drop,4,CA_2,FOODS_3,2016-01-22,2,1638.0,0.0,1514.7036757333146,127.62514761038324,-20.009620695794524,601.9356,1.1228660467447005,-11.711595112904817,True,True,IF-2,0.7087094930606769,0.5115329319004968,0.19717656116018012,True,True
development_5,three_day_positive_sustained_spike,2,CA_2,FOODS_3,2016-01-23,1,2388.0,3591.8712,2076.748578874564,127.62514761038324,-20.009620695794524,601.9356,2.595578128790976,12.028446356886615,True,True,IF-2,0.7159840379519968,0.6380569323514762,0.07792710560052063,True,True
development_5,three_day_positive_sustained_spike,2,CA_2,FOODS_3,2016-01-24,2,2332.0,3535.8712,2045.2908266976171,127.62514761038324,-20.009620695794524,601.9356,2.403278662090445,11.836146890186082,True,True,IF-2,0.7122849910339757,0.6194609687610338,0.09282402227294184,True,True
development_5,three_day_positive_sustained_spike,2,CA_2,FOODS_3,2016-01-25,3,1370.0,2573.8712,1195.956969340568,127.62514761038324,-20.009620695794524,601.9356,1.5204891433123722,10.953357371408009,True,True,IF-2,0.7129259868497813,0.5486922110861693,0.16423377576361198,True,True
development_5,three_day_positive_sustained_spike,4,CA_2,FOODS_3,2016-01-23,1,2388.0,4795.7424,2076.748578874564,127.62514761038324,-20.009620695794524,601.9356,2.595578128790976,21.461314584982254,True,True,IF-2,0.7159840379519968,0.6380569323514762,0.07792710560052063,True,True
development_5,three_day_positive_sustained_spike,4,CA_2,FOODS_3,2016-01-24,2,2332.0,4739.7424,2045.2908266976171,127.62514761038324,-20.009620695794524,601.9356,2.403278662090445,21.26901511828172,True,True,IF-2,0.7122849910339757,0.6194609687610338,0.09282402227294184,True,True
development_5,three_day_positive_sustained_spike,4,CA_2,FOODS_3,2016-01-25,3,1370.0,3777.7424,1195.956969340568,127.62514761038324,-20.009620695794524,601.9356,1.5204891433123722,20.386225599503646,True,True,IF-2,0.7129259868497813,0.5486922110861693,0.16423377576361198,True,True
development_5,three_day_negative_sustained_drop,2,CA_2,FOODS_3,2016-01-26,1,1352.0,148.12879999999996,1119.7529593718511,127.62514761038324,-20.009620695794524,601.9356,1.976543542139813,-7.456324685955826,True,True,IF-2,0.7064704210244638,0.5877343210868102,0.11873609993765355,True,True
development_5,three_day_negative_sustained_drop,2,CA_2,FOODS_3,2016-01-27,2,1355.0,151.12879999999996,1105.5987879206568,127.62514761038324,-20.009620695794524,601.9356,2.110954132625968,-7.321914095469671,True,True,IF-2,0.7059723029440041,0.5999119828157096,0.10606032012829458,True,True
development_5,three_day_negative_sustained_drop,2,CA_2,FOODS_3,2016-01-28,3,1378.0,174.12879999999996,1104.1513534396547,127.62514761038324,-20.009620695794524,601.9356,2.3025106944693734,-7.130357533626265,True,True,IF-2,0.7041268244311109,0.6126156695669815,0.09151115486412931,True,True
development_5,three_day_negative_sustained_drop,4,CA_2,FOODS_3,2016-01-26,1,1352.0,0.0,1119.7529593718511,127.62514761038324,-20.009620695794524,601.9356,1.976543542139813,-8.616979954713758,True,True,IF-2,0.7064704210244638,0.5877343210868102,0.11873609993765355,True,True
development_5,three_day_negative_sustained_drop,4,CA_2,FOODS_3,2016-01-27,2,1355.0,0.0,1105.5987879206568,127.62514761038324,-20.009620695794524,601.9356,2.110954132625968,-8.506075703347838,True,True,IF-2,0.7059723029440041,0.5999119828157096,0.10606032012829458,True,True
development_5,three_day_negative_sustained_drop,4,CA_2,FOODS_3,2016-01-28,3,1378.0,0.0,1104.1513534396547,127.62514761038324,-20.009620695794524,601.9356,2.3025106944693734,-8.494734408092919,True,True,IF-2,0.7041268244311109,0.6126156695669815,0.09151115486412931,True,True
development_2,one_day_positive_spike,2,CA_1,FOODS_1,2015-04-28,1,271.0,466.7032,313.45115173563784,61.50968509725808,-20.717127798047244,97.85159999999999,-0.3533431182947064,2.8283216827940554,False,True,IF-3,0.5438906143614402,0.41032404912817033,0.13356656523326982,False,False
development_2,one_day_positive_spike,4,CA_1,FOODS_1,2015-04-28,1,271.0,662.4064,313.45115173563784,61.50968509725808,-20.717127798047244,97.85159999999999,-0.3533431182947064,6.009986483882817,True,True,IF-3,0.6589631312492836,0.41032404912817033,0.2486390821211133,True,True
development_2,one_day_negative_drop,2,CA_1,FOODS_1,2015-04-29,1,292.0,96.29680000000002,313.45115173563784,61.50968509725808,-20.717127798047244,97.85159999999999,-0.011933469280975282,-3.193598270369737,True,True,IF-3,0.6046907512930427,0.4227286739612024,0.18196207733184033,True,False
development_2,one_day_negative_drop,4,CA_1,FOODS_1,2015-04-29,1,292.0,0.0,313.45115173563784,61.50968509725808,-20.717127798047244,97.85159999999999,-0.011933469280975282,-4.759153350805234,True,True,IF-3,0.6470142897765182,0.4227286739612024,0.2242856158153158,True,True
development_2,two_day_positive_sustained_spike,2,CA_1,FOODS_1,2015-04-30,1,303.0,498.7032,319.7210394757289,61.50968509725808,-20.717127798047244,97.85159999999999,0.06496681483574164,3.2466316159245032,True,True,IF-3,0.5526826660451418,0.405368663255,0.14731400279014184,False,False
development_2,two_day_positive_sustained_spike,2,CA_1,FOODS_1,2015-05-01,2,474.0,669.7031999999999,414.4350668799792,61.50968509725808,-20.717127798047244,97.85159999999999,1.3051938209588854,4.486858622047645,True,True,IF-3,0.628412549383301,0.4599423780577591,0.16847017132554193,True,True
development_2,two_day_positive_sustained_spike,4,CA_1,FOODS_1,2015-04-30,1,303.0,694.4064,319.7210394757289,61.50968509725808,-20.717127798047244,97.85159999999999,0.06496681483574164,6.428296417013264,True,True,IF-3,0.6735666442029735,0.405368663255,0.26819798094797354,True,True
development_2,two_day_positive_sustained_spike,4,CA_1,FOODS_1,2015-05-01,2,474.0,865.4064,414.4350668799792,61.50968509725808,-20.717127798047244,97.85159999999999,1.3051938209588854,7.668523423136408,True,True,IF-3,0.7061742287933127,0.4599423780577591,0.2462318507355536,True,True
development_2,two_day_negative_sustained_drop,2,CA_1,FOODS_1,2015-05-02,1,479.0,283.2968,499.4429858464023,61.50968509725808,-20.717127798047244,97.85159999999999,0.004456890832906969,-3.1772079102558544,True,True,IF-3,0.6230751740889241,0.4568573606096693,0.1662178134792548,True,True
development_2,two_day_negative_sustained_drop,2,CA_1,FOODS_1,2015-05-03,2,535.0,339.2968,457.16961672863306,61.50968509725808,-20.717127798047244,97.85159999999999,1.6021462459707365,-1.579518555118025,False,True,IF-3,0.5086744007864666,0.455687671018772,0.05298672976769464,False,False
development_2,two_day_negative_sustained_drop,4,CA_1,FOODS_1,2015-05-02,1,479.0,87.59360000000004,499.4429858464023,61.50968509725808,-20.717127798047244,97.85159999999999,0.004456890832906969,-6.358872711344616,True,True,IF-3,0.6848164052344207,0.4568573606096693,0.22795904462475136,True,True
development_2,two_day_negative_sustained_drop,4,CA_1,FOODS_1,2015-05-03,2,535.0,143.59360000000004,457.16961672863306,61.50968509725808,-20.717127798047244,97.85159999999999,1.6021462459707365,-4.761183356206786,True,True,IF-3,0.6471589347835501,0.455687671018772,0.19147126376477813,True,True
development_2,three_day_positive_sustained_spike,2,CA_1,FOODS_1,2015-05-04,1,327.0,522.7031999999999,347.84859959093035,61.50968509725808,-20.717127798047244,97.85159999999999,-0.0021374161268298384,3.1795273849619305,True,True,IF-3,0.5775643702293808,0.42174934454332513,0.15581502568605565,True,False
development_2,three_day_positive_sustained_spike,2,CA_1,FOODS_1,2015-05-05,2,360.0,555.7031999999999,315.79637108224614,61.50968509725808,-20.717127798047244,97.85159999999999,1.0554558459070225,4.237120646995782,True,True,IF-3,0.6825249614825266,0.5397356857815204,0.1427892757010062,True,True
development_2,three_day_positive_sustained_spike,2,CA_1,FOODS_1,2015-05-06,3,372.0,567.7031999999999,335.1046428490061,61.50968509725808,-20.717127798047244,97.85159999999999,0.9366408697743331,4.118305670863093,True,True,IF-3,0.6264654009650162,0.4509217740729062,0.17554362689211006,True,True
development_2,three_day_positive_sustained_spike,4,CA_1,FOODS_1,2015-05-04,1,327.0,718.4064,347.84859959093035,61.50968509725808,-20.717127798047244,97.85159999999999,-0.0021374161268298384,6.361192186050694,True,True,IF-3,0.6885710243798876,0.42174934454332513,0.26682167983656246,True,True
development_2,three_day_positive_sustained_spike,4,CA_1,FOODS_1,2015-05-05,2,360.0,751.4064,315.79637108224614,61.50968509725808,-20.717127798047244,97.85159999999999,1.0554558459070225,7.418785448084545,True,True,IF-3,0.7426342538967047,0.5397356857815204,0.20289856811518425,True,True
development_2,three_day_positive_sustained_spike,4,CA_1,FOODS_1,2015-05-06,3,372.0,763.4064,335.1046428490061,61.50968509725808,-20.717127798047244,97.85159999999999,0.9366408697743331,7.2999704719518554,True,True,IF-3,0.7129959557338189,0.4509217740729062,0.26207418166091273,True,True
development_2,three_day_negative_sustained_drop,2,CA_1,FOODS_1,2015-05-07,1,379.0,183.29680000000002,335.58201506080104,61.50968509725808,-20.717127798047244,97.85159999999999,1.0426831585275855,-2.138981642561176,False,True,IF-3,0.5663548797000577,0.4381576442628125,0.1281972354372452,False,False
development_2,three_day_negative_sustained_drop,2,CA_1,FOODS_1,2015-05-08,2,425.0,229.29680000000002,382.4485096966208,61.50968509725808,-20.717127798047244,97.85159999999999,1.0285960333138944,-2.153068767774867,False,True,IF-3,0.5655261520072237,0.45381193078067983,0.11171422122654384,False,False
development_2,three_day_negative_sustained_drop,2,CA_1,FOODS_1,2015-05-09,3,485.0,289.2968,468.94101954550183,61.50968509725808,-20.717127798047244,97.85159999999999,0.5978913433615478,-2.583773457727214,False,True,IF-3,0.6002919039584926,0.4488174025330858,0.15147450142540686,True,False
development_2,three_day_negative_sustained_drop,4,CA_1,FOODS_1,2015-05-07,1,379.0,0.0,335.58201506080104,61.50968509725808,-20.717127798047244,97.85159999999999,1.0426831585275855,-5.118948126053559,True,True,IF-3,0.6718333306224409,0.4381576442628125,0.23367568635962838,True,True
development_2,three_day_negative_sustained_drop,4,CA_1,FOODS_1,2015-05-08,2,425.0,33.59360000000004,382.4485096966208,61.50968509725808,-20.717127798047244,97.85159999999999,1.0285960333138944,-5.334733568863628,True,True,IF-3,0.6725481266236754,0.45381193078067983,0.21873619584299553,True,True
development_2,three_day_negative_sustained_drop,4,CA_1,FOODS_1,2015-05-09,3,485.0,93.59360000000004,468.94101954550183,61.50968509725808,-20.717127798047244,97.85159999999999,0.5978913433615478,-5.7654382588159745,True,True,IF-3,0.6775662558819485,0.4488174025330858,0.22874885334886275,True,True
development_2,one_day_positive_spike,2,CA_1,FOODS_2,2015-05-10,1,593.0,803.5292,510.7858478389492,45.4405792447987,-13.942145869448836,105.26459999999999,2.1160887389327465,6.749154679087942,True,True,IF-3,0.7069115237688841,0.5870605877152851,0.11985093605359898,True,True
development_2,one_day_positive_spike,4,CA_1,FOODS_2,2015-05-10,1,593.0,1014.0583999999999,510.7858478389492,45.4405792447987,-13.942145869448836,105.26459999999999,2.1160887389327465,11.382220619243137,True,True,IF-3,0.7543459526465934,0.5870605877152851,0.1672853649313083,True,True
development_2,one_day_negative_drop,2,CA_1,FOODS_2,2015-05-11,1,526.0,315.47080000000005,479.4952958896661,45.4405792447987,-13.942145869448836,105.26459999999999,1.3302394244171454,-3.30282651573805,True,True,IF-3,0.5767175386231248,0.457712341417205,0.11900519720591979,True,False
development_2,one_day_negative_drop,4,CA_1,FOODS_2,2015-05-11,1,526.0,104.94160000000005,479.4952958896661,45.4405792447987,-13.942145869448836,105.26459999999999,1.3302394244171454,-7.935892455893247,True,True,IF-3,0.6624608671085642,0.457712341417205,0.2047485256913592,True,True
development_2,two_day_positive_sustained_spike,2,CA_1,FOODS_2,2015-05-12,1,399.0,609.5292,419.8288871490719,45.4405792447987,-13.942145869448836,105.26459999999999,-0.15155487438931187,4.481511065765884,True,True,IF-3,0.5812849130184414,0.4034593362381136,0.17782557678032784,True,False
development_2,two_day_positive_sustained_spike,2,CA_1,FOODS_2,2015-05-13,2,410.0,620.5292,418.2607633835133,45.4405792447987,-13.942145869448836,105.26459999999999,0.12502883062578632,4.758094770780982,True,True,IF-3,0.5890090879033146,0.43543727659939563,0.153571811303919,True,False
development_2,two_day_positive_sustained_spike,4,CA_1,FOODS_2,2015-05-12,1,399.0,820.0583999999999,419.8288871490719,45.4405792447987,-13.942145869448836,105.26459999999999,-0.15155487438931187,9.11457700592108,True,True,IF-3,0.6886705635637503,0.4034593362381136,0.28521122732563675,True,True
development_2,two_day_positive_sustained_spike,4,CA_1,FOODS_2,2015-05-13,2,410.0,831.0583999999999,418.2607633835133,45.4405792447987,-13.942145869448836,105.26459999999999,0.12502883062578632,9.391160710936177,True,True,IF-3,0.6955907952122362,0.43543727659939563,0.2601535186128406,True,True
development_2,two_day_negative_sustained_drop,2,CA_1,FOODS_2,2015-05-14,1,357.0,146.47080000000003,416.8759944699988,45.4405792447987,-13.942145869448836,105.26459999999999,-1.0108552611773265,-5.643921201332521,True,True,IF-3,0.6229733928179122,0.43467244768805025,0.18830094512986195,True,True
development_2,two_day_negative_sustained_drop,2,CA_1,FOODS_2,2015-05-15,2,453.0,242.47080000000003,455.3167332445829,45.4405792447987,-13.942145869448836,105.26459999999999,0.25583768556816266,-4.377228254587035,True,True,IF-3,0.5954347828232424,0.4160301740704346,0.17940460875280778,True,False
development_2,two_day_negative_sustained_drop,4,CA_1,FOODS_2,2015-05-14,1,357.0,0.0,416.8759944699988,45.4405792447987,-13.942145869448836,105.26459999999999,-1.0108552611773265,-8.867269196324589,True,True,IF-3,0.6786025312424392,0.43467244768805025,0.24393008355438894,True,True
development_2,two_day_negative_sustained_drop,4,CA_1,FOODS_2,2015-05-15,2,453.0,31.94160000000005,455.3167332445829,45.4405792447987,-13.942145869448836,105.26459999999999,0.25583768556816266,-9.010294194742231,True,True,IF-3,0.6799722129046772,0.4160301740704346,0.26394203883424266,True,True
development_2,three_day_positive_sustained_spike,2,CA_1,FOODS_2,2015-05-16,1,621.0,831.5292,587.0456515884936,45.4405792447987,-13.942145869448836,105.26459999999999,1.05404673701288,5.687112677168075,True,True,IF-3,0.5853687550032399,0.4233472286444868,0.1620215263587531,True,False
development_2,three_day_positive_sustained_spike,2,CA_1,FOODS_2,2015-05-17,2,595.0,805.5292,622.1564590217845,45.4405792447987,-13.942145869448836,105.26459999999999,-0.2908042408778979,4.342261699277298,True,True,IF-3,0.568787855138531,0.4177927868778549,0.1509950682606761,False,False
development_2,three_day_positive_sustained_spike,2,CA_1,FOODS_2,2015-05-18,3,477.0,687.5292,465.3153580088832,45.4405792447987,-13.942145869448836,105.26459999999999,0.5639626141759398,5.197028554331135,True,True,IF-3,0.6219947627436266,0.4323457422727887,0.18964902047083793,True,False
development_2,three_day_positive_sustained_spike,4,CA_1,FOODS_2,2015-05-16,1,621.0,1042.0584,587.0456515884936,45.4405792447987,-13.942145869448836,105.26459999999999,1.05404673701288,10.320178617323272,True,True,IF-3,0.682627495381885,0.4233472286444868,0.25928026673739824,True,True
development_2,three_day_positive_sustained_spike,4,CA_1,FOODS_2,2015-05-17,2,595.0,1016.0583999999999,622.1564590217845,45.4405792447987,-13.942145869448836,105.26459999999999,-0.2908042408778979,8.975327639432493,True,True,IF-3,0.6752334321692424,0.4177927868778549,0.25744064529138744,True,True
development_2,three_day_positive_sustained_spike,4,CA_1,FOODS_2,2015-05-18,3,477.0,898.0583999999999,465.3153580088832,45.4405792447987,-13.942145869448836,105.26459999999999,0.5639626141759398,9.830094494486332,True,True,IF-3,0.708860662981213,0.4323457422727887,0.27651492070842426,True,True
development_2,three_day_negative_sustained_drop,2,CA_1,FOODS_2,2015-05-19,1,409.0,198.47080000000003,398.87080004693274,45.4405792447987,-13.942145869448836,105.26459999999999,0.5297323718704883,-4.103333568284708,True,True,IF-3,0.5915802459992044,0.40493608457708624,0.1866441614221182,True,False
development_2,three_day_negative_sustained_drop,2,CA_1,FOODS_2,2015-05-20,2,338.0,127.47080000000003,397.3014336297675,45.4405792447987,-13.942145869448836,105.26459999999999,-0.9982110376709301,-5.6312769778261265,True,True,IF-3,0.6291484647665928,0.46351051019040607,0.16563795457618674,True,True
development_2,three_day_negative_sustained_drop,2,CA_1,FOODS_2,2015-05-21,3,378.0,167.47080000000003,395.916664716253,45.4405792447987,-13.942145869448836,105.26459999999999,-0.08746628922559621,-4.720532229380792,True,True,IF-3,0.6014960685797486,0.40781113906546657,0.193684929514282,True,False
development_2,three_day_negative_sustained_drop,4,CA_1,FOODS_2,2015-05-19,1,409.0,0.0,398.87080004693274,45.4405792447987,-13.942145869448836,105.26459999999999,0.5297323718704883,-8.471033172878057,True,True,IF-3,0.6684264644686394,0.40493608457708624,0.26349037989155316,True,True
development_2,three_day_negative_sustained_drop,4,CA_1,FOODS_2,2015-05-20,2,338.0,0.0,397.3014336297675,45.4405792447987,-13.942145869448836,105.26459999999999,-0.9982110376709301,-8.436496500079263,True,True,IF-3,0.6727736935442485,0.46351051019040607,0.20926318335384247,True,True
development_2,three_day_negative_sustained_drop,4,CA_1,FOODS_2,2015-05-21,3,378.0,0.0,395.916664716253,45.4405792447987,-13.942145869448836,105.26459999999999,-0.08746628922559621,-8.406022220557993,True,True,IF-3,0.6731123283523932,0.40781113906546657,0.26530118928692664,True,True
development_2,one_day_positive_spike,2,CA_1,FOODS_3,2015-04-28,1,1706.0,2505.1214,1655.2480999601828,154.1242798603323,-167.18760428338533,399.5607,1.414050430734857,6.598966141122378,True,True,IF-3,0.7253819112310799,0.49795151971456425,0.22743039151651562,True,True
development_2,one_day_positive_spike,4,CA_1,FOODS_3,2015-04-28,1,1706.0,3304.2428,1655.2480999601828,154.1242798603323,-167.18760428338533,399.5607,1.414050430734857,11.783881851509898,True,True,IF-3,0.7261548232645914,0.49795151971456425,0.2282033035500271,True,True
development_2,one_day_negative_drop,2,CA_1,FOODS_3,2015-04-29,1,1699.0,899.8786,1650.6944437473985,154.1242798603323,-167.18760428338533,399.5607,1.398177890798694,-3.786737819588829,True,True,IF-3,0.7221275355146693,0.5171045047037691,0.20502303081090023,True,True
development_2,one_day_negative_drop,4,CA_1,FOODS_3,2015-04-29,1,1699.0,100.75720000000001,1650.6944437473985,154.1242798603323,-167.18760428338533,399.5607,1.398177890798694,-8.971653529976349,True,True,IF-3,0.7221275355146693,0.5171045047037691,0.20502303081090023,True,True
development_2,two_day_positive_sustained_spike,2,CA_1,FOODS_3,2015-04-30,1,1694.0,2493.1214,1650.1520724378456,154.1242798603323,-167.18760428338533,399.5607,1.3692555905972794,6.554171300984801,True,True,IF-3,0.73174159156095,0.5097559936521079,0.2219855979088421,True,True
development_2,two_day_positive_sustained_spike,2,CA_1,FOODS_3,2015-05-01,2,2533.0,3332.1214,2339.7289828049456,154.1242798603323,-167.18760428338533,399.5607,2.3387529972895114,7.523668707677032,True,True,IF-3,0.7427637418124595,0.5995439071009943,0.14321983471146527,True,True
development_2,two_day_positive_sustained_spike,4,CA_1,FOODS_3,2015-04-30,1,1694.0,3292.2428,1650.1520724378456,154.1242798603323,-167.18760428338533,399.5607,1.3692555905972794,11.739087011372321,True,True,IF-3,0.7343437853145478,0.5097559936521079,0.22458779166243992,True,True
development_2,two_day_positive_sustained_spike,4,CA_1,FOODS_3,2015-05-01,2,2533.0,4131.2428,2339.7289828049456,154.1242798603323,-167.18760428338533,399.5607,2.3387529972895114,12.708584418064554,True,True,IF-3,0.7427637418124595,0.5995439071009943,0.14321983471146527,True,True
development_2,two_day_negative_sustained_drop,2,CA_1,FOODS_3,2015-05-02,1,2836.0,2036.8786,2950.6845236938307,154.1242798603323,-167.18760428338533,399.5607,0.34065418269680176,-4.844261527690719,True,True,IF-3,0.7486602742560866,0.5838697120944454,0.16479056216164123,True,True
development_2,two_day_negative_sustained_drop,2,CA_1,FOODS_3,2015-05-03,2,3146.0,2346.8786,3028.189698668962,154.1242798603323,-167.18760428338533,399.5607,1.8491434696252194,-3.3357722407623016,True,True,IF-3,0.7426148371087191,0.5707033012417838,0.1719115358669353,True,True
development_2,two_day_negative_sustained_drop,4,CA_1,FOODS_3,2015-05-02,1,2836.0,1237.7572,2950.6845236938307,154.1242798603323,-167.18760428338533,399.5607,0.34065418269680176,-10.02917723807824,True,True,IF-3,0.7486602742560866,0.5838697120944454,0.16479056216164123,True,True
development_2,two_day_negative_sustained_drop,4,CA_1,FOODS_3,2015-05-03,2,3146.0,1547.7572,3028.189698668962,154.1242798603323,-167.18760428338533,399.5607,1.8491434696252194,-8.520687951149823,True,True,IF-3,0.7434061112430458,0.5707033012417838,0.17270281000126197,True,True
development_2,three_day_positive_sustained_spike,2,CA_1,FOODS_3,2015-05-04,1,2205.0,3004.1214,2187.164556244872,154.1242798603323,-167.18760428338533,399.5607,1.2004795623777218,6.385395272765243,True,True,IF-3,0.7413935076114503,0.5302230516299382,0.21117045598151207,True,True
development_2,three_day_positive_sustained_spike,2,CA_1,FOODS_3,2015-05-05,2,2019.0,2818.1214,1855.775985798728,154.1242798603323,-167.18760428338533,399.5607,2.143799917729229,7.328715628116751,True,True,IF-3,0.7670807246206333,0.650680702702844,0.11640002191778931,True,True
development_2,three_day_positive_sustained_spike,2,CA_1,FOODS_3,2015-05-06,3,1754.0,2553.1214,1982.9348331085023,154.1242798603323,-167.18760428338533,399.5607,-0.4006327158905309,4.784282994496992,True,True,IF-3,0.7316666563102102,0.6150028462386468,0.11666381007156346,True,True
development_2,three_day_positive_sustained_spike,4,CA_1,FOODS_3,2015-05-04,1,2205.0,3803.2428,2187.164556244872,154.1242798603323,-167.18760428338533,399.5607,1.2004795623777218,11.570310983152764,True,True,IF-3,0.7448228072215469,0.5302230516299382,0.2145997555916087,True,True
development_2,three_day_positive_sustained_spike,4,CA_1,FOODS_3,2015-05-05,2,2019.0,3617.2428,1855.775985798728,154.1242798603323,-167.18760428338533,399.5607,2.143799917729229,12.513631338504272,True,True,IF-3,0.7670807246206333,0.650680702702844,0.11640002191778931,True,True
development_2,three_day_positive_sustained_spike,4,CA_1,FOODS_3,2015-05-06,3,1754.0,3352.2428,1982.9348331085023,154.1242798603323,-167.18760428338533,399.5607,-0.4006327158905309,9.969198704884512,True,True,IF-3,0.7417349513386513,0.6150028462386468,0.12673210510000454,True,True
development_2,three_day_negative_sustained_drop,2,CA_1,FOODS_3,2015-05-07,1,1947.0,1147.8786,1980.5686431695103,154.1242798603323,-167.18760428338533,399.5607,0.8669559477258256,-4.317959762661694,True,True,IF-3,0.740612992818645,0.5284487272070755,0.21216426561156954,True,True
development_2,three_day_negative_sustained_drop,2,CA_1,FOODS_3,2015-05-08,2,2311.0,1511.8786,2253.590910583828,154.1242798603323,-167.18760428338533,399.5607,1.457244075385702,-3.727671635001819,True,True,IF-3,0.7457347583760989,0.5427376274912006,0.20299713088489835,True,True
development_2,three_day_negative_sustained_drop,2,CA_1,FOODS_3,2015-05-09,3,2950.0,2150.8786,2883.7807429148997,154.1242798603323,-167.18760428338533,399.5607,1.5144068253230398,-3.670508885064481,True,True,IF-3,0.7473326344985463,0.5638775486937171,0.18345508580482917,True,True
development_2,three_day_negative_sustained_drop,4,CA_1,FOODS_3,2015-05-07,1,1947.0,348.7572,1980.5686431695103,154.1242798603323,-167.18760428338533,399.5607,0.8669559477258256,-9.502875473049215,True,True,IF-3,0.740612992818645,0.5284487272070755,0.21216426561156954,True,True
development_2,three_day_negative_sustained_drop,4,CA_1,FOODS_3,2015-05-08,2,2311.0,712.7572,2253.590910583828,154.1242798603323,-167.18760428338533,399.5607,1.457244075385702,-8.91258734538934,True,True,IF-3,0.7457347583760989,0.5427376274912006,0.20299713088489835,True,True
development_2,three_day_negative_sustained_drop,4,CA_1,FOODS_3,2015-05-09,3,2950.0,1351.7572,2883.7807429148997,154.1242798603323,-167.18760428338533,399.5607,1.5144068253230398,-8.855424595452002,True,True,IF-3,0.7473326344985463,0.5638775486937171,0.18345508580482917,True,True
development_2,one_day_positive_spike,2,CA_1,HOBBIES_1,2015-05-10,1,494.0,677.8424,470.3553709073003,81.10531141948404,20.554133150188306,91.9212,0.0381047293749611,2.3048169431922587,False,True,IF-3,0.6497854189998953,0.5231403673349484,0.12664505166494688,True,True
development_2,one_day_positive_spike,4,CA_1,HOBBIES_1,2015-05-10,1,494.0,861.6848,470.3553709073003,81.10531141948404,20.554133150188306,91.9212,0.0381047293749611,4.5715291570095555,True,True,IF-3,0.7221622122406435,0.5231403673349484,0.19902184490569508,True,True
development_2,one_day_negative_drop,2,CA_1,HOBBIES_1,2015-05-11,1,586.0,402.1576,451.8682377968983,81.10531141948404,20.554133150188306,91.9212,1.400372269893393,-0.8663399439239046,False,True,IF-3,0.44532901590648366,0.5131724581760844,-0.0678434422696007,False,False
development_2,one_day_negative_drop,4,CA_1,HOBBIES_1,2015-05-11,1,586.0,218.3152,451.8682377968983,81.10531141948404,20.554133150188306,91.9212,1.400372269893393,-3.133052157741202,True,True,IF-3,0.6085164272784386,0.5131724581760844,0.09534396910235421,True,False
development_2,two_day_positive_sustained_spike,2,CA_1,HOBBIES_1,2015-05-12,1,501.0,684.8424,411.7452018234643,81.10531141948404,20.554133150188306,91.9212,0.8470550673435099,3.1137672811608073,True,True,IF-3,0.6041976273785675,0.4430973323901327,0.1611002949884348,True,False
development_2,two_day_positive_sustained_spike,2,CA_1,HOBBIES_1,2015-05-13,2,487.0,670.8424,411.142585454373,81.10531141948404,20.554133150188306,91.9212,0.6818700332633596,2.948582247080657,False,True,IF-3,0.5884528149152077,0.4486223108388058,0.1398305040764019,True,False
development_2,two_day_positive_sustained_spike,4,CA_1,HOBBIES_1,2015-05-12,1,501.0,868.6848,411.7452018234643,81.10531141948404,20.554133150188306,91.9212,0.8470550673435099,5.380479494978105,True,True,IF-3,0.6956402431345328,0.4430973323901327,0.25254291074440005,True,True
development_2,two_day_positive_sustained_spike,4,CA_1,HOBBIES_1,2015-05-13,2,487.0,854.6848,411.142585454373,81.10531141948404,20.554133150188306,91.9212,0.6818700332633596,5.215294460897955,True,True,IF-3,0.6960131948870787,0.4486223108388058,0.24739088404827286,True,True
development_2,two_day_negative_sustained_drop,2,CA_1,HOBBIES_1,2015-05-14,1,348.0,164.1576,411.9615649088275,81.10531141948404,20.554133150188306,91.9212,-1.0420488693014558,-3.3087610831187533,True,True,IF-3,0.6122753685495113,0.44044563933707437,0.1718297292124369,True,False
development_2,two_day_negative_sustained_drop,2,CA_1,HOBBIES_1,2015-05-15,2,523.0,339.1576,470.1758022606791,81.10531141948404,20.554133150188306,91.9212,0.3978785609024897,-1.8688336529148077,False,True,IF-3,0.5039519982405141,0.42176508945933505,0.08218690878117901,False,False
development_2,two_day_negative_sustained_drop,4,CA_1,HOBBIES_1,2015-05-14,1,348.0,0.0,411.9615649088275,81.10531141948404,20.554133150188306,91.9212,-1.0420488693014558,-5.332766627601062,True,True,IF-3,0.6786025312424392,0.44044563933707437,0.23815689190536482,True,True
development_2,two_day_negative_sustained_drop,4,CA_1,HOBBIES_1,2015-05-15,2,523.0,155.3152,470.1758022606791,81.10531141948404,20.554133150188306,91.9212,0.3978785609024897,-4.135545866732105,True,True,IF-3,0.6405331566620108,0.42176508945933505,0.21876806720267578,True,True
development_2,three_day_positive_sustained_spike,2,CA_1,HOBBIES_1,2015-05-16,1,621.0,804.8424,584.4721879533458,81.10531141948404,20.554133150188306,91.9212,0.19694984973115431,2.4636620635484516,False,True,IF-3,0.5228352500992463,0.41836782372192766,0.1044674263773186,False,False
development_2,three_day_positive_sustained_spike,2,CA_1,HOBBIES_1,2015-05-17,2,524.0,707.8424,568.9726556946351,81.10531141948404,20.554133150188306,91.9212,-0.8079222889104382,1.4587899249068592,False,True,IF-3,0.4852300848518561,0.4327961768065274,0.052433908045328714,False,False
development_2,three_day_positive_sustained_spike,2,CA_1,HOBBIES_1,2015-05-18,3,436.0,619.8424,446.6836702839059,81.10531141948404,20.554133150188306,91.9212,-0.3851511434624723,1.8815610703548251,False,True,IF-3,0.5379178284957211,0.425692589814734,0.1122252386809871,False,False
development_2,three_day_positive_sustained_spike,4,CA_1,HOBBIES_1,2015-05-16,1,621.0,988.6848,584.4721879533458,81.10531141948404,20.554133150188306,91.9212,0.19694984973115431,4.730374277365749,True,True,IF-3,0.658507691693221,0.41836782372192766,0.24013986797129333,True,True
development_2,three_day_positive_sustained_spike,4,CA_1,HOBBIES_1,2015-05-17,2,524.0,891.6848,568.9726556946351,81.10531141948404,20.554133150188306,91.9212,-0.8079222889104382,3.7255021387241567,True,True,IF-3,0.6232868728635103,0.4327961768065274,0.19049069605698288,True,True
development_2,three_day_positive_sustained_spike,4,CA_1,HOBBIES_1,2015-05-18,3,436.0,803.6848,446.6836702839059,81.10531141948404,20.554133150188306,91.9212,-0.3851511434624723,4.148273284172123,True,True,IF-3,0.6699509484742151,0.425692589814734,0.2442583586594811,True,True
development_2,three_day_negative_sustained_drop,2,CA_1,HOBBIES_1,2015-05-19,1,467.0,283.1576,405.3500887857238,81.10531141948404,20.554133150188306,91.9212,0.5066965078468996,-1.7600157059703971,False,True,IF-3,0.518526552713753,0.42219956113916973,0.0963269915745833,False,False
development_2,three_day_negative_sustained_drop,2,CA_1,HOBBIES_1,2015-05-20,2,522.0,338.1576,405.9469084619332,81.10531141948404,20.554133150188306,91.9212,1.1774686110746704,-1.089243602742627,False,True,IF-3,0.47077362483186946,0.4786672056117139,-0.007893580779844422,False,False
development_2,three_day_negative_sustained_drop,2,CA_1,HOBBIES_1,2015-05-21,3,408.0,224.1576,406.7658879163877,81.10531141948404,20.554133150188306,91.9212,-0.23820907322149507,-2.5049212870387922,False,True,IF-3,0.5678391618846053,0.41781000678985203,0.15002915509475323,False,False
development_2,three_day_negative_sustained_drop,4,CA_1,HOBBIES_1,2015-05-19,1,467.0,99.3152,405.3500887857238,81.10531141948404,20.554133150188306,91.9212,0.5066965078468996,-4.026727919787694,True,True,IF-3,0.6397354709953083,0.42219956113916973,0.21753590985613852,True,True
development_2,three_day_negative_sustained_drop,4,CA_1,HOBBIES_1,2015-05-20,2,522.0,154.3152,405.9469084619332,81.10531141948404,20.554133150188306,91.9212,1.1774686110746704,-3.3559558165599244,True,True,IF-3,0.622341862528695,0.4786672056117139,0.14367465691698106,True,False
development_2,three_day_negative_sustained_drop,4,CA_1,HOBBIES_1,2015-05-21,3,408.0,40.315200000000004,406.7658879163877,81.10531141948404,20.554133150188306,91.9212,-0.23820907322149507,-4.7716335008560895,True,True,IF-3,0.6583567113783302,0.41781000678985203,0.24054670458847816,True,True
development_2,one_day_positive_spike,2,CA_1,HOBBIES_2,2015-04-28,1,35.0,52.7912,46.294528379424776,10.83498747825522,-9.047656642867008,8.8956,-0.20737188123816702,1.4346420145513052,False,True,IF-3,0.4415853054927995,0.40622558029506384,0.03535972519773567,False,False
development_2,one_day_positive_spike,4,CA_1,HOBBIES_2,2015-04-28,1,35.0,70.5824,46.294528379424776,10.83498747825522,-9.047656642867008,8.8956,-0.20737188123816702,3.0766559103407776,True,True,IF-3,0.5044841895830108,0.40622558029506384,0.09825860928794694,False,False
development_2,one_day_negative_drop,2,CA_1,HOBBIES_2,2015-04-29,1,36.0,18.2088,46.294528379424776,10.83498747825522,-9.047656642867008,8.8956,-0.1150782812679867,-1.7570921770574586,False,True,IF-3,0.4821588556553656,0.4339317396453717,0.04822711600999391,False,False
development_2,one_day_negative_drop,4,CA_1,HOBBIES_2,2015-04-29,1,36.0,0.4176000000000002,46.294528379424776,10.83498747825522,-9.047656642867008,8.8956,-0.1150782812679867,-3.399106072846931,True,True,IF-3,0.5346207113016387,0.4339317396453717,0.100688971656267,False,False
development_2,two_day_positive_sustained_spike,2,CA_1,HOBBIES_2,2015-04-30,1,24.0,41.7912,49.93502200364069,10.83498747825522,-9.047656642867008,8.8956,-1.558595743157526,0.08341815263194635,False,True,IF-3,0.4116420166261321,0.45069276714739376,-0.03905075052126167,False,False
development_2,two_day_positive_sustained_spike,2,CA_1,HOBBIES_2,2015-05-01,2,46.0,63.7912,57.352449760492874,10.83498747825522,-9.047656642867008,8.8956,-0.21271765401218645,1.4292962417772856,False,True,IF-3,0.47116029900143463,0.43726172167037225,0.033898577331062385,False,False
development_2,two_day_positive_sustained_spike,4,CA_1,HOBBIES_2,2015-04-30,1,24.0,59.5824,49.93502200364069,10.83498747825522,-9.047656642867008,8.8956,-1.558595743157526,1.7254320484214178,False,True,IF-3,0.44774162103204906,0.45069276714739376,-0.002951146115344694,False,False
development_2,two_day_positive_sustained_spike,4,CA_1,HOBBIES_2,2015-05-01,2,46.0,81.5824,57.352449760492874,10.83498747825522,-9.047656642867008,8.8956,-0.21271765401218645,3.0713101375667584,True,True,IF-3,0.5262932506984113,0.43726172167037225,0.08903152902803901,False,False
development_2,two_day_negative_sustained_drop,2,CA_1,HOBBIES_2,2015-05-02,1,51.0,33.2088,60.817800546458166,10.83498747825522,-9.047656642867008,8.8956,-0.07107935335751547,-1.7130932491469877,False,True,IF-3,0.498065646139186,0.44960917280023865,0.04845647333894737,False,False
development_2,two_day_negative_sustained_drop,2,CA_1,HOBBIES_2,2015-05-03,2,45.0,27.2088,58.53208048121216,10.83498747825522,-9.047656642867008,8.8956,-0.41388361983296823,-2.05589751562244,False,True,IF-3,0.4746492165183152,0.42706235094419975,0.047586865574115456,False,False
development_2,two_day_negative_sustained_drop,4,CA_1,HOBBIES_2,2015-05-02,1,51.0,15.4176,60.817800546458166,10.83498747825522,-9.047656642867008,8.8956,-0.07107935335751547,-3.355107144936459,True,True,IF-3,0.552209143876752,0.44960917280023865,0.10259997107651336,False,False
development_2,two_day_negative_sustained_drop,4,CA_1,HOBBIES_2,2015-05-03,2,45.0,9.4176,58.53208048121216,10.83498747825522,-9.047656642867008,8.8956,-0.41388361983296823,-3.6979114114119125,True,True,IF-3,0.5144708840931873,0.42706235094419975,0.08740853314898755,False,False
development_2,three_day_positive_sustained_spike,2,CA_1,HOBBIES_2,2015-05-04,1,50.0,67.7912,47.84244340497504,10.83498747825522,-9.047656642867008,8.8956,1.0341694681585705,2.676183363948042,False,True,IF-3,0.5066262414803391,0.4573761295910346,0.049250111889304504,False,False
development_2,three_day_positive_sustained_spike,2,CA_1,HOBBIES_2,2015-05-05,2,55.0,72.7912,45.05812141425683,10.83498747825522,-9.047656642867008,8.8956,1.7526125680089941,3.3946264637984664,True,True,IF-3,0.5881065731307894,0.5481294099971256,0.03997716313366384,True,False
development_2,three_day_positive_sustained_spike,2,CA_1,HOBBIES_2,2015-05-06,3,51.0,68.7912,47.371393366480646,10.83498747825522,-9.047656642867008,8.8956,1.16993797194749,2.8119518677369624,False,True,IF-3,0.5225133980965387,0.471157258504885,0.05135613959165375,False,False
development_2,three_day_positive_sustained_spike,4,CA_1,HOBBIES_2,2015-05-04,1,50.0,85.5824,47.84244340497504,10.83498747825522,-9.047656642867008,8.8956,1.0341694681585705,4.318197259737515,True,True,IF-3,0.5589458781596859,0.4573761295910346,0.10156974856865131,False,False
development_2,three_day_positive_sustained_spike,4,CA_1,HOBBIES_2,2015-05-05,2,55.0,90.5824,45.05812141425683,10.83498747825522,-9.047656642867008,8.8956,1.7526125680089941,5.036640359587939,True,True,IF-3,0.619048870645365,0.5481294099971256,0.0709194606482394,True,False
development_2,three_day_positive_sustained_spike,4,CA_1,HOBBIES_2,2015-05-06,3,51.0,86.5824,47.371393366480646,10.83498747825522,-9.047656642867008,8.8956,1.16993797194749,4.453965763526435,True,True,IF-3,0.5565110471522419,0.471157258504885,0.08535378864735688,False,False
development_2,three_day_negative_sustained_drop,2,CA_1,HOBBIES_2,2015-05-07,1,55.0,37.2088,47.47236621686538,10.83498747825522,-9.047656642867008,8.8956,1.5297932239669536,-0.11222067182251862,False,True,IF-3,0.4316679642815614,0.46130699255523466,-0.029639028273673262,False,False
development_2,three_day_negative_sustained_drop,2,CA_1,HOBBIES_2,2015-05-08,2,49.0,31.2088,55.05813839195747,10.83498747825522,-9.047656642867008,8.8956,0.27591340155299793,-1.3661004942364738,False,True,IF-3,0.4563808871765394,0.44151989805812497,0.014860989118414436,False,False
development_2,three_day_negative_sustained_drop,2,CA_1,HOBBIES_2,2015-05-09,3,60.0,42.2088,61.73180335854118,10.83498747825522,-9.047656642867008,8.8956,0.6752064364640978,-0.9668074593253744,False,True,IF-3,0.4717026089863794,0.4573879461960792,0.014314662790300192,False,False
development_2,three_day_negative_sustained_drop,4,CA_1,HOBBIES_2,2015-05-07,1,55.0,19.4176,47.47236621686538,10.83498747825522,-9.047656642867008,8.8956,1.5297932239669536,-1.7542345676119901,False,True,IF-3,0.4776549856706625,0.46130699255523466,0.01634799311542784,False,False
development_2,three_day_negative_sustained_drop,4,CA_1,HOBBIES_2,2015-05-08,2,49.0,13.4176,55.05813839195747,10.83498747825522,-9.047656642867008,8.8956,0.27591340155299793,-3.008114390025946,True,True,IF-3,0.5301598090185147,0.44151989805812497,0.0886399109603897,False,False
development_2,three_day_negative_sustained_drop,4,CA_1,HOBBIES_2,2015-05-09,3,60.0,24.4176,61.73180335854118,10.83498747825522,-9.047656642867008,8.8956,0.6752064364640978,-2.608821355114846,False,True,IF-3,0.5292570732342745,0.4573879461960792,0.07186912703819531,False,False
development_2,one_day_positive_spike,2,CA_1,HOUSEHOLD_1,2015-05-10,1,757.0,1081.6894,695.3166951147323,89.50719752401402,23.239631355876327,162.3447,0.42950371135323817,4.057026513783608,True,True,IF-3,0.7189459158083636,0.5553540497415104,0.16359186606685328,True,True
development_2,one_day_positive_spike,4,CA_1,HOUSEHOLD_1,2015-05-10,1,757.0,1406.3788,695.3166951147323,89.50719752401402,23.239631355876327,162.3447,0.42950371135323817,7.684549316213977,True,True,IF-3,0.7600183635926897,0.5553540497415104,0.20466431385117934,True,True
development_2,one_day_negative_drop,2,CA_1,HOUSEHOLD_1,2015-05-11,1,655.0,330.3106,670.5254769451439,89.50719752401402,23.239631355876327,162.3447,-0.4330948725170379,-4.060617674947408,True,True,IF-3,0.6530075298557616,0.4372880485241929,0.2157194813315687,True,True
development_2,one_day_negative_drop,4,CA_1,HOUSEHOLD_1,2015-05-11,1,655.0,5.621200000000044,670.5254769451439,89.50719752401402,23.239631355876327,162.3447,-0.4330948725170379,-7.688140477377777,True,True,IF-3,0.7102178734862303,0.4372880485241929,0.27292982496203744,True,True
development_2,two_day_positive_sustained_spike,2,CA_1,HOUSEHOLD_1,2015-05-12,1,649.0,973.6894,595.4944578847703,89.50719752401402,23.239631355876327,162.3447,0.3381394077412966,3.9656622101716663,True,True,IF-3,0.6629126535936553,0.4220138326979475,0.24089882089570774,True,True
development_2,two_day_positive_sustained_spike,2,CA_1,HOUSEHOLD_1,2015-05-13,2,616.0,940.6894,591.7314323431104,89.50719752401402,23.239631355876327,162.3447,0.011495570518082383,3.639018372948452,True,True,IF-3,0.6446609906130113,0.43855473776627957,0.20610625284673173,True,True
development_2,two_day_positive_sustained_spike,4,CA_1,HOUSEHOLD_1,2015-05-12,1,649.0,1298.3788,595.4944578847703,89.50719752401402,23.239631355876327,162.3447,0.3381394077412966,7.593185012602036,True,True,IF-3,0.7187314356879878,0.4220138326979475,0.2967176029900403,True,True
development_2,two_day_positive_sustained_spike,4,CA_1,HOUSEHOLD_1,2015-05-13,2,616.0,1265.3788,591.7314323431104,89.50719752401402,23.239631355876327,162.3447,0.011495570518082383,7.266541175378822,True,True,IF-3,0.7238855119343528,0.43855473776627957,0.28533077416807323,True,True
development_2,two_day_negative_sustained_drop,2,CA_1,HOUSEHOLD_1,2015-05-14,1,537.0,212.31060000000002,589.5660048092961,89.50719752401402,23.239631355876327,162.3447,-0.8469222393521423,-4.474445041782512,True,True,IF-3,0.6658609689407529,0.4378123730649256,0.22804859587582726,True,True
development_2,two_day_negative_sustained_drop,2,CA_1,HOUSEHOLD_1,2015-05-15,2,670.0,345.3106,697.3895948523066,89.50719752401402,23.239631355876327,162.3447,-0.5656441896150252,-4.193166992045395,True,True,IF-3,0.6468385805897408,0.42699128884025017,0.21984729174949058,True,True
development_2,two_day_negative_sustained_drop,4,CA_1,HOUSEHOLD_1,2015-05-14,1,537.0,0.0,589.5660048092961,89.50719752401402,23.239631355876327,162.3447,-0.8469222393521423,-6.84643976257621,True,True,IF-3,0.7025118369254306,0.4378123730649256,0.264699463860505,True,True
development_2,two_day_negative_sustained_drop,4,CA_1,HOUSEHOLD_1,2015-05-15,2,670.0,20.621200000000044,697.3895948523066,89.50719752401402,23.239631355876327,162.3447,-0.5656441896150252,-7.820689794475765,True,True,IF-3,0.7100142673281135,0.42699128884025017,0.2830229784878633,True,True
development_2,three_day_positive_sustained_spike,2,CA_1,HOUSEHOLD_1,2015-05-16,1,950.0,1274.6894,880.509419054725,89.50719752401402,23.239631355876327,162.3447,0.5167288315220682,4.144251633952438,True,True,IF-3,0.6523394280201549,0.43569284143904763,0.21664658658110725,True,True
development_2,three_day_positive_sustained_spike,2,CA_1,HOUSEHOLD_1,2015-05-17,2,974.0,1298.6894,919.00550059002,89.50719752401402,23.239631355876327,162.3447,0.3547744643170635,3.982297266747433,True,True,IF-3,0.6552084322943201,0.44105372805520804,0.2141547042391121,True,True
development_2,three_day_positive_sustained_spike,2,CA_1,HOUSEHOLD_1,2015-05-18,3,779.0,1103.6894,663.5719355531514,89.50719752401402,23.239631355876327,162.3447,1.0299555302939618,4.657478332724332,True,True,IF-3,0.7041264962652006,0.5052250782774401,0.1989014179877605,True,True
development_2,three_day_positive_sustained_spike,4,CA_1,HOUSEHOLD_1,2015-05-16,1,950.0,1599.3788,880.509419054725,89.50719752401402,23.239631355876327,162.3447,0.5167288315220682,7.771774436382808,True,True,IF-3,0.7118151576091982,0.43569284143904763,0.2761223161701506,True,True
development_2,three_day_positive_sustained_spike,4,CA_1,HOUSEHOLD_1,2015-05-17,2,974.0,1623.3788,919.00550059002,89.50719752401402,23.239631355876327,162.3447,0.3547744643170635,7.609820069177803,True,True,IF-3,0.7140023946288058,0.44105372805520804,0.27294866657359773,True,True
development_2,three_day_positive_sustained_spike,4,CA_1,HOUSEHOLD_1,2015-05-18,3,779.0,1428.3788,663.5719355531514,89.50719752401402,23.239631355876327,162.3447,1.0299555302939618,8.285001135154701,True,True,IF-3,0.73344088026404,0.5052250782774401,0.22821580198659985,True,True
development_2,three_day_negative_sustained_drop,2,CA_1,HOUSEHOLD_1,2015-05-19,1,564.0,239.31060000000002,588.5409164927779,89.50719752401402,23.239631355876327,162.3447,-0.5338179405721548,-4.161340743002524,True,True,IF-3,0.6521571692707814,0.41680992352264173,0.23534724574813964,True,True
development_2,three_day_negative_sustained_drop,2,CA_1,HOUSEHOLD_1,2015-05-20,2,609.0,284.3106,585.3805073202093,89.50719752401402,23.239631355876327,162.3447,0.004243919309533401,-3.6232788831208365,True,True,IF-3,0.6465528203434959,0.43817491397903097,0.20837790636446496,True,True
development_2,three_day_negative_sustained_drop,2,CA_1,HOUSEHOLD_1,2015-05-21,3,583.0,258.3106,583.215079786395,89.50719752401402,23.239631355876327,162.3447,-0.26204273836166775,-3.8895655407920375,True,True,IF-3,0.6484039063305806,0.42846632197349654,0.2199375843570841,True,True
development_2,three_day_negative_sustained_drop,4,CA_1,HOUSEHOLD_1,2015-05-19,1,564.0,0.0,588.5409164927779,89.50719752401402,23.239631355876327,162.3447,-0.5338179405721548,-6.834987182841008,True,True,IF-3,0.7009868810430195,0.41680992352264173,0.2841769575203778,True,True
development_2,three_day_negative_sustained_drop,4,CA_1,HOUSEHOLD_1,2015-05-20,2,609.0,0.0,585.3805073202093,89.50719752401402,23.239631355876327,162.3447,0.004243919309533401,-6.799678188033963,True,True,IF-3,0.7047818524730391,0.43817491397903097,0.2666069384940082,True,True
development_2,three_day_negative_sustained_drop,4,CA_1,HOUSEHOLD_1,2015-05-21,3,583.0,0.0,583.215079786395,89.50719752401402,23.239631355876327,162.3447,-0.26204273836166775,-6.775485412550926,True,True,IF-3,0.702262499549751,0.42846632197349654,0.2737961775762544,True,True
development_2,one_day_positive_spike,2,CA_1,HOUSEHOLD_2,2015-04-28,1,221.0,295.13,198.13988295907643,31.521097558322186,21.430435968650087,37.065,0.045356322686042325,2.3971145336062145,False,True,IF-3,0.5042290145044179,0.39873265365437216,0.10549636085004577,False,False
development_2,one_day_positive_spike,4,CA_1,HOUSEHOLD_2,2015-04-28,1,221.0,369.26,198.13988295907643,31.521097558322186,21.430435968650087,37.065,0.045356322686042325,4.748872744526387,True,True,IF-3,0.5842378625627661,0.39873265365437216,0.18550520890839395,True,False
development_2,one_day_negative_drop,2,CA_1,HOUSEHOLD_2,2015-04-29,1,165.0,90.87,198.13988295907643,31.521097558322186,21.430435968650087,37.065,-1.7312315609174873,-4.08298977183766,True,True,IF-3,0.5644561683044548,0.4786715563977704,0.08578461190668435,False,False
development_2,one_day_negative_drop,4,CA_1,HOUSEHOLD_2,2015-04-29,1,165.0,16.74000000000001,198.13988295907643,31.521097558322186,21.430435968650087,37.065,-1.7312315609174873,-6.434747982757832,True,True,IF-3,0.5952256581771816,0.4786715563977704,0.11655410177941122,True,False
development_2,two_day_positive_sustained_spike,2,CA_1,HOUSEHOLD_2,2015-04-30,1,182.0,256.13,203.79024328656365,31.521097558322186,21.430435968650087,37.065,-1.3711666979629848,0.9805915129571874,False,True,IF-3,0.4276870611083311,0.43418225968771157,-0.006495198579380468,False,False
development_2,two_day_positive_sustained_spike,2,CA_1,HOUSEHOLD_2,2015-05-01,2,238.0,312.13,261.7339730704504,31.521097558322186,21.430435968650087,37.065,-1.4328311048032087,0.9189271061169635,False,True,IF-3,0.450790058982558,0.44795663793651647,0.0028334210460415066,False,False
development_2,two_day_positive_sustained_spike,4,CA_1,HOUSEHOLD_2,2015-04-30,1,182.0,330.26,203.79024328656365,31.521097558322186,21.430435968650087,37.065,-1.3711666979629848,3.3323497238773596,True,True,IF-3,0.535760045457791,0.43418225968771157,0.10157778577007942,False,False
development_2,two_day_positive_sustained_spike,4,CA_1,HOUSEHOLD_2,2015-05-01,2,238.0,386.26,261.7339730704504,31.521097558322186,21.430435968650087,37.065,-1.4328311048032087,3.270685317037136,True,True,IF-3,0.5525500078298599,0.44795663793651647,0.10459336989334339,False,False
development_2,two_day_negative_sustained_drop,2,CA_1,HOUSEHOLD_2,2015-05-02,1,290.0,215.87,302.411215626781,31.521097558322186,21.430435968650087,37.065,-1.0736190747424086,-3.425377285662581,True,True,IF-3,0.557269699936474,0.468967035135705,0.08830266480076904,False,False
development_2,two_day_negative_sustained_drop,2,CA_1,HOUSEHOLD_2,2015-05-03,2,359.0,284.87,304.8064718385462,31.521097558322186,21.430435968650087,37.065,1.0394020110557227,-1.3123561998644495,False,True,IF-3,0.4370176399043665,0.43788462415725166,-0.0008669842528851723,False,False
development_2,two_day_negative_sustained_drop,4,CA_1,HOUSEHOLD_2,2015-05-02,1,290.0,141.74,302.411215626781,31.521097558322186,21.430435968650087,37.065,-1.0736190747424086,-5.777135496582754,True,True,IF-3,0.6054703593994449,0.468967035135705,0.13650332426373996,True,False
development_2,two_day_negative_sustained_drop,4,CA_1,HOUSEHOLD_2,2015-05-03,2,359.0,210.74,304.8064718385462,31.521097558322186,21.430435968650087,37.065,1.0394020110557227,-3.664114410784622,True,True,IF-3,0.5321368498517092,0.43788462415725166,0.09425222569445751,False,False
development_2,three_day_positive_sustained_spike,2,CA_1,HOUSEHOLD_2,2015-05-04,1,212.0,286.13,204.92339430993923,31.521097558322186,21.430435968650087,37.065,-0.45537215993291613,1.896386050987257,False,True,IF-3,0.49340861455185114,0.4261043660245352,0.06730424852731592,False,False
development_2,three_day_positive_sustained_spike,2,CA_1,HOUSEHOLD_2,2015-05-05,2,194.0,268.13,197.13615565076103,31.521097558322186,21.430435968650087,37.065,-0.7793698037943179,1.5723884071258545,False,True,IF-3,0.5724009568727587,0.5234118852297406,0.048989071643018134,False,False
development_2,three_day_positive_sustained_spike,2,CA_1,HOUSEHOLD_2,2015-05-06,3,198.0,272.13,200.39002732866996,31.521097558322186,21.430435968650087,37.065,-0.7556990442114532,1.5960591667087192,False,True,IF-3,0.48090511547676745,0.4609331505510924,0.019971964925675045,False,False
development_2,three_day_positive_sustained_spike,4,CA_1,HOUSEHOLD_2,2015-05-04,1,212.0,360.26,204.92339430993923,31.521097558322186,21.430435968650087,37.065,-0.45537215993291613,4.248144261907429,True,True,IF-3,0.5986573974340587,0.4261043660245352,0.17255303140952344,True,False
development_2,three_day_positive_sustained_spike,4,CA_1,HOUSEHOLD_2,2015-05-05,2,194.0,342.26,197.13615565076103,31.521097558322186,21.430435968650087,37.065,-0.7793698037943179,3.9241466180460267,True,True,IF-3,0.6514966921964657,0.5234118852297406,0.12808480696672508,True,True
development_2,three_day_positive_sustained_spike,4,CA_1,HOUSEHOLD_2,2015-05-06,3,198.0,346.26,200.39002732866996,31.521097558322186,21.430435968650087,37.065,-0.7556990442114532,3.9478173776288914,True,True,IF-3,0.5856612135816565,0.4609331505510924,0.12472806303056405,True,False
development_2,three_day_negative_sustained_drop,2,CA_1,HOUSEHOLD_2,2015-05-07,1,190.0,115.87,202.500866882326,31.521097558322186,21.430435968650087,37.065,-1.0764632414272501,-3.4282214523474224,True,True,IF-3,0.5424242757086299,0.4412799385492575,0.10114433715937243,False,False
development_2,three_day_negative_sustained_drop,2,CA_1,HOUSEHOLD_2,2015-05-08,2,243.0,168.87,248.0385750095059,31.521097558322186,21.430435968650087,37.065,-0.8397236463350134,-3.1914818572551855,True,True,IF-3,0.5318182115255137,0.43628673325756906,0.09553147826794461,False,False
development_2,three_day_negative_sustained_drop,2,CA_1,HOUSEHOLD_2,2015-05-09,3,287.0,212.87,291.11546790564574,31.521097558322186,21.430435968650087,37.065,-0.8104382731924007,-3.162196484112573,True,True,IF-3,0.5504714010358172,0.4618474130672788,0.08862398796853838,False,False
development_2,three_day_negative_sustained_drop,4,CA_1,HOUSEHOLD_2,2015-05-07,1,190.0,41.74000000000001,202.500866882326,31.521097558322186,21.430435968650087,37.065,-1.0764632414272501,-5.779979663267595,True,True,IF-3,0.5959083441566834,0.4412799385492575,0.15462840560742586,True,False
development_2,three_day_negative_sustained_drop,4,CA_1,HOUSEHOLD_2,2015-05-08,2,243.0,94.74000000000001,248.0385750095059,31.521097558322186,21.430435968650087,37.065,-0.8397236463350134,-5.543240068175359,True,True,IF-3,0.597076717412258,0.43628673325756906,0.16078998415468893,True,False
development_2,three_day_negative_sustained_drop,4,CA_1,HOUSEHOLD_2,2015-05-09,3,287.0,138.74,291.11546790564574,31.521097558322186,21.430435968650087,37.065,-0.8104382731924007,-5.513954695032746,True,True,IF-3,0.6031852328975031,0.4618474130672788,0.14133781983022436,True,False
development_2,one_day_positive_spike,2,CA_2,FOODS_1,2015-05-10,1,267.0,398.95140000000004,284.592118927264,58.166015615257926,-30.39576318826235,65.9757,0.22012242244146007,2.4886532579176133,False,True,IF-3,0.6096285346705724,0.5255728892147802,0.08405564545579225,True,False
development_2,one_day_positive_spike,4,CA_2,FOODS_1,2015-05-10,1,267.0,530.9028000000001,284.592118927264,58.166015615257926,-30.39576318826235,65.9757,0.22012242244146007,4.757184093393766,True,True,IF-3,0.6856223545630321,0.5255728892147802,0.16004946534825193,True,True
development_2,one_day_negative_drop,2,CA_2,FOODS_1,2015-05-11,1,285.0,153.0486,247.14596825389305,58.166015615257926,-30.39576318826235,65.9757,1.1733620433245944,-1.0951687921515583,False,True,IF-3,0.4840742032624976,0.44486761419431053,0.03920658906818708,False,False
development_2,one_day_negative_drop,4,CA_2,FOODS_1,2015-05-11,1,285.0,21.097199999999987,247.14596825389305,58.166015615257926,-30.39576318826235,65.9757,1.1733620433245944,-3.363699627627711,True,True,IF-3,0.6102168834001426,0.44486761419431053,0.16534926920583204,True,False
development_2,two_day_positive_sustained_spike,2,CA_2,FOODS_1,2015-05-12,1,158.0,289.95140000000004,247.7104345975558,58.166015615257926,-30.39576318826235,65.9757,-1.019747885116171,1.248782950359982,False,True,IF-3,0.43174563155505785,0.4596940245486354,-0.027948392993577542,False,False
development_2,two_day_positive_sustained_spike,2,CA_2,FOODS_1,2015-05-13,2,207.0,338.95140000000004,247.7104345975558,58.166015615257926,-30.39576318826235,65.9757,-0.17733157927681298,2.09119925619934,False,True,IF-3,0.48844554216812863,0.43563766253156994,0.0528078796365587,False,False
development_2,two_day_positive_sustained_spike,4,CA_2,FOODS_1,2015-05-12,1,158.0,421.9028,247.7104345975558,58.166015615257926,-30.39576318826235,65.9757,-1.019747885116171,3.517313785836134,True,True,IF-3,0.5682840057780698,0.4596940245486354,0.10858998122943442,False,False
development_2,two_day_positive_sustained_spike,4,CA_2,FOODS_1,2015-05-13,2,207.0,470.9028,247.7104345975558,58.166015615257926,-30.39576318826235,65.9757,-0.17733157927681298,4.359730091675492,True,True,IF-3,0.5936000903424361,0.43563766253156994,0.15796242781086617,True,False
development_2,two_day_negative_sustained_drop,2,CA_2,FOODS_1,2015-05-14,1,221.0,89.0486,248.7171369290249,58.166015615257926,-30.39576318826235,65.9757,0.04605139669451316,-2.2224794387816402,False,True,IF-3,0.5536894131663456,0.40632751303685616,0.1473619001294894,False,False
development_2,two_day_negative_sustained_drop,2,CA_2,FOODS_1,2015-05-15,2,392.0,260.04859999999996,291.19156544870634,58.166015615257926,-30.39576318826235,65.9757,2.2556848075586413,-0.012846027917511736,False,True,IF-3,0.40691296288128964,0.4818465718167419,-0.07493360893545226,False,False
development_2,two_day_negative_sustained_drop,4,CA_2,FOODS_1,2015-05-14,1,221.0,0.0,248.7171369290249,58.166015615257926,-30.39576318826235,65.9757,0.04605139669451316,-3.7534180643360617,True,True,IF-3,0.6137513864360109,0.40632751303685616,0.20742387339915475,True,False
development_2,two_day_negative_sustained_drop,4,CA_2,FOODS_1,2015-05-15,2,392.0,128.0972,291.19156544870634,58.166015615257926,-30.39576318826235,65.9757,2.2556848075586413,-2.281376863393664,False,True,IF-3,0.5482005586192223,0.4818465718167419,0.06635398680248045,False,False
development_2,three_day_positive_sustained_spike,2,CA_2,FOODS_1,2015-05-16,1,432.0,563.9514,357.7995419460718,58.166015615257926,-30.39576318826235,65.9757,1.7982359653796396,4.066766800855793,True,True,IF-3,0.5568525814096794,0.4357312098008872,0.12112137160879222,False,False
development_2,three_day_positive_sustained_spike,2,CA_2,FOODS_1,2015-05-17,2,326.0,457.95140000000004,323.4745924884024,58.166015615257926,-30.39576318826235,65.9757,0.5659863470384275,2.8345171825145807,False,True,IF-3,0.5189783266779191,0.41757667506577156,0.10140165161214754,False,False
development_2,three_day_positive_sustained_spike,2,CA_2,FOODS_1,2015-05-18,3,206.0,337.95140000000004,246.25694281764515,58.166015615257926,-30.39576318826235,65.9757,-0.16953507172659166,2.0989957637495613,False,True,IF-3,0.5013133497605503,0.42845294384996335,0.07286040591058696,False,False
development_2,three_day_positive_sustained_spike,4,CA_2,FOODS_1,2015-05-16,1,432.0,695.9028000000001,357.7995419460718,58.166015615257926,-30.39576318826235,65.9757,1.7982359653796396,6.335297636331945,True,True,IF-3,0.6351881456678558,0.4357312098008872,0.19945693586696855,True,True
development_2,three_day_positive_sustained_spike,4,CA_2,FOODS_1,2015-05-17,2,326.0,589.9028000000001,323.4745924884024,58.166015615257926,-30.39576318826235,65.9757,0.5659863470384275,5.1030480179907345,True,True,IF-3,0.6125090105697849,0.41757667506577156,0.19493233550401334,True,False
development_2,three_day_positive_sustained_spike,4,CA_2,FOODS_1,2015-05-18,3,206.0,469.9028,246.25694281764515,58.166015615257926,-30.39576318826235,65.9757,-0.16953507172659166,4.367526599225713,True,True,IF-3,0.6172944084390498,0.42845294384996335,0.18884146458908646,True,False
development_2,three_day_negative_sustained_drop,2,CA_2,FOODS_1,2015-05-19,1,263.0,131.0486,247.15450399803407,58.166015615257926,-30.39576318826235,65.9757,0.7949875662120892,-1.4735432692640635,False,True,IF-3,0.5064836358962583,0.4079202351040718,0.0985634007921865,False,False
development_2,three_day_negative_sustained_drop,2,CA_2,FOODS_1,2015-05-20,2,279.0,147.0486,247.15450399803407,58.166015615257926,-30.39576318826235,65.9757,1.0700622783229001,-1.1984685571532527,False,True,IF-3,0.49894210331737654,0.43311245709820945,0.06582964621916709,False,False
development_2,three_day_negative_sustained_drop,2,CA_2,FOODS_1,2015-05-21,3,333.0,201.0486,248.16120632950313,58.166015615257926,-30.39576318826235,65.9757,1.9811320345712533,-0.2873988009048995,False,True,IF-3,0.4210544837301019,0.47387417327489156,-0.05281968954478966,False,False
development_2,three_day_negative_sustained_drop,4,CA_2,FOODS_1,2015-05-19,1,263.0,0.0,247.15450399803407,58.166015615257926,-30.39576318826235,65.9757,0.7949875662120892,-3.7265530141093635,True,True,IF-3,0.6156674597559908,0.4079202351040718,0.20774722465191897,True,False
development_2,three_day_negative_sustained_drop,4,CA_2,FOODS_1,2015-05-20,2,279.0,15.097199999999987,247.15450399803407,58.166015615257926,-30.39576318826235,65.9757,1.0700622783229001,-3.4669993926294054,True,True,IF-3,0.6124739399485032,0.43311245709820945,0.17936148285029374,True,False
development_2,three_day_negative_sustained_drop,4,CA_2,FOODS_1,2015-05-21,3,333.0,69.09719999999999,248.16120632950313,58.166015615257926,-30.39576318826235,65.9757,1.9811320345712533,-2.555929636381052,False,True,IF-3,0.5703235374183747,0.47387417327489156,0.09644936414348315,False,False
development_2,one_day_positive_spike,2,CA_2,FOODS_2,2015-04-28,1,139.0,179.0302,97.05011095419374,15.638457611412955,-28.259439582196656,20.0151,4.489530257559678,7.049258396656078,True,True,IF-3,0.5740263006792506,0.5294933985913252,0.044532902087925486,False,False
development_2,one_day_positive_spike,4,CA_2,FOODS_2,2015-04-28,1,139.0,219.06040000000002,97.05011095419374,15.638457611412955,-28.259439582196656,20.0151,4.489530257559678,9.608986535752477,True,True,IF-3,0.5965703554057573,0.5294933985913252,0.06707695681443215,True,False
development_2,one_day_negative_drop,2,CA_2,FOODS_2,2015-04-29,1,111.0,70.96979999999999,96.0846035577264,15.638457611412955,-28.259439582196656,20.0151,2.7608116540189505,0.2010835149225519,False,False,IF-3,0.4358294585987179,0.4969275544126209,-0.061098095813902964,False,False
development_2,one_day_negative_drop,4,CA_2,FOODS_2,2015-04-29,1,111.0,30.9396,96.0846035577264,15.638457611412955,-28.259439582196656,20.0151,2.7608116540189505,-2.358644624173847,False,True,IF-3,0.5299844327725699,0.4969275544126209,0.03305687835994903,False,False
development_2,two_day_positive_sustained_spike,2,CA_2,FOODS_2,2015-04-30,1,94.0,134.0302,95.84021276640662,15.638457611412955,-28.259439582196656,20.0151,1.6893754788521642,4.249103617948564,True,True,IF-3,0.5185062093516412,0.4501430839292287,0.06836312542241246,False,False
development_2,two_day_positive_sustained_spike,2,CA_2,FOODS_2,2015-05-01,2,112.0,152.0302,118.20501004409144,15.638457611412955,-28.259439582196656,20.0151,1.4102688440329223,3.969996983129323,True,True,IF-3,0.5394074787599774,0.4637292651867801,0.07567821357319732,False,False
development_2,two_day_positive_sustained_spike,4,CA_2,FOODS_2,2015-04-30,1,94.0,174.06040000000002,95.84021276640662,15.638457611412955,-28.259439582196656,20.0151,1.6893754788521642,6.808831757044964,True,True,IF-3,0.5773534086786859,0.4501430839292287,0.1272103247494572,True,False
development_2,two_day_positive_sustained_spike,4,CA_2,FOODS_2,2015-05-01,2,112.0,192.06040000000002,118.20501004409144,15.638457611412955,-28.259439582196656,20.0151,1.4102688440329223,6.529725122225722,True,True,IF-3,0.581643044597856,0.4637292651867801,0.11791377941107589,True,False
development_2,two_day_negative_sustained_drop,2,CA_2,FOODS_2,2015-05-02,1,125.0,84.96979999999999,137.61706837797607,15.638457611412955,-28.259439582196656,20.0151,1.0002502543987954,-1.559477884697604,False,True,IF-3,0.5008949684874492,0.4596762294533973,0.04121873903405188,False,False
development_2,two_day_negative_sustained_drop,2,CA_2,FOODS_2,2015-05-03,2,188.0,147.9698,146.48980626177772,15.638457611412955,-28.259439582196656,20.0151,4.4614139740674315,1.9016858349710317,False,False,IF-3,0.46097945898814063,0.5294111757030971,-0.06843171671495651,False,False
development_2,two_day_negative_sustained_drop,4,CA_2,FOODS_2,2015-05-02,1,125.0,44.9396,137.61706837797607,15.638457611412955,-28.259439582196656,20.0151,1.0002502543987954,-4.1192060237940025,True,True,IF-3,0.5686033328415708,0.4596762294533973,0.10892710338817352,False,False
development_2,two_day_negative_sustained_drop,4,CA_2,FOODS_2,2015-05-03,2,188.0,107.9396,146.48980626177772,15.638457611412955,-28.259439582196656,20.0151,4.4614139740674315,-0.6580423041253668,False,True,IF-3,0.43659536493513695,0.5294111757030971,-0.0928158107679602,False,False
development_2,three_day_positive_sustained_spike,2,CA_2,FOODS_2,2015-05-04,1,96.0,136.0302,105.7965348612616,15.638457611412955,-28.259439582196656,20.0151,1.1806090587514726,3.740337197847872,True,True,IF-3,0.5358275003330896,0.45348602637794727,0.0823414739551423,False,False
development_2,three_day_positive_sustained_spike,2,CA_2,FOODS_2,2015-05-05,2,135.0,175.0302,103.42024126179918,15.638457611412955,-28.259439582196656,20.0151,3.8264130521878834,6.386141191284283,True,True,IF-3,0.6379105621562099,0.5945026040511812,0.04340795810502873,True,True
development_2,three_day_positive_sustained_spike,2,CA_2,FOODS_2,2015-05-06,3,77.0,117.03020000000001,102.51698622971492,15.638457611412955,-28.259439582196656,20.0151,0.175365974102221,2.7350941131986213,False,True,IF-3,0.5172857163116935,0.45141240252357845,0.06587331378811506,False,False
development_2,three_day_positive_sustained_spike,4,CA_2,FOODS_2,2015-05-04,1,96.0,176.06040000000002,105.7965348612616,15.638457611412955,-28.259439582196656,20.0151,1.1806090587514726,6.3000653369442725,True,True,IF-3,0.5818908703061736,0.45348602637794727,0.12840484392822632,True,False
development_2,three_day_positive_sustained_spike,4,CA_2,FOODS_2,2015-05-05,2,135.0,215.06040000000002,103.42024126179918,15.638457611412955,-28.259439582196656,20.0151,3.8264130521878834,8.945869330380683,True,True,IF-3,0.6581426887886046,0.5945026040511812,0.06364008473742344,True,True
development_2,three_day_positive_sustained_spike,4,CA_2,FOODS_2,2015-05-06,3,77.0,157.06040000000002,102.51698622971492,15.638457611412955,-28.259439582196656,20.0151,0.175365974102221,5.29482225229502,True,True,IF-3,0.5688558761466511,0.45141240252357845,0.11744347362307267,False,False
development_2,three_day_negative_sustained_drop,2,CA_2,FOODS_2,2015-05-07,1,84.0,43.9698,102.70567624249207,15.638457611412955,-28.259439582196656,20.0151,0.6109146807887387,-1.9488134583076595,False,True,IF-3,0.4899633743000701,0.4346209608893961,0.055342413410673974,False,False
development_2,three_day_negative_sustained_drop,2,CA_2,FOODS_2,2015-05-08,2,83.0,42.9698,116.47789779775188,15.638457611412955,-28.259439582196656,20.0151,-0.3336939195171517,-2.89342205861355,False,True,IF-3,0.5369667874937291,0.4447380082566636,0.09222877923706546,False,False
development_2,three_day_negative_sustained_drop,2,CA_2,FOODS_2,2015-05-09,3,94.0,53.9698,139.68510772922647,15.638457611412955,-28.259439582196656,20.0151,-1.1142830437646585,-3.674011182861058,True,True,IF-3,0.5649461472557914,0.48521453685651256,0.07973161039927884,False,False
development_2,three_day_negative_sustained_drop,4,CA_2,FOODS_2,2015-05-07,1,84.0,3.9395999999999987,102.70567624249207,15.638457611412955,-28.259439582196656,20.0151,0.6109146807887387,-4.508541597404058,True,True,IF-3,0.5586047040870437,0.4346209608893961,0.12398374319764754,False,False
development_2,three_day_negative_sustained_drop,4,CA_2,FOODS_2,2015-05-08,2,83.0,2.9395999999999987,116.47789779775188,15.638457611412955,-28.259439582196656,20.0151,-0.3336939195171517,-5.453150197709951,True,True,IF-3,0.5705512592581111,0.4447380082566636,0.12581325100144752,False,False
development_2,three_day_negative_sustained_drop,4,CA_2,FOODS_2,2015-05-09,3,94.0,13.939599999999999,139.68510772922647,15.638457611412955,-28.259439582196656,20.0151,-1.1142830437646585,-6.233739321957456,True,True,IF-3,0.5907489429071383,0.48521453685651256,0.10553440605062575,True,False
development_2,one_day_positive_spike,2,CA_2,FOODS_3,2015-05-10,1,883.0,1265.5108,870.2608510400776,155.6170221309546,-157.65738568322234,191.25539999999998,1.0949736237707526,3.5530003535080055,True,True,IF-3,0.7179766823891118,0.5630751249718022,0.1549015574173096,True,True
development_2,one_day_positive_spike,4,CA_2,FOODS_3,2015-05-10,1,883.0,1648.0216,870.2608510400776,155.6170221309546,-157.65738568322234,191.25539999999998,1.0949736237707526,6.011027083245258,True,True,IF-3,0.7565253189272714,0.5630751249718022,0.19345019395546914,True,True
development_2,one_day_negative_drop,2,CA_2,FOODS_3,2015-05-11,1,876.0,493.48920000000004,788.653594562265,155.6170221309546,-157.65738568322234,191.25539999999998,1.5744022586088438,-0.8836244711284084,False,True,IF-3,0.6069184683550977,0.4947710327786859,0.11214743557641177,True,False
development_2,one_day_negative_drop,4,CA_2,FOODS_3,2015-05-11,1,876.0,110.97840000000008,788.653594562265,155.6170221309546,-157.65738568322234,191.25539999999998,1.5744022586088438,-3.341651200865661,True,True,IF-3,0.7128395094772986,0.4947710327786859,0.21806847669861268,True,True
development_2,two_day_positive_sustained_spike,2,CA_2,FOODS_3,2015-05-12,1,784.0,1166.5108,765.0272494878595,155.6170221309546,-157.65738568322234,191.25539999999998,1.1350309482642926,3.5930576780015455,True,True,IF-3,0.6754674620022157,0.4421611674555126,0.23330629454670315,True,True
development_2,two_day_positive_sustained_spike,2,CA_2,FOODS_3,2015-05-13,2,841.0,1223.5108,765.0272494878595,155.6170221309546,-157.65738568322234,191.25539999999998,1.501314785465813,3.959341515203066,True,True,IF-3,0.693231736997266,0.48143841047266156,0.21179332652460447,True,True
development_2,two_day_positive_sustained_spike,4,CA_2,FOODS_3,2015-05-12,1,784.0,1549.0216,765.0272494878595,155.6170221309546,-157.65738568322234,191.25539999999998,1.1350309482642926,6.051084407738798,True,True,IF-3,0.7160987686852806,0.4421611674555126,0.27393760122976796,True,True
development_2,two_day_positive_sustained_spike,4,CA_2,FOODS_3,2015-05-13,2,841.0,1606.0216,765.0272494878595,155.6170221309546,-157.65738568322234,191.25539999999998,1.501314785465813,6.417368244940318,True,True,IF-3,0.7226844424073623,0.48143841047266156,0.24124603193470073,True,True
development_2,two_day_negative_sustained_drop,2,CA_2,FOODS_3,2015-05-14,1,688.0,305.48920000000004,764.8585985113567,155.6170221309546,-157.65738568322234,191.25539999999998,0.5192156106410515,-1.9388111190962007,False,True,IF-3,0.6732987072264738,0.46795543426365316,0.20534327296282062,True,True
development_2,two_day_negative_sustained_drop,2,CA_2,FOODS_3,2015-05-15,2,976.0,593.4892,918.6272135343186,155.6170221309546,-157.65738568322234,191.25539999999998,1.3817908169965616,-1.076235912740691,False,True,IF-3,0.5903076317334842,0.45886732255999996,0.13144030917348426,True,False
development_2,two_day_negative_sustained_drop,4,CA_2,FOODS_3,2015-05-14,1,688.0,0.0,764.8585985113567,155.6170221309546,-157.65738568322234,191.25539999999998,0.5192156106410515,-3.901894564703618,True,True,IF-3,0.7128445399327829,0.46795543426365316,0.2448891056691297,True,True
development_2,two_day_negative_sustained_drop,4,CA_2,FOODS_3,2015-05-15,2,976.0,210.97840000000008,918.6272135343186,155.6170221309546,-157.65738568322234,191.25539999999998,1.3817908169965616,-3.5342626424779433,True,True,IF-3,0.7117010589201231,0.45886732255999996,0.2528337363601232,True,True
development_2,three_day_positive_sustained_spike,2,CA_2,FOODS_3,2015-05-16,1,1138.0,1520.5108,1107.588185605494,155.6170221309546,-157.65738568322234,191.25539999999998,1.2085387414717699,3.6665654712090228,True,True,IF-3,0.6571796705720561,0.45897120820805004,0.19820846236400602,True,True
development_2,three_day_positive_sustained_spike,2,CA_2,FOODS_3,2015-05-17,2,1102.0,1484.5108,1109.1135775728033,155.6170221309546,-157.65738568322234,191.25539999999998,0.9673993631862052,3.425426092923458,True,True,IF-3,0.644712814826599,0.460270903361853,0.18444191146474603,True,True
development_2,three_day_positive_sustained_spike,2,CA_2,FOODS_3,2015-05-18,3,835.0,1217.5108,777.0737238397609,155.6170221309546,-157.65738568322234,191.25539999999998,1.3853475596136509,3.843374289350903,True,True,IF-3,0.7002887495150439,0.47974192427027085,0.2205468252447731,True,True
development_2,three_day_positive_sustained_spike,4,CA_2,FOODS_3,2015-05-16,1,1138.0,1903.0216,1107.588185605494,155.6170221309546,-157.65738568322234,191.25539999999998,1.2085387414717699,6.124592200946275,True,True,IF-3,0.7096763911470017,0.45897120820805004,0.2507051829389516,True,True
development_2,three_day_positive_sustained_spike,4,CA_2,FOODS_3,2015-05-17,2,1102.0,1867.0216,1109.1135775728033,155.6170221309546,-157.65738568322234,191.25539999999998,0.9673993631862052,5.88345282266071,True,True,IF-3,0.7142783097011218,0.460270903361853,0.2540074063392688,True,True
development_2,three_day_positive_sustained_spike,4,CA_2,FOODS_3,2015-05-18,3,835.0,1600.0216,777.0737238397609,155.6170221309546,-157.65738568322234,191.25539999999998,1.3853475596136509,6.301401019088155,True,True,IF-3,0.7305940164124414,0.47974192427027085,0.2508520921421705,True,True
development_2,three_day_negative_sustained_drop,2,CA_2,FOODS_3,2015-05-19,1,744.0,361.48920000000004,752.9285313834087,155.6170221309546,-157.65738568322234,191.25539999999998,0.9557364115003795,-1.5022903182368728,False,True,IF-3,0.6411086490144934,0.4380864212248745,0.20302222778961887,True,True
development_2,three_day_negative_sustained_drop,2,CA_2,FOODS_3,2015-05-20,2,785.0,402.48920000000004,752.9285313834087,155.6170221309546,-157.65738568322234,191.25539999999998,1.21920373299621,-1.2388229967410422,False,True,IF-3,0.6285802617179986,0.4675115979041474,0.1610686638138512,True,True
development_2,three_day_negative_sustained_drop,2,CA_2,FOODS_3,2015-05-21,3,872.0,489.48920000000004,752.7598804069058,155.6170221309546,-157.65738568322234,191.25539999999998,1.7793522937567983,-0.6786744359804541,False,True,IF-3,0.5682711098212992,0.4946657951716198,0.07360531464967945,False,False
development_2,three_day_negative_sustained_drop,4,CA_2,FOODS_3,2015-05-19,1,744.0,0.0,752.9285313834087,155.6170221309546,-157.65738568322234,191.25539999999998,0.9557364115003795,-3.8252315688142042,True,True,IF-3,0.7092578491618549,0.4380864212248745,0.27117142793698035,True,True
development_2,three_day_negative_sustained_drop,4,CA_2,FOODS_3,2015-05-20,2,785.0,19.97840000000008,752.9285313834087,155.6170221309546,-157.65738568322234,191.25539999999998,1.21920373299621,-3.6968497264782947,True,True,IF-3,0.7149392531107915,0.4675115979041474,0.24742765520664411,True,True
development_2,three_day_negative_sustained_drop,4,CA_2,FOODS_3,2015-05-21,3,872.0,106.97840000000008,752.7598804069058,155.6170221309546,-157.65738568322234,191.25539999999998,1.7793522937567983,-3.136701165717706,True,True,IF-3,0.7070480944724609,0.4946657951716198,0.21238229930084107,True,True
development_3,one_day_positive_spike,2,CA_1,FOODS_1,2015-07-21,1,348.0,528.8772,345.33278171149254,52.69976730818562,1.8222516591951035,90.4386,0.0160335931726421,3.4482536813988225,True,True,IF-3,0.5738559322341183,0.40371230259772084,0.1701436296363975,False,False
development_3,one_day_positive_spike,4,CA_1,FOODS_1,2015-07-21,1,348.0,709.7544,345.33278171149254,52.69976730818562,1.8222516591951035,90.4386,0.0160335931726421,6.880473769625002,True,True,IF-3,0.6730576196016713,0.40371230259772084,0.2693453170039505,True,True
development_3,one_day_negative_drop,2,CA_1,FOODS_1,2015-07-22,1,374.0,193.1228,345.408216712408,52.69976730818562,1.8222516591951035,90.4386,0.5079629948240574,-2.9242570934021224,False,True,IF-3,0.5704088257694311,0.41483251865177734,0.15557630711765374,False,False
development_3,one_day_negative_drop,4,CA_1,FOODS_1,2015-07-22,1,374.0,12.245600000000024,345.408216712408,52.69976730818562,1.8222516591951035,90.4386,0.5079629948240574,-6.356477181628302,True,True,IF-3,0.6615662306754612,0.41483251865177734,0.24673371202368383,True,True
development_3,two_day_positive_sustained_spike,2,CA_1,FOODS_1,2015-07-23,1,347.0,527.8772,346.4728264389115,52.69976730818562,1.8222516591951035,90.4386,-0.02457464547296883,3.4076454427532115,True,True,IF-3,0.5729723132819515,0.4068083739461888,0.16616393933576273,False,False
development_3,two_day_positive_sustained_spike,2,CA_1,FOODS_1,2015-07-24,2,384.0,564.8772,389.2860121099964,52.69976730818562,1.8222516591951035,90.4386,-0.13488226100928968,3.2973378272168903,True,True,IF-3,0.5611332098913524,0.4110986480475306,0.1500345618438218,False,False
development_3,two_day_positive_sustained_spike,4,CA_1,FOODS_1,2015-07-23,1,347.0,708.7544,346.4728264389115,52.69976730818562,1.8222516591951035,90.4386,-0.02457464547296883,6.839865530979392,True,True,IF-3,0.6802879034090217,0.4068083739461888,0.2734795294628329,True,True
development_3,two_day_positive_sustained_spike,4,CA_1,FOODS_1,2015-07-24,2,384.0,745.7544,389.2860121099964,52.69976730818562,1.8222516591951035,90.4386,-0.13488226100928968,6.7295579154430705,True,True,IF-3,0.6698943693319336,0.4110986480475306,0.258795721284403,True,True
development_3,two_day_negative_sustained_drop,2,CA_1,FOODS_1,2015-07-25,1,325.0,144.1228,465.1334948779224,52.69976730818562,1.8222516591951035,90.4386,-2.693669323186331,-6.12588941141251,True,True,IF-3,0.6502183525056779,0.5343166799503299,0.115901672555348,True,True
development_3,two_day_negative_sustained_drop,2,CA_1,FOODS_1,2015-07-26,2,357.0,176.1228,441.6578609630828,52.69976730818562,1.8222516591951035,90.4386,-1.6409960999741513,-5.07321618820033,True,True,IF-3,0.6201021157996898,0.458250525298192,0.16185159050149778,True,False
development_3,two_day_negative_sustained_drop,4,CA_1,FOODS_1,2015-07-25,1,325.0,0.0,465.1334948779224,52.69976730818562,1.8222516591951035,90.4386,-2.693669323186331,-8.860679475231521,True,True,IF-3,0.6912856556258683,0.5343166799503299,0.15696897567553836,True,True
development_3,two_day_negative_sustained_drop,4,CA_1,FOODS_1,2015-07-26,2,357.0,0.0,441.6578609630828,52.69976730818562,1.8222516591951035,90.4386,-1.6409960999741513,-8.415219559297638,True,True,IF-3,0.6812041263370662,0.458250525298192,0.22295360103887418,True,True
development_3,three_day_positive_sustained_spike,2,CA_1,FOODS_1,2015-07-27,1,326.0,506.8772,344.7746009320637,52.69976730818562,1.8222516591951035,90.4386,-0.3908338431706814,3.0413862450554987,True,True,IF-3,0.5593590241136187,0.4125092092587541,0.1468498148548646,False,False
development_3,three_day_positive_sustained_spike,2,CA_1,FOODS_1,2015-07-28,2,259.0,439.8772,339.87016711050217,52.69976730818562,1.8222516591951035,90.4386,-1.569123033999678,1.8630970542265022,False,True,IF-3,0.4733554078711458,0.4720236981508194,0.0013317097203263684,False,False
development_3,three_day_positive_sustained_spike,2,CA_1,FOODS_1,2015-07-29,3,293.0,473.8772,339.87016711050217,52.69976730818562,1.8222516591951035,90.4386,-0.9239588950164889,2.5082611932096914,False,True,IF-3,0.5323369305748463,0.42971174731341716,0.10262518326142916,False,False
development_3,three_day_positive_sustained_spike,4,CA_1,FOODS_1,2015-07-27,1,326.0,687.7544,344.7746009320637,52.69976730818562,1.8222516591951035,90.4386,-0.3908338431706814,6.473606333281679,True,True,IF-3,0.6795704080759863,0.4125092092587541,0.2670611988172322,True,True
development_3,three_day_positive_sustained_spike,4,CA_1,FOODS_1,2015-07-28,2,259.0,620.7544,339.87016711050217,52.69976730818562,1.8222516591951035,90.4386,-1.569123033999678,5.295317142452682,True,True,IF-3,0.6393173275685766,0.4720236981508194,0.16729362941775722,True,True
development_3,three_day_positive_sustained_spike,4,CA_1,FOODS_1,2015-07-29,3,293.0,654.7544,339.87016711050217,52.69976730818562,1.8222516591951035,90.4386,-0.9239588950164889,5.940481281435871,True,True,IF-3,0.6571707966618948,0.42971174731341716,0.22745904934847766,True,True
development_3,three_day_negative_sustained_drop,2,CA_1,FOODS_1,2015-07-30,1,354.0,173.1228,347.49479508950543,52.69976730818562,1.8222516591951035,90.4386,0.0888609853609749,-3.3433591028652048,True,True,IF-3,0.5874113839577854,0.4021715664957544,0.18523981746203094,True,False
development_3,three_day_negative_sustained_drop,2,CA_1,FOODS_1,2015-07-31,2,456.0,275.1228,410.4046061999915,52.69976730818562,1.8222516591951035,90.4386,0.8306135752901946,-2.6016065129359855,False,True,IF-3,0.545198882054465,0.41749631064644455,0.12770257140802044,False,False
development_3,three_day_negative_sustained_drop,2,CA_1,FOODS_1,2015-08-01,3,471.0,290.1228,511.6672928151277,52.69976730818562,1.8222516591951035,90.4386,-0.8062567757813063,-4.238476864007486,True,True,IF-3,0.625509686877766,0.4493100413848398,0.17619964549292616,True,True
development_3,three_day_negative_sustained_drop,4,CA_1,FOODS_1,2015-07-30,1,354.0,0.0,347.49479508950543,52.69976730818562,1.8222516591951035,90.4386,0.0888609853609749,-6.628436226405172,True,True,IF-3,0.6688731745926068,0.4021715664957544,0.26670160809685234,True,True
development_3,three_day_negative_sustained_drop,4,CA_1,FOODS_1,2015-07-31,2,456.0,94.24560000000002,410.4046061999915,52.69976730818562,1.8222516591951035,90.4386,0.8306135752901946,-6.033826601162165,True,True,IF-3,0.6476001104314948,0.41749631064644455,0.23010379978505024,True,True
development_3,three_day_negative_sustained_drop,4,CA_1,FOODS_1,2015-08-01,3,471.0,109.24560000000002,511.6672928151277,52.69976730818562,1.8222516591951035,90.4386,-0.8062567757813063,-7.670696952233666,True,True,IF-3,0.6963860618313757,0.4493100413848398,0.24707602044653593,True,True
development_3,one_day_positive_spike,2,CA_1,FOODS_2,2015-08-02,1,715.0,950.7334,629.6455868354009,50.36258716489441,0.018977254101173457,117.8667,1.6944212105525351,6.375145797400599,True,True,IF-3,0.6546574898610097,0.46412223124703716,0.19053525861397252,True,True
development_3,one_day_positive_spike,4,CA_1,FOODS_2,2015-08-02,1,715.0,1186.4668,629.6455868354009,50.36258716489441,0.018977254101173457,117.8667,1.6944212105525351,11.055870384248662,True,True,IF-3,0.7138127422009625,0.46412223124703716,0.2496905109539253,True,True
development_3,one_day_negative_drop,2,CA_1,FOODS_2,2015-08-03,1,639.0,403.26660000000004,530.3354249943379,50.36258716489441,0.018977254101173457,117.8667,2.157268001261323,-2.523456585586741,False,True,IF-3,0.5653861427482809,0.5133935843572599,0.051992558391021015,False,False
development_3,one_day_negative_drop,4,CA_1,FOODS_2,2015-08-03,1,639.0,167.53320000000002,530.3354249943379,50.36258716489441,0.018977254101173457,117.8667,2.157268001261323,-7.204181172434805,True,True,IF-3,0.6926133187112609,0.5133935843572599,0.17921973435400096,True,True
development_3,two_day_positive_sustained_spike,2,CA_1,FOODS_2,2015-08-04,1,542.0,777.7334,467.9120975991082,50.36258716489441,0.018977254101173457,117.8667,1.4707132678525472,6.15143785470061,True,True,IF-3,0.6681203326118618,0.4651803938227457,0.2029399387891161,True,True
development_3,two_day_positive_sustained_spike,2,CA_1,FOODS_2,2015-08-05,2,486.0,721.7334,458.3153372487829,50.36258716489441,0.018977254101173457,117.8667,0.5493301090060061,5.2300546958540695,True,True,IF-3,0.6555252013638802,0.4417107321571778,0.21381446920670233,True,True
development_3,two_day_positive_sustained_spike,4,CA_1,FOODS_2,2015-08-04,1,542.0,1013.4667999999999,467.9120975991082,50.36258716489441,0.018977254101173457,117.8667,1.4707132678525472,10.832162441548675,True,True,IF-3,0.7253180020528776,0.4651803938227457,0.2601376082301319,True,True
development_3,two_day_positive_sustained_spike,4,CA_1,FOODS_2,2015-08-05,2,486.0,957.4667999999999,458.3153372487829,50.36258716489441,0.018977254101173457,117.8667,0.5493301090060061,9.910779282702133,True,True,IF-3,0.7226594653885152,0.4417107321571778,0.2809487332313374,True,True
development_3,two_day_negative_sustained_drop,2,CA_1,FOODS_2,2015-08-06,1,492.0,256.26660000000004,457.01295897185105,50.36258716489441,0.018977254101173457,117.8667,0.6943262001127398,-3.9863983867353237,True,True,IF-3,0.6207138915865553,0.4425267124405829,0.17818717914597243,True,False
development_3,two_day_negative_sustained_drop,2,CA_1,FOODS_2,2015-08-07,2,549.0,313.26660000000004,511.3331856732406,50.36258716489441,0.018977254101173457,117.8667,0.7475358036987602,-3.9331887831493035,True,True,IF-3,0.6136700922043522,0.44480461544676664,0.16886547675758556,True,False
development_3,two_day_negative_sustained_drop,4,CA_1,FOODS_2,2015-08-06,1,492.0,20.533200000000022,457.01295897185105,50.36258716489441,0.018977254101173457,117.8667,0.6943262001127398,-8.667122973583389,True,True,IF-3,0.7054986728726205,0.4425267124405829,0.2629719604320376,True,True
development_3,two_day_negative_sustained_drop,4,CA_1,FOODS_2,2015-08-07,2,549.0,77.53320000000002,511.3331856732406,50.36258716489441,0.018977254101173457,117.8667,0.7475358036987602,-8.613913369997368,True,True,IF-3,0.6975048363835336,0.44480461544676664,0.2527002209367669,True,True
development_3,three_day_positive_sustained_spike,2,CA_1,FOODS_2,2015-08-08,1,683.0,918.7334,611.6805231965557,50.36258716489441,0.018977254101173457,117.8667,1.4157433833948003,6.096467970242864,True,True,IF-3,0.650357392459128,0.46226279826117567,0.18809459419795238,True,True
development_3,three_day_positive_sustained_spike,2,CA_1,FOODS_2,2015-08-09,2,737.0,972.7334,651.7307535716492,50.36258716489441,0.018977254101173457,117.8667,1.6927301390440468,6.373454725892111,True,True,IF-3,0.6554501140739688,0.4639734565665578,0.191476657507411,True,True
development_3,three_day_positive_sustained_spike,2,CA_1,FOODS_2,2015-08-10,3,564.0,799.7334,569.5314245604334,50.36258716489441,0.018977254101173457,117.8667,-0.11020883014531666,4.570515756702747,True,True,IF-3,0.6308731642387103,0.4490926314198345,0.1817805328188758,True,True
development_3,three_day_positive_sustained_spike,4,CA_1,FOODS_2,2015-08-08,1,683.0,1154.4668,611.6805231965557,50.36258716489441,0.018977254101173457,117.8667,1.4157433833948003,10.777192557090927,True,True,IF-3,0.7176673941939664,0.46226279826117567,0.25540459593279075,True,True
development_3,three_day_positive_sustained_spike,4,CA_1,FOODS_2,2015-08-09,2,737.0,1208.4668,651.7307535716492,50.36258716489441,0.018977254101173457,117.8667,1.6927301390440468,11.054179312740175,True,True,IF-3,0.7145501496366433,0.4639734565665578,0.2505766930700855,True,True
development_3,three_day_positive_sustained_spike,4,CA_1,FOODS_2,2015-08-10,3,564.0,1035.4668,569.5314245604334,50.36258716489441,0.018977254101173457,117.8667,-0.11020883014531666,9.25124034355081,True,True,IF-3,0.7166621742211525,0.4490926314198345,0.267569542801318,True,True
development_3,three_day_negative_sustained_drop,2,CA_1,FOODS_2,2015-08-11,1,494.0,258.26660000000004,408.9544619873235,50.36258716489441,0.018977254101173457,117.8667,1.6882881826580125,-2.992436404190051,False,True,IF-3,0.567662792326047,0.45515431599466005,0.11250847633138694,False,False
development_3,three_day_negative_sustained_drop,2,CA_1,FOODS_2,2015-08-12,2,473.0,237.2666,408.9680379114489,50.36258716489441,0.018977254101173457,117.8667,1.2710424233143969,-3.409682163533667,True,True,IF-3,0.5827054129612267,0.44807370171878363,0.13463171124244305,True,False
development_3,three_day_negative_sustained_drop,2,CA_1,FOODS_2,2015-08-13,3,389.0,153.2666,407.66565963451706,50.36258716489441,0.018977254101173457,117.8667,-0.371002324154675,-5.051726911002739,True,True,IF-3,0.6263748024187866,0.40441912349397513,0.2219556789248115,True,True
development_3,three_day_negative_sustained_drop,4,CA_1,FOODS_2,2015-08-11,1,494.0,22.533200000000022,408.9544619873235,50.36258716489441,0.018977254101173457,117.8667,1.6882881826580125,-7.673160991038116,True,True,IF-3,0.6782753510935147,0.45515431599466005,0.22312103509885461,True,True
development_3,three_day_negative_sustained_drop,4,CA_1,FOODS_2,2015-08-12,2,473.0,1.533200000000022,408.9680379114489,50.36258716489441,0.018977254101173457,117.8667,1.2710424233143969,-8.090406750381732,True,True,IF-3,0.6846440135626702,0.44807370171878363,0.2365703118438866,True,True
development_3,three_day_negative_sustained_drop,4,CA_1,FOODS_2,2015-08-13,3,389.0,0.0,407.66565963451706,50.36258716489441,0.018977254101173457,117.8667,-0.371002324154675,-8.094989948665656,True,True,IF-3,0.6845857909524934,0.40441912349397513,0.28016666745851826,True,True
development_3,one_day_positive_spike,2,CA_1,FOODS_3,2015-07-21,1,1740.0,2605.8384,1723.9039177267932,190.2886245916772,-78.52309564154314,432.9192,0.49724032699161325,5.047372537248126,True,True,IF-3,0.7213580213319873,0.48177241983282015,0.2395856014991672,True,True
development_3,one_day_positive_spike,4,CA_1,FOODS_3,2015-07-21,1,1740.0,3471.6768,1723.9039177267932,190.2886245916772,-78.52309564154314,432.9192,0.49724032699161325,9.597504747504638,True,True,IF-3,0.7240140921737113,0.48177241983282015,0.2422416723408911,True,True
development_3,one_day_negative_drop,2,CA_1,FOODS_3,2015-07-22,1,1853.0,987.1616,1696.0713035901813,190.2886245916772,-78.52309564154314,432.9192,1.2373403431581689,-3.3127918670983436,True,True,IF-3,0.7295649858141202,0.5454141193441111,0.1841508664700091,True,True
development_3,one_day_negative_drop,4,CA_1,FOODS_3,2015-07-22,1,1853.0,121.32320000000004,1696.0713035901813,190.2886245916772,-78.52309564154314,432.9192,1.2373403431581689,-7.862924077354855,True,True,IF-3,0.7328125708932367,0.5454141193441111,0.1873984515491256,True,True
development_3,two_day_positive_sustained_spike,2,CA_1,FOODS_3,2015-07-23,1,1672.0,2537.8384,1686.39993278435,190.2886245916772,-78.52309564154314,432.9192,0.33697843470564387,4.8871106449621555,True,True,IF-3,0.720448137882379,0.48219414491379997,0.23825399296857908,True,True
development_3,two_day_positive_sustained_spike,2,CA_1,FOODS_3,2015-07-24,2,2049.0,2914.8384,2041.208635153382,190.2886245916772,-78.52309564154314,432.9192,0.45359758458171345,5.003729794838226,True,True,IF-3,0.7265632721062164,0.5052814782667651,0.22128179383945135,True,True
development_3,two_day_positive_sustained_spike,4,CA_1,FOODS_3,2015-07-23,1,1672.0,3403.6768,1686.39993278435,190.2886245916772,-78.52309564154314,432.9192,0.33697843470564387,9.43724285521867,True,True,IF-3,0.7238713400110882,0.48219414491379997,0.24167719509728824,True,True
development_3,two_day_positive_sustained_spike,4,CA_1,FOODS_3,2015-07-24,2,2049.0,3780.6768,2041.208635153382,190.2886245916772,-78.52309564154314,432.9192,0.45359758458171345,9.553862005094741,True,True,IF-3,0.7288503084364116,0.5052814782667651,0.22356883016964657,True,True
development_3,two_day_negative_sustained_drop,2,CA_1,FOODS_3,2015-07-25,1,2237.0,1371.1616,2494.1954507473856,190.2886245916772,-78.52309564154314,432.9192,-0.9389544723928663,-5.48908668264938,True,True,IF-3,0.7303441567288355,0.5847052656451749,0.14563889108366057,True,True
development_3,two_day_negative_sustained_drop,2,CA_1,FOODS_3,2015-07-26,2,2532.0,1666.1616,2556.7619206737645,190.2886245916772,-78.52309564154314,432.9192,0.28252437623709653,-4.267607834019417,True,True,IF-3,0.733833951840185,0.5178186764564198,0.2160152753837652,True,True
development_3,two_day_negative_sustained_drop,4,CA_1,FOODS_3,2015-07-25,1,2237.0,505.32320000000004,2494.1954507473856,190.2886245916772,-78.52309564154314,432.9192,-0.9389544723928663,-10.039218892905891,True,True,IF-3,0.7303441567288355,0.5847052656451749,0.14563889108366057,True,True
development_3,two_day_negative_sustained_drop,4,CA_1,FOODS_3,2015-07-26,2,2532.0,800.3232,2556.7619206737645,190.2886245916772,-78.52309564154314,432.9192,0.28252437623709653,-8.817740044275928,True,True,IF-3,0.733833951840185,0.5178186764564198,0.2160152753837652,True,True
development_3,three_day_positive_sustained_spike,2,CA_1,FOODS_3,2015-07-27,1,2273.0,3138.8384,1901.7786012835309,190.2886245916772,-78.52309564154314,432.9192,2.3634859693955823,6.9136181796520955,True,True,IF-3,0.7292503649264589,0.6537472990468558,0.07550306587960309,True,True
development_3,three_day_positive_sustained_spike,2,CA_1,FOODS_3,2015-07-28,2,1852.0,2717.8384,1661.8040584581463,190.2886245916772,-78.52309564154314,432.9192,1.4121655341196364,5.962297744376149,True,True,IF-3,0.7226018907833721,0.5517028025667869,0.17089908821658517,True,True
development_3,three_day_positive_sustained_spike,2,CA_1,FOODS_3,2015-07-29,3,1751.0,2616.8384,1660.4632715184498,190.2886245916772,-78.52309564154314,432.9192,0.8884389410342484,5.438571151290761,True,True,IF-3,0.724130298844247,0.5072431371200724,0.21688716172417455,True,True
development_3,three_day_positive_sustained_spike,4,CA_1,FOODS_3,2015-07-27,1,2273.0,4004.6768,1901.7786012835309,190.2886245916772,-78.52309564154314,432.9192,2.3634859693955823,11.463750389908608,True,True,IF-3,0.7292503649264589,0.6537472990468558,0.07550306587960309,True,True
development_3,three_day_positive_sustained_spike,4,CA_1,FOODS_3,2015-07-28,2,1852.0,3583.6768,1661.8040584581463,190.2886245916772,-78.52309564154314,432.9192,1.4121655341196364,10.512429954632662,True,True,IF-3,0.7243997167725201,0.5517028025667869,0.1726969142057332,True,True
development_3,three_day_positive_sustained_spike,4,CA_1,FOODS_3,2015-07-29,3,1751.0,3482.6768,1660.4632715184498,190.2886245916772,-78.52309564154314,432.9192,0.8884389410342484,9.988703361547275,True,True,IF-3,0.7258030912156526,0.5072431371200724,0.21855995409558016,True,True
development_3,three_day_negative_sustained_drop,2,CA_1,FOODS_3,2015-07-30,1,1949.0,1083.1616,1668.351419340337,190.2886245916772,-78.52309564154314,432.9192,1.887509971086917,-2.662622239169595,False,True,IF-3,0.7085300190220458,0.602295696039826,0.1062343229822198,True,True
development_3,three_day_negative_sustained_drop,2,CA_1,FOODS_3,2015-07-31,2,2331.0,1465.1616,2058.359420073313,190.2886245916772,-78.52309564154314,432.9192,1.8454265267919199,-2.7047056834645935,False,True,IF-3,0.7086798928763149,0.6075274199925106,0.10115247288380436,True,True
development_3,three_day_negative_sustained_drop,2,CA_1,FOODS_3,2015-08-01,3,2795.0,1929.1616,2884.203211772608,190.2886245916772,-78.52309564154314,432.9192,-0.056125878012846894,-4.60625808826936,True,True,IF-3,0.7486643831580606,0.5686307294314158,0.18003365372664482,True,True
development_3,three_day_negative_sustained_drop,4,CA_1,FOODS_3,2015-07-30,1,1949.0,217.32320000000004,1668.351419340337,190.2886245916772,-78.52309564154314,432.9192,1.887509971086917,-7.212754449426106,True,True,IF-3,0.7229284773943431,0.602295696039826,0.12063278135451705,True,True
development_3,three_day_negative_sustained_drop,4,CA_1,FOODS_3,2015-07-31,2,2331.0,599.3232,2058.359420073313,190.2886245916772,-78.52309564154314,432.9192,1.8454265267919199,-7.254837893721104,True,True,IF-3,0.72411710894111,0.6075274199925106,0.11658968894859945,True,True
development_3,three_day_negative_sustained_drop,4,CA_1,FOODS_3,2015-08-01,3,2795.0,1063.3232,2884.203211772608,190.2886245916772,-78.52309564154314,432.9192,-0.056125878012846894,-9.15639029852587,True,True,IF-3,0.7486643831580606,0.5686307294314158,0.18003365372664482,True,True
development_3,one_day_positive_spike,2,CA_1,HOBBIES_1,2015-08-02,1,715.0,879.5686000000001,717.2542706435769,76.39888385951363,24.252179445681463,82.2843,-0.34694813261931723,1.8071226035791021,False,True,IF-3,0.509201967053334,0.44078722256870784,0.06841474448462614,False,False
development_3,one_day_positive_spike,4,CA_1,HOBBIES_1,2015-08-02,1,715.0,1044.1372000000001,717.2542706435769,76.39888385951363,24.252179445681463,82.2843,-0.34694813261931723,3.9611933397775214,True,True,IF-3,0.6416368391449803,0.44078722256870784,0.20084961657627243,True,True
development_3,one_day_negative_drop,2,CA_1,HOBBIES_1,2015-08-03,1,636.0,471.4314,576.5982000139427,76.39888385951363,24.252179445681463,82.2843,0.46008028867294526,-1.6939904475254732,False,True,IF-3,0.5339363760790269,0.4621673774794501,0.0717689985995768,False,False
development_3,one_day_negative_drop,4,CA_1,HOBBIES_1,2015-08-03,1,636.0,306.8628,576.5982000139427,76.39888385951363,24.252179445681463,82.2843,0.46008028867294526,-3.8480611837238916,True,True,IF-3,0.6521909276850326,0.4621673774794501,0.19002355020558254,True,True
development_3,two_day_positive_sustained_spike,2,CA_1,HOBBIES_1,2015-08-04,1,470.0,634.5686000000001,452.37706971947216,76.39888385951363,24.252179445681463,82.2843,-0.08677154469093872,2.0672991915074808,False,True,IF-3,0.5455852481798171,0.4301453163435685,0.11543993183624862,False,False
development_3,two_day_positive_sustained_spike,2,CA_1,HOBBIES_1,2015-08-05,2,455.0,619.5686000000001,451.40222925947944,76.39888385951363,24.252179445681463,82.2843,-0.2703496132632165,1.8837211229352029,False,True,IF-3,0.5488068706607812,0.44402076943360197,0.10478610122717918,False,False
development_3,two_day_positive_sustained_spike,4,CA_1,HOBBIES_1,2015-08-04,1,470.0,799.1372,452.37706971947216,76.39888385951363,24.252179445681463,82.2843,-0.08677154469093872,4.221369927705898,True,True,IF-3,0.6686326480214728,0.4301453163435685,0.2384873316779043,True,True
development_3,two_day_positive_sustained_spike,4,CA_1,HOBBIES_1,2015-08-05,2,455.0,784.1372,451.40222925947944,76.39888385951363,24.252179445681463,82.2843,-0.2703496132632165,4.037791859133621,True,True,IF-3,0.6641131662805373,0.44402076943360197,0.22009239684693532,True,True
development_3,two_day_negative_sustained_drop,2,CA_1,HOBBIES_1,2015-08-06,1,474.0,309.4314,453.21130222807534,76.39888385951363,24.252179445681463,82.2843,-0.045334192056072954,-2.1994049282544914,False,True,IF-3,0.5648616904692236,0.43119418821419925,0.13366750225502438,False,False
development_3,two_day_negative_sustained_drop,2,CA_1,HOBBIES_1,2015-08-07,2,570.0,405.4314,513.5314066637537,76.39888385951363,24.252179445681463,82.2843,0.4216869705820059,-1.7323837656164127,False,True,IF-3,0.5142359858829246,0.4487646179719304,0.06547136791099423,False,False
development_3,two_day_negative_sustained_drop,4,CA_1,HOBBIES_1,2015-08-06,1,474.0,144.8628,453.21130222807534,76.39888385951363,24.252179445681463,82.2843,-0.045334192056072954,-4.35347566445291,True,True,IF-3,0.6654728879803348,0.43119418821419925,0.23427869976613552,True,True
development_3,two_day_negative_sustained_drop,4,CA_1,HOBBIES_1,2015-08-07,2,570.0,240.8628,513.5314066637537,76.39888385951363,24.252179445681463,82.2843,0.4216869705820059,-3.886454501814831,True,True,IF-3,0.6458495140925111,0.4487646179719304,0.19708489612058072,True,True
development_3,three_day_positive_sustained_spike,2,CA_1,HOBBIES_1,2015-08-08,1,588.0,752.5686000000001,655.8499485356813,76.39888385951363,24.252179445681463,82.2843,-1.2055428473369465,0.9485278888614729,False,True,IF-3,0.47312570759594313,0.47550637813170105,-0.0023806705357579117,False,False
development_3,three_day_positive_sustained_spike,2,CA_1,HOBBIES_1,2015-08-09,2,684.0,848.5686000000001,644.6426392740649,76.39888385951363,24.252179445681463,82.2843,0.19771468530914488,2.351785421507564,False,True,IF-3,0.5588212462678892,0.439681865358211,0.11913938090967818,False,False
development_3,three_day_positive_sustained_spike,2,CA_1,HOBBIES_1,2015-08-10,3,448.0,612.5686000000001,505.4060165578725,76.39888385951363,24.252179445681463,82.2843,-1.0688401698866623,1.085230566311757,False,True,IF-3,0.48463682139542064,0.47558393872809035,0.009052882667330286,False,False
development_3,three_day_positive_sustained_spike,4,CA_1,HOBBIES_1,2015-08-08,1,588.0,917.1372,655.8499485356813,76.39888385951363,24.252179445681463,82.2843,-1.2055428473369465,3.1025986250598905,True,True,IF-3,0.6022402626716674,0.47550637813170105,0.12673388453996637,True,False
development_3,three_day_positive_sustained_spike,4,CA_1,HOBBIES_1,2015-08-09,2,684.0,1013.1372,644.6426392740649,76.39888385951363,24.252179445681463,82.2843,0.19771468530914488,4.505856157705982,True,True,IF-3,0.6634480897351527,0.439681865358211,0.22376622437694166,True,True
development_3,three_day_positive_sustained_spike,4,CA_1,HOBBIES_1,2015-08-10,3,448.0,777.1372,505.4060165578725,76.39888385951363,24.252179445681463,82.2843,-1.0688401698866623,3.239301302510175,True,True,IF-3,0.6297451040327572,0.47558393872809035,0.15416116530466684,True,True
development_3,three_day_negative_sustained_drop,2,CA_1,HOBBIES_1,2015-08-11,1,550.0,385.4314,443.1391895333692,76.39888385951363,24.252179445681463,82.2843,1.0812806005497997,-1.072790135648618,False,True,IF-3,0.43924553971377606,0.46173442016832955,-0.022488880454553495,False,False
development_3,three_day_negative_sustained_drop,2,CA_1,HOBBIES_1,2015-08-12,2,485.0,320.4314,443.15276545749464,76.39888385951363,24.252179445681463,82.2843,0.23030513284956664,-1.923765603348852,False,True,IF-3,0.5184105559407735,0.4200999398106995,0.09831061613007397,False,False
development_3,three_day_negative_sustained_drop,2,CA_1,HOBBIES_1,2015-08-13,3,449.0,284.4314,444.2173751839982,76.39888385951363,24.252179445681463,82.2843,-0.25484082549532133,-2.4089115616937398,False,True,IF-3,0.5572364502578515,0.4094354841343657,0.1478009661234858,False,False
development_3,three_day_negative_sustained_drop,4,CA_1,HOBBIES_1,2015-08-11,1,550.0,220.8628,443.1391895333692,76.39888385951363,24.252179445681463,82.2843,1.0812806005497997,-3.2268608718470366,True,True,IF-3,0.6096274032403295,0.46173442016832955,0.14789298307199994,True,False
development_3,three_day_negative_sustained_drop,4,CA_1,HOBBIES_1,2015-08-12,2,485.0,155.8628,443.15276545749464,76.39888385951363,24.252179445681463,82.2843,0.23030513284956664,-4.077836339547271,True,True,IF-3,0.6419443552376544,0.4200999398106995,0.22184441542695488,True,True
development_3,three_day_negative_sustained_drop,4,CA_1,HOBBIES_1,2015-08-13,3,449.0,119.8628,444.2173751839982,76.39888385951363,24.252179445681463,82.2843,-0.25484082549532133,-4.562982297892159,True,True,IF-3,0.6580766455453357,0.4094354841343657,0.24864116141097004,True,True
development_3,one_day_positive_spike,2,CA_1,HOBBIES_2,2015-07-21,1,28.0,48.7564,41.12653940569291,8.145128937441815,-6.4463163155884615,10.3782,-0.8201494588252083,1.7281711582476844,False,True,IF-3,0.44708272801992327,0.42023402769850066,0.026848700321422614,False,False
development_3,one_day_positive_spike,4,CA_1,HOBBIES_2,2015-07-21,1,28.0,69.5128,41.12653940569291,8.145128937441815,-6.4463163155884615,10.3782,-0.8201494588252083,4.276491775320577,True,True,IF-3,0.5263624957153764,0.42023402769850066,0.10612846801687575,False,False
development_3,one_day_negative_drop,2,CA_1,HOBBIES_2,2015-07-22,1,40.0,19.2436,41.12653940569291,8.145128937441815,-6.4463163155884615,10.3782,0.6531237198028155,-1.8951968972700772,False,True,IF-3,0.4703299901319541,0.43286571106175986,0.03746427907019423,False,False
development_3,one_day_negative_drop,4,CA_1,HOBBIES_2,2015-07-22,1,40.0,0.0,41.12653940569291,8.145128937441815,-6.4463163155884615,10.3782,0.6531237198028155,-4.25778687562393,True,True,IF-3,0.5189190824336984,0.43286571106175986,0.08605337137193858,False,False
development_3,two_day_positive_sustained_spike,2,CA_1,HOBBIES_2,2015-07-23,1,40.0,60.7564,41.557375016249765,8.145128937441815,-6.4463163155884615,10.3782,0.6002288406835452,3.1485494577564377,True,True,IF-3,0.49868438045491026,0.423854057417127,0.07483032303778325,False,False
development_3,two_day_positive_sustained_spike,2,CA_1,HOBBIES_2,2015-07-24,2,30.0,50.7564,45.132957304029226,8.145128937441815,-6.4463163155884615,10.3782,-1.0664829317200504,1.4818376853528423,False,True,IF-3,0.44169971819612586,0.4295834143221567,0.01211630387396917,False,False
development_3,two_day_positive_sustained_spike,4,CA_1,HOBBIES_2,2015-07-23,1,40.0,81.5128,41.557375016249765,8.145128937441815,-6.4463163155884615,10.3782,0.6002288406835452,5.696870074829331,True,True,IF-3,0.5509362714962265,0.423854057417127,0.12708221407909948,False,False
development_3,two_day_positive_sustained_spike,4,CA_1,HOBBIES_2,2015-07-24,2,30.0,71.5128,45.132957304029226,8.145128937441815,-6.4463163155884615,10.3782,-1.0664829317200504,4.030158302425735,True,True,IF-3,0.5165204230135195,0.4295834143221567,0.08693700869136284,False,False
development_3,two_day_negative_sustained_drop,2,CA_1,HOBBIES_2,2015-07-25,1,28.0,7.243600000000001,50.152876150420134,8.145128937441815,-6.4463163155884615,10.3782,-1.928337777764476,-4.476658394837369,True,True,IF-3,0.5164301180378246,0.4547242966044823,0.061705821433342245,False,False
development_3,two_day_negative_sustained_drop,2,CA_1,HOBBIES_2,2015-07-26,2,30.0,9.2436,49.30676756214903,8.145128937441815,-6.4463163155884615,10.3782,-1.5789131572175845,-4.127233774290477,True,True,IF-3,0.5068305846069648,0.4379797153776015,0.06885086922936334,False,False
development_3,two_day_negative_sustained_drop,4,CA_1,HOBBIES_2,2015-07-25,1,28.0,0.0,50.152876150420134,8.145128937441815,-6.4463163155884615,10.3782,-1.928337777764476,-5.365975194563197,True,True,IF-3,0.5211288202543778,0.4547242966044823,0.06640452364989546,False,False
development_3,two_day_negative_sustained_drop,4,CA_1,HOBBIES_2,2015-07-26,2,30.0,0.0,49.30676756214903,8.145128937441815,-6.4463163155884615,10.3782,-1.5789131572175845,-5.262096103787644,True,True,IF-3,0.5119975206234436,0.4379797153776015,0.07401780524584212,False,False
development_3,three_day_positive_sustained_spike,2,CA_1,HOBBIES_2,2015-07-27,1,34.0,54.7564,41.16433684404653,8.145128937441815,-6.4463163155884615,10.3782,-0.08815336552346612,2.4601672515494264,False,True,IF-3,0.4861412215311611,0.4184076515923792,0.06773356993878193,False,False
development_3,three_day_positive_sustained_spike,2,CA_1,HOBBIES_2,2015-07-28,2,44.0,64.7564,40.69048059922794,8.145128937441815,-6.4463163155884615,10.3782,1.1977509246679392,3.746071541740832,True,True,IF-3,0.5202019949705838,0.43648355413137757,0.08371844083920627,False,False
development_3,three_day_positive_sustained_spike,2,CA_1,HOBBIES_2,2015-07-29,3,28.0,48.7564,40.69048059922794,8.145128937441815,-6.4463163155884615,10.3782,-0.7666133135027592,1.7817073035701334,False,True,IF-3,0.45745157020408483,0.4289289799084239,0.028522590295660954,False,False
development_3,three_day_positive_sustained_spike,4,CA_1,HOBBIES_2,2015-07-27,1,34.0,75.5128,41.16433684404653,8.145128937441815,-6.4463163155884615,10.3782,-0.08815336552346612,5.0084878686223195,True,True,IF-3,0.5382508150887454,0.4184076515923792,0.1198431634963662,False,False
development_3,three_day_positive_sustained_spike,4,CA_1,HOBBIES_2,2015-07-28,2,44.0,85.5128,40.69048059922794,8.145128937441815,-6.4463163155884615,10.3782,1.1977509246679392,6.294392158813724,True,True,IF-3,0.5469653329709743,0.43648355413137757,0.1104817788395967,False,False
development_3,three_day_positive_sustained_spike,4,CA_1,HOBBIES_2,2015-07-29,3,28.0,69.5128,40.69048059922794,8.145128937441815,-6.4463163155884615,10.3782,-0.7666133135027592,4.330027920643026,True,True,IF-3,0.5392956988181394,0.4289289799084239,0.11036671890971556,False,False
development_3,three_day_negative_sustained_drop,2,CA_1,HOBBIES_2,2015-07-30,1,51.0,30.2436,41.715416947540696,8.145128937441815,-6.4463163155884615,10.3782,1.931326009553442,-0.6169946075194508,False,True,IF-3,0.41131434259197025,0.45377594294495266,-0.04246160035298241,False,False
development_3,three_day_negative_sustained_drop,2,CA_1,HOBBIES_2,2015-07-31,2,40.0,19.2436,51.38928490337521,8.145128937441815,-6.4463163155884615,10.3782,-0.6068619202655884,-3.155182537338481,True,True,IF-3,0.5261841145884395,0.4179732098606195,0.10821090472782002,False,False
development_3,three_day_negative_sustained_drop,2,CA_1,HOBBIES_2,2015-08-01,3,34.0,13.2436,53.88927807873147,8.145128937441815,-6.4463163155884615,10.3782,-1.6504295839133905,-4.198750200986283,True,True,IF-3,0.5382177439666602,0.4748333871689344,0.0633843567977258,False,False
development_3,three_day_negative_sustained_drop,4,CA_1,HOBBIES_2,2015-07-30,1,51.0,9.487200000000001,41.715416947540696,8.145128937441815,-6.4463163155884615,10.3782,1.931326009553442,-3.1653152245923435,True,True,IF-3,0.5175883010395298,0.45377594294495266,0.06381235809457714,False,False
development_3,three_day_negative_sustained_drop,4,CA_1,HOBBIES_2,2015-07-31,2,40.0,0.0,51.38928490337521,8.145128937441815,-6.4463163155884615,10.3782,-0.6068619202655884,-5.517772515692334,True,True,IF-3,0.5331420603487661,0.4179732098606195,0.11516885048814662,False,False
development_3,three_day_negative_sustained_drop,4,CA_1,HOBBIES_2,2015-08-01,3,34.0,0.0,53.88927807873147,8.145128937441815,-6.4463163155884615,10.3782,-1.6504295839133905,-5.824703590026124,True,True,IF-3,0.5437343738400674,0.4748333871689344,0.06890098667113298,False,False
development_3,one_day_positive_spike,2,CA_1,HOUSEHOLD_1,2015-08-02,1,1389.0,1675.1417999999999,1130.0531426168964,78.2379253292243,6.783911882279142,143.0709,3.2230269966863987,6.88035557225788,True,True,IF-3,0.720075585168611,0.6137253777411905,0.10635020742742052,True,True
development_3,one_day_positive_spike,4,CA_1,HOUSEHOLD_1,2015-08-02,1,1389.0,1961.2836,1130.0531426168964,78.2379253292243,6.783911882279142,143.0709,3.2230269966863987,10.537684147829365,True,True,IF-3,0.7239143658348337,0.6137253777411905,0.11018898809364319,True,True
development_3,one_day_negative_drop,2,CA_1,HOUSEHOLD_1,2015-08-03,1,929.0,642.8582,866.6364408621868,78.2379253292243,6.783911882279142,143.0709,0.7103926519223966,-2.946935923649087,False,True,IF-3,0.6254655258039505,0.4717897196692427,0.15367580613470783,True,True
development_3,one_day_negative_drop,4,CA_1,HOUSEHOLD_1,2015-08-03,1,929.0,356.7164,866.6364408621868,78.2379253292243,6.783911882279142,143.0709,0.7103926519223966,-6.6042644992205695,True,True,IF-3,0.7211760234224458,0.4717897196692427,0.2493863037532031,True,True
development_3,two_day_positive_sustained_spike,2,CA_1,HOUSEHOLD_1,2015-08-04,1,798.0,1084.1417999999999,722.1139153809423,78.2379253292243,6.783911882279142,143.0709,0.883231149675779,4.540559725247261,True,True,IF-3,0.6739513428880315,0.46720943862621755,0.20674190426181394,True,True
development_3,two_day_positive_sustained_spike,2,CA_1,HOUSEHOLD_1,2015-08-05,2,707.0,993.1418,708.8584816761701,78.2379253292243,6.783911882279142,143.0709,-0.11046296948803436,3.546865606083449,True,True,IF-3,0.64384738756075,0.45386680906544175,0.18998057849530825,True,True
development_3,two_day_positive_sustained_spike,4,CA_1,HOUSEHOLD_1,2015-08-04,1,798.0,1370.2836,722.1139153809423,78.2379253292243,6.783911882279142,143.0709,0.883231149675779,8.197888300818747,True,True,IF-3,0.7281044534619374,0.46720943862621755,0.26089501483571986,True,True
development_3,two_day_positive_sustained_spike,4,CA_1,HOUSEHOLD_1,2015-08-05,2,707.0,1279.2836,708.8584816761701,78.2379253292243,6.783911882279142,143.0709,-0.11046296948803436,7.204194181654933,True,True,IF-3,0.7294307943507772,0.45386680906544175,0.27556398528533543,True,True
development_3,two_day_negative_sustained_drop,2,CA_1,HOUSEHOLD_1,2015-08-06,1,704.0,417.8582,710.4951917363688,78.2379253292243,6.783911882279142,143.0709,-0.169727195126528,-3.8270557706980117,True,True,IF-3,0.6600279357510992,0.44953987044413085,0.21048806530696834,True,True
development_3,two_day_negative_sustained_drop,2,CA_1,HOUSEHOLD_1,2015-08-07,2,783.0,496.8582,824.1821556532225,78.2379253292243,6.783911882279142,143.0709,-0.613079492249583,-4.270408067821067,True,True,IF-3,0.6650071845584387,0.45374990667115855,0.2112572778872801,True,True
development_3,two_day_negative_sustained_drop,4,CA_1,HOUSEHOLD_1,2015-08-06,1,704.0,131.71640000000002,710.4951917363688,78.2379253292243,6.783911882279142,143.0709,-0.169727195126528,-7.484384346269494,True,True,IF-3,0.7240503717933234,0.44953987044413085,0.2745105013491926,True,True
development_3,two_day_negative_sustained_drop,4,CA_1,HOUSEHOLD_1,2015-08-07,2,783.0,210.71640000000002,824.1821556532225,78.2379253292243,6.783911882279142,143.0709,-0.613079492249583,-7.927736643392551,True,True,IF-3,0.7211962991420582,0.45374990667115855,0.26744639247089963,True,True
development_3,three_day_positive_sustained_spike,2,CA_1,HOUSEHOLD_1,2015-08-08,1,1121.0,1407.1417999999999,1010.7930690821012,78.2379253292243,6.783911882279142,143.0709,1.3219039053044503,4.979232480875934,True,True,IF-3,0.680781254584614,0.4846862662232129,0.1960949883614011,True,True
development_3,three_day_positive_sustained_spike,2,CA_1,HOUSEHOLD_1,2015-08-09,2,1115.0,1401.1417999999999,1048.6522658963172,78.2379253292243,6.783911882279142,143.0709,0.7613164839271973,4.4186450594986795,True,True,IF-3,0.6633965992616193,0.460056302685338,0.20334029657628133,True,True
development_3,three_day_positive_sustained_spike,2,CA_1,HOUSEHOLD_1,2015-08-10,3,847.0,1133.1417999999999,788.7963502904279,78.2379253292243,6.783911882279142,143.0709,0.6572226654901611,4.314551241061643,True,True,IF-3,0.6708961205512236,0.4665370708635403,0.20435904968768331,True,True
development_3,three_day_positive_sustained_spike,4,CA_1,HOUSEHOLD_1,2015-08-08,1,1121.0,1693.2836,1010.7930690821012,78.2379253292243,6.783911882279142,143.0709,1.3219039053044503,8.63656105644742,True,True,IF-3,0.7233479690029964,0.4846862662232129,0.23866170277978344,True,True
development_3,three_day_positive_sustained_spike,4,CA_1,HOUSEHOLD_1,2015-08-09,2,1115.0,1687.2836,1048.6522658963172,78.2379253292243,6.783911882279142,143.0709,0.7613164839271973,8.075973635070163,True,True,IF-3,0.7221271536449403,0.460056302685338,0.2620708509596023,True,True
development_3,three_day_positive_sustained_spike,4,CA_1,HOUSEHOLD_1,2015-08-10,3,847.0,1419.2836,788.7963502904279,78.2379253292243,6.783911882279142,143.0709,0.6572226654901611,7.971879816633128,True,True,IF-3,0.7285014010183491,0.4665370708635403,0.26196433015480886,True,True
development_3,three_day_negative_sustained_drop,2,CA_1,HOUSEHOLD_1,2015-08-11,1,733.0,446.8582,698.0619726326084,78.2379253292243,6.783911882279142,143.0709,0.3598525314499358,-3.297476044121548,True,True,IF-3,0.6235669734591389,0.42731741689999136,0.19624955655914755,True,True
development_3,three_day_negative_sustained_drop,2,CA_1,HOUSEHOLD_1,2015-08-12,2,692.0,405.8582,692.1715188906741,78.2379253292243,6.783911882279142,143.0709,-0.08890101243974496,-3.7462295880112286,True,True,IF-3,0.6424062115833015,0.4395350769865975,0.20287113459670397,True,True
development_3,three_day_negative_sustained_drop,2,CA_1,HOUSEHOLD_1,2015-08-13,3,607.0,320.8582,693.0637657087805,78.2379253292243,6.783911882279142,143.0709,-1.1867349140504129,-4.844063489621896,True,True,IF-3,0.6748942830273054,0.46715902628592454,0.20773525674138082,True,True
development_3,three_day_negative_sustained_drop,4,CA_1,HOUSEHOLD_1,2015-08-11,1,733.0,160.71640000000002,698.0619726326084,78.2379253292243,6.783911882279142,143.0709,0.3598525314499358,-6.95480461969303,True,True,IF-3,0.7085335632392825,0.42731741689999136,0.28121614633929115,True,True
development_3,three_day_negative_sustained_drop,4,CA_1,HOUSEHOLD_1,2015-08-12,2,692.0,119.71640000000002,692.1715188906741,78.2379253292243,6.783911882279142,143.0709,-0.08890101243974496,-7.403558163582711,True,True,IF-3,0.7154636701054943,0.4395350769865975,0.2759285931188968,True,True
development_3,three_day_negative_sustained_drop,4,CA_1,HOUSEHOLD_1,2015-08-13,3,607.0,34.71640000000002,693.0637657087805,78.2379253292243,6.783911882279142,143.0709,-1.1867349140504129,-8.50139206519338,True,True,IF-3,0.719274279034332,0.46715902628592454,0.2521152527484075,True,True
development_3,one_day_positive_spike,2,CA_1,HOUSEHOLD_2,2015-07-21,1,180.0,277.85159999999996,209.06466150292124,27.76088292934403,-3.601418388884994,48.925799999999995,-0.9172346275456853,2.607566807950737,False,True,IF-3,0.49806639666349367,0.414991343791846,0.08307505287164768,False,False
development_3,one_day_positive_spike,4,CA_1,HOUSEHOLD_2,2015-07-21,1,180.0,375.7032,209.06466150292124,27.76088292934403,-3.601418388884994,48.925799999999995,-0.9172346275456853,6.132368243447162,True,True,IF-3,0.5989390492133686,0.414991343791846,0.1839477054215226,True,False
development_3,one_day_negative_drop,2,CA_1,HOUSEHOLD_2,2015-07-22,1,164.0,66.14840000000001,209.06466150292124,27.76088292934403,-3.601418388884994,48.925799999999995,-1.493585172329243,-5.018386607825667,True,True,IF-3,0.5781734382277929,0.45042528796791065,0.12774815025988223,False,False
development_3,one_day_negative_drop,4,CA_1,HOUSEHOLD_2,2015-07-22,1,164.0,0.0,209.06466150292124,27.76088292934403,-3.601418388884994,48.925799999999995,-1.493585172329243,-7.401178256360709,True,True,IF-3,0.6105784041791056,0.45042528796791065,0.16015311621119493,True,False
development_3,two_day_positive_sustained_spike,2,CA_1,HOUSEHOLD_2,2015-07-23,1,204.0,301.85159999999996,210.17691745612552,27.76088292934403,-3.601418388884994,48.925799999999995,-0.09277439315585145,3.4320270423405708,True,True,IF-3,0.5253755614168258,0.3992571764258417,0.12611838499098416,False,False
development_3,two_day_positive_sustained_spike,2,CA_1,HOUSEHOLD_2,2015-07-24,2,259.0,356.85159999999996,251.61756683801033,27.76088292934403,-3.601418388884994,48.925799999999995,0.395659301573021,3.920460737069443,True,True,IF-3,0.5371112129147184,0.4103271858060546,0.12678402710866382,False,False
development_3,two_day_positive_sustained_spike,4,CA_1,HOUSEHOLD_2,2015-07-23,1,204.0,399.7032,210.17691745612552,27.76088292934403,-3.601418388884994,48.925799999999995,-0.09277439315585145,6.9568284778369955,True,True,IF-3,0.6231690223755282,0.3992571764258417,0.2239118459496865,True,True
development_3,two_day_positive_sustained_spike,4,CA_1,HOUSEHOLD_2,2015-07-24,2,259.0,454.7032,251.61756683801033,27.76088292934403,-3.601418388884994,48.925799999999995,0.395659301573021,7.445262172565867,True,True,IF-3,0.6145774800001269,0.4103271858060546,0.2042502941940723,True,False
development_3,two_day_negative_sustained_drop,2,CA_1,HOUSEHOLD_2,2015-07-25,1,239.0,141.1484,290.6057670135861,27.76088292934403,-3.601418388884994,48.925799999999995,-1.7292082801141446,-5.254009715610568,True,True,IF-3,0.5660770704999268,0.4436302789760668,0.12244679152386001,False,False
development_3,two_day_negative_sustained_drop,2,CA_1,HOUSEHOLD_2,2015-07-26,2,287.0,189.1484,295.59403988970774,27.76088292934403,-3.601418388884994,48.925799999999995,-0.17984375761858098,-3.704645193115004,True,True,IF-3,0.5295459951126248,0.40718652683262313,0.12235946828000166,False,False
development_3,two_day_negative_sustained_drop,4,CA_1,HOUSEHOLD_2,2015-07-25,1,239.0,43.29680000000002,290.6057670135861,27.76088292934403,-3.601418388884994,48.925799999999995,-1.7292082801141446,-8.778811151106991,True,True,IF-3,0.6146039498697131,0.4436302789760668,0.1709736708936463,True,False
development_3,two_day_negative_sustained_drop,4,CA_1,HOUSEHOLD_2,2015-07-26,2,287.0,91.29680000000002,295.59403988970774,27.76088292934403,-3.601418388884994,48.925799999999995,-0.17984375761858098,-7.229446628611427,True,True,IF-3,0.5946491823966891,0.40718652683262313,0.18746265556406594,True,False
development_3,three_day_positive_sustained_spike,2,CA_1,HOUSEHOLD_2,2015-07-27,1,250.0,347.85159999999996,210.9485469714063,27.76088292934403,-3.601418388884994,48.925799999999995,1.53643785487793,5.061239290374353,True,True,IF-3,0.5860834378126958,0.43518434104944065,0.15089909676325514,True,False
development_3,three_day_positive_sustained_spike,2,CA_1,HOUSEHOLD_2,2015-07-28,2,184.0,281.85159999999996,207.63315971508752,27.76088292934403,-3.601418388884994,48.925799999999995,-0.7215815641450081,2.803219871351414,False,True,IF-3,0.5069485639641342,0.40784373313672523,0.09910483082740901,False,False
development_3,three_day_positive_sustained_spike,2,CA_1,HOUSEHOLD_2,2015-07-29,3,191.0,288.85159999999996,207.63315971508752,27.76088292934403,-3.601418388884994,48.925799999999995,-0.4694282008022016,3.0553732346942204,True,True,IF-3,0.5199999019481778,0.41181513246875556,0.10818476947942224,False,False
development_3,three_day_positive_sustained_spike,4,CA_1,HOUSEHOLD_2,2015-07-27,1,250.0,445.7032,210.9485469714063,27.76088292934403,-3.601418388884994,48.925799999999995,1.53643785487793,8.586040725870777,True,True,IF-3,0.6395104762121745,0.43518434104944065,0.20432613516273385,True,True
development_3,three_day_positive_sustained_spike,4,CA_1,HOUSEHOLD_2,2015-07-28,2,184.0,379.7032,207.63315971508752,27.76088292934403,-3.601418388884994,48.925799999999995,-0.7215815641450081,6.328021306847838,True,True,IF-3,0.6029152721608565,0.40784373313672523,0.19507153902413127,True,False
development_3,three_day_positive_sustained_spike,4,CA_1,HOUSEHOLD_2,2015-07-29,3,191.0,386.7032,207.63315971508752,27.76088292934403,-3.601418388884994,48.925799999999995,-0.4694282008022016,6.580174670190645,True,True,IF-3,0.6172446839497673,0.41181513246875556,0.20542955148101172,True,False
development_3,three_day_negative_sustained_drop,2,CA_1,HOUSEHOLD_2,2015-07-30,1,204.0,106.14840000000001,209.33951640604772,27.76088292934403,-3.601418388884994,48.925799999999995,-0.06260960869243495,-3.5874110441888583,True,True,IF-3,0.5401969713661691,0.4012717648352166,0.13892520653095247,False,False
development_3,three_day_negative_sustained_drop,2,CA_1,HOUSEHOLD_2,2015-07-31,2,246.0,148.1484,260.7798582400252,27.76088292934403,-3.601418388884994,48.925799999999995,-0.4026687436271803,-3.9274701791236035,True,True,IF-3,0.54880455281164,0.4063686937550687,0.1424358590565713,False,False
development_3,three_day_negative_sustained_drop,2,CA_1,HOUSEHOLD_2,2015-08-01,3,272.0,174.1484,339.7339964638764,27.76088292934403,-3.601418388884994,48.925799999999995,-2.310177894493459,-5.834979329989882,True,True,IF-3,0.5987147243880852,0.5074128432873874,0.0913018811006977,True,False
development_3,three_day_negative_sustained_drop,4,CA_1,HOUSEHOLD_2,2015-07-30,1,204.0,8.296800000000019,209.33951640604772,27.76088292934403,-3.601418388884994,48.925799999999995,-0.06260960869243495,-7.11221247968528,True,True,IF-3,0.6002093083591175,0.4012717648352166,0.19893754352390086,True,False
development_3,three_day_negative_sustained_drop,4,CA_1,HOUSEHOLD_2,2015-07-31,2,246.0,50.29680000000002,260.7798582400252,27.76088292934403,-3.601418388884994,48.925799999999995,-0.4026687436271803,-7.452271614620026,True,True,IF-3,0.6053094310364411,0.4063686937550687,0.1989407372813724,True,False
development_3,three_day_negative_sustained_drop,4,CA_1,HOUSEHOLD_2,2015-08-01,3,272.0,76.29680000000002,339.7339964638764,27.76088292934403,-3.601418388884994,48.925799999999995,-2.310177894493459,-9.359780765486304,True,True,IF-3,0.6426300190037189,0.5074128432873874,0.1352171757163314,True,True
development_3,one_day_positive_spike,2,CA_2,FOODS_1,2015-08-02,1,495.0,638.8122,537.8578684269339,39.7685446866221,-25.9858848523576,71.9061,-0.42425448825267054,3.1919754023115052,True,True,IF-3,0.5173575478936665,0.4344587409322235,0.08289880696144303,False,False
development_3,one_day_positive_spike,4,CA_2,FOODS_1,2015-08-02,1,495.0,782.6243999999999,537.8578684269339,39.7685446866221,-25.9858848523576,71.9061,-0.42425448825267054,6.80820529287568,True,True,IF-3,0.6382710962941903,0.4344587409322235,0.20381235536196685,True,True
development_3,one_day_negative_drop,2,CA_2,FOODS_1,2015-08-03,1,341.0,197.1878,435.8527132124909,39.7685446866221,-25.9858848523576,71.9061,-1.731690935708284,-5.3479208262724605,True,True,IF-3,0.6362168876780403,0.5259424348307671,0.11027445284727322,True,True
development_3,one_day_negative_drop,4,CA_2,FOODS_1,2015-08-03,1,341.0,53.37560000000002,435.8527132124909,39.7685446866221,-25.9858848523576,71.9061,-1.731690935708284,-8.964150716836636,True,True,IF-3,0.6933204881154256,0.5259424348307671,0.1673780532846585,True,True
development_3,two_day_positive_sustained_spike,2,CA_2,FOODS_1,2015-08-04,1,457.0,600.8122,397.12438004577024,39.7685446866221,-25.9858848523576,71.9061,2.1590305977545783,5.775260488318754,True,True,IF-3,0.6228784763690086,0.4855492457046391,0.13732923066436953,True,False
development_3,two_day_positive_sustained_spike,2,CA_2,FOODS_1,2015-08-05,2,400.0,543.8122,393.9245112034265,39.7685446866221,-25.9858848523576,71.9061,0.8061993191246046,4.4224292096887785,True,True,IF-3,0.5989859778017605,0.4488886311405236,0.15009734666123697,True,False
development_3,two_day_positive_sustained_spike,4,CA_2,FOODS_1,2015-08-04,1,457.0,744.6243999999999,397.12438004577024,39.7685446866221,-25.9858848523576,71.9061,2.1590305977545783,9.39149037888293,True,True,IF-3,0.6796634158137167,0.4855492457046391,0.1941141701090776,True,True
development_3,two_day_positive_sustained_spike,4,CA_2,FOODS_1,2015-08-05,2,400.0,687.6243999999999,393.9245112034265,39.7685446866221,-25.9858848523576,71.9061,0.8061993191246046,8.038659100252953,True,True,IF-3,0.6725492970239322,0.4488886311405236,0.2236606658834086,True,True
development_3,two_day_negative_sustained_drop,2,CA_2,FOODS_1,2015-08-06,1,394.0,250.1878,405.07378114372415,39.7685446866221,-25.9858848523576,71.9061,0.37497232614724757,-3.241257564416929,True,True,IF-3,0.5977297011715047,0.4424048532587889,0.15532484791271578,True,False
development_3,two_day_negative_sustained_drop,2,CA_2,FOODS_1,2015-08-07,2,500.0,356.18780000000004,473.2743894903493,39.7685446866221,-25.9858848523576,71.9061,1.3254569855994793,-2.290772904964696,False,True,IF-3,0.5369743851503442,0.452142142564012,0.08483224258633226,False,False
development_3,two_day_negative_sustained_drop,4,CA_2,FOODS_1,2015-08-06,1,394.0,106.37560000000002,405.07378114372415,39.7685446866221,-25.9858848523576,71.9061,0.37497232614724757,-6.857487454981106,True,True,IF-3,0.6597107430766004,0.4424048532587889,0.21730588981781146,True,True
development_3,two_day_negative_sustained_drop,4,CA_2,FOODS_1,2015-08-07,2,500.0,212.37560000000002,473.2743894903493,39.7685446866221,-25.9858848523576,71.9061,1.3254569855994793,-5.907002795528873,True,True,IF-3,0.6383756657719182,0.452142142564012,0.1862335232079062,True,True
development_3,three_day_positive_sustained_spike,2,CA_2,FOODS_1,2015-08-08,1,429.0,572.8122,561.051924477295,39.7685446866221,-25.9858848523576,71.9061,-2.667083758300498,0.9491461322636778,False,True,IF-3,0.45177951155152857,0.5576810971838139,-0.1059015856322853,False,False
development_3,three_day_positive_sustained_spike,2,CA_2,FOODS_1,2015-08-09,2,522.0,665.8122,541.4610056464118,39.7685446866221,-25.9858848523576,71.9061,0.16407135984890006,3.7803012504130757,True,True,IF-3,0.537847306365096,0.42814854408062325,0.10969876228447278,False,False
development_3,three_day_positive_sustained_spike,2,CA_2,FOODS_1,2015-08-10,3,390.0,533.8122,430.4317386379256,39.7685446866221,-25.9858848523576,71.9061,-0.3632482380082544,3.252981652555921,True,True,IF-3,0.5438333360666927,0.4558875703848425,0.0879457656818502,False,False
development_3,three_day_positive_sustained_spike,4,CA_2,FOODS_1,2015-08-08,1,429.0,716.6243999999999,561.051924477295,39.7685446866221,-25.9858848523576,71.9061,-2.667083758300498,4.565376022827853,True,True,IF-3,0.5701711118343296,0.5576810971838139,0.01249001465051569,False,False
development_3,three_day_positive_sustained_spike,4,CA_2,FOODS_1,2015-08-09,2,522.0,809.6243999999999,541.4610056464118,39.7685446866221,-25.9858848523576,71.9061,0.16407135984890006,7.396531140977251,True,True,IF-3,0.6465678353866251,0.42814854408062325,0.21841929130600185,True,True
development_3,three_day_positive_sustained_spike,4,CA_2,FOODS_1,2015-08-10,3,390.0,677.6243999999999,430.4317386379256,39.7685446866221,-25.9858848523576,71.9061,-0.3632482380082544,6.869211543120096,True,True,IF-3,0.649288179073815,0.4558875703848425,0.19340060868897246,True,True
development_3,three_day_negative_sustained_drop,2,CA_2,FOODS_1,2015-08-11,1,315.0,171.1878,381.01652358115354,39.7685446866221,-25.9858848523576,71.9061,-1.00659048613016,-4.622820376694336,True,True,IF-3,0.6075384114550623,0.4431069732149537,0.16443143824010859,True,False
development_3,three_day_negative_sustained_drop,2,CA_2,FOODS_1,2015-08-12,2,352.0,208.1878,381.03009950527894,39.7685446866221,-25.9858848523576,71.9061,-0.07654830411597625,-3.6927781946801526,True,True,IF-3,0.5849581525043357,0.4187274041692554,0.16623074833508028,True,False
development_3,three_day_negative_sustained_drop,2,CA_2,FOODS_1,2015-08-13,3,457.0,313.18780000000004,391.6644793710769,39.7685446866221,-25.9858848523576,71.9061,2.296322538350283,-1.3199073522138924,False,True,IF-3,0.4532652690297213,0.47370711265212867,-0.020441843622407363,False,False
development_3,three_day_negative_sustained_drop,4,CA_2,FOODS_1,2015-08-11,1,315.0,27.37560000000002,381.01652358115354,39.7685446866221,-25.9858848523576,71.9061,-1.00659048613016,-8.239050267258513,True,True,IF-3,0.6697937378912363,0.4431069732149537,0.22668676467628263,True,True
development_3,three_day_negative_sustained_drop,4,CA_2,FOODS_1,2015-08-12,2,352.0,64.37560000000002,381.03009950527894,39.7685446866221,-25.9858848523576,71.9061,-0.07654830411597625,-7.309008085244328,True,True,IF-3,0.6550384207898378,0.4187274041692554,0.23631101662058235,True,True
development_3,three_day_negative_sustained_drop,4,CA_2,FOODS_1,2015-08-13,3,457.0,169.37560000000002,391.6644793710769,39.7685446866221,-25.9858848523576,71.9061,2.296322538350283,-4.936137242778069,True,True,IF-3,0.6120033743725942,0.47370711265212867,0.13829626172046555,True,False
development_3,one_day_positive_spike,2,CA_2,FOODS_2,2015-07-21,1,339.0,380.51279999999997,303.13477977695175,20.09725404436599,-27.882194896998143,20.7564,3.1719465246008163,5.2375421481799265,True,True,IF-3,0.5471143187164403,0.49249273305051156,0.054621585665928785,False,False
development_3,one_day_positive_spike,4,CA_2,FOODS_2,2015-07-21,1,339.0,422.0256,303.13477977695175,20.09725404436599,-27.882194896998143,20.7564,3.1719465246008163,7.303137771759041,True,True,IF-3,0.5793993031601447,0.49249273305051156,0.0869065701096331,False,False
development_3,one_day_negative_drop,2,CA_2,FOODS_2,2015-07-22,1,287.0,245.4872,303.13477977695175,20.09725404436599,-27.882194896998143,20.7564,0.5845283686076326,-1.4810672549714796,False,True,IF-3,0.4532660710949944,0.41972265653539576,0.03354341455959864,False,False
development_3,one_day_negative_drop,4,CA_2,FOODS_2,2015-07-22,1,287.0,203.9744,303.13477977695175,20.09725404436599,-27.882194896998143,20.7564,0.5845283686076326,-3.546662878550592,True,True,IF-3,0.5364298406384805,0.41972265653539576,0.11670718410308478,False,False
development_3,two_day_positive_sustained_spike,2,CA_2,FOODS_2,2015-07-23,1,227.0,268.51279999999997,313.85936913078234,20.09725404436599,-27.882194896998143,20.7564,-2.934588680801281,-0.8689930572221702,False,False,IF-3,0.4164065461530404,0.5195471055298794,-0.10314055937683897,False,False
development_3,two_day_positive_sustained_spike,2,CA_2,FOODS_2,2015-07-24,2,329.0,370.51279999999997,343.4817045995128,20.09725404436599,-27.882194896998143,20.7564,0.6667821518254632,2.732377775404574,False,True,IF-3,0.46819438192773594,0.41605828749370605,0.05213609443402989,False,False
development_3,two_day_positive_sustained_spike,4,CA_2,FOODS_2,2015-07-23,1,227.0,310.0256,313.85936913078234,20.09725404436599,-27.882194896998143,20.7564,-2.934588680801281,1.1966025663569433,False,True,IF-3,0.43062284816699065,0.5195471055298794,-0.08892425736288873,False,False
development_3,two_day_positive_sustained_spike,4,CA_2,FOODS_2,2015-07-24,2,329.0,412.0256,343.4817045995128,20.09725404436599,-27.882194896998143,20.7564,0.6667821518254632,4.797973398983688,True,True,IF-3,0.5230912637239973,0.41605828749370605,0.10703297623029123,False,False
development_3,two_day_negative_sustained_drop,2,CA_2,FOODS_2,2015-07-25,1,430.0,388.48720000000003,411.9813319535496,20.09725404436599,-27.882194896998143,20.7564,2.283937041454492,0.21834141787537872,False,False,IF-3,0.4120122513832496,0.46014934337950525,-0.048137091996255654,False,False
development_3,two_day_negative_sustained_drop,2,CA_2,FOODS_2,2015-07-26,2,520.0,478.48720000000003,417.261353057269,20.09725404436599,-27.882194896998143,20.7564,6.499437263985178,4.433841640406068,True,False,IF-3,0.5234339585792925,0.5503880344676381,-0.02695407588834553,False,False
development_3,two_day_negative_sustained_drop,4,CA_2,FOODS_2,2015-07-25,1,430.0,346.9744,411.9813319535496,20.09725404436599,-27.882194896998143,20.7564,2.283937041454492,-1.8472542057037347,False,True,IF-3,0.4533738385086619,0.46014934337950525,-0.00677550487084333,False,False
development_3,two_day_negative_sustained_drop,4,CA_2,FOODS_2,2015-07-26,2,520.0,436.9744,417.261353057269,20.09725404436599,-27.882194896998143,20.7564,6.499437263985178,2.3682460168269546,False,False,IF-3,0.46599346259920155,0.5503880344676381,-0.08439457186843652,False,False
development_3,three_day_positive_sustained_spike,2,CA_2,FOODS_2,2015-07-27,1,418.0,459.51279999999997,287.9039313167776,20.09725404436599,-27.882194896998143,20.7564,7.860688989225759,9.926284612804869,True,True,IF-3,0.6025619541296484,0.5862835114492833,0.016278442680365157,True,False
development_3,three_day_positive_sustained_spike,2,CA_2,FOODS_2,2015-07-28,2,248.0,289.51279999999997,281.49323016795756,20.09725404436599,-27.882194896998143,20.7564,-0.27919412565381796,1.7864014979252927,False,True,IF-3,0.443666809415991,0.4060970326717487,0.037569776744242334,False,False
development_3,three_day_positive_sustained_spike,2,CA_2,FOODS_2,2015-07-29,3,221.0,262.51279999999997,281.49323016795756,20.09725404436599,-27.882194896998143,20.7564,-1.6226612451118172,0.4429343784672935,False,True,IF-3,0.41555973412300506,0.4623338410906538,-0.04677410696764872,False,False
development_3,three_day_positive_sustained_spike,4,CA_2,FOODS_2,2015-07-27,1,418.0,501.0256,287.9039313167776,20.09725404436599,-27.882194896998143,20.7564,7.860688989225759,11.991880236383983,True,True,IF-3,0.6245368278619178,0.5862835114492833,0.03825331641263452,True,True
development_3,three_day_positive_sustained_spike,4,CA_2,FOODS_2,2015-07-28,2,248.0,331.0256,281.49323016795756,20.09725404436599,-27.882194896998143,20.7564,-0.27919412565381796,3.8519971215044064,True,True,IF-3,0.5145604164485482,0.4060970326717487,0.10846338377679954,False,False
development_3,three_day_positive_sustained_spike,4,CA_2,FOODS_2,2015-07-29,3,221.0,304.0256,281.49323016795756,20.09725404436599,-27.882194896998143,20.7564,-1.6226612451118172,2.508530002046407,False,True,IF-3,0.48051083300367115,0.4623338410906538,0.01817699191301736,False,False
development_3,three_day_negative_sustained_drop,2,CA_2,FOODS_2,2015-07-30,1,298.0,256.48720000000003,293.80152011837663,20.09725404436599,-27.882194896998143,20.7564,1.5962715457445753,-0.46932407783453545,False,True,IF-3,0.4099451588170885,0.43813179972674693,-0.028186640909658445,False,False
development_3,three_day_negative_sustained_drop,2,CA_2,FOODS_2,2015-07-31,2,369.0,327.48720000000003,346.08961516988944,20.09725404436599,-27.882194896998143,20.7564,2.5273392879933145,0.4617436644142039,False,False,IF-3,0.4128966650152474,0.46384288834926,-0.05094622333401261,False,False
development_3,three_day_negative_sustained_drop,2,CA_2,FOODS_2,2015-08-01,3,516.0,474.48720000000003,490.4989003111284,20.09725404436599,-27.882194896998143,20.7564,2.65624818535023,0.5906525617711195,False,False,IF-3,0.4464441614034228,0.4914855895207546,-0.045041428117331805,False,False
development_3,three_day_negative_sustained_drop,4,CA_2,FOODS_2,2015-07-30,1,298.0,214.9744,293.80152011837663,20.09725404436599,-27.882194896998143,20.7564,1.5962715457445753,-2.534919701413649,False,True,IF-3,0.5075678209224012,0.43813179972674693,0.06943602119565423,False,False
development_3,three_day_negative_sustained_drop,4,CA_2,FOODS_2,2015-07-31,2,369.0,285.9744,346.08961516988944,20.09725404436599,-27.882194896998143,20.7564,2.5273392879933145,-1.6038519591649096,False,True,IF-3,0.45720469584993073,0.46384288834926,-0.006638192499329287,False,False
development_3,three_day_negative_sustained_drop,4,CA_2,FOODS_2,2015-08-01,3,516.0,432.9744,490.4989003111284,20.09725404436599,-27.882194896998143,20.7564,2.65624818535023,-1.474943061807994,False,True,IF-3,0.4731189292641066,0.4914855895207546,-0.018366660256648015,False,False
development_3,one_day_positive_spike,2,CA_2,FOODS_3,2015-08-02,1,2250.0,2626.5804,2235.068852265247,111.20367211676187,-11.501883919436295,188.2902,0.2376992697366585,3.6241018302977626,True,True,IF-3,0.6783720258199222,0.5026002600947602,0.17577176572516195,True,True
development_3,one_day_positive_spike,4,CA_2,FOODS_3,2015-08-02,1,2250.0,3003.1608,2235.068852265247,111.20367211676187,-11.501883919436295,188.2902,0.2376992697366585,7.010504390858871,True,True,IF-3,0.731194728624481,0.5026002600947602,0.22859446852972076,True,True
development_3,one_day_negative_drop,2,CA_2,FOODS_3,2015-08-03,1,1427.0,1050.4196,1824.0730273158167,111.20367211676187,-11.501883919436295,188.2902,-3.467251899663328,-6.853654460224434,True,True,IF-3,0.7338458222955371,0.7003961369272557,0.03344968536828141,True,True
development_3,one_day_negative_drop,4,CA_2,FOODS_3,2015-08-03,1,1427.0,673.8392,1824.0730273158167,111.20367211676187,-11.501883919436295,188.2902,-3.467251899663328,-10.240057020785539,True,True,IF-3,0.7338458222955371,0.7003961369272557,0.03344968536828141,True,True
development_3,two_day_positive_sustained_spike,2,CA_2,FOODS_3,2015-08-04,1,1410.0,1786.5804,1639.3709405289112,111.20367211676187,-11.501883919436295,188.2902,-1.9591894086079846,1.4272131519531215,False,True,IF-3,0.536267569558451,0.618968054843927,-0.08270048528547602,False,False
development_3,two_day_positive_sustained_spike,2,CA_2,FOODS_3,2015-08-05,2,1462.0,1838.5804,1632.8886935735952,111.20367211676187,-11.501883919436295,188.2902,-1.43328728827233,1.9531152722887761,False,True,IF-3,0.5890431387703282,0.5819089195867063,0.007134219183621893,True,False
development_3,two_day_positive_sustained_spike,4,CA_2,FOODS_3,2015-08-04,1,1410.0,2163.1608,1639.3709405289112,111.20367211676187,-11.501883919436295,188.2902,-1.9591894086079846,4.813615712514228,True,True,IF-3,0.7249530558020484,0.618968054843927,0.10598500095812136,True,True
development_3,two_day_positive_sustained_spike,4,CA_2,FOODS_3,2015-08-05,2,1462.0,2215.1608,1632.8886935735952,111.20367211676187,-11.501883919436295,188.2902,-1.43328728827233,5.339517832849882,True,True,IF-3,0.7315872318239902,0.5819089195867063,0.1496783122372839,True,True
development_3,two_day_negative_sustained_drop,2,CA_2,FOODS_3,2015-08-06,1,1471.0,1094.4196,1639.4037421789008,111.20367211676187,-11.501883919436295,188.2902,-1.4109413409902536,-4.7973439015513595,True,True,IF-3,0.7270493349329546,0.5762641786000025,0.1507851563329522,True,True
development_3,two_day_negative_sustained_drop,2,CA_2,FOODS_3,2015-08-07,2,1899.0,1522.4196,1880.2600625435448,111.20367211676187,-11.501883919436295,188.2902,0.2719498448229132,-3.1144527157381927,True,True,IF-3,0.6785066998785447,0.5051225397168446,0.1733841601617001,True,True
development_3,two_day_negative_sustained_drop,4,CA_2,FOODS_3,2015-08-06,1,1471.0,717.8392,1639.4037421789008,111.20367211676187,-11.501883919436295,188.2902,-1.4109413409902536,-8.183746462112465,True,True,IF-3,0.7351309806971702,0.5762641786000025,0.15886680209716775,True,True
development_3,two_day_negative_sustained_drop,4,CA_2,FOODS_3,2015-08-07,2,1899.0,1145.8392,1880.2600625435448,111.20367211676187,-11.501883919436295,188.2902,0.2719498448229132,-6.500855276299299,True,True,IF-3,0.7316899780065145,0.5051225397168446,0.22656743828966985,True,True
development_3,three_day_positive_sustained_spike,2,CA_2,FOODS_3,2015-08-08,1,2191.0,2567.5804,2180.514566276022,111.20367211676187,-11.501883919436295,188.2902,0.19772114737657298,3.584123707937677,True,True,IF-3,0.6701766518460948,0.5155188878950645,0.15465776395103026,True,True
development_3,three_day_positive_sustained_spike,2,CA_2,FOODS_3,2015-08-09,2,2166.0,2542.5804,2183.882387316609,111.20367211676187,-11.501883919436295,188.2902,-0.057376732941634756,3.329025827619469,True,True,IF-3,0.6608080439911395,0.494949499000921,0.16585854499021846,True,True
development_3,three_day_positive_sustained_spike,2,CA_2,FOODS_3,2015-08-10,3,1472.0,1848.5804,1749.2311473818634,111.20367211676187,-11.501883919436295,188.2902,-2.389572739858951,0.9968298207021552,False,True,IF-3,0.5182356047908637,0.6450671192588765,-0.12683151446801277,False,False
development_3,three_day_positive_sustained_spike,4,CA_2,FOODS_3,2015-08-08,1,2191.0,2944.1608,2180.514566276022,111.20367211676187,-11.501883919436295,188.2902,0.19772114737657298,6.970526268498785,True,True,IF-3,0.7285515840844595,0.5155188878950645,0.21303269618939502,True,True
development_3,three_day_positive_sustained_spike,4,CA_2,FOODS_3,2015-08-09,2,2166.0,2919.1608,2183.882387316609,111.20367211676187,-11.501883919436295,188.2902,-0.057376732941634756,6.715428388180578,True,True,IF-3,0.7297761091535595,0.494949499000921,0.2348266101526385,True,True
development_3,three_day_positive_sustained_spike,4,CA_2,FOODS_3,2015-08-10,3,1472.0,2225.1608,1749.2311473818634,111.20367211676187,-11.501883919436295,188.2902,-2.389572739858951,4.383232381263261,True,True,IF-3,0.7105297433224184,0.6450671192588765,0.06546262406354186,True,True
development_3,three_day_negative_sustained_drop,2,CA_2,FOODS_3,2015-08-11,1,1483.0,1106.4196,1437.2465901284777,111.20367211676187,-11.501883919436295,188.2902,0.5148687332091137,-2.8715338273519944,False,True,IF-3,0.6477816441051356,0.46547504041903387,0.18230660368610174,True,True
development_3,three_day_negative_sustained_drop,2,CA_2,FOODS_3,2015-08-12,2,1591.0,1214.4196,1440.8907427975882,111.20367211676187,-11.501883919436295,188.2902,1.4532896085675953,-1.9331129519935109,False,True,IF-3,0.5925680457371134,0.5327293747723644,0.05983867096474904,True,False
development_3,three_day_negative_sustained_drop,2,CA_2,FOODS_3,2015-08-13,3,1372.0,995.4196,1448.1885124143553,111.20367211676187,-11.501883919436295,188.2902,-0.5816950759233848,-3.9680976364844907,True,True,IF-3,0.6939831309698535,0.4824810246023842,0.21150210636746936,True,True
development_3,three_day_negative_sustained_drop,4,CA_2,FOODS_3,2015-08-11,1,1483.0,729.8392,1437.2465901284777,111.20367211676187,-11.501883919436295,188.2902,0.5148687332091137,-6.2579363879131,True,True,IF-3,0.7212531393160291,0.46547504041903387,0.2557780988969952,True,True
development_3,three_day_negative_sustained_drop,4,CA_2,FOODS_3,2015-08-12,2,1591.0,837.8392,1440.8907427975882,111.20367211676187,-11.501883919436295,188.2902,1.4532896085675953,-5.319515512554616,True,True,IF-3,0.7245410658290203,0.5327293747723644,0.19181169105665596,True,True
development_3,three_day_negative_sustained_drop,4,CA_2,FOODS_3,2015-08-13,3,1372.0,618.8392,1448.1885124143553,111.20367211676187,-11.501883919436295,188.2902,-0.5816950759233848,-7.354500197045596,True,True,IF-3,0.7205806733747178,0.4824810246023842,0.23809964877233358,True,True
development_4,one_day_positive_spike,2,CA_1,FOODS_1,2015-10-13,1,237.0,386.7426,269.7034852066881,62.14479902683457,-14.665260657116079,74.87129999999999,-0.29026120982035775,2.119314528534513,False,True,IF-3,0.49351125412794505,0.39724473120950554,0.09626652291843951,False,False
development_4,one_day_positive_spike,4,CA_1,FOODS_1,2015-10-13,1,237.0,536.4852,269.7034852066881,62.14479902683457,-14.665260657116079,74.87129999999999,-0.29026120982035775,4.528890266889385,True,True,IF-3,0.6342205636883541,0.39724473120950554,0.23697583247884857,True,True
development_4,one_day_negative_drop,2,CA_1,FOODS_1,2015-10-14,1,229.0,79.25740000000002,269.7034852066881,62.14479902683457,-14.665260657116079,74.87129999999999,-0.4189928193078314,-2.8285685576627024,False,True,IF-3,0.5892348138474738,0.41572642638137647,0.1735083874660973,True,False
development_4,one_day_negative_drop,4,CA_1,FOODS_1,2015-10-14,1,229.0,0.0,269.7034852066881,62.14479902683457,-14.665260657116079,74.87129999999999,-0.4189928193078314,-4.103935140886764,True,True,IF-3,0.6313301559682576,0.41572642638137647,0.21560372958688112,True,True
development_4,two_day_positive_sustained_spike,2,CA_1,FOODS_1,2015-10-15,1,225.0,374.7426,270.54970768425335,62.14479902683457,-14.665260657116079,74.87129999999999,-0.49697557174175017,1.912600166613121,False,True,IF-3,0.4875667983658831,0.4118460109415251,0.075720787424358,False,False
development_4,two_day_positive_sustained_spike,2,CA_1,FOODS_1,2015-10-16,2,284.0,433.7426,316.86662341901166,62.14479902683457,-14.665260657116079,74.87129999999999,-0.29288634040052336,2.1166893979543477,False,True,IF-3,0.49328229571344445,0.4094389732562258,0.08384332245721865,False,False
development_4,two_day_positive_sustained_spike,4,CA_1,FOODS_1,2015-10-15,1,225.0,524.4852,270.54970768425335,62.14479902683457,-14.665260657116079,74.87129999999999,-0.49697557174175017,4.322175904967992,True,True,IF-3,0.6369802323332098,0.4118460109415251,0.22513422139168465,True,True
development_4,two_day_positive_sustained_spike,4,CA_1,FOODS_1,2015-10-16,2,284.0,583.4852,316.86662341901166,62.14479902683457,-14.665260657116079,74.87129999999999,-0.29288634040052336,4.5262651363092195,True,True,IF-3,0.6386290803726584,0.4094389732562258,0.22919010711643262,True,True
development_4,two_day_negative_sustained_drop,2,CA_1,FOODS_1,2015-10-17,1,337.0,187.25740000000002,369.055389957358,62.14479902683457,-14.665260657116079,74.87129999999999,-0.2798324167519268,-2.689408155106798,False,True,IF-3,0.5663428199833243,0.4082159985056836,0.15812682147764068,False,False
development_4,two_day_negative_sustained_drop,2,CA_1,FOODS_1,2015-10-18,2,316.0,166.25740000000002,345.6167150101281,62.14479902683457,-14.665260657116079,74.87129999999999,-0.24059059788021603,-2.6501663362350873,False,True,IF-3,0.5663032876371263,0.4052225010217291,0.16108078661539726,False,False
development_4,two_day_negative_sustained_drop,4,CA_1,FOODS_1,2015-10-17,1,337.0,37.51480000000004,369.055389957358,62.14479902683457,-14.665260657116079,74.87129999999999,-0.2798324167519268,-5.09898389346167,True,True,IF-3,0.6466873291046518,0.4082159985056836,0.2384713305989682,True,True
development_4,two_day_negative_sustained_drop,4,CA_1,FOODS_1,2015-10-18,2,316.0,16.514800000000037,345.6167150101281,62.14479902683457,-14.665260657116079,74.87129999999999,-0.24059059788021603,-5.059742074589958,True,True,IF-3,0.6402986234290369,0.4052225010217291,0.2350761224073078,True,True
development_4,three_day_positive_sustained_spike,2,CA_1,FOODS_1,2015-10-19,1,263.0,412.7426,270.51738916585936,62.14479902683457,-14.665260657116079,74.87129999999999,0.11501962518488829,2.5245953635397593,False,True,IF-3,0.5247125333270397,0.40235913661802813,0.12235339670901157,False,False
development_4,three_day_positive_sustained_spike,2,CA_1,FOODS_1,2015-10-20,2,189.0,338.7426,267.4188275883595,62.14479902683457,-14.665260657116079,74.87129999999999,-1.0258874102032924,1.3836883281515788,False,True,IF-3,0.4406700926540865,0.4516230237608114,-0.010952931106724906,False,False
development_4,three_day_positive_sustained_spike,2,CA_1,FOODS_1,2015-10-21,3,215.0,364.7426,267.4188275883595,62.14479902683457,-14.665260657116079,74.87129999999999,-0.607509679369003,1.8020660589858681,False,True,IF-3,0.4899720249304801,0.423718420158423,0.0662536047720571,False,False
development_4,three_day_positive_sustained_spike,4,CA_1,FOODS_1,2015-10-19,1,263.0,562.4852,270.51738916585936,62.14479902683457,-14.665260657116079,74.87129999999999,0.11501962518488829,4.934171101894631,True,True,IF-3,0.6521931560338451,0.40235913661802813,0.24983401941581695,True,True
development_4,three_day_positive_sustained_spike,4,CA_1,FOODS_1,2015-10-20,2,189.0,488.48519999999996,267.4188275883595,62.14479902683457,-14.665260657116079,74.87129999999999,-1.0258874102032924,3.79326406650645,True,True,IF-3,0.5981860430695551,0.4516230237608114,0.1465630193087437,True,False
development_4,three_day_positive_sustained_spike,4,CA_1,FOODS_1,2015-10-21,3,215.0,514.4852,267.4188275883595,62.14479902683457,-14.665260657116079,74.87129999999999,-0.607509679369003,4.2116417973407385,True,True,IF-3,0.6300475572483911,0.423718420158423,0.20632913708996814,True,True
development_4,three_day_negative_sustained_drop,2,CA_1,FOODS_1,2015-10-22,1,207.0,57.25740000000002,268.26505006592475,62.14479902683457,-14.665260657116079,74.87129999999999,-0.7498582365466586,-3.1594339749015297,True,True,IF-3,0.6108634752254727,0.42707854554695146,0.18378492967852122,True,False
development_4,three_day_negative_sustained_drop,2,CA_1,FOODS_1,2015-10-23,2,297.0,147.25740000000002,311.61170068610704,62.14479902683457,-14.665260657116079,74.87129999999999,0.0008618576590119644,-2.408713880695859,False,True,IF-3,0.5539301743461026,0.4053497390224739,0.1485804353236287,False,False
development_4,three_day_negative_sustained_drop,2,CA_1,FOODS_1,2015-10-24,3,362.0,212.25740000000002,361.79664311811854,62.14479902683457,-14.665260657116079,74.87129999999999,0.2392576333311041,-2.170318105023767,False,True,IF-3,0.516668135864515,0.4157929347625314,0.10087520110198361,False,False
development_4,three_day_negative_sustained_drop,4,CA_1,FOODS_1,2015-10-22,1,207.0,0.0,268.26505006592475,62.14479902683457,-14.665260657116079,74.87129999999999,-0.7498582365466586,-4.0807886320350395,True,True,IF-3,0.6386160719047952,0.42707854554695146,0.21153752635784373,True,True
development_4,three_day_negative_sustained_drop,4,CA_1,FOODS_1,2015-10-23,2,297.0,0.0,311.61170068610704,62.14479902683457,-14.665260657116079,74.87129999999999,0.0008618576590119644,-4.778299144563448,True,True,IF-3,0.6481205831447607,0.4053497390224739,0.24277084412228683,True,True
development_4,three_day_negative_sustained_drop,4,CA_1,FOODS_1,2015-10-24,3,362.0,62.51480000000004,361.79664311811854,62.14479902683457,-14.665260657116079,74.87129999999999,0.2392576333311041,-4.579893843378637,True,True,IF-3,0.6367716309404301,0.4157929347625314,0.22097869617789873,True,True
development_4,one_day_positive_spike,2,CA_1,FOODS_2,2015-10-25,1,639.0,852.4944,662.9648945800058,54.60486034584416,7.728493995641968,106.74719999999999,-0.580413325387432,3.3293924803195423,True,True,IF-3,0.5533118842552628,0.41497418404667347,0.13833770020858932,False,False
development_4,one_day_positive_spike,4,CA_1,FOODS_2,2015-10-25,1,639.0,1065.9888,662.9648945800058,54.60486034584416,7.728493995641968,106.74719999999999,-0.580413325387432,7.239198286026517,True,True,IF-3,0.684642387967916,0.41497418404667347,0.2696682039212425,True,True
development_4,one_day_negative_drop,2,CA_1,FOODS_2,2015-10-26,1,535.0,321.5056,519.7598820661957,54.60486034584416,7.728493995641968,106.74719999999999,0.13756328448762387,-3.7722425212193498,True,True,IF-3,0.5905409069965464,0.41301022475550564,0.17753068224104074,True,False
development_4,one_day_negative_drop,4,CA_1,FOODS_2,2015-10-26,1,535.0,108.01120000000003,519.7598820661957,54.60486034584416,7.728493995641968,106.74719999999999,0.13756328448762387,-7.6820483269263224,True,True,IF-3,0.6812935731320165,0.41301022475550564,0.2682833483765109,True,True
development_4,two_day_positive_sustained_spike,2,CA_1,FOODS_2,2015-10-27,1,475.0,688.4944,454.0572440479013,54.60486034584416,7.728493995641968,106.74719999999999,0.24199790774599975,4.151803713452973,True,True,IF-3,0.6152824652406956,0.4023377241329731,0.21294474110772255,True,False
development_4,two_day_positive_sustained_spike,2,CA_1,FOODS_2,2015-10-28,2,342.0,555.4944,452.5104622559659,54.60486034584416,7.728493995641968,106.74719999999999,-2.1653558951113903,1.744449910595584,False,True,IF-3,0.4912515552316214,0.520483813288819,-0.02923225805719759,False,False
development_4,two_day_positive_sustained_spike,4,CA_1,FOODS_2,2015-10-27,1,475.0,901.9888,454.0572440479013,54.60486034584416,7.728493995641968,106.74719999999999,0.24199790774599975,8.061609519159946,True,True,IF-3,0.7004281639487833,0.4023377241329731,0.2980904398158102,True,True
development_4,two_day_positive_sustained_spike,4,CA_1,FOODS_2,2015-10-28,2,342.0,768.9888,452.5104622559659,54.60486034584416,7.728493995641968,106.74719999999999,-2.1653558951113903,5.654255716302557,True,True,IF-3,0.6661054620083121,0.520483813288819,0.14562164871949312,True,True
development_4,two_day_negative_sustained_drop,2,CA_1,FOODS_2,2015-10-29,1,359.0,145.50560000000002,455.777927183964,54.60486034584416,7.728493995641968,106.74719999999999,-1.9138666506553876,-5.8236724563623605,True,True,IF-3,0.6523604949225481,0.5020582884132154,0.15030220650933268,True,True
development_4,two_day_negative_sustained_drop,2,CA_1,FOODS_2,2015-10-30,2,489.0,275.5056,492.8107296588738,54.60486034584416,7.728493995641968,106.74719999999999,-0.2113222812297514,-4.121128086936725,True,True,IF-3,0.5993943696712923,0.41196591501761026,0.18742845465368208,True,False
development_4,two_day_negative_sustained_drop,4,CA_1,FOODS_2,2015-10-29,1,359.0,0.0,455.777927183964,54.60486034584416,7.728493995641968,106.74719999999999,-1.9138666506553876,-8.4883729807924,True,True,IF-3,0.6915540594847954,0.5020582884132154,0.18949577107158,True,True
development_4,two_day_negative_sustained_drop,4,CA_1,FOODS_2,2015-10-30,2,489.0,62.01120000000003,492.8107296588738,54.60486034584416,7.728493995641968,106.74719999999999,-0.2113222812297514,-8.030933892643697,True,True,IF-3,0.6833703064600499,0.41196591501761026,0.27140439144243966,True,True
development_4,three_day_positive_sustained_spike,2,CA_1,FOODS_2,2015-10-31,1,526.0,739.4944,584.8735066870805,54.60486034584416,7.728493995641968,106.74719999999999,-1.2197082871541747,2.6900975185528,False,True,IF-3,0.6222181541302834,0.5477551694754557,0.0744629846548277,True,False
development_4,three_day_positive_sustained_spike,2,CA_1,FOODS_2,2015-11-01,2,688.0,901.4944,784.3384624997943,54.60486034584416,7.728493995641968,106.74719999999999,-1.9058185633352063,2.003987242371768,False,True,IF-3,0.4908251213797657,0.5000395892426571,-0.009214467862891429,False,False
development_4,three_day_positive_sustained_spike,2,CA_1,FOODS_2,2015-11-02,3,575.0,788.4944,653.0960902575379,54.60486034584416,7.728493995641968,106.74719999999999,-1.571738920484424,2.3380668852225504,False,True,IF-3,0.5303945210127938,0.49557140202087135,0.034823118991922475,False,False
development_4,three_day_positive_sustained_spike,4,CA_1,FOODS_2,2015-10-31,1,526.0,952.9888,584.8735066870805,54.60486034584416,7.728493995641968,106.74719999999999,-1.2197082871541747,6.599903324259773,True,True,IF-3,0.7130384657264958,0.5477551694754557,0.1652832962510401,True,True
development_4,three_day_positive_sustained_spike,4,CA_1,FOODS_2,2015-11-01,2,688.0,1114.9888,784.3384624997943,54.60486034584416,7.728493995641968,106.74719999999999,-1.9058185633352063,5.913793048078743,True,True,IF-3,0.6643589848837391,0.5000395892426571,0.164319395641082,True,True
development_4,three_day_positive_sustained_spike,4,CA_1,FOODS_2,2015-11-02,3,575.0,1001.9888,653.0960902575379,54.60486034584416,7.728493995641968,106.74719999999999,-1.571738920484424,6.2478726909295235,True,True,IF-3,0.6905416800892434,0.49557140202087135,0.19497027806837208,True,True
development_4,three_day_negative_sustained_drop,2,CA_1,FOODS_2,2015-11-03,1,622.0,408.5056,601.0215197816923,54.60486034584416,7.728493995641968,106.74719999999999,0.2426521400978945,-3.667153665609079,True,True,IF-3,0.615829964597676,0.43951873995802776,0.17631122463964827,True,False
development_4,three_day_negative_sustained_drop,2,CA_1,FOODS_2,2015-11-04,2,525.0,311.5056,572.6170965406551,54.60486034584416,7.728493995641968,106.74719999999999,-1.0135652794597667,-4.92337108516674,True,True,IF-3,0.651226860148059,0.46678784677692253,0.18443901337113644,True,True
development_4,three_day_negative_sustained_drop,2,CA_1,FOODS_2,2015-11-05,3,440.0,226.50560000000002,574.0589420288231,54.60486034584416,7.728493995641968,106.74719999999999,-2.5966083445034616,-6.506414150210435,True,True,IF-3,0.6746124877186354,0.5721368625430365,0.10247562517559883,True,True
development_4,three_day_negative_sustained_drop,4,CA_1,FOODS_2,2015-11-03,1,622.0,195.01120000000003,601.0215197816923,54.60486034584416,7.728493995641968,106.74719999999999,0.2426521400978945,-7.5769594713160515,True,True,IF-3,0.6889981651332221,0.43951873995802776,0.24947942517519434,True,True
development_4,three_day_negative_sustained_drop,4,CA_1,FOODS_2,2015-11-04,2,525.0,98.01120000000003,572.6170965406551,54.60486034584416,7.728493995641968,106.74719999999999,-1.0135652794597667,-8.833176890873712,True,True,IF-3,0.7107458780400553,0.46678784677692253,0.24395803126313276,True,True
development_4,three_day_negative_sustained_drop,4,CA_1,FOODS_2,2015-11-05,3,440.0,13.01120000000003,574.0589420288231,54.60486034584416,7.728493995641968,106.74719999999999,-2.5966083445034616,-10.41621995591741,True,True,IF-3,0.7149109804457969,0.5721368625430365,0.1427741179027604,True,True
development_4,one_day_positive_spike,2,CA_1,FOODS_3,2015-10-13,1,1906.0,2770.3558,1724.8064754384272,173.53821622377438,-33.75224410736769,432.17789999999997,1.2386076873797744,6.2193883984447575,True,True,IF-3,0.7282571711573392,0.5441380465873125,0.18411912457002677,True,True
development_4,one_day_positive_spike,4,CA_1,FOODS_3,2015-10-13,1,1906.0,3634.7115999999996,1724.8064754384272,173.53821622377438,-33.75224410736769,432.17789999999997,1.2386076873797744,11.20016910950974,True,True,IF-3,0.7282571711573392,0.5441380465873125,0.18411912457002677,True,True
development_4,one_day_negative_drop,2,CA_1,FOODS_3,2015-10-14,1,1727.0,862.6442000000001,1718.9436664388918,173.53821622377438,-33.75224410736769,432.17789999999997,0.24091856294387912,-4.739862148121105,True,True,IF-3,0.7247450123669299,0.47870565810043453,0.24603935426649537,True,True
development_4,one_day_negative_drop,4,CA_1,FOODS_3,2015-10-14,1,1727.0,0.0,1718.9436664388918,173.53821622377438,-33.75224410736769,432.17789999999997,0.24091856294387912,-9.710779901981361,True,True,IF-3,0.7247450123669299,0.47870565810043453,0.24603935426649537,True,True
development_4,two_day_positive_sustained_spike,2,CA_1,FOODS_3,2015-10-15,1,1725.0,2589.3558,1719.955083487008,173.53821622377438,-33.75224410736769,432.17789999999997,0.22356551464336452,5.204346225708348,True,True,IF-3,0.7342711630997232,0.4753190098039425,0.2589521532957807,True,True
development_4,two_day_positive_sustained_spike,2,CA_1,FOODS_3,2015-10-16,2,1897.0,2761.3558,2101.9943072141277,173.53821622377438,-33.75224410736769,432.17789999999997,-0.9867686025189202,3.9940121085460634,True,True,IF-3,0.7233972468738037,0.5638639177179241,0.1595333291558796,True,True
development_4,two_day_positive_sustained_spike,4,CA_1,FOODS_3,2015-10-15,1,1725.0,3453.7115999999996,1719.955083487008,173.53821622377438,-33.75224410736769,432.17789999999997,0.22356551464336452,10.185126936773331,True,True,IF-3,0.7359673815871097,0.4753190098039425,0.26064837178316724,True,True
development_4,two_day_positive_sustained_spike,4,CA_1,FOODS_3,2015-10-16,2,1897.0,3625.7115999999996,2101.9943072141277,173.53821622377438,-33.75224410736769,432.17789999999997,-0.9867686025189202,8.974792819611046,True,True,IF-3,0.7349576903968359,0.5638639177179241,0.1710937726789118,True,True
development_4,two_day_negative_sustained_drop,2,CA_1,FOODS_3,2015-10-17,1,2611.0,1746.6442000000002,2683.9554785943383,173.53821622377438,-33.75224410736769,432.17789999999997,-0.22590548260804252,-5.2066861936730255,True,True,IF-3,0.726092458676101,0.539447143181529,0.18664531549457197,True,True
development_4,two_day_negative_sustained_drop,2,CA_1,FOODS_3,2015-10-18,2,2979.0,2114.6442,2874.2857395149476,173.53821622377438,-33.75224410736769,432.17789999999997,0.7979020852321659,-4.182878625832817,True,True,IF-3,0.7298311968974932,0.5576621265420247,0.17216907035546847,True,True
development_4,two_day_negative_sustained_drop,4,CA_1,FOODS_3,2015-10-17,1,2611.0,882.2884000000001,2683.9554785943383,173.53821622377438,-33.75224410736769,432.17789999999997,-0.22590548260804252,-10.187466904738011,True,True,IF-3,0.726092458676101,0.539447143181529,0.18664531549457197,True,True
development_4,two_day_negative_sustained_drop,4,CA_1,FOODS_3,2015-10-18,2,2979.0,1250.2884000000001,2874.2857395149476,173.53821622377438,-33.75224410736769,432.17789999999997,0.7979020852321659,-9.163659336897803,True,True,IF-3,0.7298311968974932,0.5576621265420247,0.17216907035546847,True,True
development_4,three_day_positive_sustained_spike,2,CA_1,FOODS_3,2015-10-19,1,1829.0,2693.3558,1934.438462522733,173.53821622377438,-33.75224410736769,432.17789999999997,-0.4130860623975027,4.567694648667481,True,True,IF-3,0.7335935329281431,0.5162216423809741,0.217371890547169,True,True
development_4,three_day_positive_sustained_spike,2,CA_1,FOODS_3,2015-10-20,2,1693.0,2557.3558,1705.8027673523472,173.53821622377438,-33.75224410736769,432.17789999999997,0.1207196732275182,5.1015003842925015,True,True,IF-3,0.7221922175960586,0.4685486016946187,0.25364361590143986,True,True
development_4,three_day_positive_sustained_spike,2,CA_1,FOODS_3,2015-10-21,3,1600.0,2464.3558,1700.5436508492648,173.53821622377438,-33.75224410736769,432.17789999999997,-0.3848801041942879,4.595900606870695,True,True,IF-3,0.7248473646318518,0.5078379514771916,0.21700941315466027,True,True
development_4,three_day_positive_sustained_spike,4,CA_1,FOODS_3,2015-10-19,1,1829.0,3557.7115999999996,1934.438462522733,173.53821622377438,-33.75224410736769,432.17789999999997,-0.4130860623975027,9.548475359732464,True,True,IF-3,0.7393723131170272,0.5162216423809741,0.2231506707360531,True,True
development_4,three_day_positive_sustained_spike,4,CA_1,FOODS_3,2015-10-20,2,1693.0,3421.7115999999996,1705.8027673523472,173.53821622377438,-33.75224410736769,432.17789999999997,0.1207196732275182,10.082281095357486,True,True,IF-3,0.7282571711573392,0.4685486016946187,0.25970856946272053,True,True
development_4,three_day_positive_sustained_spike,4,CA_1,FOODS_3,2015-10-21,3,1600.0,3328.7115999999996,1700.5436508492648,173.53821622377438,-33.75224410736769,432.17789999999997,-0.3848801041942879,9.576681317935678,True,True,IF-3,0.731716518046097,0.5078379514771916,0.22387856656890548,True,True
development_4,three_day_negative_sustained_drop,2,CA_1,FOODS_3,2015-10-22,1,1443.0,578.6442000000001,1699.6503253370151,173.53821622377438,-33.75224410736769,432.17789999999997,-1.2844322482963892,-6.265212959361373,True,True,IF-3,0.7223994520355265,0.5991446308932062,0.12325482114232023,True,True
development_4,three_day_negative_sustained_drop,2,CA_1,FOODS_3,2015-10-23,2,1845.0,980.6442000000001,2094.1810142217923,173.53821622377438,-33.75224410736769,432.17789999999997,-1.2413909443245235,-6.2221716553895074,True,True,IF-3,0.7232635152317874,0.5860177971896645,0.13724571804212293,True,True
development_4,three_day_negative_sustained_drop,2,CA_1,FOODS_3,2015-10-24,3,2379.0,1514.6442000000002,2587.8566247927647,173.53821622377438,-33.75224410736769,432.17789999999997,-1.0090248966233644,-5.989805607688348,True,True,IF-3,0.725190885413527,0.571152488686891,0.1540383967266361,True,True
development_4,three_day_negative_sustained_drop,4,CA_1,FOODS_3,2015-10-22,1,1443.0,0.0,1699.6503253370151,173.53821622377438,-33.75224410736769,432.17789999999997,-1.2844322482963892,-9.599603577125064,True,True,IF-3,0.7223994520355265,0.5991446308932062,0.12325482114232023,True,True
development_4,three_day_negative_sustained_drop,4,CA_1,FOODS_3,2015-10-23,2,1845.0,116.28840000000014,2094.1810142217923,173.53821622377438,-33.75224410736769,432.17789999999997,-1.2413909443245235,-11.202952366454491,True,True,IF-3,0.7232635152317874,0.5860177971896645,0.13724571804212293,True,True
development_4,three_day_negative_sustained_drop,4,CA_1,FOODS_3,2015-10-24,3,2379.0,650.2884000000001,2587.8566247927647,173.53821622377438,-33.75224410736769,432.17789999999997,-1.0090248966233644,-10.970586318753332,True,True,IF-3,0.725190885413527,0.571152488686891,0.1540383967266361,True,True
development_4,one_day_positive_spike,2,CA_1,HOBBIES_1,2015-10-25,1,633.0,807.9467999999999,568.758002579985,64.68263828354812,17.289827805758932,87.4734,0.7258851967112513,3.430580067583537,True,True,IF-3,0.5880676846595154,0.43221074651437386,0.15585693814514157,True,False
development_4,one_day_positive_spike,4,CA_1,HOBBIES_1,2015-10-25,1,633.0,982.8936,568.758002579985,64.68263828354812,17.289827805758932,87.4734,0.7258851967112513,6.135274938455825,True,True,IF-3,0.6838807054488507,0.43221074651437386,0.25166995893447686,True,True
development_4,one_day_negative_drop,2,CA_1,HOBBIES_1,2015-10-26,1,459.0,284.0532,430.6324825283361,64.68263828354812,17.289827805758932,87.4734,0.17126218039134267,-2.533432690480944,False,True,IF-3,0.5483697521142387,0.41059366734271024,0.13777608477152842,False,False
development_4,one_day_negative_drop,4,CA_1,HOBBIES_1,2015-10-26,1,459.0,109.10640000000001,430.6324825283361,64.68263828354812,17.289827805758932,87.4734,0.17126218039134267,-5.238127561353231,True,True,IF-3,0.649158867935934,0.41059366734271024,0.23856520059322378,True,True
development_4,two_day_positive_sustained_spike,2,CA_1,HOBBIES_1,2015-10-27,1,450.0,624.9467999999999,403.3736608718867,64.68263828354812,17.289827805758932,87.4734,0.45354537323837046,3.1582402441106563,True,True,IF-3,0.5843463079937203,0.41068875656946113,0.1736575514242592,True,False
development_4,two_day_positive_sustained_spike,2,CA_1,HOBBIES_1,2015-10-28,2,404.0,578.9467999999999,400.5014611656934,64.68263828354812,17.289827805758932,87.4734,-0.2132146946603462,2.4914801762119394,False,True,IF-3,0.5616502415096489,0.4158381832271746,0.14581205828247434,False,False
development_4,two_day_positive_sustained_spike,4,CA_1,HOBBIES_1,2015-10-27,1,450.0,799.8936,403.3736608718867,64.68263828354812,17.289827805758932,87.4734,0.45354537323837046,5.862935114982943,True,True,IF-3,0.685939709517178,0.41068875656946113,0.27525095294771684,True,True
development_4,two_day_positive_sustained_spike,4,CA_1,HOBBIES_1,2015-10-28,2,404.0,753.8936,400.5014611656934,64.68263828354812,17.289827805758932,87.4734,-0.2132146946603462,5.196175047084227,True,True,IF-3,0.6742050136014505,0.4158381832271746,0.2583668303742759,True,True
development_4,two_day_negative_sustained_drop,2,CA_1,HOBBIES_1,2015-10-29,1,385.0,210.0532,401.3476836432587,64.68263828354812,17.289827805758932,87.4734,-0.5200392615644627,-3.2247341324367493,True,True,IF-3,0.6002494454575881,0.4038327846985577,0.19641666075903036,True,False
development_4,two_day_negative_sustained_drop,2,CA_1,HOBBIES_1,2015-10-30,2,524.0,349.0532,465.669131767829,64.68263828354812,17.289827805758932,87.4734,0.6344985534835667,-2.07019631738872,False,True,IF-3,0.5069757840305721,0.4221403223708211,0.08483546165975098,False,False
development_4,two_day_negative_sustained_drop,4,CA_1,HOBBIES_1,2015-10-29,1,385.0,35.10640000000001,401.3476836432587,64.68263828354812,17.289827805758932,87.4734,-0.5200392615644627,-5.929429003309036,True,True,IF-3,0.6725390454565833,0.4038327846985577,0.26870626075802556,True,True
development_4,two_day_negative_sustained_drop,4,CA_1,HOBBIES_1,2015-10-30,2,524.0,174.1064,465.669131767829,64.68263828354812,17.289827805758932,87.4734,0.6344985534835667,-4.774891188261007,True,True,IF-3,0.6400279743372893,0.4221403223708211,0.2178876519664682,True,True
development_4,three_day_positive_sustained_spike,2,CA_1,HOBBIES_1,2015-10-31,1,661.0,835.9467999999999,543.9278010994091,64.68263828354812,17.289827805758932,87.4734,1.5426453487784126,4.247340219650699,True,True,IF-3,0.6853811239279639,0.5881339618919361,0.09724716203602779,True,True
development_4,three_day_positive_sustained_spike,2,CA_1,HOBBIES_1,2015-11-01,2,572.0,746.9467999999999,611.3003889869187,64.68263828354812,17.289827805758932,87.4734,-0.8748903615310828,1.829804509341203,False,True,IF-3,0.4952032001604052,0.4327185141562666,0.06248468600413859,False,False
development_4,three_day_positive_sustained_spike,2,CA_1,HOBBIES_1,2015-11-02,3,565.0,739.9467999999999,493.7194043199268,64.68263828354812,17.289827805758932,87.4734,0.8347026235639292,3.5393974944362148,True,True,IF-3,0.6282431434712143,0.46459822489026714,0.1636449185809472,True,False
development_4,three_day_positive_sustained_spike,4,CA_1,HOBBIES_1,2015-10-31,1,661.0,1010.8936,543.9278010994091,64.68263828354812,17.289827805758932,87.4734,1.5426453487784126,6.952035090522986,True,True,IF-3,0.7289382704730017,0.5881339618919361,0.14080430858106563,True,True
development_4,three_day_positive_sustained_spike,4,CA_1,HOBBIES_1,2015-11-01,2,572.0,921.8936,611.3003889869187,64.68263828354812,17.289827805758932,87.4734,-0.8748903615310828,4.53449938021349,True,True,IF-3,0.6487235547791191,0.4327185141562666,0.21600504062285253,True,True
development_4,three_day_positive_sustained_spike,4,CA_1,HOBBIES_1,2015-11-02,3,565.0,914.8936,493.7194043199268,64.68263828354812,17.289827805758932,87.4734,0.8347026235639292,6.244092365308503,True,True,IF-3,0.7076410302044764,0.46459822489026714,0.2430428053142093,True,True
development_4,three_day_negative_sustained_drop,2,CA_1,HOBBIES_1,2015-11-03,1,444.0,269.0532,471.92371795151024,64.68263828354812,17.289827805758932,87.4734,-0.699005899528516,-3.4037007704008024,True,True,IF-3,0.621613893216836,0.4377008297702788,0.18391306344655722,True,False
development_4,three_day_negative_sustained_drop,2,CA_1,HOBBIES_1,2015-11-04,2,514.0,339.0532,423.15111695137034,64.68263828354812,17.289827805758932,87.4734,1.137230286130433,-1.5674645847418536,False,True,IF-3,0.5026728574365713,0.4796469981896161,0.023025859246955216,False,False
development_4,three_day_negative_sustained_drop,2,CA_1,HOBBIES_1,2015-11-05,3,504.0,329.0532,422.7712630370317,64.68263828354812,17.289827805758932,87.4734,0.9885018739792512,-1.7161929968930354,False,True,IF-3,0.5106490855278937,0.4671941062375159,0.04345497929037778,False,False
development_4,three_day_negative_sustained_drop,4,CA_1,HOBBIES_1,2015-11-03,1,444.0,94.10640000000001,471.92371795151024,64.68263828354812,17.289827805758932,87.4734,-0.699005899528516,-6.1083956412730895,True,True,IF-3,0.681700650243187,0.4377008297702788,0.24399982047290825,True,True
development_4,three_day_negative_sustained_drop,4,CA_1,HOBBIES_1,2015-11-04,2,514.0,164.1064,423.15111695137034,64.68263828354812,17.289827805758932,87.4734,1.137230286130433,-4.2721594556141405,True,True,IF-3,0.6492990681294392,0.4796469981896161,0.16965206993982307,True,True
development_4,three_day_negative_sustained_drop,4,CA_1,HOBBIES_1,2015-11-05,3,504.0,154.1064,422.7712630370317,64.68263828354812,17.289827805758932,87.4734,0.9885018739792512,-4.420887867765322,True,True,IF-3,0.6505349642430543,0.4671941062375159,0.18334085800553845,True,True
development_4,one_day_positive_spike,2,CA_1,HOBBIES_2,2015-10-13,1,33.0,56.721599999999995,37.47042790344538,10.25475666079229,-6.145024159855325,11.8608,0.16329946304942947,2.4765284147120665,False,True,IF-3,0.4769539961050883,0.4034826213992786,0.07347137470580972,False,False
development_4,one_day_positive_spike,4,CA_1,HOBBIES_2,2015-10-13,1,33.0,80.44319999999999,37.47042790344538,10.25475666079229,-6.145024159855325,11.8608,0.16329946304942947,4.789757366374704,True,True,IF-3,0.5299236536930109,0.4034826213992786,0.12644103229373227,False,False
development_4,one_day_negative_drop,2,CA_1,HOBBIES_2,2015-10-14,1,53.0,29.2784,37.47042790344538,10.25475666079229,-6.145024159855325,11.8608,2.113613903612155,-0.19961504805048236,False,True,IF-3,0.4131606508087952,0.47548656983211646,-0.06232591902332124,False,False
development_4,one_day_negative_drop,4,CA_1,HOBBIES_2,2015-10-14,1,53.0,5.556800000000003,37.47042790344538,10.25475666079229,-6.145024159855325,11.8608,2.113613903612155,-2.5128439997131196,False,True,IF-3,0.5007180211905333,0.47548656983211646,0.025231451358416868,False,False
development_4,two_day_positive_sustained_spike,2,CA_1,HOBBIES_2,2015-10-15,1,47.0,70.7216,37.891314538212896,10.25475666079229,-6.145024159855325,11.8608,1.4874765073619909,3.800705459024628,True,True,IF-3,0.5236825297449661,0.44283944693041166,0.08084308281455443,False,False
development_4,two_day_positive_sustained_spike,2,CA_1,HOBBIES_2,2015-10-16,2,94.0,117.7216,41.314317114289594,10.25475666079229,-6.145024159855325,11.8608,5.736918874974107,8.050147826636744,True,True,IF-3,0.5691011772750679,0.5599776405784835,0.009123536696584389,False,False
development_4,two_day_positive_sustained_spike,4,CA_1,HOBBIES_2,2015-10-15,1,47.0,94.44319999999999,37.891314538212896,10.25475666079229,-6.145024159855325,11.8608,1.4874765073619909,6.113934410687265,True,True,IF-3,0.5677869182226631,0.44283944693041166,0.12494747129225148,False,False
development_4,two_day_positive_sustained_spike,4,CA_1,HOBBIES_2,2015-10-16,2,94.0,141.4432,41.314317114289594,10.25475666079229,-6.145024159855325,11.8608,5.736918874974107,10.363376778299381,True,True,IF-3,0.5804264516492648,0.5599776405784835,0.020448811070781225,False,False
development_4,two_day_negative_sustained_drop,2,CA_1,HOBBIES_2,2015-10-17,1,48.0,24.2784,49.618597843966285,10.25475666079229,-6.145024159855325,11.8608,0.4413977304010766,-1.8718312212615609,False,True,IF-3,0.4519380300641783,0.4238984902137465,0.02803953985043184,False,False
development_4,two_day_negative_sustained_drop,2,CA_1,HOBBIES_2,2015-10-18,2,83.0,59.278400000000005,49.39533090977427,10.25475666079229,-6.145024159855325,11.8608,3.8762200376785887,1.5629910860159517,False,False,IF-3,0.4405034999638313,0.5218061810741758,-0.08130268111034444,False,False
development_4,two_day_negative_sustained_drop,4,CA_1,HOBBIES_2,2015-10-17,1,48.0,0.5568000000000026,49.618597843966285,10.25475666079229,-6.145024159855325,11.8608,0.4413977304010766,-4.1850601729241985,True,True,IF-3,0.5242133503139603,0.4238984902137465,0.10031486010021384,False,False
development_4,two_day_negative_sustained_drop,4,CA_1,HOBBIES_2,2015-10-18,2,83.0,35.5568,49.39533090977427,10.25475666079229,-6.145024159855325,11.8608,3.8762200376785887,-0.750237865646686,False,True,IF-3,0.4123236098837345,0.5218061810741758,-0.10948257119044125,False,False
development_4,three_day_positive_sustained_spike,2,CA_1,HOBBIES_2,2015-10-19,1,65.0,88.7216,38.05160720807166,10.25475666079229,-6.145024159855325,11.8608,3.227128448431349,5.540357400093986,True,True,IF-3,0.5642991352793352,0.5045196010887297,0.05977953419060544,False,False
development_4,three_day_positive_sustained_spike,2,CA_1,HOBBIES_2,2015-10-20,2,79.0,102.7216,37.804632917553974,10.25475666079229,-6.145024159855325,11.8608,4.616432433087476,6.929661384750113,True,True,IF-3,0.5535134689477844,0.5289484920798114,0.024564976867972987,False,False
development_4,three_day_positive_sustained_spike,2,CA_1,HOBBIES_2,2015-10-21,3,83.0,106.7216,37.804632917553974,10.25475666079229,-6.145024159855325,11.8608,5.0064953212000205,7.319724272862658,True,True,IF-3,0.5766980296183858,0.5539171023698855,0.022780927248500338,False,False
development_4,three_day_positive_sustained_spike,4,CA_1,HOBBIES_2,2015-10-19,1,65.0,112.44319999999999,38.05160720807166,10.25475666079229,-6.145024159855325,11.8608,3.227128448431349,7.853586351756623,True,True,IF-3,0.5742150216933688,0.5045196010887297,0.06969542060463907,False,False
development_4,three_day_positive_sustained_spike,4,CA_1,HOBBIES_2,2015-10-20,2,79.0,126.44319999999999,37.804632917553974,10.25475666079229,-6.145024159855325,11.8608,4.616432433087476,9.24289033641275,True,True,IF-3,0.5638583247481171,0.5289484920798114,0.03490983266830572,False,False
development_4,three_day_positive_sustained_spike,4,CA_1,HOBBIES_2,2015-10-21,3,83.0,130.4432,37.804632917553974,10.25475666079229,-6.145024159855325,11.8608,5.0064953212000205,9.632953224525295,True,True,IF-3,0.588804415271149,0.5539171023698855,0.03488731290126357,True,False
development_4,three_day_negative_sustained_drop,2,CA_1,HOBBIES_2,2015-10-22,1,112.0,88.2784,38.110848100482045,10.25475666079229,-6.145024159855325,11.8608,7.804590465356764,5.491361513694127,True,False,IF-3,0.5613940631054783,0.5711607949107463,-0.009766731805267992,False,False
development_4,three_day_negative_sustained_drop,2,CA_1,HOBBIES_2,2015-10-23,2,38.0,14.278400000000001,41.53385067655874,10.25475666079229,-6.145024159855325,11.8608,0.25463046756438984,-2.0585984840982476,False,True,IF-3,0.4851569558502203,0.4183322120655651,0.0668247437846552,False,False
development_4,three_day_negative_sustained_drop,2,CA_1,HOBBIES_2,2015-10-24,3,71.0,47.278400000000005,47.88508904066586,10.25475666079229,-6.145024159855325,11.8608,2.8533036996441825,0.5400747479815453,False,False,IF-3,0.42700562909180484,0.4815338820074264,-0.05452825291562158,False,False
development_4,three_day_negative_sustained_drop,4,CA_1,HOBBIES_2,2015-10-22,1,112.0,64.55680000000001,38.110848100482045,10.25475666079229,-6.145024159855325,11.8608,7.804590465356764,3.17813256203149,True,False,IF-3,0.5014847529638263,0.5711607949107463,-0.06967604194692001,False,False
development_4,three_day_negative_sustained_drop,4,CA_1,HOBBIES_2,2015-10-23,2,38.0,0.0,41.53385067655874,10.25475666079229,-6.145024159855325,11.8608,0.25463046756438984,-3.4509669695047887,True,True,IF-3,0.5292585004425192,0.4183322120655651,0.11092628837695412,False,False
development_4,three_day_negative_sustained_drop,4,CA_1,HOBBIES_2,2015-10-24,3,71.0,23.556800000000003,47.88508904066586,10.25475666079229,-6.145024159855325,11.8608,2.8533036996441825,-1.7731542036810926,False,True,IF-3,0.4498980687089033,0.4815338820074264,-0.03163581329852311,False,False
development_4,one_day_positive_spike,2,CA_1,HOUSEHOLD_1,2015-10-25,1,1104.0,1400.52,1028.17816250825,81.2637179012018,6.783911882279142,148.26,0.849554110893685,4.49841497596635,True,True,IF-3,0.6705630674914631,0.4572481504171732,0.2133149170742899,True,True
development_4,one_day_positive_spike,4,CA_1,HOUSEHOLD_1,2015-10-25,1,1104.0,1697.04,1028.17816250825,81.2637179012018,6.783911882279142,148.26,0.849554110893685,8.147275841039011,True,True,IF-3,0.721566117087478,0.4572481504171732,0.26431796667030477,True,True
development_4,one_day_negative_drop,2,CA_1,HOUSEHOLD_1,2015-10-26,1,793.0,496.48,727.4487258690648,81.2637179012018,6.783911882279142,148.26,0.7231685156234645,-2.9256923494491978,False,True,IF-3,0.6110110460559385,0.4378244337034768,0.1731866123524617,True,False
development_4,one_day_negative_drop,4,CA_1,HOUSEHOLD_1,2015-10-26,1,793.0,199.96000000000004,727.4487258690648,81.2637179012018,6.783911882279142,148.26,0.7231685156234645,-6.574553214521859,True,True,IF-3,0.702116240593604,0.4378244337034768,0.2642918068901272,True,True
development_4,two_day_positive_sustained_spike,2,CA_1,HOUSEHOLD_1,2015-10-27,1,641.0,937.52,682.0648618609088,81.2637179012018,6.783911882279142,148.26,-0.5888085726198392,3.060052292452823,True,True,IF-3,0.6009617837601416,0.4208321586873536,0.18012962507278807,True,False
development_4,two_day_positive_sustained_spike,2,CA_1,HOUSEHOLD_1,2015-10-28,2,657.0,953.52,676.2829272787422,81.2637179012018,6.783911882279142,148.26,-0.32076847865504676,3.3280923864176155,True,True,IF-3,0.624102924336801,0.42159130260376115,0.20251162173303988,True,False
development_4,two_day_positive_sustained_spike,4,CA_1,HOUSEHOLD_1,2015-10-27,1,641.0,1234.04,682.0648618609088,81.2637179012018,6.783911882279142,148.26,-0.5888085726198392,6.708913157525486,True,True,IF-3,0.7140752625948046,0.4208321586873536,0.293243103907451,True,True
development_4,two_day_positive_sustained_spike,4,CA_1,HOUSEHOLD_1,2015-10-28,2,657.0,1250.04,676.2829272787422,81.2637179012018,6.783911882279142,148.26,-0.32076847865504676,6.976953251490278,True,True,IF-3,0.7211849028630882,0.42159130260376115,0.2995936002593271,True,True
development_4,two_day_negative_sustained_drop,2,CA_1,HOUSEHOLD_1,2015-10-29,1,601.0,304.48,674.9784150608193,81.2637179012018,6.783911882279142,148.26,-0.9938300760652753,-4.642690941137937,True,True,IF-3,0.6741609550318984,0.4567292188590393,0.21743173617285916,True,True
development_4,two_day_negative_sustained_drop,2,CA_1,HOUSEHOLD_1,2015-10-30,2,782.0,485.48,820.9157413203852,81.2637179012018,6.783911882279142,148.26,-0.5623623233461303,-4.211223188418792,True,True,IF-3,0.6557924927058705,0.4306344051812796,0.22515808752459088,True,True
development_4,two_day_negative_sustained_drop,4,CA_1,HOUSEHOLD_1,2015-10-29,1,601.0,7.960000000000036,674.9784150608193,81.2637179012018,6.783911882279142,148.26,-0.9938300760652753,-8.2915518062106,True,True,IF-3,0.7158062948258553,0.4567292188590393,0.25907707596681606,True,True
development_4,two_day_negative_sustained_drop,4,CA_1,HOUSEHOLD_1,2015-10-30,2,782.0,188.96000000000004,820.9157413203852,81.2637179012018,6.783911882279142,148.26,-0.5623623233461303,-7.860084053491455,True,True,IF-3,0.7127665314141878,0.4306344051812796,0.2821321262329082,True,True
development_4,three_day_positive_sustained_spike,2,CA_1,HOUSEHOLD_1,2015-10-31,1,992.0,1288.52,976.796184585623,81.2637179012018,6.783911882279142,148.26,0.103612088513284,3.7524729535859462,True,True,IF-3,0.6929899768419969,0.555774780399961,0.13721519644203595,True,True
development_4,three_day_positive_sustained_spike,2,CA_1,HOUSEHOLD_1,2015-11-01,2,1081.0,1377.52,1109.480237237023,81.2637179012018,6.783911882279142,148.26,-0.43394703109910965,3.2149138339735526,True,True,IF-3,0.6085221244279306,0.45159771537583043,0.1569244090521002,True,False
development_4,three_day_positive_sustained_spike,2,CA_1,HOUSEHOLD_1,2015-11-02,3,853.0,1149.52,831.0141550143211,81.2637179012018,6.783911882279142,148.26,0.18706913116972892,3.835929996242391,True,True,IF-3,0.6633954188116117,0.45501279511964127,0.20838262369197041,True,True
development_4,three_day_positive_sustained_spike,4,CA_1,HOUSEHOLD_1,2015-10-31,1,992.0,1585.04,976.796184585623,81.2637179012018,6.783911882279142,148.26,0.103612088513284,7.401333818658608,True,True,IF-3,0.744922221035563,0.555774780399961,0.18914744063560207,True,True
development_4,three_day_positive_sustained_spike,4,CA_1,HOUSEHOLD_1,2015-11-01,2,1081.0,1674.04,1109.480237237023,81.2637179012018,6.783911882279142,148.26,-0.43394703109910965,6.863774699046214,True,True,IF-3,0.7265841057268874,0.45159771537583043,0.27498639035105693,True,True
development_4,three_day_positive_sustained_spike,4,CA_1,HOUSEHOLD_1,2015-11-02,3,853.0,1446.04,831.0141550143211,81.2637179012018,6.783911882279142,148.26,0.18706913116972892,7.484790861315054,True,True,IF-3,0.7442669050769709,0.45501279511964127,0.28925410995732964,True,True
development_4,three_day_negative_sustained_drop,2,CA_1,HOUSEHOLD_1,2015-11-03,1,823.0,526.48,784.9103895148343,81.2637179012018,6.783911882279142,148.26,0.3852358643121301,-3.263625000760532,True,True,IF-3,0.6433130437596054,0.451049714009911,0.1922633297496944,True,True
development_4,three_day_negative_sustained_drop,2,CA_1,HOUSEHOLD_1,2015-11-04,2,619.0,322.48,684.0388794484012,81.2637179012018,6.783911882279142,148.26,-0.8838235953959246,-4.5326844604685865,True,True,IF-3,0.6823241697822292,0.47562201468832527,0.20670215509390394,True,True
development_4,three_day_negative_sustained_drop,2,CA_1,HOUSEHOLD_1,2015-11-05,3,668.0,371.48,685.5052391549142,81.2637179012018,6.783911882279142,148.26,-0.29889293358105296,-3.9477537986537152,True,True,IF-3,0.6649910545378306,0.4435098630485118,0.22148119148931877,True,True
development_4,three_day_negative_sustained_drop,4,CA_1,HOUSEHOLD_1,2015-11-03,1,823.0,229.96000000000004,784.9103895148343,81.2637179012018,6.783911882279142,148.26,0.3852358643121301,-6.912485865833194,True,True,IF-3,0.7154634479683838,0.451049714009911,0.2644137339584728,True,True
development_4,three_day_negative_sustained_drop,4,CA_1,HOUSEHOLD_1,2015-11-04,2,619.0,25.960000000000036,684.0388794484012,81.2637179012018,6.783911882279142,148.26,-0.8838235953959246,-8.181545325541249,True,True,IF-3,0.7281997871853538,0.47562201468832527,0.25257777249702856,True,True
development_4,three_day_negative_sustained_drop,4,CA_1,HOUSEHOLD_1,2015-11-05,3,668.0,74.96000000000004,685.5052391549142,81.2637179012018,6.783911882279142,148.26,-0.29889293358105296,-7.596614663726377,True,True,IF-3,0.7186048361478562,0.4435098630485118,0.2750949730993444,True,True
development_4,one_day_positive_spike,2,CA_1,HOUSEHOLD_2,2015-10-13,1,179.0,285.7472,174.61699262737366,24.163544853453068,-7.3854786729166335,53.373599999999996,0.48703475077503816,4.904730939285451,True,True,IF-3,0.554221026099103,0.4044516475841613,0.14976937851494165,False,False
development_4,one_day_positive_spike,4,CA_1,HOUSEHOLD_2,2015-10-13,1,179.0,392.4944,174.61699262737366,24.163544853453068,-7.3854786729166335,53.373599999999996,0.48703475077503816,9.322427127795862,True,True,IF-3,0.6231411659423426,0.4044516475841613,0.2186895183581813,True,False
development_4,one_day_negative_drop,2,CA_1,HOUSEHOLD_2,2015-10-14,1,178.0,71.25280000000001,174.61699262737366,24.163544853453068,-7.3854786729166335,53.373599999999996,0.4456500944232986,-3.972046094087113,True,True,IF-3,0.5440862156926666,0.4167921788254703,0.12729403686719626,False,False
development_4,one_day_negative_drop,4,CA_1,HOUSEHOLD_2,2015-10-14,1,178.0,0.0,174.61699262737366,24.163544853453068,-7.3854786729166335,53.373599999999996,0.4456500944232986,-6.920818736186341,True,True,IF-3,0.5904576960736785,0.4167921788254703,0.17366551724820817,True,False
development_4,two_day_positive_sustained_spike,2,CA_1,HOUSEHOLD_2,2015-10-15,1,185.0,291.7472,175.95340460955046,24.163544853453068,-7.3854786729166335,53.373599999999996,0.6800357382587415,5.097731926769154,True,True,IF-3,0.5708121698535641,0.40994341964719616,0.16086875020636793,False,False
development_4,two_day_positive_sustained_spike,2,CA_1,HOUSEHOLD_2,2015-10-16,2,204.0,310.7472,213.92423754871248,24.163544853453068,-7.3854786729166335,53.373599999999996,-0.10506566363473986,4.312630524875673,True,True,IF-3,0.5416118010934017,0.4043220733866867,0.137289727706715,False,False
development_4,two_day_positive_sustained_spike,4,CA_1,HOUSEHOLD_2,2015-10-15,1,185.0,398.4944,175.95340460955046,24.163544853453068,-7.3854786729166335,53.373599999999996,0.6800357382587415,9.515428115279565,True,True,IF-3,0.6409412929060654,0.40994341964719616,0.23099787325886922,True,True
development_4,two_day_positive_sustained_spike,4,CA_1,HOUSEHOLD_2,2015-10-16,2,204.0,417.4944,213.92423754871248,24.163544853453068,-7.3854786729166335,53.373599999999996,-0.10506566363473986,8.730326713386084,True,True,IF-3,0.6167318529299669,0.4043220733866867,0.21240977954328022,True,False
development_4,two_day_negative_sustained_drop,2,CA_1,HOUSEHOLD_2,2015-10-17,1,283.0,176.2528,248.7027741046943,24.163544853453068,-7.3854786729166335,53.373599999999996,1.7250244043669656,-2.692671784143446,False,True,IF-3,0.500165564788179,0.43658171750046093,0.06358384728771804,False,False
development_4,two_day_negative_sustained_drop,2,CA_1,HOUSEHOLD_2,2015-10-18,2,293.0,186.2528,256.005703395527,24.163544853453068,-7.3854786729166335,53.373599999999996,1.8366417488221964,-2.581054439688215,False,True,IF-3,0.48519500398059284,0.4357637556044547,0.04943124837613816,False,False
development_4,two_day_negative_sustained_drop,4,CA_1,HOUSEHOLD_2,2015-10-17,1,283.0,69.50560000000002,248.7027741046943,24.163544853453068,-7.3854786729166335,53.373599999999996,1.7250244043669656,-7.110367972653858,True,True,IF-3,0.5786156040135213,0.43658171750046093,0.14203388651306037,False,False
development_4,two_day_negative_sustained_drop,4,CA_1,HOUSEHOLD_2,2015-10-18,2,293.0,79.50560000000002,256.005703395527,24.163544853453068,-7.3854786729166335,53.373599999999996,1.8366417488221964,-6.998750628198627,True,True,IF-3,0.5749869475174663,0.4357637556044547,0.13922319191301158,False,False
development_4,three_day_positive_sustained_spike,2,CA_1,HOUSEHOLD_2,2015-10-19,1,198.0,304.7472,177.6001248846587,24.163544853453068,-7.3854786729166335,53.373599999999996,1.1498873181385594,5.5675835066489725,True,True,IF-3,0.583772185279069,0.42330336414740766,0.1604688211316614,False,False
development_4,three_day_positive_sustained_spike,2,CA_1,HOUSEHOLD_2,2015-10-20,2,162.0,268.7472,174.9658080137521,24.163544853453068,-7.3854786729166335,53.373599999999996,-0.23094001210000545,4.186756176410407,True,True,IF-3,0.5432297079693325,0.3952183054286033,0.14801140254072914,False,False
development_4,three_day_positive_sustained_spike,2,CA_1,HOUSEHOLD_2,2015-10-21,3,176.0,282.7472,174.9990481830791,24.163544853453068,-7.3854786729166335,53.373599999999996,0.34706954383967664,4.76476573235009,True,True,IF-3,0.5724679373730309,0.4185941767262222,0.15387376064680874,False,False
development_4,three_day_positive_sustained_spike,4,CA_1,HOUSEHOLD_2,2015-10-19,1,198.0,411.4944,177.6001248846587,24.163544853453068,-7.3854786729166335,53.373599999999996,1.1498873181385594,9.985279695159383,True,True,IF-3,0.6397712624013561,0.42330336414740766,0.2164678982539484,True,True
development_4,three_day_positive_sustained_spike,4,CA_1,HOUSEHOLD_2,2015-10-20,2,162.0,375.4944,174.9658080137521,24.163544853453068,-7.3854786729166335,53.373599999999996,-0.23094001210000545,8.604452364920817,True,True,IF-3,0.6159117556897794,0.3952183054286033,0.2206934502611761,True,False
development_4,three_day_positive_sustained_spike,4,CA_1,HOUSEHOLD_2,2015-10-21,3,176.0,389.4944,174.9990481830791,24.163544853453068,-7.3854786729166335,53.373599999999996,0.34706954383967664,9.1824619208605,True,True,IF-3,0.6354174734373372,0.4185941767262222,0.21682329671111505,True,True
development_4,three_day_negative_sustained_drop,2,CA_1,HOUSEHOLD_2,2015-10-22,1,162.0,55.25280000000001,176.22078871341645,24.163544853453068,-7.3854786729166335,53.373599999999996,-0.28287695708368,-4.700573145594092,True,True,IF-3,0.5596382071262828,0.40033129193017525,0.1593069151961075,False,False
development_4,three_day_negative_sustained_drop,2,CA_1,HOUSEHOLD_2,2015-10-23,2,204.0,97.25280000000001,213.41799688377063,24.163544853453068,-7.3854786729166335,53.373599999999996,-0.0841150676848462,-4.501811256195257,True,True,IF-3,0.5499192063234637,0.40376261476210873,0.14615659156135496,False,False
development_4,three_day_negative_sustained_drop,2,CA_1,HOUSEHOLD_2,2015-10-24,3,290.0,183.2528,246.66993520884017,24.163544853453068,-7.3854786729166335,53.373599999999996,2.098845337952516,-2.3188508505578964,False,True,IF-3,0.47899055937299506,0.4470933200112976,0.03189723936169747,False,False
development_4,three_day_negative_sustained_drop,4,CA_1,HOUSEHOLD_2,2015-10-22,1,162.0,0.0,176.22078871341645,24.163544853453068,-7.3854786729166335,53.373599999999996,-0.28287695708368,-6.987191286065487,True,True,IF-3,0.5937573117553581,0.40033129193017525,0.19342601982518282,True,False
development_4,three_day_negative_sustained_drop,4,CA_1,HOUSEHOLD_2,2015-10-23,2,204.0,0.0,213.41799688377063,24.163544853453068,-7.3854786729166335,53.373599999999996,-0.0841150676848462,-8.526584963439714,True,True,IF-3,0.6019560293890802,0.40376261476210873,0.1981934146269715,True,False
development_4,three_day_negative_sustained_drop,4,CA_1,HOUSEHOLD_2,2015-10-24,3,290.0,76.50560000000002,246.66993520884017,24.163544853453068,-7.3854786729166335,53.373599999999996,2.098845337952516,-6.736547039068308,True,True,IF-3,0.5747684981088237,0.4470933200112976,0.1276751780975261,False,False
development_4,one_day_positive_spike,2,CA_2,FOODS_1,2015-10-25,1,522.0,723.6336,509.1199714480358,45.648276747385566,-25.9858848523576,100.8168,0.8514212621738841,5.26853433559452,True,True,IF-3,0.5974453831916731,0.42065089581441706,0.176794487377256,True,False
development_4,one_day_positive_spike,4,CA_2,FOODS_1,2015-10-25,1,522.0,925.2672,509.1199714480358,45.648276747385566,-25.9858848523576,100.8168,0.8514212621738841,9.685647409015155,True,True,IF-3,0.6833539621146113,0.42065089581441706,0.26270306630019424,True,True
development_4,one_day_negative_drop,2,CA_2,FOODS_1,2015-10-26,1,309.0,107.3664,362.7406008443955,45.648276747385566,-25.9858848523576,100.8168,-0.6080123494174946,-5.025125422838131,True,True,IF-3,0.623556533810636,0.4256429055701129,0.1979136282405231,True,False
development_4,one_day_negative_drop,4,CA_2,FOODS_1,2015-10-26,1,309.0,0.0,362.7406008443955,45.648276747385566,-25.9858848523576,100.8168,-0.6080123494174946,-7.377161636475685,True,True,IF-3,0.6656397238234616,0.4256429055701129,0.23999681825334868,True,True
development_4,two_day_positive_sustained_spike,2,CA_2,FOODS_1,2015-10-27,1,363.0,564.6336,353.7011303828297,45.648276747385566,-25.9858848523576,100.8168,0.7729701312667572,5.190083204687393,True,True,IF-3,0.6113001387691445,0.40497186705596694,0.20632827171317752,True,False
development_4,two_day_positive_sustained_spike,2,CA_2,FOODS_1,2015-10-28,2,381.0,582.6336,353.7011303828297,45.648276747385566,-25.9858848523576,100.8168,1.1672895072118945,5.58440258063253,True,True,IF-3,0.6396024920618942,0.4283537681725524,0.21124872388934185,True,True
development_4,two_day_positive_sustained_spike,4,CA_2,FOODS_1,2015-10-27,1,363.0,766.2672,353.7011303828297,45.648276747385566,-25.9858848523576,100.8168,0.7729701312667572,9.60719627810803,True,True,IF-3,0.6931395701051066,0.40497186705596694,0.2881677030491397,True,True
development_4,two_day_positive_sustained_spike,4,CA_2,FOODS_1,2015-10-28,2,381.0,784.2672,353.7011303828297,45.648276747385566,-25.9858848523576,100.8168,1.1672895072118945,10.001515654053167,True,True,IF-3,0.7018168490061016,0.4283537681725524,0.27346308083354925,True,True
development_4,two_day_negative_sustained_drop,2,CA_2,FOODS_1,2015-10-29,1,399.0,197.3664,355.1419138625577,45.648276747385566,-25.9858848523576,100.8168,1.5300461696793426,-2.8870669037412933,False,True,IF-3,0.5761416367737447,0.43733777544373154,0.1388038613300132,False,False
development_4,two_day_negative_sustained_drop,2,CA_2,FOODS_1,2015-10-30,2,591.0,389.3664,423.08624331581694,45.648276747385566,-25.9858848523576,100.8168,4.247688091481919,-0.1694249819387168,False,True,IF-3,0.4125549338584447,0.5736076422728853,-0.16105270841444058,False,False
development_4,two_day_negative_sustained_drop,4,CA_2,FOODS_1,2015-10-29,1,399.0,0.0,355.1419138625577,45.648276747385566,-25.9858848523576,100.8168,1.5300461696793426,-7.210699997104534,True,True,IF-3,0.6700008472960396,0.43733777544373154,0.23266307185230806,True,True
development_4,two_day_negative_sustained_drop,4,CA_2,FOODS_1,2015-10-30,2,591.0,187.7328,423.08624331581694,45.648276747385566,-25.9858848523576,100.8168,4.247688091481919,-4.586538055359353,True,True,IF-3,0.6084365754641703,0.5736076422728853,0.034828933191284994,True,False
development_4,three_day_positive_sustained_spike,2,CA_2,FOODS_1,2015-10-31,1,816.0,1017.6336,503.2486194624252,45.648276747385566,-25.9858848523576,100.8168,7.42059261655114,11.837705689971775,True,True,IF-3,0.733728441796649,0.6988658400933394,0.03486260170330957,True,True
development_4,three_day_positive_sustained_spike,2,CA_2,FOODS_1,2015-11-01,2,619.0,820.6336,542.9504609337059,45.648276747385566,-25.9858848523576,100.8168,2.235252482438904,6.652365555859539,True,True,IF-3,0.6476151728406528,0.4712980300781083,0.17631714276254457,True,True
development_4,three_day_positive_sustained_spike,2,CA_2,FOODS_1,2015-11-02,3,312.0,513.6336,410.837223847044,45.648276747385566,-25.9858848523576,100.8168,-1.5959274738417986,2.821185599578836,False,True,IF-3,0.5326237143686584,0.5068961164387147,0.025727597929943724,False,False
development_4,three_day_positive_sustained_spike,4,CA_2,FOODS_1,2015-10-31,1,816.0,1219.2672,503.2486194624252,45.648276747385566,-25.9858848523576,100.8168,7.42059261655114,16.25481876339241,True,True,IF-3,0.7418083234047892,0.6988658400933394,0.042942483311449786,True,True
development_4,three_day_positive_sustained_spike,4,CA_2,FOODS_1,2015-11-01,2,619.0,1022.2672,542.9504609337059,45.648276747385566,-25.9858848523576,100.8168,2.235252482438904,11.069478629280175,True,True,IF-3,0.7063820391963204,0.4712980300781083,0.2350840091182121,True,True
development_4,three_day_positive_sustained_spike,4,CA_2,FOODS_1,2015-11-02,3,312.0,715.2672,410.837223847044,45.648276747385566,-25.9858848523576,100.8168,-1.5959274738417986,7.238298672999472,True,True,IF-3,0.671575489107517,0.5068961164387147,0.16467937266880228,True,True
development_4,three_day_negative_sustained_drop,2,CA_2,FOODS_1,2015-11-03,1,296.0,94.3664,404.6654189158494,45.648276747385566,-25.9858848523576,100.8168,-1.8112301264083766,-6.228343199829014,True,True,IF-3,0.656950337317831,0.5283057001942789,0.12864463712355212,True,True
development_4,three_day_negative_sustained_drop,2,CA_2,FOODS_1,2015-11-04,2,363.0,161.3664,380.41173369565894,45.648276747385566,-25.9858848523576,100.8168,0.18783077407603854,-4.2292822993445975,True,True,IF-3,0.6323617097713451,0.43346422426836473,0.19889748550298036,True,True
development_4,three_day_negative_sustained_drop,2,CA_2,FOODS_1,2015-11-05,3,314.0,112.3664,380.7500616907552,45.648276747385566,-25.9858848523576,100.8168,-0.8930058206574526,-5.31011889407809,True,True,IF-3,0.6500656374187795,0.46830531169532447,0.18176032572345507,True,True
development_4,three_day_negative_sustained_drop,4,CA_2,FOODS_1,2015-11-03,1,296.0,0.0,404.6654189158494,45.648276747385566,-25.9858848523576,100.8168,-1.8112301264083766,-8.295593197506193,True,True,IF-3,0.6880014784897305,0.5283057001942789,0.15969577829545156,True,True
development_4,three_day_negative_sustained_drop,4,CA_2,FOODS_1,2015-11-04,2,363.0,0.0,380.41173369565894,45.648276747385566,-25.9858848523576,100.8168,0.18783077407603854,-7.764276640817564,True,True,IF-3,0.6863863206215668,0.43346422426836473,0.25292209635320206,True,True
development_4,three_day_negative_sustained_drop,4,CA_2,FOODS_1,2015-11-05,3,314.0,0.0,380.7500616907552,45.648276747385566,-25.9858848523576,100.8168,-0.8930058206574526,-7.771688267700404,True,True,IF-3,0.6832514349330737,0.46830531169532447,0.21494612323774925,True,True
development_4,one_day_positive_spike,2,CA_2,FOODS_2,2015-10-13,1,363.0,465.2994,396.15981378272573,27.211155573749025,-25.48382554179122,51.149699999999996,-0.28208975617116555,3.4773757219759522,True,True,IF-3,0.5033089711498556,0.39944138072261964,0.10386759042723598,False,False
development_4,one_day_positive_spike,4,CA_2,FOODS_2,2015-10-13,1,363.0,567.5988,396.15981378272573,27.211155573749025,-25.48382554179122,51.149699999999996,-0.28208975617116555,7.23684120012307,True,True,IF-3,0.591379521572851,0.39944138072261964,0.19193814085023136,True,False
development_4,one_day_negative_drop,2,CA_2,FOODS_2,2015-10-14,1,342.0,239.7006,393.3682958428517,27.211155573749025,-25.48382554179122,51.149699999999996,-0.9512448021880967,-4.710710280335217,True,True,IF-3,0.573342194083991,0.43075525428957157,0.14258693979441944,False,False
development_4,one_day_negative_drop,4,CA_2,FOODS_2,2015-10-14,1,342.0,137.40120000000002,393.3682958428517,27.211155573749025,-25.48382554179122,51.149699999999996,-0.9512448021880967,-8.470175758482334,True,True,IF-3,0.6266367498601099,0.43075525428957157,0.1958814955705383,True,False
development_4,two_day_positive_sustained_spike,2,CA_2,FOODS_2,2015-10-15,1,315.0,417.2994,396.63576077084974,27.211155573749025,-25.48382554179122,51.149699999999996,-2.0635630514431025,1.6959024267040155,False,True,IF-3,0.44184616111701636,0.49291029376622897,-0.05106413264921261,False,False
development_4,two_day_positive_sustained_spike,2,CA_2,FOODS_2,2015-10-16,2,420.0,522.2994,470.4137985735756,27.211155573749025,-25.48382554179122,51.149699999999996,-0.9161673771706583,2.8432981009764595,False,True,IF-3,0.48279681571999267,0.4274783607807418,0.05531845493925086,False,False
development_4,two_day_positive_sustained_spike,4,CA_2,FOODS_2,2015-10-15,1,315.0,519.5988,396.63576077084974,27.211155573749025,-25.48382554179122,51.149699999999996,-2.0635630514431025,5.455367904851133,True,True,IF-3,0.5778807825566845,0.49291029376622897,0.08497048879045555,False,False
development_4,two_day_positive_sustained_spike,4,CA_2,FOODS_2,2015-10-16,2,420.0,624.5988,470.4137985735756,27.211155573749025,-25.48382554179122,51.149699999999996,-0.9161673771706583,6.602763579123578,True,True,IF-3,0.5845599727912432,0.4274783607807418,0.15708161201050136,True,False
development_4,two_day_negative_sustained_drop,2,CA_2,FOODS_2,2015-10-17,1,701.0,598.7006,627.0980460406673,27.211155573749025,-25.48382554179122,51.149699999999996,3.652390992060724,-0.10707448608639425,False,True,IF-3,0.4163800968532537,0.5128843243487816,-0.0965042274955279,False,False
development_4,two_day_negative_sustained_drop,2,CA_2,FOODS_2,2015-10-18,2,703.0,600.7006,674.6618828027872,27.211155573749025,-25.48382554179122,51.149699999999996,1.977936680900343,-1.7815287972467748,False,True,IF-3,0.45818733392353433,0.45021257963124545,0.007974754292288888,False,False
development_4,two_day_negative_sustained_drop,4,CA_2,FOODS_2,2015-10-17,1,701.0,496.4012,627.0980460406673,27.211155573749025,-25.48382554179122,51.149699999999996,3.652390992060724,-3.866539964233512,True,True,IF-3,0.5393484626997778,0.5128843243487816,0.026464138350996147,False,False
development_4,two_day_negative_sustained_drop,4,CA_2,FOODS_2,2015-10-18,2,703.0,498.4012,674.6618828027872,27.211155573749025,-25.48382554179122,51.149699999999996,1.977936680900343,-5.540994275393893,True,True,IF-3,0.5751270288346683,0.45021257963124545,0.12491444920342282,False,False
development_4,three_day_positive_sustained_spike,2,CA_2,FOODS_2,2015-10-19,1,475.0,577.2994,389.52205646371374,27.211155573749025,-25.48382554179122,51.149699999999996,4.077804368776011,7.837269846923129,True,True,IF-3,0.6099515457007839,0.5372623387913501,0.07268920690943381,True,False
development_4,three_day_positive_sustained_spike,2,CA_2,FOODS_2,2015-10-20,2,412.0,514.2994,366.99878894340475,27.211155573749025,-25.48382554179122,51.149699999999996,2.590299276609346,6.349764754756464,True,True,IF-3,0.5801984269086835,0.47550840913792825,0.10469001777075526,False,False
development_4,three_day_positive_sustained_spike,2,CA_2,FOODS_2,2015-10-21,3,336.0,438.2994,364.0740394086422,27.211155573749025,-25.48382554179122,51.149699999999996,-0.09518941082200083,3.664276067325117,True,True,IF-3,0.5278922758959825,0.41102999334756896,0.11686228254841358,False,False
development_4,three_day_positive_sustained_spike,4,CA_2,FOODS_2,2015-10-19,1,475.0,679.5988,389.52205646371374,27.211155573749025,-25.48382554179122,51.149699999999996,4.077804368776011,11.596735325070249,True,True,IF-3,0.6556505416813089,0.5372623387913501,0.11838820288995877,True,True
development_4,three_day_positive_sustained_spike,4,CA_2,FOODS_2,2015-10-20,2,412.0,616.5988,366.99878894340475,27.211155573749025,-25.48382554179122,51.149699999999996,2.590299276609346,10.109230232903583,True,True,IF-3,0.6374247309075085,0.47550840913792825,0.16191632176958026,True,True
development_4,three_day_positive_sustained_spike,4,CA_2,FOODS_2,2015-10-21,3,336.0,540.5988,364.0740394086422,27.211155573749025,-25.48382554179122,51.149699999999996,-0.09518941082200083,7.423741545472235,True,True,IF-3,0.616198655016096,0.41102999334756896,0.2051686616685271,True,False
development_4,three_day_negative_sustained_drop,2,CA_2,FOODS_2,2015-10-22,1,344.0,241.7006,367.0080320688401,27.211155573749025,-25.48382554179122,51.149699999999996,0.09098450325790385,-3.668480974889214,True,True,IF-3,0.5558393261673882,0.40327229533644376,0.15256703083094442,False,False
development_4,three_day_negative_sustained_drop,2,CA_2,FOODS_2,2015-10-23,2,439.0,336.7006,439.7899367186614,27.211155573749025,-25.48382554179122,51.149699999999996,0.9074913689792853,-2.851974109167833,False,True,IF-3,0.5304780960240355,0.4253910855172347,0.1050870105068008,False,False
development_4,three_day_negative_sustained_drop,2,CA_2,FOODS_2,2015-10-24,3,546.0,443.7006,565.7666549868921,27.211155573749025,-25.48382554179122,51.149699999999996,0.2101039237162902,-3.5493615544308277,True,True,IF-3,0.5343418304616334,0.41594163836796055,0.11840019209367286,False,False
development_4,three_day_negative_sustained_drop,4,CA_2,FOODS_2,2015-10-22,1,344.0,139.40120000000002,367.0080320688401,27.211155573749025,-25.48382554179122,51.149699999999996,0.09098450325790385,-7.427946453036332,True,True,IF-3,0.6171795556584564,0.40327229533644376,0.21390726032201263,True,False
development_4,three_day_negative_sustained_drop,4,CA_2,FOODS_2,2015-10-23,2,439.0,234.40120000000002,439.7899367186614,27.211155573749025,-25.48382554179122,51.149699999999996,0.9074913689792853,-6.61143958731495,True,True,IF-3,0.5960560342286291,0.4253910855172347,0.17066494871139437,True,False
development_4,three_day_negative_sustained_drop,4,CA_2,FOODS_2,2015-10-24,3,546.0,341.4012,565.7666549868921,27.211155573749025,-25.48382554179122,51.149699999999996,0.2101039237162902,-7.308827032577946,True,True,IF-3,0.5997162764904221,0.41594163836796055,0.1837746381224616,True,False
development_4,one_day_positive_spike,2,CA_2,FOODS_3,2015-10-25,1,2252.0,3045.191,2417.464478045839,121.72516942746171,4.372528826101758,396.59549999999996,-1.3952497061271263,5.120995074888989,True,True,IF-3,0.7226311369284346,0.5569600034158556,0.165671133512579,True,True
development_4,one_day_positive_spike,4,CA_2,FOODS_3,2015-10-25,1,2252.0,3838.3819999999996,2417.464478045839,121.72516942746171,4.372528826101758,396.59549999999996,-1.3952497061271263,11.637239855905104,True,True,IF-3,0.7319404358435669,0.5569600034158556,0.17498043242771133,True,True
development_4,one_day_negative_drop,2,CA_2,FOODS_3,2015-10-26,1,1408.0,614.8090000000001,1494.3301609052628,121.72516942746171,4.372528826101758,396.59549999999996,-0.7451432613155324,-7.2613880423316495,True,True,IF-3,0.7227979701254496,0.49659415304189986,0.2262038170835497,True,True
development_4,one_day_negative_drop,4,CA_2,FOODS_3,2015-10-26,1,1408.0,0.0,1494.3301609052628,121.72516942746171,4.372528826101758,396.59549999999996,-0.7451432613155324,-12.312184051832185,True,True,IF-3,0.7227979701254496,0.49659415304189986,0.2262038170835497,True,True
development_4,two_day_positive_sustained_spike,2,CA_2,FOODS_3,2015-10-27,1,1324.0,2117.191,1404.4009975239733,121.72516942746171,4.372528826101758,396.59549999999996,-0.6964338332721989,5.819810947743917,True,True,IF-3,0.7267318814700544,0.4768446449717825,0.24988723649827188,True,True
development_4,two_day_positive_sustained_spike,2,CA_2,FOODS_3,2015-10-28,2,1413.0,2206.191,1387.745765275135,121.72516942746171,4.372528826101758,396.59549999999996,0.17154797152455015,6.687792752540666,True,True,IF-3,0.7327755452969263,0.4552929186784953,0.27748262661843104,True,True
development_4,two_day_positive_sustained_spike,4,CA_2,FOODS_3,2015-10-27,1,1324.0,2910.3819999999996,1404.4009975239733,121.72516942746171,4.372528826101758,396.59549999999996,-0.6964338332721989,12.336055728760032,True,True,IF-3,0.7267318814700544,0.4768446449717825,0.24988723649827188,True,True
development_4,two_day_positive_sustained_spike,4,CA_2,FOODS_3,2015-10-28,2,1413.0,2999.3819999999996,1387.745765275135,121.72516942746171,4.372528826101758,396.59549999999996,0.17154797152455015,13.20403753355678,True,True,IF-3,0.7327755452969263,0.4552929186784953,0.27748262661843104,True,True
development_4,two_day_negative_sustained_drop,2,CA_2,FOODS_3,2015-10-29,1,1505.0,711.8090000000001,1392.8482698139085,121.72516942746171,4.372528826101758,396.59549999999996,0.8854306949576061,-5.6308140860585105,True,True,IF-3,0.7184777716090044,0.4991434102183448,0.2193343613906596,True,True
development_4,two_day_negative_sustained_drop,2,CA_2,FOODS_3,2015-10-30,2,1863.0,1069.8090000000002,1816.034256978485,121.72516942746171,4.372528826101758,396.59549999999996,0.34991295880508355,-6.166331822211032,True,True,IF-3,0.7200722002642272,0.4789575000686055,0.24111470019562176,True,True
development_4,two_day_negative_sustained_drop,4,CA_2,FOODS_3,2015-10-29,1,1505.0,0.0,1392.8482698139085,121.72516942746171,4.372528826101758,396.59549999999996,0.8854306949576061,-11.478487195473901,True,True,IF-3,0.7184777716090044,0.4991434102183448,0.2193343613906596,True,True
development_4,two_day_negative_sustained_drop,4,CA_2,FOODS_3,2015-10-30,2,1863.0,276.61800000000017,1816.034256978485,121.72516942746171,4.372528826101758,396.59549999999996,0.34991295880508355,-12.682576603227151,True,True,IF-3,0.7200722002642272,0.4789575000686055,0.24111470019562176,True,True
development_4,three_day_positive_sustained_spike,2,CA_2,FOODS_3,2015-10-31,1,2214.0,3007.191,2285.254454964886,121.72516942746171,4.372528826101758,396.59549999999996,-0.6212929022543303,5.894951878761786,True,True,IF-3,0.7582733574931172,0.6115178350922942,0.146755522400823,True,True
development_4,three_day_positive_sustained_spike,2,CA_2,FOODS_3,2015-11-01,2,2434.0,3227.191,2448.285212725055,121.72516942746171,4.372528826101758,396.59549999999996,-0.15327759771388214,6.362967183302233,True,True,IF-3,0.7390002615475504,0.510853633687667,0.22814662785988338,True,True
development_4,three_day_positive_sustained_spike,2,CA_2,FOODS_3,2015-11-02,3,1214.0,2007.1909999999998,1748.4098462246077,121.72516942746171,4.372528826101758,396.59549999999996,-4.426219964078832,2.0900248169372824,False,True,IF-3,0.6135596353092375,0.7182011641974869,-0.1046415288882494,True,False
development_4,three_day_positive_sustained_spike,4,CA_2,FOODS_3,2015-10-31,1,2214.0,3800.3819999999996,2285.254454964886,121.72516942746171,4.372528826101758,396.59549999999996,-0.6212929022543303,12.4111966597779,True,True,IF-3,0.7582733574931172,0.6115178350922942,0.146755522400823,True,True
development_4,three_day_positive_sustained_spike,4,CA_2,FOODS_3,2015-11-01,2,2434.0,4020.3819999999996,2448.285212725055,121.72516942746171,4.372528826101758,396.59549999999996,-0.15327759771388214,12.879211964318348,True,True,IF-3,0.7403130988073893,0.510853633687667,0.22945946511972226,True,True
development_4,three_day_positive_sustained_spike,4,CA_2,FOODS_3,2015-11-02,3,1214.0,2800.3819999999996,1748.4098462246077,121.72516942746171,4.372528826101758,396.59549999999996,-4.426219964078832,8.606269597953398,True,True,IF-3,0.7485796040644177,0.7182011641974869,0.030378439866930784,True,True
development_4,three_day_negative_sustained_drop,2,CA_2,FOODS_3,2015-11-03,1,1424.0,630.8090000000001,1649.4889453660337,121.72516942746171,4.372528826101758,396.59549999999996,-1.8883643807874442,-8.404609161803561,True,True,IF-3,0.724404397934311,0.6023883475801124,0.1220160503541986,True,True
development_4,three_day_negative_sustained_drop,2,CA_2,FOODS_3,2015-11-04,2,1211.0,417.8090000000001,1603.7657131537806,121.72516942746171,4.372528826101758,396.59549999999996,-3.2625811395279625,-9.778825920544081,True,True,IF-3,0.730384098361024,0.6926719896739293,0.037712108687094736,True,True
development_4,three_day_negative_sustained_drop,2,CA_2,FOODS_3,2015-11-05,3,1369.0,575.8090000000001,1599.0833646847946,121.72516942746171,4.372528826101758,396.59549999999996,-1.926108582256794,-8.442353363272911,True,True,IF-3,0.7275129031230985,0.6074405194107783,0.12007238371232021,True,True
development_4,three_day_negative_sustained_drop,4,CA_2,FOODS_3,2015-11-03,1,1424.0,0.0,1649.4889453660337,121.72516942746171,4.372528826101758,396.59549999999996,-1.8883643807874442,-13.586848816650877,True,True,IF-3,0.724404397934311,0.6023883475801124,0.1220160503541986,True,True
development_4,three_day_negative_sustained_drop,4,CA_2,FOODS_3,2015-11-04,2,1211.0,0.0,1603.7657131537806,121.72516942746171,4.372528826101758,396.59549999999996,-3.2625811395279625,-13.211222046712384,True,True,IF-3,0.730384098361024,0.6926719896739293,0.037712108687094736,True,True
development_4,three_day_negative_sustained_drop,4,CA_2,FOODS_3,2015-11-05,3,1369.0,0.0,1599.0833646847946,121.72516942746171,4.372528826101758,396.59549999999996,-1.926108582256794,-13.17275548724067,True,True,IF-3,0.7275129031230985,0.6074405194107783,0.12007238371232021,True,True
development_5,one_day_positive_spike,2,CA_1,FOODS_1,2016-01-05,1,187.0,360.4642,297.75733736313333,56.83680129184195,-21.07080590464031,86.73209999999999,-1.577965849942476,1.4740039312087745,False,True,IF-3,0.46686769517031806,0.5143957066632713,-0.047528011492953215,False,False
development_5,one_day_positive_spike,4,CA_1,FOODS_1,2016-01-05,1,187.0,533.9284,297.75733736313333,56.83680129184195,-21.07080590464031,86.73209999999999,-1.577965849942476,4.525973712360025,True,True,IF-3,0.6332708894335419,0.5143957066632713,0.11887518277027065,True,True
development_5,one_day_negative_drop,2,CA_1,FOODS_1,2016-01-06,1,215.0,41.53580000000002,297.75733736313333,56.83680129184195,-21.07080590464031,86.73209999999999,-1.0853272889469798,-4.13729707009823,True,True,IF-3,0.6419272319723602,0.4947350497225837,0.14719218224977654,True,True
development_5,one_day_negative_drop,4,CA_1,FOODS_1,2016-01-06,1,215.0,0.0,297.75733736313333,56.83680129184195,-21.07080590464031,86.73209999999999,-1.0853272889469798,-4.868087668019544,True,True,IF-3,0.6546746186826716,0.4947350497225837,0.15993956896008793,True,True
development_5,two_day_positive_sustained_spike,2,CA_1,FOODS_1,2016-01-07,1,211.0,384.4642,303.2745680657429,56.83680129184195,-21.07080590464031,86.73209999999999,-1.2527756760182565,1.7991941051329943,False,True,IF-3,0.5939047185295308,0.5873711307108281,0.006533587818702613,True,False
development_5,two_day_positive_sustained_spike,2,CA_1,FOODS_1,2016-01-08,2,295.0,468.4642,323.86986294943625,56.83680129184195,-21.07080590464031,86.73209999999999,-0.1372184371310738,2.914751344020177,False,True,IF-3,0.5669901754506184,0.43697697428438403,0.13001320116623433,False,False
development_5,two_day_positive_sustained_spike,4,CA_1,FOODS_1,2016-01-07,1,211.0,557.9284,303.2745680657429,56.83680129184195,-21.07080590464031,86.73209999999999,-1.2527756760182565,4.851163886284245,True,True,IF-3,0.7017395645978474,0.5873711307108281,0.11436843388701923,True,True
development_5,two_day_positive_sustained_spike,4,CA_1,FOODS_1,2016-01-08,2,295.0,641.9284,323.86986294943625,56.83680129184195,-21.07080590464031,86.73209999999999,-0.1372184371310738,5.966721125171428,True,True,IF-3,0.6796350570428061,0.43697697428438403,0.2426580827584221,True,True
development_5,two_day_negative_sustained_drop,2,CA_1,FOODS_1,2016-01-09,1,383.0,209.53580000000002,396.1631334190744,56.83680129184195,-21.07080590464031,86.73209999999999,0.13912944264688878,-2.9128403385043624,False,True,IF-3,0.5836606724557143,0.4324047573661306,0.1512559150895837,False,False
development_5,two_day_negative_sustained_drop,2,CA_1,FOODS_1,2016-01-10,2,294.0,120.53580000000002,366.7935811148112,56.83680129184195,-21.07080590464031,86.73209999999999,-0.910022626794004,-3.9619924079452553,True,True,IF-3,0.6230965474216741,0.45674450335563227,0.16635204406604182,True,False
development_5,two_day_negative_sustained_drop,4,CA_1,FOODS_1,2016-01-09,1,383.0,36.071600000000046,396.1631334190744,56.83680129184195,-21.07080590464031,86.73209999999999,0.13912944264688878,-5.9648101196556125,True,True,IF-3,0.6608930613724878,0.4324047573661306,0.22848830400635722,True,True
development_5,two_day_negative_sustained_drop,4,CA_1,FOODS_1,2016-01-10,2,294.0,0.0,366.7935811148112,56.83680129184195,-21.07080590464031,86.73209999999999,-0.910022626794004,-6.082727517246719,True,True,IF-3,0.6689044059621385,0.45674450335563227,0.21215990260650625,True,True
development_5,three_day_positive_sustained_spike,2,CA_1,FOODS_1,2016-01-11,1,318.0,491.4642,289.3212988483377,56.83680129184195,-21.07080590464031,86.73209999999999,0.8753044845161512,3.927274265667402,True,True,IF-3,0.5983805289036657,0.4164867251824998,0.18189380372116587,True,False
development_5,three_day_positive_sustained_spike,2,CA_1,FOODS_1,2016-01-12,2,236.0,409.4642,296.00399654818807,56.83680129184195,-21.07080590464031,86.73209999999999,-0.6849996790571679,2.3669701020940828,False,True,IF-3,0.5034526806259081,0.42124225266011334,0.08221042796579475,False,False
development_5,three_day_positive_sustained_spike,2,CA_1,FOODS_1,2016-01-13,3,258.0,431.4642,296.00399654818807,56.83680129184195,-21.07080590464031,86.73209999999999,-0.2979265239892777,2.754043257161973,False,True,IF-3,0.5323739622225365,0.40495314399912125,0.12742081822341528,False,False
development_5,three_day_positive_sustained_spike,4,CA_1,FOODS_1,2016-01-11,1,318.0,664.9284,289.3212988483377,56.83680129184195,-21.07080590464031,86.73209999999999,0.8753044845161512,6.9792440468186525,True,True,IF-3,0.6912210516514683,0.4164867251824998,0.2747343264689685,True,True
development_5,three_day_positive_sustained_spike,4,CA_1,FOODS_1,2016-01-12,2,236.0,582.9284,296.00399654818807,56.83680129184195,-21.07080590464031,86.73209999999999,-0.6849996790571679,5.418939883245334,True,True,IF-3,0.6533401511070279,0.42124225266011334,0.23209789844691459,True,True
development_5,three_day_positive_sustained_spike,4,CA_1,FOODS_1,2016-01-13,3,258.0,604.9284,296.00399654818807,56.83680129184195,-21.07080590464031,86.73209999999999,-0.2979265239892777,5.806013038313225,True,True,IF-3,0.6635024781997912,0.40495314399912125,0.25854933420067,True,True
development_5,three_day_negative_sustained_drop,2,CA_1,FOODS_1,2016-01-14,1,273.0,99.53580000000002,296.05698918857485,56.83680129184195,-21.07080590464031,86.73209999999999,-0.03494537410252935,-3.0869151552537795,True,True,IF-3,0.5954831552798687,0.40169656219715977,0.19378659308270896,True,False
development_5,three_day_negative_sustained_drop,2,CA_1,FOODS_1,2016-01-15,2,330.0,156.53580000000002,322.11036484765447,56.83680129184195,-21.07080590464031,86.73209999999999,0.5095367860038715,-2.5424329951473785,False,True,IF-3,0.5651370166122106,0.4058789892031021,0.1592580274091085,False,False
development_5,three_day_negative_sustained_drop,2,CA_1,FOODS_1,2016-01-16,3,450.0,276.5358,396.93270774392306,56.83680129184195,-21.07080590464031,86.73209999999999,1.3044030711728078,-1.747566709978443,False,True,IF-3,0.481426401093704,0.422584583467987,0.058841817625717,False,False
development_5,three_day_negative_sustained_drop,4,CA_1,FOODS_1,2016-01-14,1,273.0,0.0,296.05698918857485,56.83680129184195,-21.07080590464031,86.73209999999999,-0.03494537410252935,-4.838171343808622,True,True,IF-3,0.6535151695910658,0.40169656219715977,0.25181860739390605,True,True
development_5,three_day_negative_sustained_drop,4,CA_1,FOODS_1,2016-01-15,2,330.0,0.0,322.11036484765447,56.83680129184195,-21.07080590464031,86.73209999999999,0.5095367860038715,-5.2965605400144815,True,True,IF-3,0.6607938647911042,0.4058789892031021,0.25491487558800213,True,True
development_5,three_day_negative_sustained_drop,4,CA_1,FOODS_1,2016-01-16,3,450.0,103.07160000000005,396.93270774392306,56.83680129184195,-21.07080590464031,86.73209999999999,1.3044030711728078,-4.799536491129693,True,True,IF-3,0.6316326657933241,0.422584583467987,0.20904808232533711,True,True
development_5,one_day_positive_spike,2,CA_1,FOODS_2,2016-01-17,1,609.0,822.4944,653.6671810252592,64.71101465964018,-6.326202077439461,106.74719999999999,-0.5924954066858843,2.706701818437446,False,True,IF-3,0.5244457872154178,0.41863249861084445,0.10581328860457334,False,False
development_5,one_day_positive_spike,4,CA_1,FOODS_2,2016-01-17,1,609.0,1035.9888,653.6671810252592,64.71101465964018,-6.326202077439461,106.74719999999999,-0.5924954066858843,6.005899043560776,True,True,IF-3,0.6790244365527514,0.41863249861084445,0.2603919379419069,True,True
development_5,one_day_negative_drop,2,CA_1,FOODS_2,2016-01-18,1,544.0,330.5056,520.044659876738,64.71101465964018,-6.326202077439461,106.74719999999999,0.46795035373765864,-2.831246871385671,False,True,IF-3,0.655307751590417,0.517503786253354,0.13780396533706296,True,True
development_5,one_day_negative_drop,4,CA_1,FOODS_2,2016-01-18,1,544.0,117.01120000000003,520.044659876738,64.71101465964018,-6.326202077439461,106.74719999999999,0.46795035373765864,-6.130444096509,True,True,IF-3,0.7262980276382881,0.517503786253354,0.20879424138493408,True,True
development_5,two_day_positive_sustained_spike,2,CA_1,FOODS_2,2016-01-19,1,349.0,562.4944,391.1847036207997,64.71101465964018,-6.326202077439461,106.74719999999999,-0.5541328896164714,2.745064335506859,False,True,IF-3,0.550771525986409,0.40584099267019774,0.14493053331621125,False,False
development_5,two_day_positive_sustained_spike,2,CA_1,FOODS_2,2016-01-20,2,447.0,660.4944,388.42402685517584,64.71101465964018,-6.326202077439461,106.74719999999999,1.0029540652952034,4.302151290418534,True,True,IF-3,0.633597204711393,0.43071292196810673,0.2028842827432863,True,True
development_5,two_day_positive_sustained_spike,4,CA_1,FOODS_2,2016-01-19,1,349.0,775.9888,391.1847036207997,64.71101465964018,-6.326202077439461,106.74719999999999,-0.5541328896164714,6.044261560630187,True,True,IF-3,0.6833679298388823,0.40584099267019774,0.27752693716868454,True,True
development_5,two_day_positive_sustained_spike,4,CA_1,FOODS_2,2016-01-20,2,447.0,873.9888,388.42402685517584,64.71101465964018,-6.326202077439461,106.74719999999999,1.0029540652952034,7.601348515541862,True,True,IF-3,0.7015521606671342,0.43071292196810673,0.2708392386990275,True,True
development_5,two_day_negative_sustained_drop,2,CA_1,FOODS_2,2016-01-21,1,387.0,173.50560000000002,387.80717651980814,64.71101465964018,-6.326202077439461,106.74719999999999,0.08528726657524506,-3.213909958548084,True,True,IF-3,0.6067474101696371,0.40783115317064705,0.19891625699899002,True,False
development_5,two_day_negative_sustained_drop,2,CA_1,FOODS_2,2016-01-22,2,431.0,217.50560000000002,432.0568083692329,64.71101465964018,-6.326202077439461,106.74719999999999,0.08142962578970422,-3.217767599333625,True,True,IF-3,0.6063063574231272,0.4129322046369078,0.19337415278621944,True,False
development_5,two_day_negative_sustained_drop,4,CA_1,FOODS_2,2016-01-21,1,387.0,0.0,387.80717651980814,64.71101465964018,-6.326202077439461,106.74719999999999,0.08528726657524506,-5.895147471397875,True,True,IF-3,0.6860851593602336,0.40783115317064705,0.27825400618958657,True,True
development_5,two_day_negative_sustained_drop,4,CA_1,FOODS_2,2016-01-22,2,431.0,4.011200000000031,432.0568083692329,64.71101465964018,-6.326202077439461,106.74719999999999,0.08142962578970422,-6.516964824456955,True,True,IF-3,0.6929864785763005,0.4129322046369078,0.2800542739393927,True,True
development_5,three_day_positive_sustained_spike,2,CA_1,FOODS_2,2016-01-23,1,688.0,901.4944,584.1880770158424,64.71101465964018,-6.326202077439461,106.74719999999999,1.7019996617405762,5.001196886863906,True,True,IF-3,0.6509406906121747,0.4538495834759843,0.19709110713619044,True,True
development_5,three_day_positive_sustained_spike,2,CA_1,FOODS_2,2016-01-24,2,621.0,834.4944,583.2684158550843,64.71101465964018,-6.326202077439461,106.74719999999999,0.6808390573704557,3.980036282493786,True,True,IF-3,0.606385666386812,0.41451547128793903,0.191870195098873,True,False
development_5,three_day_positive_sustained_spike,2,CA_1,FOODS_2,2016-01-25,3,440.0,653.4944,416.6207916326889,64.71101465964018,-6.326202077439461,106.74719999999999,0.4590472055026773,3.7582444306260068,True,True,IF-3,0.6126990882181813,0.41108789020537634,0.20161119801280497,True,False
development_5,three_day_positive_sustained_spike,4,CA_1,FOODS_2,2016-01-23,1,688.0,1114.9888,584.1880770158424,64.71101465964018,-6.326202077439461,106.74719999999999,1.7019996617405762,8.300394111987236,True,True,IF-3,0.708768543313328,0.4538495834759843,0.25491895983734364,True,True
development_5,three_day_positive_sustained_spike,4,CA_1,FOODS_2,2016-01-24,2,621.0,1047.9888,583.2684158550843,64.71101465964018,-6.326202077439461,106.74719999999999,0.6808390573704557,7.279233507617116,True,True,IF-3,0.7028535663632224,0.41451547128793903,0.28833809507528335,True,True
development_5,three_day_positive_sustained_spike,4,CA_1,FOODS_2,2016-01-25,3,440.0,866.9888,416.6207916326889,64.71101465964018,-6.326202077439461,106.74719999999999,0.4590472055026773,7.057441655749336,True,True,IF-3,0.7067344170281188,0.41108789020537634,0.29564652682274245,True,True
development_5,three_day_negative_sustained_drop,2,CA_1,FOODS_2,2016-01-26,1,355.0,141.50560000000002,367.3002343675928,64.71101465964018,-6.326202077439461,106.74719999999999,-0.09231863109510617,-3.3915158562184358,True,True,IF-3,0.619598850822562,0.3992959223836491,0.22030292843891297,True,False
development_5,three_day_negative_sustained_drop,2,CA_1,FOODS_2,2016-01-27,2,371.0,157.50560000000002,362.6834057362729,64.71101465964018,-6.326202077439461,106.74719999999999,0.2262798136945182,-3.0729174114288123,True,True,IF-3,0.5959021756168137,0.40220554216951243,0.19369663344730126,True,False
development_5,three_day_negative_sustained_drop,2,CA_1,FOODS_2,2016-01-28,3,366.0,152.50560000000002,363.7667062590159,64.71101465964018,-6.326202077439461,106.74719999999999,0.13227262566417547,-3.1669245994591537,True,True,IF-3,0.6057084898817233,0.40487071107265793,0.2008377788090654,True,False
development_5,three_day_negative_sustained_drop,4,CA_1,FOODS_2,2016-01-26,1,355.0,0.0,367.3002343675928,64.71101465964018,-6.326202077439461,106.74719999999999,-0.09231863109510617,-5.578247137504558,True,True,IF-3,0.6733044018203329,0.3992959223836491,0.2740084794366838,True,True
development_5,three_day_negative_sustained_drop,4,CA_1,FOODS_2,2016-01-27,2,371.0,0.0,362.6834057362729,64.71101465964018,-6.326202077439461,106.74719999999999,0.2262798136945182,-5.506901808496768,True,True,IF-3,0.6718190181499177,0.40220554216951243,0.2696134759804053,True,True
development_5,three_day_negative_sustained_drop,4,CA_1,FOODS_2,2016-01-28,3,366.0,0.0,363.7667062590159,64.71101465964018,-6.326202077439461,106.74719999999999,0.13227262566417547,-5.523642397845287,True,True,IF-3,0.6816467607010647,0.40487071107265793,0.27677604962840674,True,True
development_5,one_day_positive_spike,2,CA_1,FOODS_3,2016-01-05,1,1622.0,2467.082,1496.2283822409029,193.9376723064393,-75.14483531028804,422.541,1.0359846577508611,5.393477402454391,True,True,IF-3,0.7237971545430476,0.5398500680805076,0.18394708646254,True,True
development_5,one_day_positive_spike,4,CA_1,FOODS_3,2016-01-05,1,1622.0,3312.1639999999998,1496.2283822409029,193.9376723064393,-75.14483531028804,422.541,1.0359846577508611,9.75097014715792,True,True,IF-3,0.7270160110183992,0.5398500680805076,0.18716594293789157,True,True
development_5,one_day_negative_drop,2,CA_1,FOODS_3,2016-01-06,1,1471.0,625.918,1496.2283822409029,193.9376723064393,-75.14483531028804,422.541,0.2573839959804849,-4.100108748723045,True,True,IF-3,0.7258300491549781,0.4932893886425603,0.23254066051241779,True,True
development_5,one_day_negative_drop,4,CA_1,FOODS_3,2016-01-06,1,1471.0,0.0,1496.2283822409029,193.9376723064393,-75.14483531028804,422.541,0.2573839959804849,-7.32752708656404,True,True,IF-3,0.7258300491549781,0.4932893886425603,0.23254066051241779,True,True
development_5,two_day_positive_sustained_spike,2,CA_1,FOODS_3,2016-01-07,1,1732.0,2577.082,1582.4708252809762,193.9376723064393,-75.14483531028804,422.541,1.1584856482875916,5.515978392991121,True,True,IF-3,0.7590781278069714,0.6413314140884303,0.11774671371854106,True,True
development_5,two_day_positive_sustained_spike,2,CA_1,FOODS_3,2016-01-08,2,1980.0,2825.082,1726.6472420614143,193.9376723064393,-75.14483531028804,422.541,1.6938307516129056,6.051323496316436,True,True,IF-3,0.7293957313209353,0.6162019729387223,0.11319375838221302,True,True
development_5,two_day_positive_sustained_spike,4,CA_1,FOODS_3,2016-01-07,1,1732.0,3422.1639999999998,1582.4708252809762,193.9376723064393,-75.14483531028804,422.541,1.1584856482875916,9.87347113769465,True,True,IF-3,0.7616423367359437,0.6413314140884303,0.12031092264751342,True,True
development_5,two_day_positive_sustained_spike,4,CA_1,FOODS_3,2016-01-08,2,1980.0,3670.1639999999998,1726.6472420614143,193.9376723064393,-75.14483531028804,422.541,1.6938307516129056,10.408816241019965,True,True,IF-3,0.7321464675418999,0.6162019729387223,0.11594449460317768,True,True
development_5,two_day_negative_sustained_drop,2,CA_1,FOODS_3,2016-01-09,1,2863.0,2017.9180000000001,2155.4867494079667,193.9376723064393,-75.14483531028804,422.541,4.035616580287969,-0.32187616441556055,False,True,IF-3,0.5452833890210058,0.7247670290707315,-0.17948364004972572,False,False
development_5,two_day_negative_sustained_drop,2,CA_1,FOODS_3,2016-01-10,2,2800.0,1954.9180000000001,2244.8385558721684,193.9376723064393,-75.14483531028804,422.541,3.2500456045598916,-1.1074471401436379,False,True,IF-3,0.6106220950841095,0.7042267515328945,-0.09360465644878502,True,False
development_5,two_day_negative_sustained_drop,4,CA_1,FOODS_3,2016-01-09,1,2863.0,1172.836,2155.4867494079667,193.9376723064393,-75.14483531028804,422.541,4.035616580287969,-4.679368909119091,True,True,IF-3,0.724172653362069,0.7247670290707315,-0.0005943757086624979,True,True
development_5,two_day_negative_sustained_drop,4,CA_1,FOODS_3,2016-01-10,2,2800.0,1109.836,2244.8385558721684,193.9376723064393,-75.14483531028804,422.541,3.2500456045598916,-5.464939884847168,True,True,IF-3,0.7317665831521903,0.7042267515328945,0.02753983161929585,True,True
development_5,three_day_positive_sustained_spike,2,CA_1,FOODS_3,2016-01-11,1,1853.0,2698.082,1535.4692009397102,193.9376723064393,-75.14483531028804,422.541,2.024751713788306,6.382244458491836,True,True,IF-3,0.7229368858526316,0.624986275110045,0.0979506107425866,True,True
development_5,three_day_positive_sustained_spike,2,CA_1,FOODS_3,2016-01-12,2,1545.0,2390.082,1386.5384947255409,193.9376723064393,-75.14483531028804,422.541,1.204543386576424,5.562036131279953,True,True,IF-3,0.7116620105692962,0.5205650395566063,0.19109697101268996,True,True
development_5,three_day_positive_sustained_spike,2,CA_1,FOODS_3,2016-01-13,3,1471.0,2316.082,1385.7027816940522,193.9376723064393,-75.14483531028804,422.541,0.8272866829231749,5.1847794276267045,True,True,IF-3,0.708898140864338,0.48400362591791013,0.22489451494642787,True,True
development_5,three_day_positive_sustained_spike,4,CA_1,FOODS_3,2016-01-11,1,1853.0,3543.1639999999998,1535.4692009397102,193.9376723064393,-75.14483531028804,422.541,2.024751713788306,10.739737203195364,True,True,IF-3,0.7264097358397059,0.624986275110045,0.10142346072966091,True,True
development_5,three_day_positive_sustained_spike,4,CA_1,FOODS_3,2016-01-12,2,1545.0,3235.1639999999998,1386.5384947255409,193.9376723064393,-75.14483531028804,422.541,1.204543386576424,9.919528875983483,True,True,IF-3,0.7155885652836598,0.5205650395566063,0.1950235257270535,True,True
development_5,three_day_positive_sustained_spike,4,CA_1,FOODS_3,2016-01-13,3,1471.0,3161.1639999999998,1385.7027816940522,193.9376723064393,-75.14483531028804,422.541,0.8272866829231749,9.542272172330234,True,True,IF-3,0.7152118058206005,0.48400362591791013,0.23120817990269038,True,True
development_5,three_day_negative_sustained_drop,2,CA_1,FOODS_3,2016-01-14,1,1487.0,641.918,1381.4614531937546,193.9376723064393,-75.14483531028804,422.541,0.9316569595155147,-3.4258357851880152,True,True,IF-3,0.7191538766762404,0.4875645741958157,0.2315893024804247,True,True
development_5,three_day_negative_sustained_drop,2,CA_1,FOODS_3,2016-01-15,2,1871.0,1025.9180000000001,1588.1491251995276,193.9376723064393,-75.14483531028804,422.541,1.8459317669085684,-2.511560977794961,False,True,IF-3,0.6945140441839152,0.5975577364838507,0.09695630770006447,True,True
development_5,three_day_negative_sustained_drop,2,CA_1,FOODS_3,2016-01-16,3,2698.0,1852.9180000000001,2086.6705456948075,193.9376723064393,-75.14483531028804,422.541,3.539664478032861,-0.8178282666706684,False,True,IF-3,0.5621808030559693,0.6987731517682871,-0.13659234871231785,False,False
development_5,three_day_negative_sustained_drop,4,CA_1,FOODS_3,2016-01-14,1,1487.0,0.0,1381.4614531937546,193.9376723064393,-75.14483531028804,422.541,0.9316569595155147,-6.735754855402031,True,True,IF-3,0.7218659882668004,0.4875645741958157,0.23430141407098465,True,True
development_5,three_day_negative_sustained_drop,4,CA_1,FOODS_3,2016-01-15,2,1871.0,180.836,1588.1491251995276,193.9376723064393,-75.14483531028804,422.541,1.8459317669085684,-6.869053722498491,True,True,IF-3,0.7200673641693809,0.5975577364838507,0.1225096276855302,True,True
development_5,three_day_negative_sustained_drop,4,CA_1,FOODS_3,2016-01-16,3,2698.0,1007.836,2086.6705456948075,193.9376723064393,-75.14483531028804,422.541,3.539664478032861,-5.175321011374199,True,True,IF-3,0.7184222726776329,0.6987731517682871,0.019649120909345785,True,True
development_5,one_day_positive_spike,2,CA_1,HOBBIES_1,2016-01-17,1,532.0,696.5686000000001,627.3559178953349,64.15541050424108,19.20581402622625,82.2843,-1.7856908875049264,0.7794645484363812,False,True,IF-3,0.42909640508854324,0.4668710851740576,-0.03777468008551438,False,False
development_5,one_day_positive_spike,4,CA_1,HOBBIES_1,2016-01-17,1,532.0,861.1372,627.3559178953349,64.15541050424108,19.20581402622625,82.2843,-1.7856908875049264,3.344619984377687,True,True,IF-3,0.5764479498781724,0.4668710851740576,0.10957686470411476,False,False
development_5,one_day_negative_drop,2,CA_1,HOBBIES_1,2016-01-18,1,564.0,399.4314,522.6394804608262,64.15541050424108,19.20581402622625,82.2843,0.3453287156736835,-2.219826720267623,False,True,IF-3,0.6111793795946268,0.5256315479623969,0.0855478316322299,True,False
development_5,one_day_negative_drop,4,CA_1,HOBBIES_1,2016-01-18,1,564.0,234.8628,522.6394804608262,64.15541050424108,19.20581402622625,82.2843,0.3453287156736835,-4.78498215620893,True,True,IF-3,0.7013831823229741,0.5256315479623969,0.17575163436057728,True,True
development_5,two_day_positive_sustained_spike,2,CA_1,HOBBIES_1,2016-01-19,1,333.0,497.5686,426.69430255404745,64.15541050424108,19.20581402622625,82.2843,-1.7597910401151635,0.8053643958261429,False,True,IF-3,0.429934061137894,0.47837786167963986,-0.04844380054174585,False,False
development_5,two_day_positive_sustained_spike,2,CA_1,HOBBIES_1,2016-01-20,2,478.0,642.5686000000001,427.72058101489137,64.15541050424108,19.20581402622625,82.2843,0.4843489382213247,3.049504374162632,True,True,IF-3,0.5825336205629676,0.4178741907970787,0.16465942976588893,False,False
development_5,two_day_positive_sustained_spike,4,CA_1,HOBBIES_1,2016-01-19,1,333.0,662.1372,426.69430255404745,64.15541050424108,19.20581402622625,82.2843,-1.7597910401151635,3.37051983176745,True,True,IF-3,0.5956060286549046,0.47837786167963986,0.11722816697526478,True,False
development_5,two_day_positive_sustained_spike,4,CA_1,HOBBIES_1,2016-01-20,2,478.0,807.1372,427.72058101489137,64.15541050424108,19.20581402622625,82.2843,0.4843489382213247,5.614659810103937,True,True,IF-3,0.6790560496658289,0.4178741907970787,0.26118185886875017,True,True
development_5,two_day_negative_sustained_drop,2,CA_1,HOBBIES_1,2016-01-21,1,539.0,374.4314,429.20133844797823,64.15541050424108,19.20581402622625,82.2843,1.4120842936513789,-1.1530711422899278,False,True,IF-3,0.4269508615858503,0.4693378262190509,-0.042386964633200575,False,False
development_5,two_day_negative_sustained_drop,2,CA_1,HOBBIES_1,2016-01-22,2,430.0,265.4314,480.1981000721468,64.15541050424108,19.20581402622625,82.2843,-1.0818092122376028,-3.6469646481789093,True,True,IF-3,0.6105728898610919,0.42812157704288156,0.18245131281821036,True,False
development_5,two_day_negative_sustained_drop,4,CA_1,HOBBIES_1,2016-01-21,1,539.0,209.8628,429.20133844797823,64.15541050424108,19.20581402622625,82.2843,1.4120842936513789,-3.7182265782312345,True,True,IF-3,0.6158577352136843,0.4693378262190509,0.14651990899463335,True,False
development_5,two_day_negative_sustained_drop,4,CA_1,HOBBIES_1,2016-01-22,2,430.0,100.8628,480.1981000721468,64.15541050424108,19.20581402622625,82.2843,-1.0818092122376028,-6.212120084120216,True,True,IF-3,0.677484788380307,0.42812157704288156,0.24936321133742545,True,True
development_5,three_day_positive_sustained_spike,2,CA_1,HOBBIES_1,2016-01-23,1,664.0,828.5686000000001,622.7922846033952,64.15541050424108,19.20581402622625,82.2843,0.3429469345991345,2.9081023705404423,False,True,IF-3,0.5528086861105723,0.4153292877473124,0.1374793983632599,False,False
development_5,three_day_positive_sustained_spike,2,CA_1,HOBBIES_1,2016-01-24,2,431.0,595.5686000000001,598.1621079763167,64.15541050424108,19.20581402622625,82.2843,-2.9049447355686846,-0.3397892996273769,False,False,IF-3,0.418156651509904,0.556901061572153,-0.13874441006224902,False,False
development_5,three_day_positive_sustained_spike,2,CA_1,HOBBIES_1,2016-01-25,3,482.0,646.5686000000001,459.77379349332136,64.15541050424108,19.20581402622625,82.2843,0.04707931032960532,2.612234746270913,False,True,IF-3,0.5540661233452128,0.4095660559460073,0.14450006739920546,False,False
development_5,three_day_positive_sustained_spike,4,CA_1,HOBBIES_1,2016-01-23,1,664.0,993.1372,622.7922846033952,64.15541050424108,19.20581402622625,82.2843,0.3429469345991345,5.473257806481748,True,True,IF-3,0.6711979618490638,0.4153292877473124,0.25586867410175135,True,True
development_5,three_day_positive_sustained_spike,4,CA_1,HOBBIES_1,2016-01-24,2,431.0,760.1372,598.1621079763167,64.15541050424108,19.20581402622625,82.2843,-2.9049447355686846,2.2253661363139288,False,True,IF-3,0.5051783556580942,0.556901061572153,-0.05172270591405881,False,False
development_5,three_day_positive_sustained_spike,4,CA_1,HOBBIES_1,2016-01-25,3,482.0,811.1372,459.77379349332136,64.15541050424108,19.20581402622625,82.2843,0.04707931032960532,5.1773901822122195,True,True,IF-3,0.6813516067071632,0.4095660559460073,0.2717855507611559,True,True
development_5,three_day_negative_sustained_drop,2,CA_1,HOBBIES_1,2016-01-26,1,414.0,249.4314,424.24861565152696,64.15541050424108,19.20581402622625,82.2843,-0.45911061041073203,-3.0242660463520386,True,True,IF-3,0.5813986962521279,0.4020825696283069,0.17931612662382101,False,False
development_5,three_day_negative_sustained_drop,2,CA_1,HOBBIES_1,2016-01-27,2,376.0,211.4314,418.76300179964267,64.15541050424108,19.20581402622625,82.2843,-0.9659172209921778,-3.5310726569334845,True,True,IF-3,0.6024380205755335,0.4155586306851092,0.18687938989042435,True,False
development_5,three_day_negative_sustained_drop,2,CA_1,HOBBIES_1,2016-01-28,3,425.0,260.4314,419.82359369425535,64.15541050424108,19.20581402622625,82.2843,-0.21867848105428564,-2.7838339169955924,False,True,IF-3,0.5648074484314544,0.4077110137155063,0.15709643471594809,False,False
development_5,three_day_negative_sustained_drop,4,CA_1,HOBBIES_1,2016-01-26,1,414.0,84.8628,424.24861565152696,64.15541050424108,19.20581402622625,82.2843,-0.45911061041073203,-5.5894214822933455,True,True,IF-3,0.6676731761356431,0.4020825696283069,0.26559060650733624,True,True
development_5,three_day_negative_sustained_drop,4,CA_1,HOBBIES_1,2016-01-27,2,376.0,46.86279999999999,418.76300179964267,64.15541050424108,19.20581402622625,82.2843,-0.9659172209921778,-6.0962280928747905,True,True,IF-3,0.6754931672490366,0.4155586306851092,0.25993453656392745,True,True
development_5,three_day_negative_sustained_drop,4,CA_1,HOBBIES_1,2016-01-28,3,425.0,95.8628,419.82359369425535,64.15541050424108,19.20581402622625,82.2843,-0.21867848105428564,-5.348989352936899,True,True,IF-3,0.669626490553695,0.4077110137155063,0.2619154768381888,True,True
development_5,one_day_positive_spike,2,CA_1,HOBBIES_2,2016-01-05,1,18.0,44.6868,39.88200329578783,14.02075566871684,-1.3485568155845833,13.343399999999999,-1.464503552117205,0.4388745988581866,False,True,IF-3,0.4435706308145614,0.4649425891732857,-0.021371958358724297,False,False
development_5,one_day_positive_spike,4,CA_1,HOBBIES_2,2016-01-05,1,18.0,71.3736,39.88200329578783,14.02075566871684,-1.3485568155845833,13.343399999999999,-1.464503552117205,2.342252749833578,False,True,IF-3,0.5053275531832724,0.4649425891732857,0.0403849640099867,False,False
development_5,one_day_negative_drop,2,CA_1,HOBBIES_2,2016-01-06,1,29.0,2.313200000000002,39.88200329578783,14.02075566871684,-1.3485568155845833,13.343399999999999,-0.6799524009589804,-2.5833305519343717,False,True,IF-3,0.5211544035273581,0.4521487533770541,0.06900565015030397,False,False
development_5,one_day_negative_drop,4,CA_1,HOBBIES_2,2016-01-06,1,29.0,0.0,39.88200329578783,14.02075566871684,-1.3485568155845833,13.343399999999999,-0.6799524009589804,-2.7483145267397546,False,True,IF-3,0.5241327158270711,0.4521487533770541,0.07198396245001698,False,False
development_5,two_day_positive_sustained_spike,2,CA_1,HOBBIES_2,2016-01-07,1,22.0,48.6868,44.96071601421112,14.02075566871684,-1.3485568155845833,13.343399999999999,-1.5414403980270242,0.3619377529483675,False,True,IF-3,0.5461547780869819,0.5742627371436422,-0.028107959056660303,False,False
development_5,two_day_positive_sustained_spike,2,CA_1,HOBBIES_2,2016-01-08,2,28.0,54.6868,36.37306652796817,14.02075566871684,-1.3485568155845833,13.343399999999999,-0.501007925561152,1.4023702254142396,False,True,IF-3,0.46029923630922615,0.44480105341673687,0.015498182892489276,False,False
development_5,two_day_positive_sustained_spike,4,CA_1,HOBBIES_2,2016-01-07,1,22.0,75.3736,44.96071601421112,14.02075566871684,-1.3485568155845833,13.343399999999999,-1.5414403980270242,2.265315903923759,False,True,IF-3,0.5888211533637556,0.5742627371436422,0.014558416220113446,True,False
development_5,two_day_positive_sustained_spike,4,CA_1,HOBBIES_2,2016-01-08,2,28.0,81.3736,36.37306652796817,14.02075566871684,-1.3485568155845833,13.343399999999999,-0.501007925561152,3.305748376389631,True,True,IF-3,0.5372454627092101,0.44480105341673687,0.09244440929247327,False,False
development_5,two_day_negative_sustained_drop,2,CA_1,HOBBIES_2,2016-01-09,1,44.0,17.313200000000002,43.51911492605611,14.02075566871684,-1.3485568155845833,13.343399999999999,0.13048097640060363,-1.772897174574788,False,True,IF-3,0.48197940198289924,0.45865602766016766,0.02332337432273157,False,False
development_5,two_day_negative_sustained_drop,2,CA_1,HOBBIES_2,2016-01-10,2,28.0,1.313200000000002,41.123609442781365,14.02075566871684,-1.3485568155845833,13.343399999999999,-0.8398300994196283,-2.74320825039502,False,True,IF-3,0.5080560608901462,0.4401619230050924,0.06789413788505383,False,False
development_5,two_day_negative_sustained_drop,4,CA_1,HOBBIES_2,2016-01-09,1,44.0,0.0,43.51911492605611,14.02075566871684,-1.3485568155845833,13.343399999999999,0.13048097640060363,-3.007723628232295,True,True,IF-3,0.5255054426612669,0.45865602766016766,0.0668494150010992,False,False
development_5,two_day_negative_sustained_drop,4,CA_1,HOBBIES_2,2016-01-10,2,28.0,0.0,41.123609442781365,14.02075566871684,-1.3485568155845833,13.343399999999999,-0.8398300994196283,-2.8368693932769276,False,True,IF-3,0.5114241971270791,0.4401619230050924,0.07126227412198671,False,False
development_5,three_day_positive_sustained_spike,2,CA_1,HOBBIES_2,2016-01-11,1,27.0,53.6868,39.24658050364047,14.02075566871684,-1.3485568155845833,13.343399999999999,-0.7772779118012588,1.1261002391741326,False,True,IF-3,0.4279031780627828,0.42242765100152196,0.00547552706126081,False,False
development_5,three_day_positive_sustained_spike,2,CA_1,HOBBIES_2,2016-01-12,2,15.0,41.6868,40.937059925355854,14.02075566871684,-1.3485568155845833,13.343399999999999,-1.7537216745480582,0.14965647642733373,False,True,IF-3,0.41429033174890795,0.4580344268182071,-0.04374409506929916,False,False
development_5,three_day_positive_sustained_spike,2,CA_1,HOBBIES_2,2016-01-13,3,40.0,66.6868,40.937059925355854,14.02075566871684,-1.3485568155845833,13.343399999999999,0.029349123538816302,1.9327272745142083,False,True,IF-3,0.446500058183151,0.418497856830452,0.02800220135269904,False,False
development_5,three_day_positive_sustained_spike,4,CA_1,HOBBIES_2,2016-01-11,1,27.0,80.3736,39.24658050364047,14.02075566871684,-1.3485568155845833,13.343399999999999,-0.7772779118012588,3.0294783901495244,True,True,IF-3,0.4991689124715246,0.42242765100152196,0.07674126147000265,False,False
development_5,three_day_positive_sustained_spike,4,CA_1,HOBBIES_2,2016-01-12,2,15.0,68.3736,40.937059925355854,14.02075566871684,-1.3485568155845833,13.343399999999999,-1.7537216745480582,2.053034627402725,False,True,IF-3,0.45521924912184186,0.4580344268182071,-0.0028151776963652453,False,False
development_5,three_day_positive_sustained_spike,4,CA_1,HOBBIES_2,2016-01-13,3,40.0,93.3736,40.937059925355854,14.02075566871684,-1.3485568155845833,13.343399999999999,0.029349123538816302,3.8361054254896,True,True,IF-3,0.5218086237015757,0.418497856830452,0.10331076687112367,False,False
development_5,three_day_negative_sustained_drop,2,CA_1,HOBBIES_2,2016-01-14,1,31.0,4.313200000000002,41.16818540859494,14.02075566871684,-1.3485568155845833,13.343399999999999,-0.6290408877667515,-2.5324190387421432,False,True,IF-3,0.5032735657384018,0.41666988913890873,0.08660367659949303,False,False
development_5,three_day_negative_sustained_drop,2,CA_1,HOBBIES_2,2016-01-15,2,31.0,4.313200000000002,37.985315969306704,14.02075566871684,-1.3485568155845833,13.343399999999999,-0.40202962571403184,-2.305407776689423,False,True,IF-3,0.4988436979347736,0.42221717721340507,0.07662652072136855,False,False
development_5,three_day_negative_sustained_drop,2,CA_1,HOBBIES_2,2016-01-16,3,45.0,18.313200000000002,44.5059305550145,14.02075566871684,-1.3485568155845833,13.343399999999999,0.13142132308042115,-1.7719568278949704,False,True,IF-3,0.4578460692362839,0.42113114306551974,0.03671492617076416,False,False
development_5,three_day_negative_sustained_drop,4,CA_1,HOBBIES_2,2016-01-14,1,31.0,0.0,41.16818540859494,14.02075566871684,-1.3485568155845833,13.343399999999999,-0.6290408877667515,-2.840048677394475,False,True,IF-3,0.5141137324065151,0.41666988913890873,0.09744384326760641,False,False
development_5,three_day_negative_sustained_drop,4,CA_1,HOBBIES_2,2016-01-15,2,31.0,0.0,37.985315969306704,14.02075566871684,-1.3485568155845833,13.343399999999999,-0.40202962571403184,-2.613037415341756,False,True,IF-3,0.5121336528932117,0.42221717721340507,0.0899164756798066,False,False
development_5,three_day_negative_sustained_drop,4,CA_1,HOBBIES_2,2016-01-16,3,45.0,0.0,44.5059305550145,14.02075566871684,-1.3485568155845833,13.343399999999999,0.13142132308042115,-3.078106113475952,True,True,IF-3,0.5124263546360358,0.42113114306551974,0.09129521157051607,False,False
development_5,one_day_positive_spike,2,CA_1,HOUSEHOLD_1,2016-01-17,1,1109.0,1436.6545999999998,966.1453552577708,78.14582752931017,-0.2069055960165542,163.82729999999998,1.830699793723315,6.023560888925183,True,True,IF-3,0.6970658127944028,0.48947776396080583,0.207588048833597,True,True
development_5,one_day_positive_spike,4,CA_1,HOUSEHOLD_1,2016-01-17,1,1109.0,1764.3092,966.1453552577708,78.14582752931017,-0.2069055960165542,163.82729999999998,1.830699793723315,10.216421984127056,True,True,IF-3,0.7165911434562028,0.48947776396080583,0.22711337949539695,True,True
development_5,one_day_negative_drop,2,CA_1,HOUSEHOLD_1,2016-01-18,1,801.0,473.34540000000004,753.010817006581,78.14582752931017,-0.2069055960165542,163.82729999999998,0.6167455142932445,-3.5761155809086267,True,True,IF-3,0.6970897347833884,0.5369851837402673,0.16010455104312116,True,True
development_5,one_day_negative_drop,4,CA_1,HOUSEHOLD_1,2016-01-18,1,801.0,145.69080000000008,753.010817006581,78.14582752931017,-0.2069055960165542,163.82729999999998,0.6167455142932445,-7.768976676110498,True,True,IF-3,0.7507997907927939,0.5369851837402673,0.21381460705252664,True,True
development_5,two_day_positive_sustained_spike,2,CA_1,HOUSEHOLD_1,2016-01-19,1,507.0,834.6546,587.2991047411869,78.14582752931017,-0.2069055960165542,163.82729999999998,-1.0249069166889313,3.16795417851294,True,True,IF-3,0.5987744112917378,0.44787715127847294,0.15089726001326487,True,False
development_5,two_day_positive_sustained_spike,2,CA_1,HOUSEHOLD_1,2016-01-20,2,711.0,1038.6545999999998,587.1777166336619,78.14582752931017,-0.2069055960165542,163.82729999999998,1.5871504964975256,5.780011591699395,True,True,IF-3,0.6939416931060107,0.48664376767018636,0.20729792543582437,True,True
development_5,two_day_positive_sustained_spike,4,CA_1,HOUSEHOLD_1,2016-01-19,1,507.0,1162.3092,587.2991047411869,78.14582752931017,-0.2069055960165542,163.82729999999998,-1.0249069166889313,7.3608152737148105,True,True,IF-3,0.7108315801600626,0.44787715127847294,0.2629544288815897,True,True
development_5,two_day_positive_sustained_spike,4,CA_1,HOUSEHOLD_1,2016-01-20,2,711.0,1366.3092,587.1777166336619,78.14582752931017,-0.2069055960165542,163.82729999999998,1.5871504964975256,9.972872686901267,True,True,IF-3,0.716055941193308,0.48664376767018636,0.2294121735231216,True,True
development_5,two_day_negative_sustained_drop,2,CA_1,HOUSEHOLD_1,2016-01-21,1,574.0,246.34540000000004,586.36522298097,78.14582752931017,-0.2069055960165542,163.82729999999998,-0.15558498475677668,-4.348446079958648,True,True,IF-3,0.6703444292797012,0.4057810084758869,0.2645634208038143,True,True
development_5,two_day_negative_sustained_drop,2,CA_1,HOUSEHOLD_1,2016-01-22,2,655.0,327.34540000000004,711.7691083720292,78.14582752931017,-0.2069055960165542,163.82729999999998,-0.7238032351093585,-4.91666433031123,True,True,IF-3,0.6759568482070665,0.43202624929276984,0.24393059891429664,True,True
development_5,two_day_negative_sustained_drop,4,CA_1,HOUSEHOLD_1,2016-01-21,1,574.0,0.0,586.36522298097,78.14582752931017,-0.2069055960165542,163.82729999999998,-0.15558498475677668,-7.50082679929524,True,True,IF-3,0.7112208125021047,0.4057810084758869,0.3054398040262178,True,True
development_5,two_day_negative_sustained_drop,4,CA_1,HOUSEHOLD_1,2016-01-22,2,655.0,0.0,711.7691083720292,78.14582752931017,-0.2069055960165542,163.82729999999998,-0.7238032351093585,-9.105568720340532,True,True,IF-3,0.7184418679679521,0.43202624929276984,0.2864156186751822,True,True
development_5,three_day_positive_sustained_spike,2,CA_1,HOUSEHOLD_1,2016-01-23,1,1206.0,1533.6545999999998,936.1735921292257,78.14582752931017,-0.2069055960165542,163.82729999999998,3.455505201035968,7.648366296237836,True,True,IF-3,0.7107068776998794,0.6037236976221001,0.1069831800777793,True,True
development_5,three_day_positive_sustained_spike,2,CA_1,HOUSEHOLD_1,2016-01-24,2,1089.0,1416.6545999999998,933.237390760312,78.14582752931017,-0.2069055960165542,163.82729999999998,1.9958777041193294,6.1887387993211975,True,True,IF-3,0.6961607501889251,0.4987291728959394,0.19743157729298572,True,True
development_5,three_day_positive_sustained_spike,2,CA_1,HOUSEHOLD_1,2016-01-25,3,765.0,1092.6545999999998,647.5348393989726,78.14582752931017,-0.2069055960165542,163.82729999999998,1.505801012253772,5.698662107455641,True,True,IF-3,0.7040996257404166,0.4816287426055262,0.22247088313489044,True,True
development_5,three_day_positive_sustained_spike,4,CA_1,HOUSEHOLD_1,2016-01-23,1,1206.0,1861.3092,936.1735921292257,78.14582752931017,-0.2069055960165542,163.82729999999998,3.455505201035968,11.841227391439709,True,True,IF-3,0.7166488053480382,0.6037236976221001,0.11292510772593811,True,True
development_5,three_day_positive_sustained_spike,4,CA_1,HOUSEHOLD_1,2016-01-24,2,1089.0,1744.3092,933.237390760312,78.14582752931017,-0.2069055960165542,163.82729999999998,1.9958777041193294,10.38159989452307,True,True,IF-3,0.7146452532960141,0.4987291728959394,0.21591608040007476,True,True
development_5,three_day_positive_sustained_spike,4,CA_1,HOUSEHOLD_1,2016-01-25,3,765.0,1420.3092,647.5348393989726,78.14582752931017,-0.2069055960165542,163.82729999999998,1.505801012253772,9.891523202657515,True,True,IF-3,0.7252030976704709,0.4816287426055262,0.24357435506494468,True,True
development_5,three_day_negative_sustained_drop,2,CA_1,HOUSEHOLD_1,2016-01-26,1,605.0,277.34540000000004,574.7051713116548,78.14582752931017,-0.2069055960165542,163.82729999999998,0.39031814299901646,-3.8025429522028547,True,True,IF-3,0.6486786600547527,0.40694059501539354,0.24173806503935918,True,True
development_5,three_day_negative_sustained_drop,2,CA_1,HOUSEHOLD_1,2016-01-27,2,538.0,210.34540000000004,572.9727173909536,78.14582752931017,-0.2069055960165542,163.82729999999998,-0.44488378834938297,-4.637744883551254,True,True,IF-3,0.6729989361659157,0.4094424964099644,0.2635564397559513,True,True
development_5,three_day_negative_sustained_drop,2,CA_1,HOUSEHOLD_1,2016-01-28,3,565.0,237.34540000000004,572.0414275214453,78.14582752931017,-0.2069055960165542,163.82729999999998,-0.08745856485895268,-4.280319660060824,True,True,IF-3,0.6691064089391459,0.408248171578971,0.2608582373601749,True,True
development_5,three_day_negative_sustained_drop,4,CA_1,HOUSEHOLD_1,2016-01-26,1,605.0,0.0,574.7051713116548,78.14582752931017,-0.2069055960165542,163.82729999999998,0.39031814299901646,-7.351617915878632,True,True,IF-3,0.7036572323591928,0.40694059501539354,0.2967166373437992,True,True
development_5,three_day_negative_sustained_drop,4,CA_1,HOUSEHOLD_1,2016-01-27,2,538.0,0.0,572.9727173909536,78.14582752931017,-0.2069055960165542,163.82729999999998,-0.44488378834938297,-7.329448415913308,True,True,IF-3,0.7040699708517764,0.4094424964099644,0.294627474441812,True,True
development_5,three_day_negative_sustained_drop,4,CA_1,HOUSEHOLD_1,2016-01-28,3,565.0,0.0,572.0414275214453,78.14582752931017,-0.2069055960165542,163.82729999999998,-0.08745856485895268,-7.317531082653781,True,True,IF-3,0.709896188782907,0.408248171578971,0.30164801720393597,True,True
development_5,one_day_positive_spike,2,CA_1,HOUSEHOLD_2,2016-01-05,1,158.0,263.2646,172.65409072971718,24.90340828721646,-6.115577771879572,52.632299999999994,-0.3428652359291978,3.8840501640016187,True,True,IF-3,0.5635171720486746,0.4330267069384181,0.13049046511025647,False,False
development_5,one_day_positive_spike,4,CA_1,HOUSEHOLD_2,2016-01-05,1,158.0,368.52919999999995,172.65409072971718,24.90340828721646,-6.115577771879572,52.632299999999994,-0.3428652359291978,8.110965563932435,True,True,IF-3,0.6343758680031515,0.4330267069384181,0.20134916106473338,True,True
development_5,one_day_negative_drop,2,CA_1,HOUSEHOLD_2,2016-01-06,1,106.0,0.7354000000000127,172.65409072971718,24.90340828721646,-6.115577771879572,52.632299999999994,-2.4309328369688874,-6.657848236899705,True,True,IF-3,0.6058207571443248,0.5237099068081407,0.08211085033618415,True,False
development_5,one_day_negative_drop,4,CA_1,HOUSEHOLD_2,2016-01-06,1,106.0,0.0,172.65409072971718,24.90340828721646,-6.115577771879572,52.632299999999994,-2.4309328369688874,-6.687378331395947,True,True,IF-3,0.6060358530063643,0.5237099068081407,0.08232594619822364,True,False
development_5,two_day_positive_sustained_spike,2,CA_1,HOUSEHOLD_2,2016-01-07,1,171.0,276.2646,176.11201859776,24.90340828721646,-6.115577771879572,52.632299999999994,0.04029806533086979,4.267213465261686,True,True,IF-3,0.6445628163420513,0.5309170190717292,0.11364579727032209,True,True
development_5,two_day_positive_sustained_spike,2,CA_1,HOUSEHOLD_2,2016-01-08,2,198.0,303.2646,201.03415977313213,24.90340828721646,-6.115577771879572,52.632299999999994,0.12373479016240556,4.350650190093222,True,True,IF-3,0.5722033817325056,0.4408281588460011,0.13137522288650455,False,False
development_5,two_day_positive_sustained_spike,4,CA_1,HOUSEHOLD_2,2016-01-07,1,171.0,381.52919999999995,176.11201859776,24.90340828721646,-6.115577771879572,52.632299999999994,0.04029806533086979,8.494128865192502,True,True,IF-3,0.697657909809865,0.5309170190717292,0.1667408907381358,True,True
development_5,two_day_positive_sustained_spike,4,CA_1,HOUSEHOLD_2,2016-01-08,2,198.0,408.52919999999995,201.03415977313213,24.90340828721646,-6.115577771879572,52.632299999999994,0.12373479016240556,8.577565590024038,True,True,IF-3,0.6496003370391525,0.4408281588460011,0.20877217819315147,True,True
development_5,two_day_negative_sustained_drop,2,CA_1,HOUSEHOLD_2,2016-01-09,1,263.0,157.73540000000003,238.2628846313989,24.90340828721646,-6.115577771879572,52.632299999999994,1.238894402912638,-2.9880209970181784,False,True,IF-3,0.5236566503331664,0.4468528823592842,0.07680376797388222,False,False
development_5,two_day_negative_sustained_drop,2,CA_1,HOUSEHOLD_2,2016-01-10,2,222.0,116.73540000000001,236.42804292793264,24.90340828721646,-6.115577771879572,52.632299999999994,-0.333788253406264,-4.560703653337081,True,True,IF-3,0.5645754116824389,0.4270257981680671,0.13754961351437178,False,False
development_5,two_day_negative_sustained_drop,4,CA_1,HOUSEHOLD_2,2016-01-09,1,263.0,52.470800000000025,238.2628846313989,24.90340828721646,-6.115577771879572,52.632299999999994,1.238894402912638,-7.214936396948995,True,True,IF-3,0.5996463210023627,0.4468528823592842,0.15279343864307848,True,False
development_5,two_day_negative_sustained_drop,4,CA_1,HOUSEHOLD_2,2016-01-10,2,222.0,11.470800000000025,236.42804292793264,24.90340828721646,-6.115577771879572,52.632299999999994,-0.333788253406264,-8.787619053267898,True,True,IF-3,0.6180894994539617,0.4270257981680671,0.19106370128589467,True,False
development_5,three_day_positive_sustained_spike,2,CA_1,HOUSEHOLD_2,2016-01-11,1,132.0,237.26459999999997,174.27726431504232,24.90340828721646,-6.115577771879572,52.632299999999994,-1.4520778090332898,2.7748375908975267,False,True,IF-3,0.4920600966969869,0.44184868518135584,0.05021141151563108,False,False
development_5,three_day_positive_sustained_spike,2,CA_1,HOUSEHOLD_2,2016-01-12,2,119.0,224.26459999999997,173.3603585338898,24.90340828721646,-6.115577771879572,52.632299999999994,-1.9372762236233938,2.2896391763074226,False,True,IF-3,0.46770336599038875,0.46678536768250883,0.0009179983078799192,False,False
development_5,three_day_positive_sustained_spike,2,CA_1,HOUSEHOLD_2,2016-01-13,3,159.0,264.2646,173.3603585338898,24.90340828721646,-6.115577771879572,52.632299999999994,-0.3310703766697865,3.89584502326103,True,True,IF-3,0.5412076750286956,0.4038207494040976,0.13738692562459798,False,False
development_5,three_day_positive_sustained_spike,4,CA_1,HOUSEHOLD_2,2016-01-11,1,132.0,342.52919999999995,174.27726431504232,24.90340828721646,-6.115577771879572,52.632299999999994,-1.4520778090332898,7.001752990828343,True,True,IF-3,0.61257578225554,0.44184868518135584,0.17072709707418415,True,False
development_5,three_day_positive_sustained_spike,4,CA_1,HOUSEHOLD_2,2016-01-12,2,119.0,329.52919999999995,173.3603585338898,24.90340828721646,-6.115577771879572,52.632299999999994,-1.9372762236233938,6.516554576238239,True,True,IF-3,0.603600001332423,0.46678536768250883,0.13681463364991414,True,False
development_5,three_day_positive_sustained_spike,4,CA_1,HOUSEHOLD_2,2016-01-13,3,159.0,369.52919999999995,173.3603585338898,24.90340828721646,-6.115577771879572,52.632299999999994,-0.3310703766697865,8.122760423191846,True,True,IF-3,0.6224809647377961,0.4038207494040976,0.2186602153336985,True,False
development_5,three_day_negative_sustained_drop,2,CA_1,HOUSEHOLD_2,2016-01-14,1,157.0,51.73540000000001,174.33170631250553,24.90340828721646,-6.115577771879572,52.632299999999994,-0.4503852810534162,-4.677300680984233,True,True,IF-3,0.5612606541657374,0.4015928919430349,0.15966776222270257,False,False
development_5,three_day_negative_sustained_drop,2,CA_1,HOUSEHOLD_2,2016-01-15,2,164.0,58.73540000000001,202.2976203890753,24.90340828721646,-6.115577771879572,52.632299999999994,-1.2922746254662474,-5.519190025397065,True,True,IF-3,0.5772835234966496,0.4399648190834649,0.13731870441318467,False,False
development_5,three_day_negative_sustained_drop,2,CA_1,HOUSEHOLD_2,2016-01-16,3,268.0,162.73540000000003,238.90091143496187,24.90340828721646,-6.115577771879572,52.632299999999994,1.4140500742219395,-2.8128653257088767,False,True,IF-3,0.5095481453705702,0.4164638792881782,0.09308426608239206,False,False
development_5,three_day_negative_sustained_drop,4,CA_1,HOUSEHOLD_2,2016-01-14,1,157.0,0.0,174.33170631250553,24.90340828721646,-6.115577771879572,52.632299999999994,-0.4503852810534162,-6.754743230346325,True,True,IF-3,0.588861337070151,0.4015928919430349,0.1872684451271161,True,False
development_5,three_day_negative_sustained_drop,4,CA_1,HOUSEHOLD_2,2016-01-15,2,164.0,0.0,202.2976203890753,24.90340828721646,-6.115577771879572,52.632299999999994,-1.2922746254662474,-7.877718597976038,True,True,IF-3,0.6111599063616789,0.4399648190834649,0.17119508727821403,True,False
development_5,three_day_negative_sustained_drop,4,CA_1,HOUSEHOLD_2,2016-01-16,3,268.0,57.470800000000025,238.90091143496187,24.90340828721646,-6.115577771879572,52.632299999999994,1.4140500742219395,-7.0397807256396945,True,True,IF-3,0.5857431061977565,0.4164638792881782,0.1692792269095783,True,False
development_5,one_day_positive_spike,2,CA_2,FOODS_1,2016-01-17,1,607.0,816.0466,530.5113260561127,61.11181863281323,-24.877640189321966,104.52329999999999,1.6587023001600198,5.0794252417573595,True,True,IF-3,0.6398255583111729,0.4406773201535339,0.19914823815763905,True,True
development_5,one_day_positive_spike,4,CA_2,FOODS_1,2016-01-17,1,607.0,1025.0932,530.5113260561127,61.11181863281323,-24.877640189321966,104.52329999999999,1.6587023001600198,8.5001481833547,True,True,IF-3,0.7067784805165428,0.4406773201535339,0.2661011603630089,True,True
development_5,one_day_negative_drop,2,CA_2,FOODS_1,2016-01-18,1,528.0,318.9534,393.56815718436167,61.11181863281323,-24.877640189321966,104.52329999999999,2.606852268006651,-0.8138706735906888,False,True,IF-3,0.5513731314492143,0.6136523163085728,-0.06227918485935846,False,False
development_5,one_day_negative_drop,4,CA_2,FOODS_1,2016-01-18,1,528.0,109.90680000000003,393.56815718436167,61.11181863281323,-24.877640189321966,104.52329999999999,2.606852268006651,-4.234593615188027,True,True,IF-3,0.7003621838882396,0.6136523163085728,0.08670986757966681,True,True
development_5,two_day_positive_sustained_spike,2,CA_2,FOODS_1,2016-01-19,1,346.0,555.0466,364.27414697603245,61.11181863281323,-24.877640189321966,104.52329999999999,0.10805591064088947,3.5287788522382293,True,True,IF-3,0.5809282955581503,0.3976592263997497,0.18326906915840058,False,False
development_5,two_day_positive_sustained_spike,2,CA_2,FOODS_1,2016-01-20,2,380.0,589.0466,365.3004254368764,61.11181863281323,-24.877640189321966,104.52329999999999,0.6476196525952364,4.0683425941925755,True,True,IF-3,0.60783537040737,0.40708244260337484,0.20075292780399517,True,False
development_5,two_day_positive_sustained_spike,4,CA_2,FOODS_1,2016-01-19,1,346.0,764.0932,364.27414697603245,61.11181863281323,-24.877640189321966,104.52329999999999,0.10805591064088947,6.94950179383557,True,True,IF-3,0.6890364675136211,0.3976592263997497,0.2913772411138714,True,True
development_5,two_day_positive_sustained_spike,4,CA_2,FOODS_1,2016-01-20,2,380.0,798.0932,365.3004254368764,61.11181863281323,-24.877640189321966,104.52329999999999,0.6476196525952364,7.489065535789916,True,True,IF-3,0.6955780278707092,0.40708244260337484,0.2884955852673344,True,True
development_5,two_day_negative_sustained_drop,2,CA_2,FOODS_1,2016-01-21,1,371.0,161.95340000000002,368.4979069399965,61.11181863281323,-24.877640189321966,104.52329999999999,0.44802681153763396,-2.9726961300597057,False,True,IF-3,0.6000786809280083,0.4114286014987899,0.1886500794292184,True,False
development_5,two_day_negative_sustained_drop,2,CA_2,FOODS_1,2016-01-22,2,464.0,254.95340000000002,406.0516850784048,61.11181863281323,-24.877640189321966,104.52329999999999,1.3553181195371073,-2.065404822060232,False,True,IF-3,0.5339525200925374,0.4295370272483446,0.10441549284419277,False,False
development_5,two_day_negative_sustained_drop,4,CA_2,FOODS_1,2016-01-21,1,371.0,0.0,368.4979069399965,61.11181863281323,-24.877640189321966,104.52329999999999,0.44802681153763396,-5.622811993459019,True,True,IF-3,0.683100156941334,0.4114286014987899,0.27167155544254407,True,True
development_5,two_day_negative_sustained_drop,4,CA_2,FOODS_1,2016-01-22,2,464.0,45.90680000000003,406.0516850784048,61.11181863281323,-24.877640189321966,104.52329999999999,1.3553181195371073,-5.4861277636575725,True,True,IF-3,0.6715810611469046,0.4295370272483446,0.24204403389856005,True,True
development_5,three_day_positive_sustained_spike,2,CA_2,FOODS_1,2016-01-23,1,551.0,760.0466,542.544591658331,61.11181863281323,-24.877640189321966,104.52329999999999,0.54544357010991,3.9661665117072498,True,True,IF-3,0.59129322631281,0.408480538105381,0.18281268820742902,True,False
development_5,three_day_positive_sustained_spike,2,CA_2,FOODS_1,2016-01-24,2,636.0,845.0466,499.3216821184523,61.11181863281323,-24.877640189321966,104.52329999999999,2.643612343490694,6.064335285088035,True,True,IF-3,0.6704733611284944,0.502702074636644,0.16777128649185047,True,True
development_5,three_day_positive_sustained_spike,2,CA_2,FOODS_1,2016-01-25,3,336.0,545.0466,359.68129172311035,61.11181863281323,-24.877640189321966,104.52329999999999,0.019576384617185208,3.440299326214525,True,True,IF-3,0.5749273433282729,0.4082101449990839,0.16671719832918896,False,False
development_5,three_day_positive_sustained_spike,4,CA_2,FOODS_1,2016-01-23,1,551.0,969.0932,542.544591658331,61.11181863281323,-24.877640189321966,104.52329999999999,0.54544357010991,7.3868894533045895,True,True,IF-3,0.6897480616623403,0.408480538105381,0.2812675235569593,True,True
development_5,three_day_positive_sustained_spike,4,CA_2,FOODS_1,2016-01-24,2,636.0,1054.0932,499.3216821184523,61.11181863281323,-24.877640189321966,104.52329999999999,2.643612343490694,9.485058226685373,True,True,IF-3,0.7108229578265507,0.502702074636644,0.20812088318990674,True,True
development_5,three_day_positive_sustained_spike,4,CA_2,FOODS_1,2016-01-25,3,336.0,754.0932,359.68129172311035,61.11181863281323,-24.877640189321966,104.52329999999999,0.019576384617185208,6.861022267811864,True,True,IF-3,0.6960026998208159,0.4082101449990839,0.28779255482173194,True,True
development_5,three_day_negative_sustained_drop,2,CA_2,FOODS_1,2016-01-26,1,483.0,273.9534,363.2517014161878,61.11181863281323,-24.877640189321966,104.52329999999999,2.3665788714636444,-1.054144070133694,False,True,IF-3,0.45279202137154745,0.5065775343388111,-0.05378551296726369,False,False
development_5,three_day_negative_sustained_drop,2,CA_2,FOODS_1,2016-01-27,2,404.0,194.95340000000002,358.2864366385452,61.11181863281323,-24.877640189321966,104.52329999999999,1.1551154118799816,-2.265607529717358,False,True,IF-3,0.5486707691513667,0.42154152876963535,0.12712924038173135,False,False
development_5,three_day_negative_sustained_drop,2,CA_2,FOODS_1,2016-01-28,3,352.0,142.95340000000002,359.38733618743146,61.11181863281323,-24.877640189321966,104.52329999999999,0.2862016610400677,-3.134521280557272,True,True,IF-3,0.6064094282339931,0.4017065642639714,0.20470286397002174,True,False
development_5,three_day_negative_sustained_drop,4,CA_2,FOODS_1,2016-01-26,1,483.0,64.90680000000003,363.2517014161878,61.11181863281323,-24.877640189321966,104.52329999999999,2.3665788714636444,-4.474867011731034,True,True,IF-3,0.6515292477646907,0.5065775343388111,0.14495171342587954,True,True
development_5,three_day_negative_sustained_drop,4,CA_2,FOODS_1,2016-01-27,2,404.0,0.0,358.2864366385452,61.11181863281323,-24.877640189321966,104.52329999999999,1.1551154118799816,-5.455717141270012,True,True,IF-3,0.6702657646521893,0.42154152876963535,0.248724235882554,True,True
development_5,three_day_negative_sustained_drop,4,CA_2,FOODS_1,2016-01-28,3,352.0,0.0,359.38733618743146,61.11181863281323,-24.877640189321966,104.52329999999999,0.2862016610400677,-5.4737316525955695,True,True,IF-3,0.6800886334616744,0.4017065642639714,0.278382069197703,True,True
development_5,one_day_positive_spike,2,CA_2,FOODS_2,2016-01-05,1,428.0,826.8194,426.5224847739358,33.59376679230054,-23.282358139497703,199.4097,0.7370377224633459,12.608865090491827,True,True,IF-3,0.6964827011982695,0.4476009490488661,0.2488817521494034,True,True
development_5,one_day_positive_spike,4,CA_2,FOODS_2,2016-01-05,1,428.0,1225.6388,426.5224847739358,33.59376679230054,-23.282358139497703,199.4097,0.7370377224633459,24.48069245852031,True,True,IF-3,0.7244080090587997,0.4476009490488661,0.27680706000993355,True,True
development_5,one_day_negative_drop,2,CA_2,FOODS_2,2016-01-06,1,418.0,19.180600000000027,425.0892594125165,33.59376679230054,-23.282358139497703,199.4097,0.48202688394837945,-11.389800484080103,True,True,IF-3,0.6860404802251953,0.4474599907508575,0.23858048947433774,True,True
development_5,one_day_negative_drop,4,CA_2,FOODS_2,2016-01-06,1,418.0,0.0,425.0892594125165,33.59376679230054,-23.282358139497703,199.4097,0.48202688394837945,-11.960757594028133,True,True,IF-3,0.6937909436816371,0.4474599907508575,0.24633095293077956,True,True
development_5,two_day_positive_sustained_spike,2,CA_2,FOODS_2,2016-01-07,1,393.0,791.8194,430.9867762606364,33.59376679230054,-23.282358139497703,199.4097,-0.4377126927162234,11.434114675312259,True,True,IF-3,0.7312132137327392,0.5438307767184218,0.18738243701431734,True,True
development_5,two_day_positive_sustained_spike,2,CA_2,FOODS_2,2016-01-08,2,482.0,880.8194,478.8753094925151,33.59376679230054,-23.282358139497703,199.4097,0.7860698923776215,12.657897260406104,True,True,IF-3,0.6992759037899519,0.458533877096626,0.24074202669332584,True,True
development_5,two_day_positive_sustained_spike,4,CA_2,FOODS_2,2016-01-07,1,393.0,1190.6388,430.9867762606364,33.59376679230054,-23.282358139497703,199.4097,-0.4377126927162234,23.305942043340742,True,True,IF-3,0.7597795192131848,0.5438307767184218,0.21594874249476292,True,True
development_5,two_day_positive_sustained_spike,4,CA_2,FOODS_2,2016-01-08,2,482.0,1279.6388,478.8753094925151,33.59376679230054,-23.282358139497703,199.4097,0.7860698923776215,24.529724628434586,True,True,IF-3,0.7305106034050693,0.458533877096626,0.27197672630844333,True,True
development_5,two_day_negative_sustained_drop,2,CA_2,FOODS_2,2016-01-09,1,797.0,398.1806,638.0682984148214,33.59376679230054,-23.282358139497703,199.4097,5.424043717730354,-6.447783650298128,True,True,IF-3,0.6219165940382201,0.6074868699220026,0.014429724116217457,True,False
development_5,two_day_negative_sustained_drop,2,CA_2,FOODS_2,2016-01-10,2,844.0,445.1806,660.3619925422508,33.59376679230054,-23.282358139497703,199.4097,6.159486873757532,-5.71234049427095,True,True,IF-3,0.6073394460549139,0.6078979434312226,-0.0005584973763087531,True,False
development_5,two_day_negative_sustained_drop,4,CA_2,FOODS_2,2016-01-09,1,797.0,0.0,638.0682984148214,33.59376679230054,-23.282358139497703,199.4097,5.424043717730354,-18.300595585971276,True,True,IF-3,0.7151830817789895,0.6074868699220026,0.10769621185698686,True,True
development_5,two_day_negative_sustained_drop,4,CA_2,FOODS_2,2016-01-10,2,844.0,46.36120000000005,660.3619925422508,33.59376679230054,-23.282358139497703,199.4097,6.159486873757532,-17.584167862299434,True,True,IF-3,0.7210766648585267,0.6078979434312226,0.11317872142730412,True,True
development_5,three_day_positive_sustained_spike,2,CA_2,FOODS_2,2016-01-11,1,425.0,823.8194,413.17554997261254,33.59376679230054,-23.282358139497703,199.4097,1.0450393486368845,12.916866716665368,True,True,IF-3,0.7036053571172948,0.41868339001943994,0.28492196709785483,True,True
development_5,three_day_positive_sustained_spike,2,CA_2,FOODS_2,2016-01-12,2,382.0,780.8194,386.6876717948794,33.59376679230054,-23.282358139497703,199.4097,0.553515967994398,12.42534333602288,True,True,IF-3,0.691178287925411,0.40623212446399737,0.28494616346141366,True,True
development_5,three_day_positive_sustained_spike,2,CA_2,FOODS_2,2016-01-13,3,342.0,740.8194,386.298313397712,33.59376679230054,-23.282358139497703,199.4097,-0.6255909135807595,11.246236454447724,True,True,IF-3,0.6828795393944487,0.4101131678523848,0.2727663715420639,True,True
development_5,three_day_positive_sustained_spike,4,CA_2,FOODS_2,2016-01-11,1,425.0,1222.6388,413.17554997261254,33.59376679230054,-23.282358139497703,199.4097,1.0450393486368845,24.788694084693848,True,True,IF-3,0.724410459826918,0.41868339001943994,0.30572706980747805,True,True
development_5,three_day_positive_sustained_spike,4,CA_2,FOODS_2,2016-01-12,2,382.0,1179.6388,386.6876717948794,33.59376679230054,-23.282358139497703,199.4097,0.553515967994398,24.29717070405136,True,True,IF-3,0.712813653457228,0.40623212446399737,0.30658152899323066,True,True
development_5,three_day_positive_sustained_spike,4,CA_2,FOODS_2,2016-01-13,3,342.0,1139.6388,386.298313397712,33.59376679230054,-23.282358139497703,199.4097,-0.6255909135807595,23.118063822476202,True,True,IF-3,0.713355275621254,0.4101131678523848,0.30324210776886923,True,True
development_5,three_day_negative_sustained_drop,2,CA_2,FOODS_2,2016-01-14,1,394.0,0.0,386.73367972101727,33.59376679230054,-23.282358139497703,199.4097,0.9093555541822116,-10.81901067625498,True,True,IF-3,0.6860851593602336,0.4148789910337668,0.2712061683264668,True,True
development_5,three_day_negative_sustained_drop,2,CA_2,FOODS_2,2016-01-15,2,497.0,98.18060000000003,432.4885121289961,33.59376679230054,-23.282358139497703,199.4097,2.61339690048165,-9.258430467546832,True,True,IF-3,0.6649561423231861,0.47135990459756255,0.19359623772562357,True,True
development_5,three_day_negative_sustained_drop,2,CA_2,FOODS_2,2016-01-16,3,632.0,233.18060000000003,615.5522808407384,33.59376679230054,-23.282358139497703,199.4097,1.1826621749325588,-10.689165193095922,True,True,IF-3,0.6602570401737115,0.4188393514043115,0.24141768876939995,True,True
development_5,three_day_negative_sustained_drop,4,CA_2,FOODS_2,2016-01-14,1,394.0,0.0,386.73367972101727,33.59376679230054,-23.282358139497703,199.4097,0.9093555541822116,-10.81901067625498,True,True,IF-3,0.6860851593602336,0.4148789910337668,0.2712061683264668,True,True
development_5,three_day_negative_sustained_drop,4,CA_2,FOODS_2,2016-01-15,2,497.0,0.0,432.4885121289961,33.59376679230054,-23.282358139497703,199.4097,2.61339690048165,-12.181014308978462,True,True,IF-3,0.6932325225129488,0.47135990459756255,0.2218726179153862,True,True
development_5,three_day_negative_sustained_drop,4,CA_2,FOODS_2,2016-01-16,3,632.0,0.0,615.5522808407384,33.59376679230054,-23.282358139497703,199.4097,1.1826621749325588,-17.630351676936236,True,True,IF-3,0.7052793713300122,0.4188393514043115,0.2864400199257007,True,True
development_5,one_day_positive_spike,2,CA_2,FOODS_3,2016-01-17,1,2284.0,3487.8712,2096.1688927598257,127.62514761038324,-20.009620695794524,601.9356,1.6285248779532813,11.061393106048921,True,True,IF-3,0.7189542947023816,0.5443459266907762,0.1746083680116054,True,True
development_5,one_day_positive_spike,4,CA_2,FOODS_3,2016-01-17,1,2284.0,4691.7424,2096.1688927598257,127.62514761038324,-20.009620695794524,601.9356,1.6285248779532813,20.49426133414456,True,True,IF-3,0.7189542947023816,0.5443459266907762,0.1746083680116054,True,True
development_5,one_day_negative_drop,2,CA_2,FOODS_3,2016-01-18,1,1860.0,656.1288,1386.8438363441608,127.62514761038324,-20.009620695794524,601.9356,3.864174056489092,-5.568694171606547,True,True,IF-3,0.755869313283802,0.737515086359,0.018354226924802042,True,True
development_5,one_day_negative_drop,4,CA_2,FOODS_3,2016-01-18,1,1860.0,0.0,1386.8438363441608,127.62514761038324,-20.009620695794524,601.9356,3.864174056489092,-10.70975619805798,True,True,IF-3,0.755869313283802,0.737515086359,0.018354226924802042,True,True
development_5,two_day_positive_sustained_spike,2,CA_2,FOODS_3,2016-01-19,1,1307.0,2510.8712,1227.4753277154227,127.62514761038324,-20.009620695794524,601.9356,0.7798956149632218,10.21276384305886,True,True,IF-3,0.7158841854337645,0.4626730578229557,0.25321112761080883,True,True
development_5,two_day_positive_sustained_spike,2,CA_2,FOODS_3,2016-01-20,2,1380.0,2583.8712,1226.6019033516927,127.62514761038324,-20.009620695794524,601.9356,1.3587268699855655,10.791595098081205,True,True,IF-3,0.7163341789780648,0.5144453529233778,0.20188882605468705,True,True
development_5,two_day_positive_sustained_spike,4,CA_2,FOODS_3,2016-01-19,1,1307.0,3714.7424,1227.4753277154227,127.62514761038324,-20.009620695794524,601.9356,0.7798956149632218,19.6456320711545,True,True,IF-3,0.7158841854337645,0.4626730578229557,0.25321112761080883,True,True
development_5,two_day_positive_sustained_spike,4,CA_2,FOODS_3,2016-01-20,2,1380.0,3787.7424,1226.6019033516927,127.62514761038324,-20.009620695794524,601.9356,1.3587268699855655,20.224463326176842,True,True,IF-3,0.7163341789780648,0.5144453529233778,0.20188882605468705,True,True
development_5,two_day_negative_sustained_drop,2,CA_2,FOODS_3,2016-01-21,1,1296.0,92.12879999999996,1226.7797301164353,127.62514761038324,-20.009620695794524,601.9356,0.6991560225400257,-8.733712205555614,True,True,IF-3,0.7191401460196413,0.45896447009217894,0.2601756759274623,True,True
development_5,two_day_negative_sustained_drop,2,CA_2,FOODS_3,2016-01-22,2,1638.0,434.12879999999996,1514.7036757333146,127.62514761038324,-20.009620695794524,601.9356,1.1228660467447005,-8.310002181350939,True,True,IF-3,0.7205787728795937,0.49552602185557637,0.22505275102401734,True,True
development_5,two_day_negative_sustained_drop,4,CA_2,FOODS_3,2016-01-21,1,1296.0,0.0,1226.7797301164353,127.62514761038324,-20.009620695794524,601.9356,0.6991560225400257,-9.45558247740245,True,True,IF-3,0.7191401460196413,0.45896447009217894,0.2601756759274623,True,True
development_5,two_day_negative_sustained_drop,4,CA_2,FOODS_3,2016-01-22,2,1638.0,0.0,1514.7036757333146,127.62514761038324,-20.009620695794524,601.9356,1.1228660467447005,-11.711595112904817,True,True,IF-3,0.7205787728795937,0.49552602185557637,0.22505275102401734,True,True
development_5,three_day_positive_sustained_spike,2,CA_2,FOODS_3,2016-01-23,1,2388.0,3591.8712,2076.748578874564,127.62514761038324,-20.009620695794524,601.9356,2.595578128790976,12.028446356886615,True,True,IF-3,0.7198652723507581,0.62874994951016,0.09111532284059809,True,True
development_5,three_day_positive_sustained_spike,2,CA_2,FOODS_3,2016-01-24,2,2332.0,3535.8712,2045.2908266976171,127.62514761038324,-20.009620695794524,601.9356,2.403278662090445,11.836146890186082,True,True,IF-3,0.7187180451323922,0.6000444273136247,0.11867361781876751,True,True
development_5,three_day_positive_sustained_spike,2,CA_2,FOODS_3,2016-01-25,3,1370.0,2573.8712,1195.956969340568,127.62514761038324,-20.009620695794524,601.9356,1.5204891433123722,10.953357371408009,True,True,IF-3,0.7265048728602035,0.531563185852424,0.19494168700777947,True,True
development_5,three_day_positive_sustained_spike,4,CA_2,FOODS_3,2016-01-23,1,2388.0,4795.7424,2076.748578874564,127.62514761038324,-20.009620695794524,601.9356,2.595578128790976,21.461314584982254,True,True,IF-3,0.7198652723507581,0.62874994951016,0.09111532284059809,True,True
development_5,three_day_positive_sustained_spike,4,CA_2,FOODS_3,2016-01-24,2,2332.0,4739.7424,2045.2908266976171,127.62514761038324,-20.009620695794524,601.9356,2.403278662090445,21.26901511828172,True,True,IF-3,0.7187180451323922,0.6000444273136247,0.11867361781876751,True,True
development_5,three_day_positive_sustained_spike,4,CA_2,FOODS_3,2016-01-25,3,1370.0,3777.7424,1195.956969340568,127.62514761038324,-20.009620695794524,601.9356,1.5204891433123722,20.386225599503646,True,True,IF-3,0.7265048728602035,0.531563185852424,0.19494168700777947,True,True
development_5,three_day_negative_sustained_drop,2,CA_2,FOODS_3,2016-01-26,1,1352.0,148.12879999999996,1119.7529593718511,127.62514761038324,-20.009620695794524,601.9356,1.976543542139813,-7.456324685955826,True,True,IF-3,0.713950184355195,0.5627037298833202,0.1512464544718748,True,True
development_5,three_day_negative_sustained_drop,2,CA_2,FOODS_3,2016-01-27,2,1355.0,151.12879999999996,1105.5987879206568,127.62514761038324,-20.009620695794524,601.9356,2.110954132625968,-7.321914095469671,True,True,IF-3,0.717674339412065,0.5856554647521608,0.13201887465990425,True,True
development_5,three_day_negative_sustained_drop,2,CA_2,FOODS_3,2016-01-28,3,1378.0,174.12879999999996,1104.1513534396547,127.62514761038324,-20.009620695794524,601.9356,2.3025106944693734,-7.130357533626265,True,True,IF-3,0.7191401460196413,0.605303527945917,0.11383661807372425,True,True
development_5,three_day_negative_sustained_drop,4,CA_2,FOODS_3,2016-01-26,1,1352.0,0.0,1119.7529593718511,127.62514761038324,-20.009620695794524,601.9356,1.976543542139813,-8.616979954713758,True,True,IF-3,0.713950184355195,0.5627037298833202,0.1512464544718748,True,True
development_5,three_day_negative_sustained_drop,4,CA_2,FOODS_3,2016-01-27,2,1355.0,0.0,1105.5987879206568,127.62514761038324,-20.009620695794524,601.9356,2.110954132625968,-8.506075703347838,True,True,IF-3,0.717674339412065,0.5856554647521608,0.13201887465990425,True,True
development_5,three_day_negative_sustained_drop,4,CA_2,FOODS_3,2016-01-28,3,1378.0,0.0,1104.1513534396547,127.62514761038324,-20.009620695794524,601.9356,2.3025106944693734,-8.494734408092919,True,True,IF-3,0.7191401460196413,0.605303527945917,0.11383661807372425,True,True
