block,d,date,store_id,dept_id,state_id,actual_sales,expected_sales,residual,prior_residual_count,prior_residual_median,prior_residual_mad,prior_robust_scale,prior_sales_mad,prior_sales_robust_scale,anomaly_score,undefined_score_reason,direction,is_statistical_alert,daily_review_rank,is_daily_review_candidate
anomaly_lockbox,d_1914,2016-04-25,CA_1,FOODS_1,CA,294.0,260.00363521935685,33.99636478064315,168,-25.684189124220666,35.43211828588335,52.53165857065065,58.5,86.73209999999999,1.136087371477116,,spike,False,11,False
anomaly_lockbox,d_1914,2016-04-25,CA_1,FOODS_2,CA,458.0,475.5651803626266,-17.56518036262662,168,-1.3018993399340673,43.31974067676376,64.22584752736994,82.0,121.5732,-0.253220185467571,,drop,False,56,False
anomaly_lockbox,d_1914,2016-04-25,CA_1,FOODS_3,CA,2141.0,1974.3074118796026,166.69258812039743,168,7.923849203863142,142.77086773808514,211.67208850848502,302.0,447.74519999999995,0.7500693172882353,,spike,False,33,False
anomaly_lockbox,d_1914,2016-04-25,CA_1,HOBBIES_1,CA,546.0,444.48552686353685,101.51447313646315,168,17.289827805758932,46.976886497940626,69.64793192184676,61.5,91.17989999999999,1.209291403299875,,spike,False,9,False
anomaly_lockbox,d_1914,2016-04-25,CA_1,HOBBIES_2,CA,43.0,39.41232543160608,3.587674568393922,168,-2.920935617483586,8.814043308989756,13.067700609908211,10.0,14.825999999999999,0.4980685110693874,,spike,False,44,False
anomaly_lockbox,d_1914,2016-04-25,CA_1,HOUSEHOLD_1,CA,780.0,702.1482992986475,77.85170070135246,168,7.055601395861743,48.47646137804338,71.87120163908712,106.5,157.8969,0.9850412639683527,,spike,False,19,False
anomaly_lockbox,d_1914,2016-04-25,CA_1,HOUSEHOLD_2,CA,210.0,199.67928242611683,10.320717573883172,168,-5.473172481554656,17.069525722806446,25.307278836632836,36.0,53.373599999999996,0.6240848791919829,,spike,False,39,False
anomaly_lockbox,d_1914,2016-04-25,CA_2,FOODS_1,CA,439.0,380.5689789621326,58.431021037867424,168,-7.615755540324386,39.40764758403104,58.42577830808442,77.5,114.9015,1.1304389687360463,,spike,False,12,False
anomaly_lockbox,d_1914,2016-04-25,CA_2,FOODS_2,CA,444.0,423.5122368993244,20.48776310067558,168,-12.024618362151116,29.612275350817725,43.903159435122355,172.5,255.74849999999998,0.7405476480769382,,spike,False,34,False
anomaly_lockbox,d_1914,2016-04-25,CA_2,FOODS_3,CA,1771.0,1588.6364136877637,182.3635863122363,168,19.21992394083884,101.77879685519576,150.89724421751322,400.0,593.04,1.0811573346974543,,spike,False,15,False
anomaly_lockbox,d_1914,2016-04-25,CA_2,HOBBIES_1,CA,330.0,322.5847927528309,7.415207247169121,168,-4.7627889331289595,36.89570009761081,54.70156496471779,64.5,95.62769999999999,0.22262610197994923,,spike,False,58,False
anomaly_lockbox,d_1914,2016-04-25,CA_2,HOBBIES_2,CA,31.0,37.13191348191653,-6.131913481916527,168,-2.8427111299485546,9.034327122200846,13.394293391374974,10.0,14.825999999999999,-0.24556744098841363,,drop,False,57,False
anomaly_lockbox,d_1914,2016-04-25,CA_2,HOUSEHOLD_1,CA,667.0,646.5772195304443,20.422780469555732,168,-3.6843276356884758,45.03992774790109,66.77619687903815,131.0,194.2206,0.3610134933097952,,spike,False,54,False
anomaly_lockbox,d_1914,2016-04-25,CA_2,HOUSEHOLD_2,CA,244.0,274.7310085549012,-30.731008554901223,168,-1.2395743605110283,20.142957831405752,29.863949280842167,47.5,70.42349999999999,-0.9875262617496159,,drop,False,18,False
anomaly_lockbox,d_1914,2016-04-25,CA_3,FOODS_1,CA,451.0,340.95083475321513,110.04916524678487,168,-24.065913311520916,50.320382425424214,74.60499898393394,56.0,83.0256,1.7976687941137461,,spike,False,2,True
anomaly_lockbox,d_1914,2016-04-25,CA_3,FOODS_2,CA,683.0,625.9540992294839,57.04590077051614,168,17.66760848163824,64.39833025478615,95.47696443574593,92.0,136.39919999999998,0.4124376232696285,,spike,False,49,False
anomaly_lockbox,d_1914,2016-04-25,CA_3,FOODS_3,CA,2972.0,2752.0316731533726,219.9683268466274,168,-83.63718827007233,197.78391267905567,293.23442893796795,316.5,469.24289999999996,1.0353679007485364,,spike,False,17,False
anomaly_lockbox,d_1914,2016-04-25,CA_3,HOBBIES_1,CA,479.0,498.7344696813722,-19.734469681372218,168,-22.757896521268464,49.849732808054966,73.90721386122229,67.0,99.3342,0.040908413156710545,,spike,False,69,False
anomaly_lockbox,d_1914,2016-04-25,CA_3,HOBBIES_2,CA,80.0,53.23693889911833,26.76306110088167,168,3.648252262186009,10.789659601607411,15.996749325343147,12.5,18.5325,1.4449691227001724,,spike,False,5,True
anomaly_lockbox,d_1914,2016-04-25,CA_3,HOUSEHOLD_1,CA,1346.0,1391.6891410751236,-45.68914107512364,168,20.42353241000751,83.62607990773597,123.98402607120934,182.0,269.8332,-0.5332354141102,,drop,False,42,False
anomaly_lockbox,d_1914,2016-04-25,CA_3,HOUSEHOLD_2,CA,348.0,305.23226754398576,42.767732456014244,168,4.913212594189503,22.67482903117721,33.61770152162333,43.0,63.751799999999996,1.1260293877461025,,spike,False,13,False
anomaly_lockbox,d_1914,2016-04-25,CA_4,FOODS_1,CA,233.0,196.09310870304407,36.90689129695593,168,-12.005087574539175,24.10919695569271,35.74429540651001,28.5,42.2541,1.368385593148016,,spike,False,6,False
anomaly_lockbox,d_1914,2016-04-25,CA_4,FOODS_2,CA,408.0,342.7377427480445,65.26225725195548,168,1.7637292652449332,27.477960584864036,40.73882436311942,42.5,63.01049999999999,1.5586735498483193,,spike,False,3,True
anomaly_lockbox,d_1914,2016-04-25,CA_4,FOODS_3,CA,1200.0,1149.3157954838694,50.68420451613065,168,-24.262206743142144,80.156564099229,118.84012193351691,105.5,156.4143,0.630649060602616,,spike,False,37,False
anomaly_lockbox,d_1914,2016-04-25,CA_4,HOBBIES_1,CA,391.0,329.8530769394347,61.146923060565314,168,12.35415079699078,44.518135522568855,66.00258772576058,41.0,60.7866,0.7392554435336312,,spike,False,35,False
anomaly_lockbox,d_1914,2016-04-25,CA_4,HOBBIES_2,CA,16.0,21.740206204235072,-5.740206204235072,168,-6.139248050531476,5.7296688895483605,8.494807095644399,5.0,7.412999999999999,0.04697479787398675,,spike,False,67,False
anomaly_lockbox,d_1914,2016-04-25,CA_4,HOUSEHOLD_1,CA,384.0,395.80433017554503,-11.804330175545033,168,-0.7421382851627243,24.6044575617087,36.47856878098931,41.0,60.7866,-0.30325180674707103,,drop,False,55,False
anomaly_lockbox,d_1914,2016-04-25,CA_4,HOUSEHOLD_2,CA,135.0,140.1277161042467,-5.127716104246701,168,-3.4546464898643805,11.026960703131124,16.348571938462204,16.0,23.7216,-0.10233735525524408,,drop,False,63,False
anomaly_lockbox,d_1914,2016-04-25,TX_1,FOODS_1,TX,219.0,174.74123097336013,44.25876902663987,168,-9.015130283288116,31.94925731162617,47.36796889021696,29.5,43.7367,1.124681943475326,,spike,False,14,False
anomaly_lockbox,d_1914,2016-04-25,TX_1,FOODS_2,TX,278.0,304.0902354314801,-26.090235431480096,168,-6.909115162940736,30.99554875467055,45.954000583674556,52.5,77.8365,-0.4173982683752146,,drop,False,48,False
anomaly_lockbox,d_1914,2016-04-25,TX_1,FOODS_3,TX,1506.0,1348.9513551733164,157.04864482668359,168,-51.573091714937846,96.99760097751357,143.80864320926162,204.0,302.4504,1.4506898325857072,,spike,False,4,True
anomaly_lockbox,d_1914,2016-04-25,TX_1,HOBBIES_1,TX,205.0,228.97808044348105,-23.978080443481048,168,3.35228629162593,30.248602333520225,44.84657781967708,37.0,54.856199999999994,-0.6094192258102554,,drop,False,41,False
anomaly_lockbox,d_1914,2016-04-25,TX_1,HOBBIES_2,TX,48.0,32.820763968258674,15.179236031741326,168,1.8294803153880679,10.735863390625315,15.916991062941092,9.5,14.0847,0.8387110141335049,,spike,False,24,False
anomaly_lockbox,d_1914,2016-04-25,TX_1,HOUSEHOLD_1,TX,670.0,653.1840115735723,16.81598842642768,168,20.33032524814172,49.35642478068894,73.17583537984942,98.5,146.0361,-0.0480259200796468,,drop,False,66,False
anomaly_lockbox,d_1914,2016-04-25,TX_1,HOUSEHOLD_2,TX,150.0,172.48276619735012,-22.482766197350116,168,0.2987811063512424,16.385507467327315,24.293153371059475,21.0,31.1346,-0.9377764572482838,,drop,False,20,False
anomaly_lockbox,d_1914,2016-04-25,TX_2,FOODS_1,TX,216.0,207.33122161173793,8.66877838826207,168,-26.12703194291352,30.65065159994984,45.44265606208563,30.5,45.2193,0.7657081109791671,,spike,False,31,False
anomaly_lockbox,d_1914,2016-04-25,TX_2,FOODS_2,TX,467.0,362.15182889190316,104.84817110809684,168,-7.811833265177,33.80774934945228,50.12336918549795,63.0,93.40379999999999,2.2476542619539117,,spike,False,1,True
anomaly_lockbox,d_1914,2016-04-25,TX_2,FOODS_3,TX,1841.0,1740.0069246508217,100.9930753491783,168,-41.65795526983845,124.96472773684309,185.27270534264355,241.5,358.04789999999997,0.7699516793647384,,spike,False,30,False
anomaly_lockbox,d_1914,2016-04-25,TX_2,HOBBIES_1,TX,352.0,299.07546738835646,52.92453261164354,168,5.762759951001044,36.12534962471969,53.55944335360941,45.5,67.4583,0.8805500899117211,,spike,False,22,False
anomaly_lockbox,d_1914,2016-04-25,TX_2,HOBBIES_2,TX,52.0,44.56504541935442,7.434954580645581,168,0.44935867804020546,12.068633475491076,17.892955990763067,11.0,16.3086,0.39041038865861905,,spike,False,51,False
anomaly_lockbox,d_1914,2016-04-25,TX_2,HOUSEHOLD_1,TX,776.0,708.9447454931651,67.0552545068349,168,2.586436775464506,52.7841509083666,78.25778213674431,108.0,160.1208,0.8238007258973981,,spike,False,26,False
anomaly_lockbox,d_1914,2016-04-25,TX_2,HOUSEHOLD_2,TX,179.0,184.5013877727297,-5.501387772729686,168,3.9485061642942156,17.430686732382796,25.84273614943073,30.0,44.477999999999994,-0.3656692496638776,,drop,False,52,False
anomaly_lockbox,d_1914,2016-04-25,TX_3,FOODS_1,TX,218.0,242.64368816035446,-24.643688160354458,168,-6.582356202483766,33.46832859706534,49.62014397800907,30.0,44.477999999999994,-0.3639919296863631,,drop,False,53,False
anomaly_lockbox,d_1914,2016-04-25,TX_3,FOODS_2,TX,482.0,443.5950183554462,38.4049816445538,168,1.2222230771089073,39.93788391101927,59.211906686477164,67.0,99.3342,0.6279608384226665,,spike,False,38,False
anomaly_lockbox,d_1914,2016-04-25,TX_3,FOODS_3,TX,1727.0,1574.1084998703295,152.89150012967048,168,14.023064556677582,115.01769419548702,170.52523341422906,199.0,295.0374,0.8143571059402248,,spike,False,27,False
anomaly_lockbox,d_1914,2016-04-25,TX_3,HOBBIES_1,TX,289.0,320.50034239583897,-31.50034239583897,168,15.203725840623378,29.80770011824157,44.19289619530495,42.0,62.2692,-1.0568229796494801,,drop,False,16,False
anomaly_lockbox,d_1914,2016-04-25,TX_3,HOBBIES_2,TX,36.0,52.18819662585723,-16.18819662585723,168,5.158204388232139,11.504291330894542,17.056262327184246,14.0,20.7564,-1.2515286529140388,,drop,False,7,False
anomaly_lockbox,d_1914,2016-04-25,TX_3,HOUSEHOLD_1,TX,800.0,725.3544271133877,74.64557288661229,168,14.740755402915227,65.66806597354093,97.35947461237178,100.5,149.0013,0.6152952008235751,,spike,False,40,False
anomaly_lockbox,d_1914,2016-04-25,TX_3,HOUSEHOLD_2,TX,151.0,160.6500515604773,-9.650051560477294,168,7.101941028670069,13.696061250985842,20.30578041071161,19.5,28.9107,-0.8249863955147684,,drop,False,25,False
anomaly_lockbox,d_1914,2016-04-25,WI_1,FOODS_1,WI,243.0,264.25183883937234,-21.25183883937234,168,-14.300155016168702,35.22765573409737,52.228522391372756,45.0,66.717,-0.13310129226156195,,drop,False,60,False
anomaly_lockbox,d_1914,2016-04-25,WI_1,FOODS_2,WI,547.0,540.5484178538153,6.451582146184705,168,13.518371491533685,41.2053589013627,61.09106510716034,99.5,147.5187,-0.11567631588928866,,drop,False,62,False
anomaly_lockbox,d_1914,2016-04-25,WI_1,FOODS_3,WI,1419.0,1385.081040172563,33.91895982743699,168,2.349864332053585,107.8399877465398,159.8835658330199,214.0,317.27639999999997,0.1974505342741337,,spike,False,59,False
anomaly_lockbox,d_1914,2016-04-25,WI_1,HOBBIES_1,WI,368.0,332.84186983878305,35.158130161216945,168,-6.488511374065951,41.39425992717577,61.37112976803079,65.5,97.1103,0.6786031427594365,,spike,False,36,False
anomaly_lockbox,d_1914,2016-04-25,WI_1,HOBBIES_2,WI,26.0,28.848555846712273,-2.848555846712273,168,-4.134663515508507,8.693512559869298,12.88900172126222,9.0,13.343399999999999,0.0997833421555541,,spike,False,64,False
anomaly_lockbox,d_1914,2016-04-25,WI_1,HOUSEHOLD_1,WI,427.0,519.6196999235682,-92.61969992356819,168,-12.713724599904822,45.27486841898042,67.12451991798036,102.0,151.2252,-1.1904141053269461,,drop,False,10,False
anomaly_lockbox,d_1914,2016-04-25,WI_1,HOUSEHOLD_2,WI,136.0,157.56869023342372,-21.568690233423723,168,-2.9713364689985866,14.734345182319544,21.845140167306955,23.0,34.099799999999995,-0.8513268224416157,,drop,False,23,False
anomaly_lockbox,d_1914,2016-04-25,WI_2,FOODS_1,WI,301.0,318.9064671064987,-17.906467106498724,168,-18.370180709413376,53.21885308094923,78.90227157781533,53.0,78.5778,0.005877062771980224,,spike,False,70,False
anomaly_lockbox,d_1914,2016-04-25,WI_2,FOODS_2,WI,744.0,826.6838373755155,-82.68383737551551,168,22.7488264989434,92.92896624100149,137.7764853489088,208.5,309.1221,-0.7652442549064773,,drop,False,32,False
anomaly_lockbox,d_1914,2016-04-25,WI_2,FOODS_3,WI,1888.0,1925.7294516117793,-37.72945161177927,168,-14.49269494220357,131.23108380650547,194.563204851525,327.0,484.81019999999995,-0.11943037578615197,,drop,False,61,False
anomaly_lockbox,d_1914,2016-04-25,WI_2,HOBBIES_1,WI,233.0,225.84462465237843,7.155375347621572,168,3.7437959882949627,27.857817006763696,41.30199949422785,33.5,49.6671,0.08260082807379322,,spike,False,65,False
anomaly_lockbox,d_1914,2016-04-25,WI_2,HOBBIES_2,WI,28.0,33.49657894382283,-5.496578943822833,168,-5.035826698847519,7.1431782645639466,10.590476095042506,8.0,11.8608,-0.043506282516514644,,drop,False,68,False
anomaly_lockbox,d_1914,2016-04-25,WI_2,HOUSEHOLD_1,WI,874.0,794.6192384903164,79.38076150968357,168,21.26622900931295,89.68038723788936,132.96014211889477,120.0,177.91199999999998,0.43708235847404414,,spike,False,47,False
anomaly_lockbox,d_1914,2016-04-25,WI_2,HOUSEHOLD_2,WI,110.0,136.82415080151918,-26.82415080151918,168,1.3445780441335913,15.226545518600226,22.574876385876692,19.0,28.1694,-1.2477910560465222,,drop,False,8,False
anomaly_lockbox,d_1914,2016-04-25,WI_3,FOODS_1,WI,227.0,201.88572820714433,25.114271792855675,168,-12.280809838717076,31.015004139908868,45.98284513782888,38.5,57.080099999999995,0.8132398401944206,,spike,False,28,False
anomaly_lockbox,d_1914,2016-04-25,WI_3,FOODS_2,WI,446.0,458.63354199731936,-12.633541997319355,168,16.12530927846919,42.51952212980271,63.039443509645494,94.5,140.10569999999998,-0.4562040791395665,,drop,False,45,False
anomaly_lockbox,d_1914,2016-04-25,WI_3,FOODS_3,WI,1690.0,1557.4412179031276,132.5587820968724,168,-0.057346979574504076,112.10466650885621,166.20637856603022,289.0,428.47139999999996,0.7979003587023067,,spike,False,29,False
anomaly_lockbox,d_1914,2016-04-25,WI_3,HOBBIES_1,WI,196.0,215.89885389594443,-19.898853895944427,168,0.8866500185241506,31.867621374367985,47.246935449637974,40.5,60.0453,-0.4399333780415137,,drop,False,46,False
anomaly_lockbox,d_1914,2016-04-25,WI_3,HOBBIES_2,WI,33.0,29.361884599837452,3.6381154001625475,168,-1.180317913410649,8.055002205937786,11.94234627052336,8.0,11.8608,0.4034745940557989,,spike,False,50,False
anomaly_lockbox,d_1914,2016-04-25,WI_3,HOUSEHOLD_1,WI,543.0,570.7470838290474,-27.74708382904737,168,10.14740273920853,48.563542848588895,72.00030862731789,103.5,153.4491,-0.5263100574249235,,drop,False,43,False
anomaly_lockbox,d_1914,2016-04-25,WI_3,HOUSEHOLD_2,WI,128.0,144.68416712352644,-16.684167123526436,168,4.417184438691265,16.103898250120537,23.875639545628708,21.0,31.1346,-0.8838025688020181,,drop,False,21,False
anomaly_lockbox,d_1915,2016-04-26,CA_1,FOODS_1,CA,259.0,257.97972058741766,1.0202794125823402,168,-25.684189124220666,35.43211828588335,52.53165857065065,58.5,86.73209999999999,0.5083499981423154,,spike,False,40,False
anomaly_lockbox,d_1915,2016-04-26,CA_1,FOODS_2,CA,500.0,425.64905955952497,74.35094044047503,168,-1.3018993399340673,43.31974067676376,64.22584752736994,82.0,121.5732,1.1779189017033918,,spike,False,12,False
anomaly_lockbox,d_1915,2016-04-26,CA_1,FOODS_3,CA,1759.0,1777.88855251864,-18.888552518639926,168,7.923849203863142,142.77086773808514,211.67208850848502,302.0,447.74519999999995,-0.12666951940349128,,drop,False,62,False
anomaly_lockbox,d_1915,2016-04-26,CA_1,HOBBIES_1,CA,395.0,410.434853955697,-15.434853955697008,168,17.289827805758932,46.976886497940626,69.64793192184676,61.5,91.17989999999999,-0.46985862836784464,,drop,False,42,False
anomaly_lockbox,d_1915,2016-04-26,CA_1,HOBBIES_2,CA,31.0,39.45486697721361,-8.454866977213612,168,-2.920935617483586,8.814043308989756,13.067700609908211,10.0,14.825999999999999,-0.42348164569473534,,drop,False,45,False
anomaly_lockbox,d_1915,2016-04-26,CA_1,HOUSEHOLD_1,CA,583.0,632.157631879131,-49.15763187913103,168,7.055601395861743,48.47646137804338,71.87120163908712,106.5,157.8969,-0.7821384920941858,,drop,False,26,False
anomaly_lockbox,d_1915,2016-04-26,CA_1,HOUSEHOLD_2,CA,176.0,197.72158500418314,-21.72158500418314,168,-5.473172481554656,17.069525722806446,25.307278836632836,36.0,53.373599999999996,-0.6420450269472889,,drop,False,36,False
anomaly_lockbox,d_1915,2016-04-26,CA_2,FOODS_1,CA,362.0,364.1808592636978,-2.180859263697812,168,-7.615755540324386,39.40764758403104,58.42577830808442,77.5,114.9015,0.09302223152198118,,spike,False,63,False
anomaly_lockbox,d_1915,2016-04-26,CA_2,FOODS_2,CA,436.0,397.74110411244624,38.25889588755376,168,-12.024618362151116,29.612275350817725,43.903159435122355,172.5,255.74849999999998,1.1453279193724328,,spike,False,13,False
anomaly_lockbox,d_1915,2016-04-26,CA_2,FOODS_3,CA,1508.0,1513.7651902822424,-5.765190282242429,168,19.21992394083884,101.77879685519576,150.89724421751322,400.0,593.04,-0.16557700806693382,,drop,False,61,False
anomaly_lockbox,d_1915,2016-04-26,CA_2,HOBBIES_1,CA,278.0,321.0992126330668,-43.09921263306683,168,-4.7627889331289595,36.89570009761081,54.70156496471779,64.5,95.62769999999999,-0.7008286458470548,,drop,False,31,False
anomaly_lockbox,d_1915,2016-04-26,CA_2,HOBBIES_2,CA,58.0,37.26602664867439,20.73397335132561,168,-2.8427111299485546,9.034327122200846,13.394293391374974,10.0,14.825999999999999,1.7602036772209249,,spike,False,4,True
anomaly_lockbox,d_1915,2016-04-26,CA_2,HOUSEHOLD_1,CA,634.0,618.680840934365,15.319159065634949,168,-3.6843276356884758,45.03992774790109,66.77619687903815,131.0,194.2206,0.2845847411128747,,spike,False,55,False
anomaly_lockbox,d_1915,2016-04-26,CA_2,HOUSEHOLD_2,CA,249.0,274.5294998112621,-25.5294998112621,168,-1.2395743605110283,20.142957831405752,29.863949280842167,47.5,70.42349999999999,-0.8133527559375124,,drop,False,25,False
anomaly_lockbox,d_1915,2016-04-26,CA_3,FOODS_1,CA,330.0,332.76258831328664,-2.762588313286642,168,-24.065913311520916,50.320382425424214,74.60499898393394,56.0,83.0256,0.2855482244939365,,spike,False,54,False
anomaly_lockbox,d_1915,2016-04-26,CA_3,FOODS_2,CA,612.0,553.4049888760115,58.595011123988456,168,17.66760848163824,64.39833025478615,95.47696443574593,92.0,136.39919999999998,0.4286625877165747,,spike,False,44,False
anomaly_lockbox,d_1915,2016-04-26,CA_3,FOODS_3,CA,2240.0,2522.371289117014,-282.37128911701393,168,-83.63718827007233,197.78391267905567,293.23442893796795,316.5,469.24289999999996,-0.6777311298905582,,drop,False,33,False
anomaly_lockbox,d_1915,2016-04-26,CA_3,HOBBIES_1,CA,563.0,470.4614040103727,92.53859598962731,168,-22.757896521268464,49.849732808054966,73.90721386122229,67.0,99.3342,1.5600167627397148,,spike,False,5,True
anomaly_lockbox,d_1915,2016-04-26,CA_3,HOBBIES_2,CA,73.0,53.58933457175386,19.41066542824614,168,3.648252262186009,10.789659601607411,15.996749325343147,12.5,18.5325,0.9853510138518102,,spike,False,15,False
anomaly_lockbox,d_1915,2016-04-26,CA_3,HOUSEHOLD_1,CA,1160.0,1255.917586434961,-95.9175864349611,168,20.42353241000751,83.62607990773597,123.98402607120934,182.0,269.8332,-0.9383557102601985,,drop,False,21,False
anomaly_lockbox,d_1915,2016-04-26,CA_3,HOUSEHOLD_2,CA,311.0,298.19198314886887,12.808016851131129,168,4.913212594189503,22.67482903117721,33.61770152162333,43.0,63.751799999999996,0.2348406910527059,,spike,False,57,False
anomaly_lockbox,d_1915,2016-04-26,CA_4,FOODS_1,CA,324.0,196.29867529907293,127.70132470092707,168,-12.005087574539175,24.10919695569271,35.74429540651001,28.5,42.2541,3.9084953469252577,,spike,True,1,True
anomaly_lockbox,d_1915,2016-04-26,CA_4,FOODS_2,CA,354.0,314.5429408798599,39.457059120140116,168,1.7637292652449332,27.477960584864036,40.73882436311942,42.5,63.01049999999999,0.925243436553822,,spike,False,22,False
anomaly_lockbox,d_1915,2016-04-26,CA_4,FOODS_3,CA,1014.0,1082.2131845705414,-68.21318457054144,168,-24.262206743142144,80.156564099229,118.84012193351691,105.5,156.4143,-0.3698328233960154,,drop,False,48,False
anomaly_lockbox,d_1915,2016-04-26,CA_4,HOBBIES_1,CA,269.0,320.9526124742508,-51.95261247425083,168,12.35415079699078,44.518135522568855,66.00258772576058,41.0,60.7866,-0.97430669746518,,drop,False,17,False
anomaly_lockbox,d_1915,2016-04-26,CA_4,HOBBIES_2,CA,19.0,22.26072916828737,-3.2607291682873694,168,-6.139248050531476,5.7296688895483605,8.494807095644399,5.0,7.412999999999999,0.3388562977162871,,spike,False,51,False
anomaly_lockbox,d_1915,2016-04-26,CA_4,HOUSEHOLD_1,CA,359.0,359.9996722664962,-0.9996722664961908,168,-0.7421382851627243,24.6044575617087,36.47856878098931,41.0,60.7866,-0.007059870766302638,,drop,False,69,False
anomaly_lockbox,d_1915,2016-04-26,CA_4,HOUSEHOLD_2,CA,156.0,138.90992709343746,17.09007290656254,168,-3.4546464898643805,11.026960703131124,16.348571938462204,16.0,23.7216,1.2566675226288553,,spike,False,10,False
anomaly_lockbox,d_1915,2016-04-26,TX_1,FOODS_1,TX,167.0,175.05753597537793,-8.057535975377931,168,-9.015130283288116,31.94925731162617,47.36796889021696,29.5,43.7367,0.020216072809234584,,spike,False,68,False
anomaly_lockbox,d_1915,2016-04-26,TX_1,FOODS_2,TX,311.0,286.5312415952571,24.468758404742914,168,-6.909115162940736,30.99554875467055,45.954000583674556,52.5,77.8365,0.6828104880781769,,spike,False,32,False
anomaly_lockbox,d_1915,2016-04-26,TX_1,FOODS_3,TX,1312.0,1278.54937310229,33.45062689770998,168,-51.573091714937846,96.99760097751357,143.80864320926162,204.0,302.4504,0.5912281537134487,,spike,False,38,False
anomaly_lockbox,d_1915,2016-04-26,TX_1,HOBBIES_1,TX,187.0,227.29414647795767,-40.29414647795767,168,3.35228629162593,30.248602333520225,44.84657781967708,37.0,54.856199999999994,-0.9732388710924805,,drop,False,18,False
anomaly_lockbox,d_1915,2016-04-26,TX_1,HOBBIES_2,TX,50.0,33.1370689702765,16.862931029723498,168,1.8294803153880679,10.735863390625315,15.916991062941092,9.5,14.0847,0.9444907429355305,,spike,False,19,False
anomaly_lockbox,d_1915,2016-04-26,TX_1,HOUSEHOLD_1,TX,648.0,611.6341173063815,36.36588269361846,168,20.33032524814172,49.35642478068894,73.17583537984942,98.5,146.0361,0.21913733355058473,,spike,False,58,False
anomaly_lockbox,d_1915,2016-04-26,TX_1,HOUSEHOLD_2,TX,178.0,171.22888651592316,6.771113484076835,168,0.2987811063512424,16.385507467327315,24.293153371059475,21.0,31.1346,0.26642619337496576,,spike,False,56,False
anomaly_lockbox,d_1915,2016-04-26,TX_2,FOODS_1,TX,211.0,207.3058122652458,3.6941877347541947,168,-26.12703194291352,30.65065159994984,45.44265606208563,30.5,45.2193,0.6562384829998654,,spike,False,34,False
anomaly_lockbox,d_1915,2016-04-26,TX_2,FOODS_2,TX,348.0,328.5318674218373,19.46813257816268,168,-7.811833265177,33.80774934945228,50.12336918549795,63.0,93.40379999999999,0.5442564274237278,,spike,False,39,False
anomaly_lockbox,d_1915,2016-04-26,TX_2,FOODS_3,TX,1760.0,1568.3545972159754,191.64540278402455,168,-41.65795526983845,124.96472773684309,185.27270534264355,241.5,358.04789999999997,1.2592430041024743,,spike,False,8,False
anomaly_lockbox,d_1915,2016-04-26,TX_2,HOBBIES_1,TX,364.0,293.1725932342377,70.8274067657623,168,5.762759951001044,36.12534962471969,53.55944335360941,45.5,67.4583,1.2148118565234585,,spike,False,11,False
anomaly_lockbox,d_1915,2016-04-26,TX_2,HOBBIES_2,TX,54.0,44.539636072862336,9.460363927137664,168,0.44935867804020546,12.068633475491076,17.892955990763067,11.0,16.3086,0.5036062936581991,,spike,False,41,False
anomaly_lockbox,d_1915,2016-04-26,TX_2,HOUSEHOLD_1,TX,597.0,650.532646307686,-53.532646307686036,168,2.586436775464506,52.7841509083666,78.25778213674431,108.0,160.1208,-0.717105462880234,,drop,False,30,False
anomaly_lockbox,d_1915,2016-04-26,TX_2,HOUSEHOLD_2,TX,168.0,182.9057937427928,-14.90579374279281,168,3.9485061642942156,17.430686732382796,25.84273614943073,30.0,44.477999999999994,-0.7295783154719223,,drop,False,28,False
anomaly_lockbox,d_1915,2016-04-26,TX_3,FOODS_1,TX,305.0,242.84925475638332,62.15074524361668,168,-6.582356202483766,33.46832859706534,49.62014397800907,30.0,44.477999999999994,1.3851854496142124,,spike,False,7,False
anomaly_lockbox,d_1915,2016-04-26,TX_3,FOODS_2,TX,383.0,399.7739543690787,-16.773954369078695,168,1.2222230771089073,39.93788391101927,59.211906686477164,67.0,99.3342,-0.3039283558537657,,drop,False,53,False
anomaly_lockbox,d_1915,2016-04-26,TX_3,FOODS_3,TX,1684.0,1430.1560434612693,253.8439565387307,168,14.023064556677582,115.01769419548702,170.52523341422906,199.0,295.0374,1.4063660091846668,,spike,False,6,False
anomaly_lockbox,d_1915,2016-04-26,TX_3,HOBBIES_1,TX,313.0,311.8640181236019,1.1359818763980911,168,15.203725840623378,29.80770011824157,44.19289619530495,42.0,62.2692,-0.31832591152330597,,drop,False,52,False
anomaly_lockbox,d_1915,2016-04-26,TX_3,HOBBIES_2,TX,39.0,52.54059229849276,-13.540592298492761,168,5.158204388232139,11.504291330894542,17.056262327184246,14.0,20.7564,-1.0963009555102108,,drop,False,14,False
anomaly_lockbox,d_1915,2016-04-26,TX_3,HOUSEHOLD_1,TX,713.0,656.3297948306538,56.67020516934622,168,14.740755402915227,65.66806597354093,97.35947461237178,100.5,149.0013,0.43066635202551595,,spike,False,43,False
anomaly_lockbox,d_1915,2016-04-26,TX_3,HOUSEHOLD_2,TX,141.0,159.43226254966805,-18.432262549668053,168,7.101941028670069,13.696061250985842,20.30578041071161,19.5,28.9107,-1.2574844729862458,,drop,False,9,False
anomaly_lockbox,d_1915,2016-04-26,WI_1,FOODS_1,WI,288.0,264.157425119715,23.842574880284985,168,-14.300155016168702,35.22765573409737,52.228522391372756,45.0,66.717,0.7303045950760844,,spike,False,27,False
anomaly_lockbox,d_1915,2016-04-26,WI_1,FOODS_2,WI,472.0,512.8648932789503,-40.86489327895026,168,13.518371491533685,41.2053589013627,61.09106510716034,99.5,147.5187,-0.8901999772812901,,drop,False,24,False
anomaly_lockbox,d_1915,2016-04-26,WI_1,FOODS_3,WI,1375.0,1364.0916610326367,10.908338967363306,168,2.349864332053585,107.8399877465398,159.8835658330199,214.0,317.27639999999997,0.05352942055500607,,spike,False,66,False
anomaly_lockbox,d_1915,2016-04-26,WI_1,HOBBIES_1,WI,435.0,329.5183988022926,105.48160119770739,168,-6.488511374065951,41.39425992717577,61.37112976803079,65.5,97.1103,1.8244753354711807,,spike,False,3,True
anomaly_lockbox,d_1915,2016-04-26,WI_1,HOBBIES_2,WI,37.0,28.982669013470126,8.017330986529874,168,-4.134663515508507,8.693512559869298,12.88900172126222,9.0,13.343399999999999,0.9428189059818308,,spike,False,20,False
anomaly_lockbox,d_1915,2016-04-26,WI_1,HOUSEHOLD_1,WI,437.0,492.68022205262355,-55.68022205262355,168,-12.713724599904822,45.27486841898042,67.12451991798036,102.0,151.2252,-0.6401013743594681,,drop,False,37,False
anomaly_lockbox,d_1915,2016-04-26,WI_1,HOUSEHOLD_2,WI,150.0,157.70280340018158,-7.70280340018158,168,-2.9713364689985866,14.734345182319544,21.845140167306955,23.0,34.099799999999995,-0.21659128277254186,,drop,False,59,False
anomaly_lockbox,d_1915,2016-04-26,WI_2,FOODS_1,WI,324.0,314.9158654186206,9.084134581379374,168,-18.370180709413376,53.21885308094923,78.90227157781533,53.0,78.5778,0.3479534206276513,,spike,False,49,False
anomaly_lockbox,d_1915,2016-04-26,WI_2,FOODS_2,WI,843.0,808.020475348062,34.97952465193805,168,22.7488264989434,92.92896624100149,137.7764853489088,208.5,309.1221,0.08877202900060417,,spike,False,64,False
anomaly_lockbox,d_1915,2016-04-26,WI_2,FOODS_3,WI,1801.0,1809.3778350859516,-8.377835085951574,168,-14.49269494220357,131.23108380650547,194.563204851525,327.0,484.81019999999995,0.03142865507853022,,spike,False,67,False
anomaly_lockbox,d_1915,2016-04-26,WI_2,HOBBIES_1,WI,195.0,229.0457344392923,-34.04573443929229,168,3.7437959882949627,27.857817006763696,41.30199949422785,33.5,49.6671,-0.9149564401323601,,drop,False,23,False
anomaly_lockbox,d_1915,2016-04-26,WI_2,HOBBIES_2,WI,27.0,33.870265330280354,-6.870265330280354,168,-5.035826698847519,7.1431782645639466,10.590476095042506,8.0,11.8608,-0.1732158795289243,,drop,False,60,False
anomaly_lockbox,d_1915,2016-04-26,WI_2,HOUSEHOLD_1,WI,810.0,781.3527217357909,28.64727826420915,168,21.26622900931295,89.68038723788936,132.96014211889477,120.0,177.91199999999998,0.05551324733314412,,spike,False,65,False
anomaly_lockbox,d_1915,2016-04-26,WI_2,HOUSEHOLD_2,WI,148.0,137.19783718797666,10.80216281202334,168,1.3445780441335913,15.226545518600226,22.574876385876692,19.0,28.1694,0.41894292603110816,,spike,False,46,False
anomaly_lockbox,d_1915,2016-04-26,WI_3,FOODS_1,WI,290.0,202.03684446360347,87.96315553639653,168,-12.280809838717076,31.015004139908868,45.98284513782888,38.5,57.080099999999995,2.1800296409376703,,spike,False,2,True
anomaly_lockbox,d_1915,2016-04-26,WI_3,FOODS_2,WI,403.0,428.17813741939756,-25.178137419397558,168,16.12530927846919,42.51952212980271,63.039443509645494,94.5,140.10569999999998,-0.6552000525123135,,drop,False,35,False
anomaly_lockbox,d_1915,2016-04-26,WI_3,FOODS_3,WI,1544.0,1480.7986188183395,63.20138118166051,168,-0.057346979574504076,112.10466650885621,166.20637856603022,289.0,428.47139999999996,0.3806034925194142,,spike,False,47,False
anomaly_lockbox,d_1915,2016-04-26,WI_3,HOBBIES_1,WI,218.0,216.98995757814174,1.0100424218582589,168,0.8866500185241506,31.867621374367985,47.246935449637974,40.5,60.0453,0.002611648822506937,,spike,False,70,False
anomaly_lockbox,d_1915,2016-04-26,WI_3,HOBBIES_2,WI,40.0,29.5130008562966,10.4869991437034,168,-1.180317913410649,8.055002205937786,11.94234627052336,8.0,11.8608,0.976970252982184,,spike,False,16,False
anomaly_lockbox,d_1915,2016-04-26,WI_3,HOUSEHOLD_1,WI,573.0,537.843733913384,35.15626608661603,168,10.14740273920853,48.563542848588895,72.00030862731789,103.5,153.4491,0.34734383538348884,,spike,False,50,False
anomaly_lockbox,d_1915,2016-04-26,WI_3,HOUSEHOLD_2,WI,132.0,144.83528337998558,-12.835283379985583,168,4.417184438691265,16.103898250120537,23.875639545628708,21.0,31.1346,-0.7225970967481594,,drop,False,29,False
anomaly_lockbox,d_1916,2016-04-27,CA_1,FOODS_1,CA,268.0,282.305536568364,-14.305536568364005,168,-25.684189124220666,35.43211828588335,52.53165857065065,58.5,86.73209999999999,0.21660562155206528,,spike,False,58,False
anomaly_lockbox,d_1916,2016-04-27,CA_1,FOODS_2,CA,412.0,417.83073261125,-5.830732611250028,168,-1.3018993399340673,43.31974067676376,64.22584752736994,82.0,121.5732,-0.07051418464172064,,drop,False,66,False
anomaly_lockbox,d_1916,2016-04-27,CA_1,FOODS_3,CA,1787.0,1788.6727863230506,-1.672786323050559,168,7.923849203863142,142.77086773808514,211.67208850848502,302.0,447.74519999999995,-0.045337274245909914,,drop,False,68,False
anomaly_lockbox,d_1916,2016-04-27,CA_1,HOBBIES_1,CA,418.0,409.1596287475341,8.8403712524659,168,17.289827805758932,46.976886497940626,69.64793192184676,61.5,91.17989999999999,-0.1213166898160641,,drop,False,62,False
anomaly_lockbox,d_1916,2016-04-27,CA_1,HOBBIES_2,CA,33.0,38.876381407212875,-5.876381407212875,168,-2.920935617483586,8.814043308989756,13.067700609908211,10.0,14.825999999999999,-0.22616417975541978,,drop,False,56,False
anomaly_lockbox,d_1916,2016-04-27,CA_1,HOUSEHOLD_1,CA,615.0,630.2105969520644,-15.210596952064407,168,7.055601395861743,48.47646137804338,71.87120163908712,106.5,157.8969,-0.3098069580043961,,drop,False,47,False
anomaly_lockbox,d_1916,2016-04-27,CA_1,HOUSEHOLD_2,CA,182.0,197.1430994341824,-15.143099434182403,168,-5.473172481554656,17.069525722806446,25.307278836632836,36.0,53.373599999999996,-0.3821006207364467,,drop,False,42,False
anomaly_lockbox,d_1916,2016-04-27,CA_2,FOODS_1,CA,445.0,390.57036798292586,54.42963201707414,168,-7.615755540324386,39.40764758403104,58.42577830808442,77.5,114.9015,1.0619522641226546,,spike,False,14,False
anomaly_lockbox,d_1916,2016-04-27,CA_2,FOODS_2,CA,359.0,396.60316063892986,-37.603160638929864,168,-12.024618362151116,29.612275350817725,43.903159435122355,172.5,255.74849999999998,-0.5826127915595071,,drop,False,36,False
anomaly_lockbox,d_1916,2016-04-27,CA_2,FOODS_3,CA,1420.0,1529.4257305234685,-109.42573052346847,168,19.21992394083884,101.77879685519576,150.89724421751322,400.0,593.04,-0.8525381303774442,,drop,False,22,False
anomaly_lockbox,d_1916,2016-04-27,CA_2,HOBBIES_1,CA,333.0,321.96999267137204,11.03000732862796,168,-4.7627889331289595,36.89570009761081,54.70156496471779,64.5,95.62769999999999,0.28870830792397234,,spike,False,50,False
anomaly_lockbox,d_1916,2016-04-27,CA_2,HOBBIES_2,CA,27.0,37.54103697997289,-10.541036979972887,168,-2.8427111299485546,9.034327122200846,13.394293391374974,10.0,14.825999999999999,-0.574746694363253,,drop,False,38,False
anomaly_lockbox,d_1916,2016-04-27,CA_2,HOUSEHOLD_1,CA,696.0,619.5516209726703,76.44837902732968,168,-3.6843276356884758,45.03992774790109,66.77619687903815,131.0,194.2206,1.200019024865622,,spike,False,12,False
anomaly_lockbox,d_1916,2016-04-27,CA_2,HOUSEHOLD_2,CA,247.0,274.80451014256056,-27.80451014256056,168,-1.2395743605110283,20.142957831405752,29.863949280842167,47.5,70.42349999999999,-0.8895319079278987,,drop,False,20,False
anomaly_lockbox,d_1916,2016-04-27,CA_3,FOODS_1,CA,413.0,356.274280642395,56.72571935760499,168,-24.065913311520916,50.320382425424214,74.60499898393394,56.0,83.0256,1.0829251895911727,,spike,False,13,False
anomaly_lockbox,d_1916,2016-04-27,CA_3,FOODS_2,CA,530.0,537.2682538631682,-7.268253863168184,168,17.66760848163824,64.39833025478615,95.47696443574593,92.0,136.39919999999998,-0.2611715034319902,,drop,False,52,False
anomaly_lockbox,d_1916,2016-04-27,CA_3,FOODS_3,CA,2291.0,2481.9448539124123,-190.94485391241233,168,-83.63718827007233,197.78391267905567,293.23442893796795,316.5,469.24289999999996,-0.36594497457541153,,drop,False,44,False
anomaly_lockbox,d_1916,2016-04-27,CA_3,HOBBIES_1,CA,378.0,468.3705942823995,-90.37059428239951,168,-22.757896521268464,49.849732808054966,73.90721386122229,67.0,99.3342,-0.91483218252672,,drop,False,18,False
anomaly_lockbox,d_1916,2016-04-27,CA_3,HOBBIES_2,CA,101.0,52.538308675856264,48.461691324143736,168,3.648252262186009,10.789659601607411,15.996749325343147,12.5,18.5325,2.8014090957192908,,spike,False,1,True
anomaly_lockbox,d_1916,2016-04-27,CA_3,HOUSEHOLD_1,CA,1073.0,1237.1580753190476,-164.1580753190476,168,20.42353241000751,83.62607990773597,123.98402607120934,182.0,269.8332,-1.4887531368197544,,drop,False,8,False
anomaly_lockbox,d_1916,2016-04-27,CA_3,HOUSEHOLD_2,CA,279.0,296.9529246862445,-17.9529246862445,168,4.913212594189503,22.67482903117721,33.61770152162333,43.0,63.751799999999996,-0.6801814593340421,,drop,False,29,False
anomaly_lockbox,d_1916,2016-04-27,CA_4,FOODS_1,CA,226.0,221.73935312826086,4.260646871739141,168,-12.005087574539175,24.10919695569271,35.74429540651001,28.5,42.2541,0.45505819211968246,,spike,False,41,False
anomaly_lockbox,d_1916,2016-04-27,CA_4,FOODS_2,CA,304.0,311.56899717287763,-7.56899717287763,168,1.7637292652449332,27.477960584864036,40.73882436311942,42.5,63.01049999999999,-0.2290867884388784,,drop,False,55,False
anomaly_lockbox,d_1916,2016-04-27,CA_4,FOODS_3,CA,1086.0,1097.107383811019,-11.107383811018963,168,-24.262206743142144,80.156564099229,118.84012193351691,105.5,156.4143,0.11069344862741241,,spike,False,64,False
anomaly_lockbox,d_1916,2016-04-27,CA_4,HOBBIES_1,CA,428.0,319.42704065016034,108.57295934983966,168,12.35415079699078,44.518135522568855,66.00258772576058,41.0,60.7866,1.4578035781359981,,spike,False,9,False
anomaly_lockbox,d_1916,2016-04-27,CA_4,HOBBIES_2,CA,15.0,21.96194486887144,-6.961944868871441,168,-6.139248050531476,5.7296688895483605,8.494807095644399,5.0,7.412999999999999,-0.0968470277284804,,drop,False,65,False
anomaly_lockbox,d_1916,2016-04-27,CA_4,HOUSEHOLD_1,CA,344.0,357.6214982665207,-13.621498266520689,168,-0.7421382851627243,24.6044575617087,36.47856878098931,41.0,60.7866,-0.3530664829172246,,drop,False,45,False
anomaly_lockbox,d_1916,2016-04-27,CA_4,HOUSEHOLD_2,CA,126.0,138.42413910142264,-12.42413910142264,168,-3.4546464898643805,11.026960703131124,16.348571938462204,16.0,23.7216,-0.5486407403240112,,drop,False,39,False
anomaly_lockbox,d_1916,2016-04-27,TX_1,FOODS_1,TX,198.0,199.51846681106318,-1.5184668110631776,168,-9.015130283288116,31.94925731162617,47.36796889021696,29.5,43.7367,0.15826440626153268,,spike,False,60,False
anomaly_lockbox,d_1916,2016-04-27,TX_1,FOODS_2,TX,256.0,284.8776740430128,-28.877674043012803,168,-6.909115162940736,30.99554875467055,45.954000583674556,52.5,77.8365,-0.47805541630855386,,drop,False,40,False
anomaly_lockbox,d_1916,2016-04-27,TX_1,FOODS_3,TX,1496.0,1295.3586076482409,200.64139235175912,168,-51.573091714937846,96.99760097751357,143.80864320926162,204.0,302.4504,1.7538200655970986,,spike,False,4,True
anomaly_lockbox,d_1916,2016-04-27,TX_1,HOBBIES_1,TX,224.0,226.15403612453366,-2.1540361245336612,168,3.35228629162593,30.248602333520225,44.84657781967708,37.0,54.856199999999994,-0.12278132878499401,,drop,False,61,False
anomaly_lockbox,d_1916,2016-04-27,TX_1,HOBBIES_2,TX,39.0,32.69369825501475,6.306301744985248,168,1.8294803153880679,10.735863390625315,15.916991062941092,9.5,14.0847,0.28126053548025093,,spike,False,51,False
anomaly_lockbox,d_1916,2016-04-27,TX_1,HOUSEHOLD_1,TX,614.0,610.4940069529573,3.5059930470426934,168,20.33032524814172,49.35642478068894,73.17583537984942,98.5,146.0361,-0.22991650336159986,,drop,False,54,False
anomaly_lockbox,d_1916,2016-04-27,TX_1,HOUSEHOLD_2,TX,157.0,170.78551580066141,-13.785515800661415,168,0.2987811063512424,16.385507467327315,24.293153371059475,21.0,31.1346,-0.5797640467618886,,drop,False,37,False
anomaly_lockbox,d_1916,2016-04-27,TX_2,FOODS_1,TX,207.0,232.3959173521662,-25.395917352166208,168,-26.12703194291352,30.65065159994984,45.44265606208563,30.5,45.2193,0.016088729271203504,,spike,False,69,False
anomaly_lockbox,d_1916,2016-04-27,TX_2,FOODS_2,TX,308.0,327.5074741208282,-19.507474120828192,168,-7.811833265177,33.80774934945228,50.12336918549795,63.0,93.40379999999999,-0.23333708499058875,,drop,False,53,False
anomaly_lockbox,d_1916,2016-04-27,TX_2,FOODS_3,TX,1704.0,1582.3390572447372,121.6609427552628,168,-41.65795526983845,124.96472773684309,185.27270534264355,241.5,358.04789999999997,0.8815054420620625,,spike,False,21,False
anomaly_lockbox,d_1916,2016-04-27,TX_2,HOBBIES_1,TX,247.0,292.0437825036646,-45.0437825036646,168,5.762759951001044,36.12534962471969,53.55944335360941,45.5,67.4583,-0.9486010173636682,,drop,False,16,False
anomaly_lockbox,d_1916,2016-04-27,TX_2,HOBBIES_2,TX,78.0,44.107564980451436,33.892435019548564,168,0.44935867804020546,12.068633475491076,17.892955990763067,11.0,16.3086,1.8690638013513685,,spike,False,3,True
anomaly_lockbox,d_1916,2016-04-27,TX_2,HOUSEHOLD_1,TX,549.0,649.4038355771128,-100.40383557711277,168,2.586436775464506,52.7841509083666,78.25778213674431,108.0,160.1208,-1.3160387317470417,,drop,False,10,False
anomaly_lockbox,d_1916,2016-04-27,TX_2,HOUSEHOLD_2,TX,163.0,182.4737226503819,-19.473722650381887,168,3.9485061642942156,17.430686732382796,25.84273614943073,30.0,44.477999999999994,-0.9063370333250124,,drop,False,19,False
anomaly_lockbox,d_1916,2016-04-27,TX_3,FOODS_1,TX,298.0,266.3609470854915,31.63905291450851,168,-6.582356202483766,33.46832859706534,49.62014397800907,30.0,44.477999999999994,0.7702800929785987,,spike,False,26,False
anomaly_lockbox,d_1916,2016-04-27,TX_3,FOODS_2,TX,344.0,390.25433442554004,-46.25433442554004,168,1.2222230771089073,39.93788391101927,59.211906686477164,67.0,99.3342,-0.8018076120067192,,drop,False,24,False
anomaly_lockbox,d_1916,2016-04-27,TX_3,FOODS_3,TX,1542.0,1424.6295646014244,117.37043539857564,168,14.023064556677582,115.01769419548702,170.52523341422906,199.0,295.0374,0.6060532436912324,,spike,False,35,False
anomaly_lockbox,d_1916,2016-04-27,TX_3,HOBBIES_1,TX,323.0,308.48069905045975,14.519300949540252,168,15.203725840623378,29.80770011824157,44.19289619530495,42.0,62.2692,-0.015487215141057869,,drop,False,70,False
anomaly_lockbox,d_1916,2016-04-27,TX_3,HOBBIES_2,TX,83.0,51.489566402595166,31.510433597404834,168,5.158204388232139,11.504291330894542,17.056262327184246,14.0,20.7564,1.5450178183043393,,spike,False,6,False
anomaly_lockbox,d_1916,2016-04-27,TX_3,HOUSEHOLD_1,TX,601.0,651.2225653869498,-50.22256538694978,168,14.740755402915227,65.66806597354093,97.35947461237178,100.5,149.0013,-0.6672521708699721,,drop,False,31,False
anomaly_lockbox,d_1916,2016-04-27,TX_3,HOUSEHOLD_2,TX,144.0,158.3812366537705,-14.381236653770486,168,7.101941028670069,13.696061250985842,20.30578041071161,19.5,28.9107,-1.0579833548829205,,drop,False,15,False
anomaly_lockbox,d_1916,2016-04-27,WI_1,FOODS_1,WI,261.0,290.54693383894306,-29.546933838943062,168,-14.300155016168702,35.22765573409737,52.228522391372756,45.0,66.717,-0.2919243762732384,,drop,False,48,False
anomaly_lockbox,d_1916,2016-04-27,WI_1,FOODS_2,WI,479.0,508.06590645452457,-29.065906454524566,168,13.518371491533685,41.2053589013627,61.09106510716034,99.5,147.5187,-0.6970622933379998,,drop,False,28,False
anomaly_lockbox,d_1916,2016-04-27,WI_1,FOODS_3,WI,1477.0,1376.0414546878055,100.95854531219447,168,2.349864332053585,107.8399877465398,159.8835658330199,214.0,317.27639999999997,0.6167530756921344,,spike,False,33,False
anomaly_lockbox,d_1916,2016-04-27,WI_1,HOBBIES_1,WI,417.0,329.09666949542884,87.90333050457116,168,-6.488511374065951,41.39425992717577,61.37112976803079,65.5,97.1103,1.5380496046824828,,spike,False,7,False
anomaly_lockbox,d_1916,2016-04-27,WI_1,HOBBIES_2,WI,30.0,29.25767934476862,0.7423206552313815,168,-4.134663515508507,8.693512559869298,12.88900172126222,9.0,13.343399999999999,0.3783833904447865,,spike,False,43,False
anomaly_lockbox,d_1916,2016-04-27,WI_1,HOUSEHOLD_1,WI,465.0,492.2584927457598,-27.25849274575978,168,-12.713724599904822,45.27486841898042,67.12451991798036,102.0,151.2252,-0.21668338430766063,,drop,False,57,False
anomaly_lockbox,d_1916,2016-04-27,WI_1,HOUSEHOLD_2,WI,138.0,157.97781373148004,-19.97781373148004,168,-2.9713364689985866,14.734345182319544,21.845140167306955,23.0,34.099799999999995,-0.7785016315863719,,drop,False,25,False
anomaly_lockbox,d_1916,2016-04-27,WI_2,FOODS_1,WI,270.0,342.019078077579,-72.01907807757902,168,-18.370180709413376,53.21885308094923,78.90227157781533,53.0,78.5778,-0.6799411004948801,,drop,False,30,False
anomaly_lockbox,d_1916,2016-04-27,WI_2,FOODS_2,WI,779.0,799.4426402237126,-20.4426402237126,168,22.7488264989434,92.92896624100149,137.7764853489088,208.5,309.1221,-0.31348939271659304,,drop,False,46,False
anomaly_lockbox,d_1916,2016-04-27,WI_2,FOODS_3,WI,1643.0,1820.5628078689065,-177.56280786890648,168,-14.49269494220357,131.23108380650547,194.563204851525,327.0,484.81019999999995,-0.8381343895478331,,drop,False,23,False
anomaly_lockbox,d_1916,2016-04-27,WI_2,HOBBIES_1,WI,246.0,230.24164132112725,15.758358678872753,168,3.7437959882949627,27.857817006763696,41.30199949422785,33.5,49.6671,0.290895424863314,,spike,False,49,False
anomaly_lockbox,d_1916,2016-04-27,WI_2,HOBBIES_2,WI,38.0,33.168363776723986,4.831636223276014,168,-5.035826698847519,7.1431782645639466,10.590476095042506,8.0,11.8608,0.9317298706469465,,spike,False,17,False
anomaly_lockbox,d_1916,2016-04-27,WI_2,HOUSEHOLD_1,WI,705.0,781.8768188987221,-76.87681889872215,168,21.26622900931295,89.68038723788936,132.96014211889477,120.0,177.91199999999998,-0.7381388613459382,,drop,False,27,False
anomaly_lockbox,d_1916,2016-04-27,WI_2,HOUSEHOLD_2,WI,124.0,136.4959356344203,-12.495935634420306,168,1.3445780441335913,15.226545518600226,22.574876385876692,19.0,28.1694,-0.6130936640349804,,drop,False,34,False
anomaly_lockbox,d_1916,2016-04-27,WI_3,FOODS_1,WI,213.0,227.8380183941771,-14.838018394177112,168,-12.280809838717076,31.015004139908868,45.98284513782888,38.5,57.080099999999995,-0.05561222990432769,,drop,False,67,False
anomaly_lockbox,d_1916,2016-04-27,WI_3,FOODS_2,WI,340.0,421.83516842075005,-81.83516842075005,168,16.12530927846919,42.51952212980271,63.039443509645494,94.5,140.10569999999998,-1.5539553055259852,,drop,False,5,True
anomaly_lockbox,d_1916,2016-04-27,WI_3,FOODS_3,WI,1516.0,1488.9555212439284,27.044478756071612,168,-0.057346979574504076,112.10466650885621,166.20637856603022,289.0,428.47139999999996,0.16306128543002424,,spike,False,59,False
anomaly_lockbox,d_1916,2016-04-27,WI_3,HOBBIES_1,WI,222.0,215.59131638642313,6.408683613576869,168,0.8866500185241506,31.867621374367985,47.246935449637974,40.5,60.0453,0.11687601624318748,,spike,False,63,False
anomaly_lockbox,d_1916,2016-04-27,WI_3,HOBBIES_2,WI,50.0,28.811099302740246,21.188900697259754,168,-1.180317913410649,8.055002205937786,11.94234627052336,8.0,11.8608,1.873100821559924,,spike,False,2,True
anomaly_lockbox,d_1916,2016-04-27,WI_3,HOUSEHOLD_1,WI,502.0,536.4450927216651,-34.445092721665105,168,10.14740273920853,48.563542848588895,72.00030862731789,103.5,153.4491,-0.6193375599497728,,drop,False,32,False
anomaly_lockbox,d_1916,2016-04-27,WI_3,HOUSEHOLD_2,WI,119.0,144.13338182642923,-25.13338182642923,168,4.417184438691265,16.103898250120537,23.875639545628708,21.0,31.1346,-1.237686898759149,,drop,False,11,False
anomaly_lockbox,d_1917,2016-04-28,CA_1,FOODS_1,CA,328.0,284.93511797028964,43.06488202971036,168,-25.684189124220666,35.43211828588335,52.53165857065065,58.5,86.73209999999999,1.308716934217284,,spike,False,9,False
anomaly_lockbox,d_1917,2016-04-28,CA_1,FOODS_2,CA,400.0,414.77213541691884,-14.772135416918843,168,-1.3018993399340673,43.31974067676376,64.22584752736994,82.0,121.5732,-0.209732321107081,,drop,False,56,False
anomaly_lockbox,d_1917,2016-04-28,CA_1,FOODS_3,CA,1718.0,1791.4312492579738,-73.43124925797383,168,7.923849203863142,142.77086773808514,211.67208850848502,302.0,447.74519999999995,-0.384344950886502,,drop,False,47,False
anomaly_lockbox,d_1917,2016-04-28,CA_1,HOBBIES_1,CA,385.0,410.8576248152748,-25.85762481527479,168,17.289827805758932,46.976886497940626,69.64793192184676,61.5,91.17989999999999,-0.619508023144898,,drop,False,35,False
anomaly_lockbox,d_1917,2016-04-28,CA_1,HOBBIES_2,CA,47.0,39.46180521807372,7.538194781926279,168,-2.920935617483586,8.814043308989756,13.067700609908211,10.0,14.825999999999999,0.8003803202745193,,spike,False,24,False
anomaly_lockbox,d_1917,2016-04-28,CA_1,HOUSEHOLD_1,CA,552.0,632.084232757019,-80.08423275701898,168,7.055601395861743,48.47646137804338,71.87120163908712,106.5,157.8969,-1.2124443750150098,,drop,False,12,False
anomaly_lockbox,d_1917,2016-04-28,CA_1,HOUSEHOLD_2,CA,188.0,198.84109550192315,-10.84109550192315,168,-5.473172481554656,17.069525722806446,25.307278836632836,36.0,53.373599999999996,-0.21210984614427641,,drop,False,55,False
anomaly_lockbox,d_1917,2016-04-28,CA_2,FOODS_1,CA,445.0,393.6660756294739,51.33392437052612,168,-7.615755540324386,39.40764758403104,58.42577830808442,77.5,114.9015,1.0089669597553927,,spike,False,18,False
anomaly_lockbox,d_1917,2016-04-28,CA_2,FOODS_2,CA,376.0,394.1494398174993,-18.149439817499285,168,-12.024618362151116,29.612275350817725,43.903159435122355,172.5,255.74849999999998,-0.13950753280977624,,drop,False,63,False
anomaly_lockbox,d_1917,2016-04-28,CA_2,FOODS_3,CA,1636.0,1535.876955500366,100.12304449963403,168,19.21992394083884,101.77879685519576,150.89724421751322,400.0,593.04,0.5361471044638569,,spike,False,39,False
anomaly_lockbox,d_1917,2016-04-28,CA_2,HOBBIES_1,CA,344.0,324.1341149837351,19.865885016264883,168,-4.7627889331289595,36.89570009761081,54.70156496471779,64.5,95.62769999999999,0.4502370995286735,,spike,False,43,False
anomaly_lockbox,d_1917,2016-04-28,CA_2,HOBBIES_2,CA,56.0,38.12646079083373,17.873539209166267,168,-2.8427111299485546,9.034327122200846,13.394293391374974,10.0,14.825999999999999,1.5466474963475636,,spike,False,6,False
anomaly_lockbox,d_1917,2016-04-28,CA_2,HOUSEHOLD_1,CA,614.0,623.0213974268419,-9.021397426841872,168,-3.6843276356884758,45.03992774790109,66.77619687903815,131.0,194.2206,-0.07992473427052517,,drop,False,66,False
anomaly_lockbox,d_1917,2016-04-28,CA_2,HOUSEHOLD_2,CA,283.0,276.96863245492364,6.031367545076364,168,-1.2395743605110283,20.142957831405752,29.863949280842167,47.5,70.42349999999999,0.24346886733603343,,spike,False,54,False
anomaly_lockbox,d_1917,2016-04-28,CA_3,FOODS_1,CA,454.0,356.9203885732973,97.07961142670268,168,-24.065913311520916,50.320382425424214,74.60499898393394,56.0,83.0256,1.6238258345705774,,spike,False,4,True
anomaly_lockbox,d_1917,2016-04-28,CA_3,FOODS_2,CA,452.0,532.874957918418,-80.87495791841798,168,17.66760848163824,64.39833025478615,95.47696443574593,92.0,136.39919999999998,-1.0321082889723978,,drop,False,17,False
anomaly_lockbox,d_1917,2016-04-28,CA_3,FOODS_3,CA,2209.0,2478.644152213387,-269.64415221338686,168,-83.63718827007233,197.78391267905567,293.23442893796795,316.5,469.24289999999996,-0.6343285289418155,,drop,False,34,False
anomaly_lockbox,d_1917,2016-04-28,CA_3,HOBBIES_1,CA,435.0,468.57398093834684,-33.573980938346836,168,-22.757896521268464,49.849732808054966,73.90721386122229,67.0,99.3342,-0.14634680232146277,,drop,False,61,False
anomaly_lockbox,d_1917,2016-04-28,CA_3,HOBBIES_2,CA,101.0,52.27789779552808,48.72210220447192,168,3.648252262186009,10.789659601607411,15.996749325343147,12.5,18.5325,2.8176880830955344,,spike,False,2,True
anomaly_lockbox,d_1917,2016-04-28,CA_3,HOUSEHOLD_1,CA,1113.0,1235.8151084802776,-122.81510848027756,168,20.42353241000751,83.62607990773597,123.98402607120934,182.0,269.8332,-1.1552991577158251,,drop,False,14,False
anomaly_lockbox,d_1917,2016-04-28,CA_3,HOUSEHOLD_2,CA,251.0,297.1563113421918,-46.15631134219183,168,4.913212594189503,22.67482903117721,33.61770152162333,43.0,63.751799999999996,-1.5191259849675554,,drop,False,7,False
anomaly_lockbox,d_1917,2016-04-28,CA_4,FOODS_1,CA,213.0,221.98449376243752,-8.984493762437523,168,-12.005087574539175,24.10919695569271,35.74429540651001,28.5,42.2541,0.08450561908548683,,spike,False,65,False
anomaly_lockbox,d_1917,2016-04-28,CA_4,FOODS_2,CA,277.0,307.1757012281275,-30.17570122812748,168,1.7637292652449332,27.477960584864036,40.73882436311942,42.5,63.01049999999999,-0.7840047176787693,,drop,False,26,False
anomaly_lockbox,d_1917,2016-04-28,CA_4,FOODS_3,CA,977.0,1096.2851160217533,-119.28511602175331,168,-24.262206743142144,80.156564099229,118.84012193351691,105.5,156.4143,-0.7995860971244216,,drop,False,25,False
anomaly_lockbox,d_1917,2016-04-28,CA_4,HOBBIES_1,CA,345.0,319.22946000938214,25.770539990617863,168,12.35415079699078,44.518135522568855,66.00258772576058,41.0,60.7866,0.20327065431694755,,spike,False,57,False
anomaly_lockbox,d_1917,2016-04-28,CA_4,HOBBIES_2,CA,17.0,21.4313359910792,-4.431335991079202,168,-6.139248050531476,5.7296688895483605,8.494807095644399,5.0,7.412999999999999,0.20105366022119373,,spike,False,58,False
anomaly_lockbox,d_1917,2016-04-28,CA_4,HOUSEHOLD_1,CA,323.0,357.4239176257425,-34.42391762574249,168,-0.7421382851627243,24.6044575617087,36.47856878098931,41.0,60.7866,-0.9233306148275454,,drop,False,20,False
anomaly_lockbox,d_1917,2016-04-28,CA_4,HOUSEHOLD_2,CA,125.0,138.22655846064438,-13.226558460644384,168,-3.4546464898643805,11.026960703131124,16.348571938462204,16.0,23.7216,-0.5977226639465844,,drop,False,36,False
anomaly_lockbox,d_1917,2016-04-28,TX_1,FOODS_1,TX,169.0,200.3960798474604,-31.396079847460413,168,-9.015130283288116,31.94925731162617,47.36796889021696,29.5,43.7367,-0.4724912232577213,,drop,False,41,False
anomaly_lockbox,d_1917,2016-04-28,TX_1,FOODS_2,TX,252.0,280.4680757798788,-28.468075779878802,168,-6.909115162940736,30.99554875467055,45.954000583674556,52.5,77.8365,-0.46914219313034133,,drop,False,42,False
anomaly_lockbox,d_1917,2016-04-28,TX_1,FOODS_3,TX,1202.0,1291.5584900159834,-89.55849001598335,168,-51.573091714937846,96.99760097751357,143.80864320926162,204.0,302.4504,-0.26413849302347886,,drop,False,52,False
anomaly_lockbox,d_1917,2016-04-28,TX_1,HOBBIES_1,TX,248.0,226.58892788597598,21.411072114024023,168,3.35228629162593,30.248602333520225,44.84657781967708,37.0,54.856199999999994,0.40267923887103246,,spike,False,46,False
anomaly_lockbox,d_1917,2016-04-28,TX_1,HOBBIES_2,TX,44.0,32.0160177595772,11.983982240422797,168,1.8294803153880679,10.735863390625315,15.916991062941092,9.5,14.0847,0.6379661762000395,,spike,False,33,False
anomaly_lockbox,d_1917,2016-04-28,TX_1,HOUSEHOLD_1,TX,592.0,610.0324192301417,-18.032419230141727,168,20.33032524814172,49.35642478068894,73.17583537984942,98.5,146.0361,-0.524254274367293,,drop,False,40,False
anomaly_lockbox,d_1917,2016-04-28,TX_1,HOUSEHOLD_2,TX,157.0,171.22040756210373,-14.22040756210373,168,0.2987811063512424,16.385507467327315,24.293153371059475,21.0,31.1346,-0.5976658709837043,,drop,False,37,False
anomaly_lockbox,d_1917,2016-04-28,TX_2,FOODS_1,TX,257.0,233.65133540769108,23.34866459230892,168,-26.12703194291352,30.65065159994984,45.44265606208563,30.5,45.2193,1.0887501044751147,,spike,False,16,False
anomaly_lockbox,d_1917,2016-04-28,TX_2,FOODS_2,TX,343.0,323.4756808768218,19.524319123178202,168,-7.811833265177,33.80774934945228,50.12336918549795,63.0,93.40379999999999,0.5453773924731359,,spike,False,38,False
anomaly_lockbox,d_1917,2016-04-28,TX_2,FOODS_3,TX,1573.0,1580.5140018847728,-7.514001884772824,168,-41.65795526983845,124.96472773684309,185.27270534264355,241.5,358.04789999999997,0.1842902510756766,,spike,False,59,False
anomaly_lockbox,d_1917,2016-04-28,TX_2,HOBBIES_1,TX,321.0,292.8564792842345,28.143520715765476,168,5.762759951001044,36.12534962471969,53.55944335360941,45.5,67.4583,0.4178676880004612,,spike,False,45,False
anomaly_lockbox,d_1917,2016-04-28,TX_2,HOBBIES_2,TX,45.0,43.807689504141486,1.1923104958585142,168,0.44935867804020546,12.068633475491076,17.892955990763067,11.0,16.3086,0.04152202789756175,,spike,False,70,False
anomaly_lockbox,d_1917,2016-04-28,TX_2,HOUSEHOLD_1,TX,713.0,649.3200528734247,63.67994712657526,168,2.586436775464506,52.7841509083666,78.25778213674431,108.0,160.1208,0.7806700967369425,,spike,False,27,False
anomaly_lockbox,d_1917,2016-04-28,TX_2,HOUSEHOLD_2,TX,189.0,183.28641943095184,5.713580569048162,168,3.9485061642942156,17.430686732382796,25.84273614943073,30.0,44.477999999999994,0.06830060077801892,,spike,False,67,False
anomaly_lockbox,d_1917,2016-04-28,TX_3,FOODS_1,TX,326.0,267.00705501639385,58.99294498360615,168,-6.582356202483766,33.46832859706534,49.62014397800907,30.0,44.477999999999994,1.3215459676044459,,spike,False,8,False
anomaly_lockbox,d_1917,2016-04-28,TX_3,FOODS_2,TX,372.0,386.4659148536905,-14.465914853690492,168,1.2222230771089073,39.93788391101927,59.211906686477164,67.0,99.3342,-0.2649490416491226,,drop,False,51,False
anomaly_lockbox,d_1917,2016-04-28,TX_3,FOODS_3,TX,1584.0,1423.743230123866,160.25676987613406,168,14.023064556677582,115.01769419548702,170.52523341422906,199.0,295.0374,0.8575487767504464,,spike,False,21,False
anomaly_lockbox,d_1917,2016-04-28,TX_3,HOBBIES_1,TX,353.0,308.6840857064071,44.315914293592925,168,15.203725840623378,29.80770011824157,44.19289619530495,42.0,62.2692,0.6587526720202245,,spike,False,30,False
anomaly_lockbox,d_1917,2016-04-28,TX_3,HOBBIES_2,TX,78.0,51.22915552226698,26.77084447773302,168,5.158204388232139,11.504291330894542,17.056262327184246,14.0,20.7564,1.2671381147236864,,spike,False,10,False
anomaly_lockbox,d_1917,2016-04-28,TX_3,HOUSEHOLD_1,TX,680.0,651.1343489315399,28.865651068460124,168,14.740755402915227,65.66806597354093,97.35947461237178,100.5,149.0013,0.14507982630126068,,spike,False,62,False
anomaly_lockbox,d_1917,2016-04-28,TX_3,HOUSEHOLD_2,TX,157.0,158.58462330971778,-1.5846233097177844,168,7.101941028670069,13.696061250985842,20.30578041071161,19.5,28.9107,-0.42778776105574146,,drop,False,44,False
anomaly_lockbox,d_1917,2016-04-28,WI_1,FOODS_1,WI,313.0,293.65080990122914,19.349190098770862,168,-14.300155016168702,35.22765573409737,52.228522391372756,45.0,66.717,0.644271435879217,,spike,False,32,False
anomaly_lockbox,d_1917,2016-04-28,WI_1,FOODS_2,WI,481.0,507.2094428862597,-26.209442886259694,168,13.518371491533685,41.2053589013627,61.09106510716034,99.5,147.5187,-0.6503048245779721,,drop,False,31,False
anomaly_lockbox,d_1917,2016-04-28,WI_1,FOODS_3,WI,1397.0,1385.860322380061,11.139677619938993,168,2.349864332053585,107.8399877465398,159.8835658330199,214.0,317.27639999999997,0.05497634007653646,,spike,False,68,False
anomaly_lockbox,d_1917,2016-04-28,WI_1,HOBBIES_1,WI,395.0,332.2005455577149,62.79945444228508,168,-6.488511374065951,41.39425992717577,61.37112976803079,65.5,97.1103,1.1289993532503657,,spike,False,15,False
anomaly_lockbox,d_1917,2016-04-28,WI_1,HOBBIES_2,WI,46.0,29.442135858903928,16.557864141096072,168,-4.134663515508507,8.693512559869298,12.88900172126222,9.0,13.343399999999999,1.6054406775715877,,spike,False,5,True
anomaly_lockbox,d_1917,2016-04-28,WI_1,HOUSEHOLD_1,WI,439.0,497.5645024341121,-58.564502434112114,168,-12.713724599904822,45.27486841898042,67.12451991798036,102.0,151.2252,-0.6830704769320136,,drop,False,28,False
anomaly_lockbox,d_1917,2016-04-28,WI_1,HOUSEHOLD_2,WI,130.0,160.62224927624598,-30.62224927624598,168,-2.9713364689985866,14.734345182319544,21.845140167306955,23.0,34.099799999999995,-1.265769530223901,,drop,False,11,False
anomaly_lockbox,d_1917,2016-04-28,WI_2,FOODS_1,WI,417.0,344.1729203677878,72.82707963221219,168,-18.370180709413376,53.21885308094923,78.90227157781533,53.0,78.5778,1.1558255360453675,,spike,False,13,False
anomaly_lockbox,d_1917,2016-04-28,WI_2,FOODS_2,WI,724.0,792.0275960882667,-68.0275960882667,168,22.7488264989434,92.92896624100149,137.7764853489088,208.5,309.1221,-0.6588673122073444,,drop,False,29,False
anomaly_lockbox,d_1917,2016-04-28,WI_2,FOODS_3,WI,1870.0,1823.2182186210807,46.78178137891928,168,-14.49269494220357,131.23108380650547,194.563204851525,327.0,484.81019999999995,0.31493352696303806,,spike,False,49,False
anomaly_lockbox,d_1917,2016-04-28,WI_2,HOBBIES_1,WI,247.0,232.42490715304587,14.575092846954135,168,3.7437959882949627,27.857817006763696,41.30199949422785,33.5,49.6671,0.2622463074741187,,spike,False,53,False
anomaly_lockbox,d_1917,2016-04-28,WI_2,HOBBIES_2,WI,25.0,32.891650578011976,-7.891650578011976,168,-5.035826698847519,7.1431782645639466,10.590476095042506,8.0,11.8608,-0.26965963130791576,,drop,False,50,False
anomaly_lockbox,d_1917,2016-04-28,WI_2,HOUSEHOLD_1,WI,920.0,789.8668856478413,130.1331143521587,168,21.26622900931295,89.68038723788936,132.96014211889477,120.0,177.91199999999998,0.8187933888149391,,spike,False,23,False
anomaly_lockbox,d_1917,2016-04-28,WI_2,HOUSEHOLD_2,WI,139.0,138.67920146633892,0.32079853366107614,168,1.3445780441335913,15.226545518600226,22.574876385876692,19.0,28.1694,-0.04535039275400032,,drop,False,69,False
anomaly_lockbox,d_1917,2016-04-28,WI_3,FOODS_1,WI,262.0,230.8834212356686,31.116578764331393,168,-12.280809838717076,31.015004139908868,45.98284513782888,38.5,57.080099999999995,0.9437734544908918,,spike,False,19,False
anomaly_lockbox,d_1917,2016-04-28,WI_3,FOODS_2,WI,412.0,419.3814475993195,-7.381447599319472,168,16.12530927846919,42.51952212980271,63.039443509645494,94.5,140.10569999999998,-0.3728896635039609,,drop,False,48,False
anomaly_lockbox,d_1917,2016-04-28,WI_3,FOODS_3,WI,1476.0,1498.1695125632834,-22.169512563283433,168,-0.057346979574504076,112.10466650885621,166.20637856603022,289.0,428.47139999999996,-0.1330404150218834,,drop,False,64,False
anomaly_lockbox,d_1917,2016-04-28,WI_3,HOBBIES_1,WI,180.0,218.63671922791463,-38.636719227914625,168,0.8866500185241506,31.867621374367985,47.246935449637974,40.5,60.0453,-0.8365276788918512,,drop,False,22,False
anomaly_lockbox,d_1917,2016-04-28,WI_3,HOBBIES_2,WI,30.0,29.396523113601095,0.6034768863989051,168,-1.180317913410649,8.055002205937786,11.94234627052336,8.0,11.8608,0.1493671979862447,,spike,False,60,False
anomaly_lockbox,d_1917,2016-04-28,WI_3,HOUSEHOLD_1,WI,426.0,540.5548124535774,-114.55481245357737,168,10.14740273920853,48.563542848588895,72.00030862731789,103.5,153.4491,-1.7319677869474046,,drop,False,3,True
anomaly_lockbox,d_1917,2016-04-28,WI_3,HOUSEHOLD_2,WI,84.0,147.17878466792072,-63.17878466792072,168,4.417184438691265,16.103898250120537,23.875639545628708,21.0,31.1346,-2.8311689401001976,,drop,False,1,True
anomaly_lockbox,d_1918,2016-04-29,CA_1,FOODS_1,CA,387.0,347.99429032077285,39.00570967922715,168,-25.684189124220666,35.43211828588335,52.53165857065065,58.5,86.73209999999999,1.231445961608948,,spike,False,17,False
anomaly_lockbox,d_1918,2016-04-29,CA_1,FOODS_2,CA,463.0,457.2093813045681,5.790618695431874,168,-1.3018993399340673,43.31974067676376,64.22584752736994,82.0,121.5732,0.11043089828193321,,spike,False,60,False
anomaly_lockbox,d_1918,2016-04-29,CA_1,FOODS_3,CA,2182.0,2297.514038132149,-115.51403813214893,168,7.923849203863142,142.77086773808514,211.67208850848502,302.0,447.74519999999995,-0.5831561837264339,,drop,False,38,False
anomaly_lockbox,d_1918,2016-04-29,CA_1,HOBBIES_1,CA,550.0,467.9894841057804,82.01051589421962,168,17.289827805758932,46.976886497940626,69.64793192184676,61.5,91.17989999999999,0.9292549872275457,,spike,False,25,False
anomaly_lockbox,d_1918,2016-04-29,CA_1,HOBBIES_2,CA,34.0,45.366464814321674,-11.366464814321674,168,-2.920935617483586,8.814043308989756,13.067700609908211,10.0,14.825999999999999,-0.6462903803010689,,drop,False,36,False
anomaly_lockbox,d_1918,2016-04-29,CA_1,HOUSEHOLD_1,CA,708.0,742.8140769878648,-34.81407698786484,168,7.055601395861743,48.47646137804338,71.87120163908712,106.5,157.8969,-0.5825654424700167,,drop,False,39,False
anomaly_lockbox,d_1918,2016-04-29,CA_1,HOUSEHOLD_2,CA,249.0,240.9026175831108,8.09738241688919,168,-5.473172481554656,17.069525722806446,25.307278836632836,36.0,53.373599999999996,0.5362312948004576,,spike,False,41,False
anomaly_lockbox,d_1918,2016-04-29,CA_2,FOODS_1,CA,478.0,465.54812473222887,12.451875267771129,168,-7.615755540324386,39.40764758403104,58.42577830808442,77.5,114.9015,0.3434722033530659,,spike,False,52,False
anomaly_lockbox,d_1918,2016-04-29,CA_2,FOODS_2,CA,421.0,450.3875557337945,-29.3875557337945,168,-12.024618362151116,29.612275350817725,43.903159435122355,172.5,255.74849999999998,-0.39548263940551626,,drop,False,49,False
anomaly_lockbox,d_1918,2016-04-29,CA_2,FOODS_3,CA,1962.0,1961.1917469698103,0.8082530301896895,168,19.21992394083884,101.77879685519576,150.89724421751322,400.0,593.04,-0.12201462661643678,,drop,False,58,False
anomaly_lockbox,d_1918,2016-04-29,CA_2,HOBBIES_1,CA,384.0,382.19058160607284,1.8094183939271602,168,-4.7627889331289595,36.89570009761081,54.70156496471779,64.5,95.62769999999999,0.12014660515279878,,spike,False,59,False
anomaly_lockbox,d_1918,2016-04-29,CA_2,HOBBIES_2,CA,54.0,44.99115236895476,9.008847631045242,168,-2.8427111299485546,9.034327122200846,13.394293391374974,10.0,14.825999999999999,0.8848214993278708,,spike,False,26,False
anomaly_lockbox,d_1918,2016-04-29,CA_2,HOUSEHOLD_1,CA,774.0,780.8439383273911,-6.843938327391129,168,-3.6843276356884758,45.03992774790109,66.77619687903815,131.0,194.2206,-0.047316421709761865,,drop,False,68,False
anomaly_lockbox,d_1918,2016-04-29,CA_2,HOUSEHOLD_2,CA,309.0,328.03791588605816,-19.03791588605816,168,-1.2395743605110283,20.142957831405752,29.863949280842167,47.5,70.42349999999999,-0.5959808382397981,,drop,False,37,False
anomaly_lockbox,d_1918,2016-04-29,CA_3,FOODS_1,CA,386.0,400.4354909741386,-14.435490974138588,168,-24.065913311520916,50.320382425424214,74.60499898393394,56.0,83.0256,0.1290854831250145,,spike,False,57,False
anomaly_lockbox,d_1918,2016-04-29,CA_3,FOODS_2,CA,624.0,563.0610119693221,60.93898803067793,168,17.66760848163824,64.39833025478615,95.47696443574593,92.0,136.39919999999998,0.45321277027151885,,spike,False,46,False
anomaly_lockbox,d_1918,2016-04-29,CA_3,FOODS_3,CA,2493.0,2680.7673664133395,-187.76736641333946,168,-83.63718827007233,197.78391267905567,293.23442893796795,316.5,469.24289999999996,-0.355108977211183,,drop,False,51,False
anomaly_lockbox,d_1918,2016-04-29,CA_3,HOBBIES_1,CA,477.0,495.23688276326556,-18.236882763265555,168,-22.757896521268464,49.849732808054966,73.90721386122229,67.0,99.3342,0.06117148139953086,,spike,False,67,False
anomaly_lockbox,d_1918,2016-04-29,CA_3,HOBBIES_2,CA,79.0,55.02194360280183,23.978056397198173,168,3.648252262186009,10.789659601607411,15.996749325343147,12.5,18.5325,1.2708709576891535,,spike,False,16,False
anomaly_lockbox,d_1918,2016-04-29,CA_3,HOUSEHOLD_1,CA,1335.0,1375.9647116477477,-40.96471164774766,168,20.42353241000751,83.62607990773597,123.98402607120934,182.0,269.8332,-0.49513026801127813,,drop,False,44,False
anomaly_lockbox,d_1918,2016-04-29,CA_3,HOUSEHOLD_2,CA,311.0,328.3398454745023,-17.339845474502283,168,4.913212594189503,22.67482903117721,33.61770152162333,43.0,63.751799999999996,-0.6619446619328908,,drop,False,35,False
anomaly_lockbox,d_1918,2016-04-29,CA_4,FOODS_1,CA,255.0,259.2493667011615,-4.2493667011614775,168,-12.005087574539175,24.10919695569271,35.74429540651001,28.5,42.2541,0.21697786416472958,,spike,False,53,False
anomaly_lockbox,d_1918,2016-04-29,CA_4,FOODS_2,CA,319.0,324.8777093587857,-5.877709358785694,168,1.7637292652449332,27.477960584864036,40.73882436311942,42.5,63.01049999999999,-0.187571407459376,,drop,False,54,False
anomaly_lockbox,d_1918,2016-04-29,CA_4,FOODS_3,CA,1144.0,1216.5297662402415,-72.52976624024154,168,-24.262206743142144,80.156564099229,118.84012193351691,105.5,156.4143,-0.40615541882481293,,drop,False,47,False
anomaly_lockbox,d_1918,2016-04-29,CA_4,HOBBIES_1,CA,275.0,340.9947809821074,-65.99478098210739,168,12.35415079699078,44.518135522568855,66.00258772576058,41.0,60.7866,-1.187058484807238,,drop,False,18,False
anomaly_lockbox,d_1918,2016-04-29,CA_4,HOBBIES_2,CA,13.0,22.52569158284135,-9.52569158284135,168,-6.139248050531476,5.7296688895483605,8.494807095644399,5.0,7.412999999999999,-0.39864866784864705,,drop,False,48,False
anomaly_lockbox,d_1918,2016-04-29,CA_4,HOUSEHOLD_1,CA,338.0,402.3960119743415,-64.39601197434149,168,-0.7421382851627243,24.6044575617087,36.47856878098931,41.0,60.7866,-1.7449663135454967,,drop,False,11,False
anomaly_lockbox,d_1918,2016-04-29,CA_4,HOUSEHOLD_2,CA,176.0,151.9760050465188,24.023994953481207,168,-3.4546464898643805,11.026960703131124,16.348571938462204,16.0,23.7216,1.6807976590724971,,spike,False,14,False
anomaly_lockbox,d_1918,2016-04-29,TX_1,FOODS_1,TX,241.0,227.8472486609214,13.152751339078605,168,-9.015130283288116,31.94925731162617,47.36796889021696,29.5,43.7367,0.467993079326336,,spike,False,45,False
anomaly_lockbox,d_1918,2016-04-29,TX_1,FOODS_2,TX,385.0,298.382062855469,86.61793714453103,168,-6.909115162940736,30.99554875467055,45.954000583674556,52.5,77.8365,2.03523199546413,,spike,False,6,False
anomaly_lockbox,d_1918,2016-04-29,TX_1,FOODS_3,TX,1650.0,1452.6182402366387,197.3817597633613,168,-51.573091714937846,96.99760097751357,143.80864320926162,204.0,302.4504,1.731153607478482,,spike,False,12,False
anomaly_lockbox,d_1918,2016-04-29,TX_1,HOBBIES_1,TX,249.0,261.79084353808327,-12.790843538083266,168,3.35228629162593,30.248602333520225,44.84657781967708,37.0,54.856199999999994,-0.3599634713404189,,drop,False,50,False
anomaly_lockbox,d_1918,2016-04-29,TX_1,HOBBIES_2,TX,37.0,33.80581841415647,3.1941815858435305,168,1.8294803153880679,10.735863390625315,15.916991062941092,9.5,14.0847,0.08573864652301297,,spike,False,63,False
anomaly_lockbox,d_1918,2016-04-29,TX_1,HOUSEHOLD_1,TX,904.0,686.4949945887357,217.50500541126428,168,20.33032524814172,49.35642478068894,73.17583537984942,98.5,146.0361,2.694532684725851,,spike,False,3,True
anomaly_lockbox,d_1918,2016-04-29,TX_1,HOUSEHOLD_2,TX,221.0,197.91689500142954,23.083104998570462,168,0.2987811063512424,16.385507467327315,24.293153371059475,21.0,31.1346,0.9378907523533883,,spike,False,24,False
anomaly_lockbox,d_1918,2016-04-29,TX_2,FOODS_1,TX,295.0,283.02867596416337,11.97132403583663,168,-26.12703194291352,30.65065159994984,45.44265606208563,30.5,45.2193,0.8383831245845006,,spike,False,29,False
anomaly_lockbox,d_1918,2016-04-29,TX_2,FOODS_2,TX,377.0,342.8131843195305,34.18681568046952,168,-7.811833265177,33.80774934945228,50.12336918549795,63.0,93.40379999999999,0.8379055444221389,,spike,False,30,False
anomaly_lockbox,d_1918,2016-04-29,TX_2,FOODS_3,TX,1962.0,1816.125172112477,145.874827887523,168,-41.65795526983845,124.96472773684309,185.27270534264355,241.5,358.04789999999997,1.0121986550071589,,spike,False,20,False
anomaly_lockbox,d_1918,2016-04-29,TX_2,HOBBIES_1,TX,375.0,323.18345202326367,51.81654797673633,168,5.762759951001044,36.12534962471969,53.55944335360941,45.5,67.4583,0.8598630818785701,,spike,False,27,False
anomaly_lockbox,d_1918,2016-04-29,TX_2,HOBBIES_2,TX,45.0,46.456582329503824,-1.4565823295038243,168,0.44935867804020546,12.068633475491076,17.892955990763067,11.0,16.3086,-0.10651906865069916,,drop,False,61,False
anomaly_lockbox,d_1918,2016-04-29,TX_2,HOUSEHOLD_1,TX,786.0,744.0924220713499,41.907577928650085,168,2.586436775464506,52.7841509083666,78.25778213674431,108.0,160.1208,0.5024566257765585,,spike,False,43,False
anomaly_lockbox,d_1918,2016-04-29,TX_2,HOUSEHOLD_2,TX,183.0,213.1790842945977,-30.179084294597686,168,3.9485061642942156,17.430686732382796,25.84273614943073,30.0,44.477999999999994,-1.3205873504088563,,drop,False,15,False
anomaly_lockbox,d_1918,2016-04-29,TX_3,FOODS_1,TX,428.0,305.2100268573192,122.78997314268082,168,-6.582356202483766,33.46832859706534,49.62014397800907,30.0,44.477999999999994,2.607254211162719,,spike,False,4,True
anomaly_lockbox,d_1918,2016-04-29,TX_3,FOODS_2,TX,492.0,386.6278073078726,105.37219269212738,168,1.2222230771089073,39.93788391101927,59.211906686477164,67.0,99.3342,1.7589362586563064,,spike,False,10,False
anomaly_lockbox,d_1918,2016-04-29,TX_3,FOODS_3,TX,1926.0,1603.055173654353,322.944826345647,168,14.023064556677582,115.01769419548702,170.52523341422906,199.0,295.0374,1.811589731348183,,spike,False,9,False
anomaly_lockbox,d_1918,2016-04-29,TX_3,HOBBIES_1,TX,371.0,332.7709523994441,38.22904760055587,168,15.203725840623378,29.80770011824157,44.19289619530495,42.0,62.2692,0.5210186193313736,,spike,False,42,False
anomaly_lockbox,d_1918,2016-04-29,TX_3,HOBBIES_2,TX,75.0,52.95600456614615,22.04399543385385,168,5.158204388232139,11.504291330894542,17.056262327184246,14.0,20.7564,0.9900053553180383,,spike,False,21,False
anomaly_lockbox,d_1918,2016-04-29,TX_3,HOUSEHOLD_1,TX,946.0,736.7746177074305,209.22538229256952,168,14.740755402915227,65.66806597354093,97.35947461237178,100.5,149.0013,1.9975932251481203,,spike,False,7,False
anomaly_lockbox,d_1918,2016-04-29,TX_3,HOUSEHOLD_2,TX,214.0,183.9907033415551,30.009296658444896,168,7.101941028670069,13.696061250985842,20.30578041071161,19.5,28.9107,1.1281199326715288,,spike,False,19,False
anomaly_lockbox,d_1918,2016-04-29,WI_1,FOODS_1,WI,393.0,363.1175771759974,29.882422824002617,168,-14.300155016168702,35.22765573409737,52.228522391372756,45.0,66.717,0.8459473065136821,,spike,False,28,False
anomaly_lockbox,d_1918,2016-04-29,WI_1,FOODS_2,WI,580.0,562.0431263893182,17.956873610681782,168,13.518371491533685,41.2053589013627,61.09106510716034,99.5,147.5187,0.07265386699941283,,spike,False,64,False
anomaly_lockbox,d_1918,2016-04-29,WI_1,FOODS_3,WI,1801.0,1776.5678525093965,24.432147490603484,168,2.349864332053585,107.8399877465398,159.8835658330199,214.0,317.27639999999997,0.13811477773526967,,spike,False,55,False
anomaly_lockbox,d_1918,2016-04-29,WI_1,HOBBIES_1,WI,391.0,405.48863338860036,-14.488633388600363,168,-6.488511374065951,41.39425992717577,61.37112976803079,65.5,97.1103,-0.13035644031278376,,drop,False,56,False
anomaly_lockbox,d_1918,2016-04-29,WI_1,HOBBIES_2,WI,42.0,36.30682743702497,5.693172562975029,168,-4.134663515508507,8.693512559869298,12.88900172126222,9.0,13.343399999999999,0.7624978482446114,,spike,False,32,False
anomaly_lockbox,d_1918,2016-04-29,WI_1,HOUSEHOLD_1,WI,758.0,645.6774996668221,112.32250033317791,168,-12.713724599904822,45.27486841898042,67.12451991798036,102.0,151.2252,1.862750379233473,,spike,False,8,False
anomaly_lockbox,d_1918,2016-04-29,WI_1,HOUSEHOLD_2,WI,178.0,198.0360871451166,-20.036087145116596,168,-2.9713364689985866,14.734345182319544,21.845140167306955,23.0,34.099799999999995,-0.781169200354082,,drop,False,31,False
anomaly_lockbox,d_1918,2016-04-29,WI_2,FOODS_1,WI,576.0,372.9885896064307,203.0114103935693,168,-18.370180709413376,53.21885308094923,78.90227157781533,53.0,78.5778,2.805769551066103,,spike,False,2,True
anomaly_lockbox,d_1918,2016-04-29,WI_2,FOODS_2,WI,912.0,886.5529582468176,25.44704175318236,168,22.7488264989434,92.92896624100149,137.7764853489088,208.5,309.1221,0.01958400410204926,,spike,False,70,False
anomaly_lockbox,d_1918,2016-04-29,WI_2,FOODS_3,WI,2076.0,2109.33696633429,-33.33696633429008,168,-14.49269494220357,131.23108380650547,194.563204851525,327.0,484.81019999999995,-0.09685424027871531,,drop,False,62,False
anomaly_lockbox,d_1918,2016-04-29,WI_2,HOBBIES_1,WI,336.0,262.8285431910176,73.17145680898238,168,3.7437959882949627,27.857817006763696,41.30199949422785,33.5,49.6671,1.6809757801287626,,spike,False,13,False
anomaly_lockbox,d_1918,2016-04-29,WI_2,HOBBIES_2,WI,22.0,34.67933932660934,-12.679339326609337,168,-5.035826698847519,7.1431782645639466,10.590476095042506,8.0,11.8608,-0.7217345621826967,,drop,False,33,False
anomaly_lockbox,d_1918,2016-04-29,WI_2,HOUSEHOLD_1,WI,1635.0,979.0769117891841,655.9230882108159,168,21.26622900931295,89.68038723788936,132.96014211889477,120.0,177.91199999999998,4.773286558568689,,spike,True,1,True
anomaly_lockbox,d_1918,2016-04-29,WI_2,HOUSEHOLD_2,WI,162.0,159.91749652678197,2.0825034732180256,168,1.3445780441335913,15.226545518600226,22.574876385876692,19.0,28.1694,0.03268790563770687,,spike,False,69,False
anomaly_lockbox,d_1918,2016-04-29,WI_3,FOODS_1,WI,361.0,276.0146935255238,84.9853064744762,168,-12.280809838717076,31.015004139908868,45.98284513782888,38.5,57.080099999999995,2.1152696407029192,,spike,False,5,True
anomaly_lockbox,d_1918,2016-04-29,WI_3,FOODS_2,WI,400.0,426.0561130402988,-26.056113040298783,168,16.12530927846919,42.51952212980271,63.039443509645494,94.5,140.10569999999998,-0.6691274537078347,,drop,False,34,False
anomaly_lockbox,d_1918,2016-04-29,WI_3,FOODS_3,WI,1699.0,1857.6847080536813,-158.68470805368133,168,-0.057346979574504076,112.10466650885621,166.20637856603022,289.0,428.47139999999996,-0.9543999601139711,,drop,False,23,False
anomaly_lockbox,d_1918,2016-04-29,WI_3,HOBBIES_1,WI,241.0,265.64619269119197,-24.64619269119197,168,0.8866500185241506,31.867621374367985,47.246935449637974,40.5,60.0453,-0.5404126736840402,,drop,False,40,False
anomaly_lockbox,d_1918,2016-04-29,WI_3,HOBBIES_2,WI,35.0,35.4043695607397,-0.40436956073970265,168,-1.180317913410649,8.055002205937786,11.94234627052336,8.0,11.8608,0.06497453139390014,,spike,False,65,False
anomaly_lockbox,d_1918,2016-04-29,WI_3,HOUSEHOLD_1,WI,770.0,689.068364429215,80.93163557078503,168,10.14740273920853,48.563542848588895,72.00030862731789,103.5,153.4491,0.983110130790745,,spike,False,22,False
anomaly_lockbox,d_1918,2016-04-29,WI_3,HOUSEHOLD_2,WI,186.0,180.10265035104473,5.89734964895527,168,4.417184438691265,16.103898250120537,23.875639545628708,21.0,31.1346,0.06199478792747155,,spike,False,66,False
anomaly_lockbox,d_1919,2016-04-30,CA_1,FOODS_1,CA,455.0,375.2980554298477,79.7019445701523,168,-25.684189124220666,35.43211828588335,52.53165857065065,58.5,86.73209999999999,2.006145181055677,,spike,False,12,False
anomaly_lockbox,d_1919,2016-04-30,CA_1,FOODS_2,CA,653.0,599.022644030452,53.97735596954794,168,-1.3018993399340673,43.31974067676376,64.22584752736994,82.0,121.5732,0.860701064099227,,spike,False,33,False
anomaly_lockbox,d_1919,2016-04-30,CA_1,FOODS_3,CA,2842.0,2843.9295473003804,-1.9295473003803636,168,7.923849203863142,142.77086773808514,211.67208850848502,302.0,447.74519999999995,-0.0465502871619681,,drop,False,65,False
anomaly_lockbox,d_1919,2016-04-30,CA_1,HOBBIES_1,CA,574.0,586.5318113398602,-12.531811339860155,168,17.289827805758932,46.976886497940626,69.64793192184676,61.5,91.17989999999999,-0.428176951170388,,drop,False,43,False
anomaly_lockbox,d_1919,2016-04-30,CA_1,HOBBIES_2,CA,62.0,48.82254779843951,13.177452201560492,168,-2.920935617483586,8.814043308989756,13.067700609908211,10.0,14.825999999999999,1.2319219960425123,,spike,False,25,False
anomaly_lockbox,d_1919,2016-04-30,CA_1,HOUSEHOLD_1,CA,991.0,931.6523255345387,59.347674465461296,168,7.055601395861743,48.47646137804338,71.87120163908712,106.5,157.8969,0.7275803364495375,,spike,False,37,False
anomaly_lockbox,d_1919,2016-04-30,CA_1,HOUSEHOLD_2,CA,321.0,279.2249733360496,41.77502666395043,168,-5.473172481554656,17.069525722806446,25.307278836632836,36.0,53.373599999999996,1.8669806204969097,,spike,False,15,False
anomaly_lockbox,d_1919,2016-04-30,CA_2,FOODS_1,CA,711.0,551.7691133973198,159.23088660268024,168,-7.615755540324386,39.40764758403104,58.42577830808442,77.5,114.9015,2.855702516502342,,spike,False,5,True
anomaly_lockbox,d_1919,2016-04-30,CA_2,FOODS_2,CA,597.0,609.2593956555653,-12.2593956555653,168,-12.024618362151116,29.612275350817725,43.903159435122355,172.5,255.74849999999998,-0.005347617265703253,,drop,False,69,False
anomaly_lockbox,d_1919,2016-04-30,CA_2,FOODS_3,CA,2733.0,2569.586689037632,163.4133109623681,168,19.21992394083884,101.77879685519576,150.89724421751322,400.0,593.04,0.9555733623185285,,spike,False,32,False
anomaly_lockbox,d_1919,2016-04-30,CA_2,HOBBIES_1,CA,491.0,470.7971366073489,20.202863392651125,168,-4.7627889331289595,36.89570009761081,54.70156496471779,64.5,95.62769999999999,0.4563974054834225,,spike,False,40,False
anomaly_lockbox,d_1919,2016-04-30,CA_2,HOBBIES_2,CA,103.0,51.45797803243182,51.54202196756818,168,-2.8427111299485546,9.034327122200846,13.394293391374974,10.0,14.825999999999999,4.060291312756883,,spike,True,2,True
anomaly_lockbox,d_1919,2016-04-30,CA_2,HOUSEHOLD_1,CA,1276.0,1029.952864439606,246.04713556039405,168,-3.6843276356884758,45.03992774790109,66.77619687903815,131.0,194.2206,3.739827586294844,,spike,True,3,True
anomaly_lockbox,d_1919,2016-04-30,CA_2,HOUSEHOLD_2,CA,438.0,398.92787675796933,39.07212324203067,168,-1.2395743605110283,20.142957831405752,29.863949280842167,47.5,70.42349999999999,1.3498448320899674,,spike,False,21,False
anomaly_lockbox,d_1919,2016-04-30,CA_3,FOODS_1,CA,514.0,438.097946270477,75.902053729523,168,-24.065913311520916,50.320382425424214,74.60499898393394,56.0,83.0256,1.339963385866031,,spike,False,22,False
anomaly_lockbox,d_1919,2016-04-30,CA_3,FOODS_2,CA,731.0,687.3361694407358,43.66383055926417,168,17.66760848163824,64.39833025478615,95.47696443574593,92.0,136.39919999999998,0.2722774255681418,,spike,False,54,False
anomaly_lockbox,d_1919,2016-04-30,CA_3,FOODS_3,CA,3070.0,3162.607213035963,-92.60721303596301,168,-83.63718827007233,197.78391267905567,293.23442893796795,316.5,469.24289999999996,-0.030589944019800763,,drop,False,67,False
anomaly_lockbox,d_1919,2016-04-30,CA_3,HOBBIES_1,CA,576.0,600.7845599674048,-24.78455996740479,168,-22.757896521268464,49.849732808054966,73.90721386122229,67.0,99.3342,-0.027421727058225327,,drop,False,68,False
anomaly_lockbox,d_1919,2016-04-30,CA_3,HOBBIES_2,CA,131.0,54.455627150136436,76.54437284986356,168,3.648252262186009,10.789659601607411,15.996749325343147,12.5,18.5325,4.556933355965673,,spike,True,1,True
anomaly_lockbox,d_1919,2016-04-30,CA_3,HOUSEHOLD_1,CA,1637.0,1758.1017649095056,-121.10176490950562,168,20.42353241000751,83.62607990773597,123.98402607120934,182.0,269.8332,-1.1414800906548161,,drop,False,28,False
anomaly_lockbox,d_1919,2016-04-30,CA_3,HOUSEHOLD_2,CA,398.0,382.6250900188988,15.374909981101212,168,4.913212594189503,22.67482903117721,33.61770152162333,43.0,63.751799999999996,0.3111960935277688,,spike,False,51,False
anomaly_lockbox,d_1919,2016-04-30,CA_4,FOODS_1,CA,280.0,249.42925514991114,30.570744850088857,168,-12.005087574539175,24.10919695569271,35.74429540651001,28.5,42.2541,1.1911224417889577,,spike,False,26,False
anomaly_lockbox,d_1919,2016-04-30,CA_4,FOODS_2,CA,380.0,378.2521333409103,1.7478666590897092,168,1.7637292652449332,27.477960584864036,40.73882436311942,42.5,63.01049999999999,-0.00038937319383188597,,drop,False,70,False
anomaly_lockbox,d_1919,2016-04-30,CA_4,FOODS_3,CA,1270.0,1334.0163323455847,-64.01633234558471,168,-24.262206743142144,80.156564099229,118.84012193351691,105.5,156.4143,-0.3345177113221269,,drop,False,49,False
anomaly_lockbox,d_1919,2016-04-30,CA_4,HOBBIES_1,CA,509.0,391.1304019177032,117.86959808229682,168,12.35415079699078,44.518135522568855,66.00258772576058,41.0,60.7866,1.5986562182034527,,spike,False,18,False
anomaly_lockbox,d_1919,2016-04-30,CA_4,HOBBIES_2,CA,11.0,21.0574995227058,-10.0574995227058,168,-6.139248050531476,5.7296688895483605,8.494807095644399,5.0,7.412999999999999,-0.46125255442037716,,drop,False,39,False
anomaly_lockbox,d_1919,2016-04-30,CA_4,HOUSEHOLD_1,CA,413.0,496.4951817650664,-83.49518176506638,168,-0.7421382851627243,24.6044575617087,36.47856878098931,41.0,60.7866,-2.268538658321215,,drop,False,8,False
anomaly_lockbox,d_1919,2016-04-30,CA_4,HOUSEHOLD_2,CA,160.0,170.8966627131448,-10.896662713144792,168,-3.4546464898643805,11.026960703131124,16.348571938462204,16.0,23.7216,-0.4552089473804175,,drop,False,41,False
anomaly_lockbox,d_1919,2016-04-30,TX_1,FOODS_1,TX,288.0,228.30825239369005,59.691747606309946,168,-9.015130283288116,31.94925731162617,47.36796889021696,29.5,43.7367,1.4504923791188413,,spike,False,20,False
anomaly_lockbox,d_1919,2016-04-30,TX_1,FOODS_2,TX,345.0,363.0680336573385,-18.068033657338503,168,-6.909115162940736,30.99554875467055,45.954000583674556,52.5,77.8365,-0.2428280095892683,,drop,False,55,False
anomaly_lockbox,d_1919,2016-04-30,TX_1,FOODS_3,TX,1910.0,1794.396767891708,115.6032321082921,168,-51.573091714937846,96.99760097751357,143.80864320926162,204.0,302.4504,1.1624914893325646,,spike,False,27,False
anomaly_lockbox,d_1919,2016-04-30,TX_1,HOBBIES_1,TX,386.0,289.6990227502447,96.3009772497553,168,3.35228629162593,30.248602333520225,44.84657781967708,37.0,54.856199999999994,2.072592725622574,,spike,False,10,False
anomaly_lockbox,d_1919,2016-04-30,TX_1,HOBBIES_2,TX,34.0,35.661084828987114,-1.6610848289871143,168,1.8294803153880679,10.735863390625315,15.916991062941092,9.5,14.0847,-0.21929805266411995,,drop,False,57,False
anomaly_lockbox,d_1919,2016-04-30,TX_1,HOUSEHOLD_1,TX,868.0,864.7535825289058,3.246417471094219,168,20.33032524814172,49.35642478068894,73.17583537984942,98.5,146.0361,-0.2334637888090572,,drop,False,56,False
anomaly_lockbox,d_1919,2016-04-30,TX_1,HOUSEHOLD_2,TX,221.0,232.45699917924674,-11.456999179246736,168,0.2987811063512424,16.385507467327315,24.293153371059475,21.0,31.1346,-0.48391331113080954,,drop,False,38,False
anomaly_lockbox,d_1919,2016-04-30,TX_2,FOODS_1,TX,303.0,280.73842099205365,22.261579007946352,168,-26.12703194291352,30.65065159994984,45.44265606208563,30.5,45.2193,1.0648279643854741,,spike,False,30,False
anomaly_lockbox,d_1919,2016-04-30,TX_2,FOODS_2,TX,404.0,420.39000628675075,-16.390006286750747,168,-7.811833265177,33.80774934945228,50.12336918549795,63.0,93.40379999999999,-0.17114118944852663,,drop,False,60,False
anomaly_lockbox,d_1919,2016-04-30,TX_2,FOODS_3,TX,2170.0,2241.2538573665433,-71.25385736654334,168,-41.65795526983845,124.96472773684309,185.27270534264355,241.5,358.04789999999997,-0.1597423756617047,,drop,False,61,False
anomaly_lockbox,d_1919,2016-04-30,TX_2,HOBBIES_1,TX,466.0,371.6945005929636,94.3054994070364,168,5.762759951001044,36.12534962471969,53.55944335360941,45.5,67.4583,1.653167656569164,,spike,False,16,False
anomaly_lockbox,d_1919,2016-04-30,TX_2,HOBBIES_2,TX,56.0,48.550154435564664,7.449845564435336,168,0.44935867804020546,12.068633475491076,17.892955990763067,11.0,16.3086,0.3912426146920057,,spike,False,45,False
anomaly_lockbox,d_1919,2016-04-30,TX_2,HOUSEHOLD_1,TX,857.0,877.6908284862639,-20.690828486263854,168,2.586436775464506,52.7841509083666,78.25778213674431,108.0,160.1208,-0.2974434570743988,,drop,False,52,False
anomaly_lockbox,d_1919,2016-04-30,TX_2,HOUSEHOLD_2,TX,252.0,244.63088963869447,7.36911036130553,168,3.9485061642942156,17.430686732382796,25.84273614943073,30.0,44.477999999999994,0.13236230781571728,,spike,False,62,False
anomaly_lockbox,d_1919,2016-04-30,TX_3,FOODS_1,TX,355.0,307.0962028440481,47.90379715595191,168,-6.582356202483766,33.46832859706534,49.62014397800907,30.0,44.477999999999994,1.0980652007495817,,spike,False,29,False
anomaly_lockbox,d_1919,2016-04-30,TX_3,FOODS_2,TX,357.0,473.6135854942281,-116.61358549422812,168,1.2222230771089073,39.93788391101927,59.211906686477164,67.0,99.3342,-1.9900694837487543,,drop,False,14,False
anomaly_lockbox,d_1919,2016-04-30,TX_3,FOODS_3,TX,1819.0,1930.2559137024807,-111.25591370248071,168,14.023064556677582,115.01769419548702,170.52523341422906,199.0,295.0374,-0.7346653380901028,,drop,False,36,False
anomaly_lockbox,d_1919,2016-04-30,TX_3,HOBBIES_1,TX,468.0,386.6613478581437,81.3386521418563,168,15.203725840623378,29.80770011824157,44.19289619530495,42.0,62.2692,1.496505818694433,,spike,False,19,False
anomaly_lockbox,d_1919,2016-04-30,TX_3,HOBBIES_2,TX,52.0,52.928418767790625,-0.9284187677906246,168,5.158204388232139,11.504291330894542,17.056262327184246,14.0,20.7564,-0.35685562518125163,,drop,False,48,False
anomaly_lockbox,d_1919,2016-04-30,TX_3,HOUSEHOLD_1,TX,872.0,851.4001278782569,20.599872121743147,168,14.740755402915227,65.66806597354093,97.35947461237178,100.5,149.0013,0.060180241750024635,,spike,False,64,False
anomaly_lockbox,d_1919,2016-04-30,TX_3,HOUSEHOLD_2,TX,211.0,207.51954068488703,3.4804593151129666,168,7.101941028670069,13.696061250985842,20.30578041071161,19.5,28.9107,-0.17834732969173228,,drop,False,59,False
anomaly_lockbox,d_1919,2016-04-30,WI_1,FOODS_1,WI,513.0,406.02972885054953,106.97027114945047,168,-14.300155016168702,35.22765573409737,52.228522391372756,45.0,66.717,2.3219195300392212,,spike,False,7,False
anomaly_lockbox,d_1919,2016-04-30,WI_1,FOODS_2,WI,871.0,735.8584190418986,135.14158095810137,168,13.518371491533685,41.2053589013627,61.09106510716034,99.5,147.5187,1.9908510230297576,,spike,False,13,False
anomaly_lockbox,d_1919,2016-04-30,WI_1,FOODS_3,WI,2292.0,2229.854676624112,62.14532337588798,168,2.349864332053585,107.8399877465398,159.8835658330199,214.0,317.27639999999997,0.37399377936243877,,spike,False,46,False
anomaly_lockbox,d_1919,2016-04-30,WI_1,HOBBIES_1,WI,504.0,516.5696426174089,-12.569642617408931,168,-6.488511374065951,41.39425992717577,61.37112976803079,65.5,97.1103,-0.09908781647540632,,drop,False,63,False
anomaly_lockbox,d_1919,2016-04-30,WI_1,HOBBIES_2,WI,46.0,39.338803094515406,6.661196905484594,168,-4.134663515508507,8.693512559869298,12.88900172126222,9.0,13.343399999999999,0.8376025276793789,,spike,False,34,False
anomaly_lockbox,d_1919,2016-04-30,WI_1,HOUSEHOLD_1,WI,847.0,856.7171711463137,-9.717171146313717,168,-12.713724599904822,45.27486841898042,67.12451991798036,102.0,151.2252,0.044641711512463725,,spike,False,66,False
anomaly_lockbox,d_1919,2016-04-30,WI_1,HOUSEHOLD_2,WI,245.0,230.6935143952314,14.306485604768596,168,-2.9713364689985866,14.734345182319544,21.845140167306955,23.0,34.099799999999995,0.7909229211367049,,spike,False,35,False
anomaly_lockbox,d_1919,2016-04-30,WI_2,FOODS_1,WI,637.0,415.13039397296325,221.86960602703675,168,-18.370180709413376,53.21885308094923,78.90227157781533,53.0,78.5778,3.044776556268343,,spike,True,4,True
anomaly_lockbox,d_1919,2016-04-30,WI_2,FOODS_2,WI,886.0,1004.1587424695157,-118.15874246951569,168,22.7488264989434,92.92896624100149,137.7764853489088,208.5,309.1221,-1.022725820096376,,drop,False,31,False
anomaly_lockbox,d_1919,2016-04-30,WI_2,FOODS_3,WI,2122.0,2568.4194446159927,-446.4194446159927,168,-14.49269494220357,131.23108380650547,194.563204851525,327.0,484.81019999999995,-2.2199816764089637,,drop,False,9,False
anomaly_lockbox,d_1919,2016-04-30,WI_2,HOBBIES_1,WI,370.0,298.56966903365907,71.43033096634093,168,3.7437959882949627,27.857817006763696,41.30199949422785,33.5,49.6671,1.6388198103461185,,spike,False,17,False
anomaly_lockbox,d_1919,2016-04-30,WI_2,HOBBIES_2,WI,55.0,33.149780324567814,21.850219675432186,168,-5.035826698847519,7.1431782645639466,10.590476095042506,8.0,11.8608,2.5387004449087325,,spike,False,6,False
anomaly_lockbox,d_1919,2016-04-30,WI_2,HOUSEHOLD_1,WI,1263.0,1070.9588003938886,192.04119960611138,168,21.26622900931295,89.68038723788936,132.96014211889477,120.0,177.91199999999998,1.2844072507390156,,spike,False,24,False
anomaly_lockbox,d_1919,2016-04-30,WI_2,HOUSEHOLD_2,WI,152.0,180.2702800412708,-28.27028004127081,168,1.3445780441335913,15.226545518600226,22.574876385876692,19.0,28.1694,-1.3118502878683342,,drop,False,23,False
anomaly_lockbox,d_1919,2016-04-30,WI_3,FOODS_1,WI,359.0,277.30324598448345,81.69675401551655,168,-12.280809838717076,31.015004139908868,45.98284513782888,38.5,57.080099999999995,2.0437526989151165,,spike,False,11,False
anomaly_lockbox,d_1919,2016-04-30,WI_3,FOODS_2,WI,557.0,515.4008155657089,41.599184434291146,168,16.12530927846919,42.51952212980271,63.039443509645494,94.5,140.10569999999998,0.4040942263699436,,spike,False,44,False
anomaly_lockbox,d_1919,2016-04-30,WI_3,FOODS_3,WI,2299.0,2250.045241681304,48.954758318695895,168,-0.057346979574504076,112.10466650885621,166.20637856603022,289.0,428.47139999999996,0.2948870297345354,,spike,False,53,False
anomaly_lockbox,d_1919,2016-04-30,WI_3,HOBBIES_1,WI,283.0,290.8093113880373,-7.809311388037315,168,0.8866500185241506,31.867621374367985,47.246935449637974,40.5,60.0453,-0.18405344862696482,,drop,False,58,False
anomaly_lockbox,d_1919,2016-04-30,WI_3,HOBBIES_2,WI,37.0,34.33774002415001,2.6622599758499916,168,-1.180317913410649,8.055002205937786,11.94234627052336,8.0,11.8608,0.3217607162124469,,spike,False,50,False
anomaly_lockbox,d_1919,2016-04-30,WI_3,HOUSEHOLD_1,WI,851.0,873.1753655224114,-22.175365522411425,168,10.14740273920853,48.563542848588895,72.00030862731789,103.5,153.4491,-0.4489254126524155,,drop,False,42,False
anomaly_lockbox,d_1919,2016-04-30,WI_3,HOUSEHOLD_2,WI,219.0,205.70500965981216,13.294990340187837,168,4.417184438691265,16.103898250120537,23.875639545628708,21.0,31.1346,0.37183531291508265,,spike,False,47,False
anomaly_lockbox,d_1920,2016-05-01,CA_1,FOODS_1,CA,403.0,344.5545284963214,58.44547150367862,168,-25.684189124220666,35.43211828588335,52.53165857065065,58.5,86.73209999999999,1.6015039866817071,,spike,False,19,False
anomaly_lockbox,d_1920,2016-05-01,CA_1,FOODS_2,CA,720.0,709.5693434417636,10.430656558236365,168,-1.3018993399340673,43.31974067676376,64.22584752736994,82.0,121.5732,0.18267654456674295,,spike,False,61,False
anomaly_lockbox,d_1920,2016-05-01,CA_1,FOODS_3,CA,3131.0,2956.1300394326254,174.86996056737462,168,7.923849203863142,142.77086773808514,211.67208850848502,302.0,447.74519999999995,0.7887015833777221,,spike,False,31,False
anomaly_lockbox,d_1920,2016-05-01,CA_1,HOBBIES_1,CA,625.0,580.1459532092066,44.854046790793404,168,17.289827805758932,46.976886497940626,69.64793192184676,61.5,91.17989999999999,0.3957650747758712,,spike,False,47,False
anomaly_lockbox,d_1920,2016-05-01,CA_1,HOBBIES_2,CA,59.0,44.20129083418341,14.79870916581659,168,-2.920935617483586,8.814043308989756,13.067700609908211,10.0,14.825999999999999,1.3559879669928128,,spike,False,24,False
anomaly_lockbox,d_1920,2016-05-01,CA_1,HOUSEHOLD_1,CA,1118.0,1027.1675134315324,90.83248656846763,168,7.055601395861743,48.47646137804338,71.87120163908712,106.5,157.8969,1.1656530468671595,,spike,False,26,False
anomaly_lockbox,d_1920,2016-05-01,CA_1,HOUSEHOLD_2,CA,341.0,271.9277124876771,69.07228751232287,168,-5.473172481554656,17.069525722806446,25.307278836632836,36.0,53.373599999999996,2.94561341324344,,spike,False,5,True
anomaly_lockbox,d_1920,2016-05-01,CA_2,FOODS_1,CA,576.0,532.4100379073544,43.58996209264558,168,-7.615755540324386,39.40764758403104,58.42577830808442,77.5,114.9015,0.8764233719396527,,spike,False,30,False
anomaly_lockbox,d_1920,2016-05-01,CA_2,FOODS_2,CA,758.0,704.6251483299537,53.37485167004627,168,-12.024618362151116,29.612275350817725,43.903159435122355,172.5,255.74849999999998,1.4896301513070165,,spike,False,22,False
anomaly_lockbox,d_1920,2016-05-01,CA_2,FOODS_3,CA,2683.0,2748.9747210223313,-65.97472102233132,168,19.21992394083884,101.77879685519576,150.89724421751322,400.0,593.04,-0.564587149387334,,drop,False,43,False
anomaly_lockbox,d_1920,2016-05-01,CA_2,HOBBIES_1,CA,509.0,439.3566202929082,69.64337970709181,168,-4.7627889331289595,36.89570009761081,54.70156496471779,64.5,95.62769999999999,1.3602201086607366,,spike,False,23,False
anomaly_lockbox,d_1920,2016-05-01,CA_2,HOBBIES_2,CA,70.0,48.834961007370154,21.165038992629846,168,-2.8427111299485546,9.034327122200846,13.394293391374974,10.0,14.825999999999999,1.7923864604935247,,spike,False,12,False
anomaly_lockbox,d_1920,2016-05-01,CA_2,HOUSEHOLD_1,CA,1140.0,1092.5318789020075,47.46812109799248,168,-3.6843276356884758,45.03992774790109,66.77619687903815,131.0,194.2206,0.7660281825624352,,spike,False,32,False
anomaly_lockbox,d_1920,2016-05-01,CA_2,HOUSEHOLD_2,CA,457.0,391.89707709262757,65.10292290737243,168,-1.2395743605110283,20.142957831405752,29.863949280842167,47.5,70.42349999999999,2.221491090946984,,spike,False,9,False
anomaly_lockbox,d_1920,2016-05-01,CA_3,FOODS_1,CA,592.0,444.86670161150346,147.13329838849654,168,-24.065913311520916,50.320382425424214,74.60499898393394,56.0,83.0256,2.2947418273792204,,spike,False,8,False
anomaly_lockbox,d_1920,2016-05-01,CA_3,FOODS_2,CA,927.0,847.5998023751337,79.40019762486634,168,17.66760848163824,64.39833025478615,95.47696443574593,92.0,136.39919999999998,0.6465705053366342,,spike,False,37,False
anomaly_lockbox,d_1920,2016-05-01,CA_3,FOODS_3,CA,3359.0,3459.0591825330384,-100.05918253303844,168,-83.63718827007233,197.78391267905567,293.23442893796795,316.5,469.24289999999996,-0.056002954095271285,,drop,False,68,False
anomaly_lockbox,d_1920,2016-05-01,CA_3,HOBBIES_1,CA,658.0,624.7956026410683,33.204397358931715,168,-22.757896521268464,49.849732808054966,73.90721386122229,67.0,99.3342,0.7571966382778573,,spike,False,33,False
anomaly_lockbox,d_1920,2016-05-01,CA_3,HOBBIES_2,CA,115.0,53.888059796643574,61.111940203356426,168,3.648252262186009,10.789659601607411,15.996749325343147,12.5,18.5325,3.5922103155128213,,spike,True,2,True
anomaly_lockbox,d_1920,2016-05-01,CA_3,HOUSEHOLD_1,CA,1781.0,1845.222892067006,-64.22289206700589,168,20.42353241000751,83.62607990773597,123.98402607120934,182.0,269.8332,-0.6827204048721351,,drop,False,35,False
anomaly_lockbox,d_1920,2016-05-01,CA_3,HOUSEHOLD_2,CA,396.0,394.3239819207148,1.6760180792851997,168,4.913212594189503,22.67482903117721,33.61770152162333,43.0,63.751799999999996,-0.09629434400273018,,drop,False,64,False
anomaly_lockbox,d_1920,2016-05-01,CA_4,FOODS_1,CA,343.0,237.49959779691258,105.50040220308742,168,-12.005087574539175,24.10919695569271,35.74429540651001,28.5,42.2541,3.2873914128469752,,spike,True,3,True
anomaly_lockbox,d_1920,2016-05-01,CA_4,FOODS_2,CA,536.0,465.0134313113462,70.98656868865379,168,1.7637292652449332,27.477960584864036,40.73882436311942,42.5,63.01049999999999,1.6991859854963272,,spike,False,15,False
anomaly_lockbox,d_1920,2016-05-01,CA_4,FOODS_3,CA,1412.0,1368.297608543046,43.70239145695405,168,-24.262206743142144,80.156564099229,118.84012193351691,105.5,156.4143,0.5718994317265833,,spike,False,41,False
anomaly_lockbox,d_1920,2016-05-01,CA_4,HOBBIES_1,CA,298.0,405.73541209185527,-107.73541209185527,168,12.35415079699078,44.518135522568855,66.00258772576058,41.0,60.7866,-1.8194674940294124,,drop,False,11,False
anomaly_lockbox,d_1920,2016-05-01,CA_4,HOBBIES_2,CA,27.0,18.928917330288886,8.071082669711114,168,-6.139248050531476,5.7296688895483605,8.494807095644399,5.0,7.412999999999999,1.6728255933591183,,spike,False,18,False
anomaly_lockbox,d_1920,2016-05-01,CA_4,HOUSEHOLD_1,CA,444.0,501.8156805589654,-57.815680558965425,168,-0.7421382851627243,24.6044575617087,36.47856878098931,41.0,60.7866,-1.5645773444803128,,drop,False,20,False
anomaly_lockbox,d_1920,2016-05-01,CA_4,HOUSEHOLD_2,CA,211.0,170.00620896798242,40.99379103201758,168,-3.4546464898643805,11.026960703131124,16.348571938462204,16.0,23.7216,2.7187963382484233,,spike,False,7,False
anomaly_lockbox,d_1920,2016-05-01,TX_1,FOODS_1,TX,317.0,231.64264984122025,85.35735015877975,168,-9.015130283288116,31.94925731162617,47.36796889021696,29.5,43.7367,1.9923269385012388,,spike,False,10,False
anomaly_lockbox,d_1920,2016-05-01,TX_1,FOODS_2,TX,438.0,476.68901783509534,-38.68901783509534,168,-6.909115162940736,30.99554875467055,45.954000583674556,52.5,77.8365,-0.6915589996193849,,drop,False,34,False
anomaly_lockbox,d_1920,2016-05-01,TX_1,FOODS_3,TX,2014.0,2039.040612557335,-25.040612557334953,168,-51.573091714937846,96.99760097751357,143.80864320926162,204.0,302.4504,0.18449850138002094,,spike,False,60,False
anomaly_lockbox,d_1920,2016-05-01,TX_1,HOBBIES_1,TX,333.0,302.55202695807947,30.447973041920534,168,3.35228629162593,30.248602333520225,44.84657781967708,37.0,54.856199999999994,0.6041862739057423,,spike,False,40,False
anomaly_lockbox,d_1920,2016-05-01,TX_1,HOBBIES_2,TX,45.0,38.904950969115006,6.095049030884994,168,1.8294803153880679,10.735863390625315,15.916991062941092,9.5,14.0847,0.2679883841505875,,spike,False,52,False
anomaly_lockbox,d_1920,2016-05-01,TX_1,HOUSEHOLD_1,TX,1005.0,936.4946320251319,68.50536797486814,168,20.33032524814172,49.35642478068894,73.17583537984942,98.5,146.0361,0.6583463308160945,,spike,False,36,False
anomaly_lockbox,d_1920,2016-05-01,TX_1,HOUSEHOLD_2,TX,260.0,237.1210484932748,22.8789515067252,168,0.2987811063512424,16.385507467327315,24.293153371059475,21.0,31.1346,0.9294870062967536,,spike,False,29,False
anomaly_lockbox,d_1920,2016-05-01,TX_2,FOODS_1,TX,331.0,276.6561614146277,54.34383858537228,168,-26.12703194291352,30.65065159994984,45.44265606208563,30.5,45.2193,1.7708223396612903,,spike,False,13,False
anomaly_lockbox,d_1920,2016-05-01,TX_2,FOODS_2,TX,507.0,534.661014097197,-27.66101409719704,168,-7.811833265177,33.80774934945228,50.12336918549795,63.0,93.40379999999999,-0.39600651661227404,,drop,False,46,False
anomaly_lockbox,d_1920,2016-05-01,TX_2,FOODS_3,TX,2401.0,2500.9594211406375,-99.95942114063746,168,-41.65795526983845,124.96472773684309,185.27270534264355,241.5,358.04789999999997,-0.3146791955295099,,drop,False,50,False
anomaly_lockbox,d_1920,2016-05-01,TX_2,HOBBIES_1,TX,399.0,380.7846811757605,18.21531882423949,168,5.762759951001044,36.12534962471969,53.55944335360941,45.5,67.4583,0.23249978143022015,,spike,False,57,False
anomaly_lockbox,d_1920,2016-05-01,TX_2,HOBBIES_2,TX,52.0,51.5269865533556,0.47301344664440137,168,0.44935867804020546,12.068633475491076,17.892955990763067,11.0,16.3086,0.001322015692455024,,spike,False,70,False
anomaly_lockbox,d_1920,2016-05-01,TX_2,HOUSEHOLD_1,TX,919.0,964.055554484943,-45.055554484942945,168,2.586436775464506,52.7841509083666,78.25778213674431,108.0,160.1208,-0.6087827939866718,,drop,False,39,False
anomaly_lockbox,d_1920,2016-05-01,TX_2,HOUSEHOLD_2,TX,263.0,249.66251217991453,13.337487820085471,168,3.9485061642942156,17.430686732382796,25.84273614943073,30.0,44.477999999999994,0.3633122128207031,,spike,False,48,False
anomaly_lockbox,d_1920,2016-05-01,TX_3,FOODS_1,TX,316.0,310.2261984423383,5.773801557661727,168,-6.582356202483766,33.46832859706534,49.62014397800907,30.0,44.477999999999994,0.24901495178292032,,spike,False,56,False
anomaly_lockbox,d_1920,2016-05-01,TX_3,FOODS_2,TX,652.0,640.2087505279138,11.791249472086179,168,1.2222230771089073,39.93788391101927,59.211906686477164,67.0,99.3342,0.17849495120870731,,spike,False,62,False
anomaly_lockbox,d_1920,2016-05-01,TX_3,FOODS_3,TX,2299.0,2187.6682600399354,111.33173996006462,168,14.023064556677582,115.01769419548702,170.52523341422906,199.0,295.0374,0.5706409160397452,,spike,False,42,False
anomaly_lockbox,d_1920,2016-05-01,TX_3,HOBBIES_1,TX,429.0,404.6316167354944,24.36838326450561,168,15.203725840623378,29.80770011824157,44.19289619530495,42.0,62.2692,0.2073785203707895,,spike,False,59,False
anomaly_lockbox,d_1920,2016-05-01,TX_3,HOBBIES_2,TX,56.0,55.39823118153332,0.601768818466681,168,5.158204388232139,11.504291330894542,17.056262327184246,14.0,20.7564,-0.2671415039450594,,drop,False,53,False
anomaly_lockbox,d_1920,2016-05-01,TX_3,HOUSEHOLD_1,TX,937.0,966.6315752866747,-29.63157528667466,168,14.740755402915227,65.66806597354093,97.35947461237178,100.5,149.0013,-0.455757704797139,,drop,False,45,False
anomaly_lockbox,d_1920,2016-05-01,TX_3,HOUSEHOLD_2,TX,220.0,211.39306526004637,8.60693473995363,168,7.101941028670069,13.696061250985842,20.30578041071161,19.5,28.9107,0.07411651661955596,,spike,False,66,False
anomaly_lockbox,d_1920,2016-05-01,WI_1,FOODS_1,WI,412.0,338.8263404445026,73.17365955549741,168,-14.300155016168702,35.22765573409737,52.228522391372756,45.0,66.717,1.674828437921025,,spike,False,17,False
anomaly_lockbox,d_1920,2016-05-01,WI_1,FOODS_2,WI,1047.0,772.5105167693484,274.48948323065156,168,13.518371491533685,41.2053589013627,61.09106510716034,99.5,147.5187,4.271837645674474,,spike,True,1,True
anomaly_lockbox,d_1920,2016-05-01,WI_1,FOODS_3,WI,2302.0,2136.1194127330523,165.8805872669477,168,2.349864332053585,107.8399877465398,159.8835658330199,214.0,317.27639999999997,1.0228113320019598,,spike,False,27,False
anomaly_lockbox,d_1920,2016-05-01,WI_1,HOBBIES_1,WI,451.0,417.9060277408587,33.09397225914131,168,-6.488511374065951,41.39425992717577,61.37112976803079,65.5,97.1103,0.6449691211946111,,spike,False,38,False
anomaly_lockbox,d_1920,2016-05-01,WI_1,HOBBIES_2,WI,48.0,32.87234451592857,15.127655484071433,168,-4.134663515508507,8.693512559869298,12.88900172126222,9.0,13.343399999999999,1.4944771842030276,,spike,False,21,False
anomaly_lockbox,d_1920,2016-05-01,WI_1,HOUSEHOLD_1,WI,767.0,788.6437649168088,-21.643764916808777,168,-12.713724599904822,45.27486841898042,67.12451991798036,102.0,151.2252,-0.13303693386285065,,drop,False,63,False
anomaly_lockbox,d_1920,2016-05-01,WI_1,HOUSEHOLD_2,WI,201.0,211.8194477402986,-10.819447740298614,168,-2.9713364689985866,14.734345182319544,21.845140167306955,23.0,34.099799999999995,-0.35926120002861645,,drop,False,49,False
anomaly_lockbox,d_1920,2016-05-01,WI_2,FOODS_1,WI,608.0,400.48556486216046,207.51443513783954,168,-18.370180709413376,53.21885308094923,78.90227157781533,53.0,78.5778,2.8628404649222303,,spike,False,6,False
anomaly_lockbox,d_1920,2016-05-01,WI_2,FOODS_2,WI,940.0,1049.2117420276063,-109.2117420276063,168,22.7488264989434,92.92896624100149,137.7764853489088,208.5,309.1221,-0.9577873045053318,,drop,False,28,False
anomaly_lockbox,d_1920,2016-05-01,WI_2,FOODS_3,WI,2205.0,2546.2984018295915,-341.2984018295915,168,-14.49269494220357,131.23108380650547,194.563204851525,327.0,484.81019999999995,-1.6796891639237737,,drop,False,16,False
anomaly_lockbox,d_1920,2016-05-01,WI_2,HOBBIES_1,WI,275.0,273.3384401976369,1.661559802363115,168,3.7437959882949627,27.857817006763696,41.30199949422785,33.5,49.6671,-0.05041490028159169,,drop,False,69,False
anomaly_lockbox,d_1920,2016-05-01,WI_2,HOBBIES_2,WI,31.0,33.35333145425622,-2.353331454256221,168,-5.035826698847519,7.1431782645639466,10.590476095042506,8.0,11.8608,0.253293168363507,,spike,False,54,False
anomaly_lockbox,d_1920,2016-05-01,WI_2,HOUSEHOLD_1,WI,1133.0,1078.455307655604,54.544692344396026,168,21.26622900931295,89.68038723788936,132.96014211889477,120.0,177.91199999999998,0.25028901748108107,,spike,False,55,False
anomaly_lockbox,d_1920,2016-05-01,WI_2,HOUSEHOLD_2,WI,156.0,165.51506737753914,-9.51506737753914,168,1.3445780441335913,15.226545518600226,22.574876385876692,19.0,28.1694,-0.4810500503323575,,drop,False,44,False
anomaly_lockbox,d_1920,2016-05-01,WI_3,FOODS_1,WI,387.0,261.3592885913699,125.64071140863012,168,-12.280809838717076,31.015004139908868,45.98284513782888,38.5,57.080099999999995,2.9994125164274092,,spike,False,4,True
anomaly_lockbox,d_1920,2016-05-01,WI_3,FOODS_2,WI,604.0,607.2228178827659,-3.2228178827658667,168,16.12530927846919,42.51952212980271,63.039443509645494,94.5,140.10569999999998,-0.306920970174406,,drop,False,51,False
anomaly_lockbox,d_1920,2016-05-01,WI_3,FOODS_3,WI,2149.0,2343.513533748956,-194.51353374895598,168,-0.057346979574504076,112.10466650885621,166.20637856603022,289.0,428.47139999999996,-1.1699682554128223,,drop,False,25,False
anomaly_lockbox,d_1920,2016-05-01,WI_3,HOBBIES_1,WI,345.0,263.07318029380855,81.92681970619145,168,0.8866500185241506,31.867621374367985,47.246935449637974,40.5,60.0453,1.7152471142610006,,spike,False,14,False
anomaly_lockbox,d_1920,2016-05-01,WI_3,HOBBIES_2,WI,33.0,34.910397338579656,-1.9103973385796564,168,-1.180317913410649,8.055002205937786,11.94234627052336,8.0,11.8608,-0.06113366742438398,,drop,False,67,False
anomaly_lockbox,d_1920,2016-05-01,WI_3,HOUSEHOLD_1,WI,855.0,838.6193387107177,16.38066128928233,168,10.14740273920853,48.563542848588895,72.00030862731789,103.5,153.4491,0.08657266432478619,,spike,False,65,False
anomaly_lockbox,d_1920,2016-05-01,WI_3,HOUSEHOLD_2,WI,201.0,191.09545077589897,9.904549224101032,168,4.417184438691265,16.103898250120537,23.875639545628708,21.0,31.1346,0.22983111195504816,,spike,False,58,False
anomaly_lockbox,d_1921,2016-05-02,CA_1,FOODS_1,CA,262.0,280.03527591414326,-18.035275914143256,168,-25.684189124220666,35.43211828588335,52.53165857065065,58.5,86.73209999999999,0.14560578169810243,,spike,False,60,False
anomaly_lockbox,d_1921,2016-05-02,CA_1,FOODS_2,CA,620.0,597.4645710922315,22.535428907768505,168,-1.3018993399340673,43.31974067676376,64.22584752736994,82.0,121.5732,0.3711485198781419,,spike,False,52,False
anomaly_lockbox,d_1921,2016-05-02,CA_1,FOODS_3,CA,2396.0,2263.449470989669,132.55052901033105,168,7.923849203863142,142.77086773808514,211.67208850848502,302.0,447.74519999999995,0.5887723822476111,,spike,False,37,False
anomaly_lockbox,d_1921,2016-05-02,CA_1,HOBBIES_1,CA,478.0,501.2456313831312,-23.245631383131183,168,17.289827805758932,46.976886497940626,69.64793192184676,61.5,91.17989999999999,-0.5820052092052885,,drop,False,38,False
anomaly_lockbox,d_1921,2016-05-02,CA_1,HOBBIES_2,CA,51.0,41.96773278489603,9.032267215103971,168,-2.920935617483586,8.814043308989756,13.067700609908211,10.0,14.825999999999999,0.9147135513285621,,spike,False,23,False
anomaly_lockbox,d_1921,2016-05-02,CA_1,HOUSEHOLD_1,CA,763.0,789.2555539735523,-26.25555397355231,168,7.055601395861743,48.47646137804338,71.87120163908712,106.5,157.8969,-0.4634840465961793,,drop,False,48,False
anomaly_lockbox,d_1921,2016-05-02,CA_1,HOUSEHOLD_2,CA,224.0,204.8701172391052,19.129882760894787,168,-5.473172481554656,17.069525722806446,25.307278836632836,36.0,53.373599999999996,0.9721730811625621,,spike,False,18,False
anomaly_lockbox,d_1921,2016-05-02,CA_2,FOODS_1,CA,475.0,425.84098477157596,49.15901522842404,168,-7.615755540324386,39.40764758403104,58.42577830808442,77.5,114.9015,0.9717417963928511,,spike,False,19,False
anomaly_lockbox,d_1921,2016-05-02,CA_2,FOODS_2,CA,625.0,502.47181876191326,122.52818123808674,168,-12.024618362151116,29.612275350817725,43.903159435122355,172.5,255.74849999999998,3.064763477878454,,spike,True,1,True
anomaly_lockbox,d_1921,2016-05-02,CA_2,FOODS_3,CA,1895.0,1843.428890921581,51.57110907841911,168,19.21992394083884,101.77879685519576,150.89724421751322,400.0,593.04,0.21439215345077572,,spike,False,57,False
anomaly_lockbox,d_1921,2016-05-02,CA_2,HOBBIES_1,CA,334.0,344.9776306072714,-10.977630607271408,168,-4.7627889331289595,36.89570009761081,54.70156496471779,64.5,95.62769999999999,-0.1136135991383608,,drop,False,62,False
anomaly_lockbox,d_1921,2016-05-02,CA_2,HOBBIES_2,CA,26.0,38.05277538789807,-12.052775387898073,168,-2.8427111299485546,9.034327122200846,13.394293391374974,10.0,14.825999999999999,-0.6876110585930708,,drop,False,34,False
anomaly_lockbox,d_1921,2016-05-02,CA_2,HOUSEHOLD_1,CA,754.0,722.7496981263669,31.250301873633134,168,-3.6843276356884758,45.03992774790109,66.77619687903815,131.0,194.2206,0.52315991539027,,spike,False,42,False
anomaly_lockbox,d_1921,2016-05-02,CA_2,HOUSEHOLD_2,CA,325.0,280.1420968321609,44.85790316783908,168,-1.2395743605110283,20.142957831405752,29.863949280842167,47.5,70.42349999999999,1.5435827691390371,,spike,False,10,False
anomaly_lockbox,d_1921,2016-05-02,CA_3,FOODS_1,CA,523.0,375.242435933261,147.757564066739,168,-24.065913311520916,50.320382425424214,74.60499898393394,56.0,83.0256,2.3031094392918874,,spike,False,7,False
anomaly_lockbox,d_1921,2016-05-02,CA_3,FOODS_2,CA,741.0,773.7332644492321,-32.73326444923214,168,17.66760848163824,64.39833025478615,95.47696443574593,92.0,136.39919999999998,-0.5278851629681749,,drop,False,41,False
anomaly_lockbox,d_1921,2016-05-02,CA_3,FOODS_3,CA,2894.0,2998.4800247235125,-104.48002472351254,168,-83.63718827007233,197.78391267905567,293.23442893796795,316.5,469.24289999999996,-0.07107909029962302,,drop,False,65,False
anomaly_lockbox,d_1921,2016-05-02,CA_3,HOBBIES_1,CA,573.0,559.1911112958248,13.80888870417516,168,-22.757896521268464,49.849732808054966,73.90721386122229,67.0,99.3342,0.49476611706816787,,spike,False,44,False
anomaly_lockbox,d_1921,2016-05-02,CA_3,HOBBIES_2,CA,70.0,53.1994392232207,16.8005607767793,168,3.648252262186009,10.789659601607411,15.996749325343147,12.5,18.5325,0.8221863234273792,,spike,False,28,False
anomaly_lockbox,d_1921,2016-05-02,CA_3,HOUSEHOLD_1,CA,1608.0,1513.6228507447508,94.37714925524915,168,20.42353241000751,83.62607990773597,123.98402607120934,182.0,269.8332,0.5964769752094267,,spike,False,35,False
anomaly_lockbox,d_1921,2016-05-02,CA_3,HOUSEHOLD_2,CA,367.0,323.76218050610123,43.23781949389877,168,4.913212594189503,22.67482903117721,33.61770152162333,43.0,63.751799999999996,1.1400127065515884,,spike,False,14,False
anomaly_lockbox,d_1921,2016-05-02,CA_4,FOODS_1,CA,275.0,204.38182780942498,70.61817219057502,168,-12.005087574539175,24.10919695569271,35.74429540651001,28.5,42.2541,2.311508978578614,,spike,False,6,False
anomaly_lockbox,d_1921,2016-05-02,CA_4,FOODS_2,CA,447.0,445.3742359394245,1.6257640605754773,168,1.7637292652449332,27.477960584864036,40.73882436311942,42.5,63.01049999999999,-0.0033865779591409836,,drop,False,69,False
anomaly_lockbox,d_1921,2016-05-02,CA_4,FOODS_3,CA,1297.0,1198.8158499891954,98.18415001080461,168,-24.262206743142144,80.156564099229,118.84012193351691,105.5,156.4143,1.030345263550363,,spike,False,17,False
anomaly_lockbox,d_1921,2016-05-02,CA_4,HOBBIES_1,CA,426.0,354.4671961638345,71.5328038361655,168,12.35415079699078,44.518135522568855,66.00258772576058,41.0,60.7866,0.8966111038715759,,spike,False,25,False
anomaly_lockbox,d_1921,2016-05-02,CA_4,HOBBIES_2,CA,36.0,20.69184267851492,15.30815732148508,168,-6.139248050531476,5.7296688895483605,8.494807095644399,5.0,7.412999999999999,2.5247666168915632,,spike,False,2,True
anomaly_lockbox,d_1921,2016-05-02,CA_4,HOUSEHOLD_1,CA,496.0,448.45533514244335,47.544664857556654,168,-0.7421382851627243,24.6044575617087,36.47856878098931,41.0,60.7866,1.32370333476142,,spike,False,13,False
anomaly_lockbox,d_1921,2016-05-02,CA_4,HOUSEHOLD_2,CA,136.0,139.44034310325796,-3.440343103257959,168,-3.4546464898643805,11.026960703131124,16.348571938462204,16.0,23.7216,0.0008749012855839026,,spike,False,70,False
anomaly_lockbox,d_1921,2016-05-02,TX_1,FOODS_1,TX,187.0,180.59485765412055,6.4051423458794545,168,-9.015130283288116,31.94925731162617,47.36796889021696,29.5,43.7367,0.3255421963501661,,spike,False,53,False
anomaly_lockbox,d_1921,2016-05-02,TX_1,FOODS_2,TX,323.0,372.713880710386,-49.71388071038598,168,-6.909115162940736,30.99554875467055,45.954000583674556,52.5,77.8365,-0.9314698394866605,,drop,False,22,False
anomaly_lockbox,d_1921,2016-05-02,TX_1,FOODS_3,TX,1240.0,1410.57954227948,-170.57954227947994,168,-51.573091714937846,96.99760097751357,143.80864320926162,204.0,302.4504,-0.8275333659282991,,drop,False,26,False
anomaly_lockbox,d_1921,2016-05-02,TX_1,HOBBIES_1,TX,175.0,237.1674832924524,-62.1674832924524,168,3.35228629162593,30.248602333520225,44.84657781967708,37.0,54.856199999999994,-1.4609759042825023,,drop,False,11,False
anomaly_lockbox,d_1921,2016-05-02,TX_1,HOBBIES_2,TX,39.0,32.4380370971426,6.5619629028574025,168,1.8294803153880679,10.735863390625315,15.916991062941092,9.5,14.0847,0.2973226892416739,,spike,False,54,False
anomaly_lockbox,d_1921,2016-05-02,TX_1,HOUSEHOLD_1,TX,722.0,719.6694302784726,2.330569721527354,168,20.33032524814172,49.35642478068894,73.17583537984942,98.5,146.0361,-0.24597950174643302,,drop,False,56,False
anomaly_lockbox,d_1921,2016-05-02,TX_1,HOUSEHOLD_2,TX,173.0,172.95677456739256,0.043225432607442826,168,0.2987811063512424,16.385507467327315,24.293153371059475,21.0,31.1346,-0.010519658351486143,,drop,False,68,False
anomaly_lockbox,d_1921,2016-05-02,TX_2,FOODS_1,TX,301.0,212.65198841104493,88.34801158895507,168,-26.12703194291352,30.65065159994984,45.44265606208563,30.5,45.2193,2.519109872791504,,spike,False,3,True
anomaly_lockbox,d_1921,2016-05-02,TX_2,FOODS_2,TX,471.0,425.28054321284463,45.719456787155366,168,-7.811833265177,33.80774934945228,50.12336918549795,63.0,93.40379999999999,1.0679906582939844,,spike,False,16,False
anomaly_lockbox,d_1921,2016-05-02,TX_2,FOODS_3,TX,1720.0,1811.3647356853276,-91.36473568532756,168,-41.65795526983845,124.96472773684309,185.27270534264355,241.5,358.04789999999997,-0.26828981810116787,,drop,False,55,False
anomaly_lockbox,d_1921,2016-05-02,TX_2,HOBBIES_1,TX,357.0,306.99758746421776,50.00241253578224,168,5.762759951001044,36.12534962471969,53.55944335360941,45.5,67.4583,0.8259916424579468,,spike,False,27,False
anomaly_lockbox,d_1921,2016-05-02,TX_2,HOBBIES_2,TX,86.0,43.66089469606312,42.33910530393688,168,0.44935867804020546,12.068633475491076,17.892955990763067,11.0,16.3086,2.341130590581095,,spike,False,4,True
anomaly_lockbox,d_1921,2016-05-02,TX_2,HOUSEHOLD_1,TX,705.0,776.3252479892493,-71.3252479892493,168,2.586436775464506,52.7841509083666,78.25778213674431,108.0,160.1208,-0.9444643426715529,,drop,False,21,False
anomaly_lockbox,d_1921,2016-05-02,TX_2,HOUSEHOLD_2,TX,191.0,184.45397229059694,6.546027709403063,168,3.9485061642942156,17.430686732382796,25.84273614943073,30.0,44.477999999999994,0.10051263651376428,,spike,False,63,False
anomaly_lockbox,d_1921,2016-05-02,TX_3,FOODS_1,TX,361.0,252.4360810567727,108.56391894322729,168,-6.582356202483766,33.46832859706534,49.62014397800907,30.0,44.477999999999994,2.3205550390329828,,spike,False,5,True
anomaly_lockbox,d_1921,2016-05-02,TX_3,FOODS_2,TX,499.0,520.3790270720198,-21.379027072019767,168,1.2222230771089073,39.93788391101927,59.211906686477164,67.0,99.3342,-0.3817011039485806,,drop,False,51,False
anomaly_lockbox,d_1921,2016-05-02,TX_3,FOODS_3,TX,1719.0,1696.3374241199276,22.66257588007238,168,14.023064556677582,115.01769419548702,170.52523341422906,199.0,295.0374,0.05066412254899688,,spike,False,67,False
anomaly_lockbox,d_1921,2016-05-02,TX_3,HOBBIES_1,TX,375.0,342.71760985596774,32.28239014403226,168,15.203725840623378,29.80770011824157,44.19289619530495,42.0,62.2692,0.3864572312240383,,spike,False,50,False
anomaly_lockbox,d_1921,2016-05-02,TX_3,HOBBIES_2,TX,68.0,52.679478212279925,15.320521787720075,168,5.158204388232139,11.504291330894542,17.056262327184246,14.0,20.7564,0.5958115092596371,,spike,False,36,False
anomaly_lockbox,d_1921,2016-05-02,TX_3,HOUSEHOLD_1,TX,820.0,825.6262131262106,-5.626213126210587,168,14.740755402915227,65.66806597354093,97.35947461237178,100.5,149.0013,-0.2091934925718849,,drop,False,58,False
anomaly_lockbox,d_1921,2016-05-02,TX_3,HOUSEHOLD_2,TX,187.0,161.6558052106888,25.34419478931119,168,7.101941028670069,13.696061250985842,20.30578041071161,19.5,28.9107,0.8983773778533551,,spike,False,24,False
anomaly_lockbox,d_1921,2016-05-02,WI_1,FOODS_1,WI,325.0,282.55909514632305,42.440904853676955,168,-14.300155016168702,35.22765573409737,52.228522391372756,45.0,66.717,1.086399868728017,,spike,False,15,False
anomaly_lockbox,d_1921,2016-05-02,WI_1,FOODS_2,WI,641.0,677.6836551118265,-36.68365511182651,168,13.518371491533685,41.2053589013627,61.09106510716034,99.5,147.5187,-0.8217572654086225,,drop,False,29,False
anomaly_lockbox,d_1921,2016-05-02,WI_1,FOODS_3,WI,1494.0,1565.3319789500126,-71.33197895001263,168,2.349864332053585,107.8399877465398,159.8835658330199,214.0,317.27639999999997,-0.4608468850326898,,drop,False,49,False
anomaly_lockbox,d_1921,2016-05-02,WI_1,HOBBIES_1,WI,359.0,356.3379376564201,2.662062343579919,168,-6.488511374065951,41.39425992717577,61.37112976803079,65.5,97.1103,0.14910225300125649,,spike,False,59,False
anomaly_lockbox,d_1921,2016-05-02,WI_1,HOBBIES_2,WI,32.0,29.827249491046402,2.172750508953598,168,-4.134663515508507,8.693512559869298,12.88900172126222,9.0,13.343399999999999,0.4893640454758524,,spike,False,45,False
anomaly_lockbox,d_1921,2016-05-02,WI_1,HOUSEHOLD_1,WI,512.0,589.2929466933459,-77.29294669334593,168,-12.713724599904822,45.27486841898042,67.12451991798036,102.0,151.2252,-0.9620809530161353,,drop,False,20,False
anomaly_lockbox,d_1921,2016-05-02,WI_1,HOUSEHOLD_2,WI,139.0,159.0923338881585,-20.092333888158493,168,-2.9713364689985866,14.734345182319544,21.845140167306955,23.0,34.099799999999995,-0.7837439946841305,,drop,False,31,False
anomaly_lockbox,d_1921,2016-05-02,WI_2,FOODS_1,WI,493.0,375.77568276023294,117.22431723976706,168,-18.370180709413376,53.21885308094923,78.90227157781533,53.0,78.5778,1.718511967243603,,spike,False,9,False
anomaly_lockbox,d_1921,2016-05-02,WI_2,FOODS_2,WI,1323.0,1280.654676682185,42.34532331781497,168,22.7488264989434,92.92896624100149,137.7764853489088,208.5,309.1221,0.14223397243183325,,spike,False,61,False
anomaly_lockbox,d_1921,2016-05-02,WI_2,FOODS_3,WI,2370.0,2530.5366477561497,-160.5366477561497,168,-14.49269494220357,131.23108380650547,194.563204851525,327.0,484.81019999999995,-0.7506247284803678,,drop,False,33,False
anomaly_lockbox,d_1921,2016-05-02,WI_2,HOBBIES_1,WI,277.0,249.66222794166396,27.337772058336043,168,3.7437959882949627,27.857817006763696,41.30199949422785,33.5,49.6671,0.5712550568729354,,spike,False,39,False
anomaly_lockbox,d_1921,2016-05-02,WI_2,HOBBIES_2,WI,30.0,35.87757787566557,-5.8775778756655725,168,-5.035826698847519,7.1431782645639466,10.590476095042506,8.0,11.8608,-0.07948190140498829,,drop,False,64,False
anomaly_lockbox,d_1921,2016-05-02,WI_2,HOUSEHOLD_1,WI,981.0,1024.3972787797768,-43.3972787797768,168,21.26622900931295,89.68038723788936,132.96014211889477,120.0,177.91199999999998,-0.48633753513339933,,drop,False,46,False
anomaly_lockbox,d_1921,2016-05-02,WI_2,HOUSEHOLD_2,WI,123.0,139.59766081941615,-16.59766081941615,168,1.3445780441335913,15.226545518600226,22.574876385876692,19.0,28.1694,-0.7947879118742274,,drop,False,30,False
anomaly_lockbox,d_1921,2016-05-02,WI_3,FOODS_1,WI,304.0,232.97732402232504,71.02267597767496,168,-12.280809838717076,31.015004139908868,45.98284513782888,38.5,57.080099999999995,1.811620954873461,,spike,False,8,False
anomaly_lockbox,d_1921,2016-05-02,WI_3,FOODS_2,WI,694.0,710.6821093118615,-16.682109311861495,168,16.12530927846919,42.51952212980271,63.039443509645494,94.5,140.10569999999998,-0.5204268433193087,,drop,False,43,False
anomaly_lockbox,d_1921,2016-05-02,WI_3,FOODS_3,WI,2227.0,2148.08130007265,78.91869992735019,168,-0.057346979574504076,112.10466650885621,166.20637856603022,289.0,428.47139999999996,0.47516856806761604,,spike,False,47,False
anomaly_lockbox,d_1921,2016-05-02,WI_3,HOBBIES_1,WI,241.0,236.97011577671378,4.029884223286217,168,0.8866500185241506,31.867621374367985,47.246935449637974,40.5,60.0453,0.06652779010635601,,spike,False,66,False
anomaly_lockbox,d_1921,2016-05-02,WI_3,HOBBIES_2,WI,26.0,33.858610427961935,-7.858610427961935,168,-1.180317913410649,8.055002205937786,11.94234627052336,8.0,11.8608,-0.5592110933037463,,drop,False,40,False
anomaly_lockbox,d_1921,2016-05-02,WI_3,HOUSEHOLD_1,WI,618.0,708.8350355597712,-90.8350355597712,168,10.14740273920853,48.563542848588895,72.00030862731789,103.5,153.4491,-1.402527853341251,,drop,False,12,False
anomaly_lockbox,d_1921,2016-05-02,WI_3,HOUSEHOLD_2,WI,136.0,149.57340403770516,-13.57340403770516,168,4.417184438691265,16.103898250120537,23.875639545628708,21.0,31.1346,-0.75351231710525,,drop,False,32,False
anomaly_lockbox,d_1922,2016-05-03,CA_1,FOODS_1,CA,332.0,279.071236151888,52.928763848112,168,-25.684189124220666,35.43211828588335,52.53165857065065,58.5,86.73209999999999,1.4964871681446128,,spike,False,12,False
anomaly_lockbox,d_1922,2016-05-03,CA_1,FOODS_2,CA,525.0,530.8656717710688,-5.865671771068833,168,-1.3018993399340673,43.31974067676376,64.22584752736994,82.0,121.5732,-0.07105818929349134,,drop,False,64,False
anomaly_lockbox,d_1922,2016-05-03,CA_1,FOODS_3,CA,2140.0,2079.2750822523335,60.724917747666495,168,7.923849203863142,142.77086773808514,211.67208850848502,302.0,447.74519999999995,0.24944747753876292,,spike,False,53,False
anomaly_lockbox,d_1922,2016-05-03,CA_1,HOBBIES_1,CA,582.0,472.0243075360517,109.97569246394829,168,17.289827805758932,46.976886497940626,69.64793192184676,61.5,91.17989999999999,1.3307769821822404,,spike,False,15,False
anomaly_lockbox,d_1922,2016-05-03,CA_1,HOBBIES_2,CA,46.0,42.38189001216476,3.61810998783524,168,-2.920935617483586,8.814043308989756,13.067700609908211,10.0,14.825999999999999,0.5003975680588199,,spike,False,44,False
anomaly_lockbox,d_1922,2016-05-03,CA_1,HOUSEHOLD_1,CA,761.0,713.3422094267742,47.65779057322584,168,7.055601395861743,48.47646137804338,71.87120163908712,106.5,157.8969,0.5649298780512195,,spike,False,41,False
anomaly_lockbox,d_1922,2016-05-03,CA_1,HOUSEHOLD_2,CA,208.0,205.2990099277236,2.7009900722763973,168,-5.473172481554656,17.069525722806446,25.307278836632836,36.0,53.373599999999996,0.3229965025713778,,spike,False,51,False
anomaly_lockbox,d_1922,2016-05-03,CA_2,FOODS_1,CA,476.0,413.0038999945275,62.9961000054725,168,-7.615755540324386,39.40764758403104,58.42577830808442,77.5,114.9015,1.208573639763157,,spike,False,16,False
anomaly_lockbox,d_1922,2016-05-03,CA_2,FOODS_2,CA,459.0,468.6634108476359,-9.663410847635873,168,-12.024618362151116,29.612275350817725,43.903159435122355,172.5,255.74849999999998,0.0537821775219732,,spike,False,66,False
anomaly_lockbox,d_1922,2016-05-03,CA_2,FOODS_3,CA,1689.0,1723.0928404002,-34.092840400199975,168,19.21992394083884,101.77879685519576,150.89724421751322,400.0,593.04,-0.35330508928440263,,drop,False,50,False
anomaly_lockbox,d_1922,2016-05-03,CA_2,HOBBIES_1,CA,340.0,343.49205048750736,-3.492050487507356,168,-4.7627889331289595,36.89570009761081,54.70156496471779,64.5,95.62769999999999,0.023230385573817177,,spike,False,67,False
anomaly_lockbox,d_1922,2016-05-03,CA_2,HOBBIES_2,CA,37.0,38.18688855465594,-1.186888554655937,168,-2.8427111299485546,9.034327122200846,13.394293391374974,10.0,14.825999999999999,0.1236214951330584,,spike,False,61,False
anomaly_lockbox,d_1922,2016-05-03,CA_2,HOUSEHOLD_1,CA,673.0,689.1401939109946,-16.14019391099464,168,-3.6843276356884758,45.03992774790109,66.77619687903815,131.0,194.2206,-0.18653153155561347,,drop,False,57,False
anomaly_lockbox,d_1922,2016-05-03,CA_2,HOUSEHOLD_2,CA,303.0,279.9405880885218,23.059411911478207,168,-1.2395743605110283,20.142957831405752,29.863949280842167,47.5,70.42349999999999,0.8136561592534288,,spike,False,35,False
anomaly_lockbox,d_1922,2016-05-03,CA_3,FOODS_1,CA,555.0,368.85842608902425,186.14157391097575,168,-24.065913311520916,50.320382425424214,74.60499898393394,56.0,83.0256,2.817605925680188,,spike,False,5,True
anomaly_lockbox,d_1922,2016-05-03,CA_3,FOODS_2,CA,673.0,712.2266366894522,-39.22663668945222,168,17.66760848163824,64.39833025478615,95.47696443574593,92.0,136.39919999999998,-0.5958949942253259,,drop,False,40,False
anomaly_lockbox,d_1922,2016-05-03,CA_3,FOODS_3,CA,2655.0,2801.3827095161537,-146.38270951615368,168,-83.63718827007233,197.78391267905567,293.23442893796795,316.5,469.24289999999996,-0.2139773336757629,,drop,False,56,False
anomaly_lockbox,d_1922,2016-05-03,CA_3,HOBBIES_1,CA,585.0,532.2976212409726,52.7023787590274,168,-22.757896521268464,49.849732808054966,73.90721386122229,67.0,99.3342,1.0210136648093622,,spike,False,26,False
anomaly_lockbox,d_1922,2016-05-03,CA_3,HOBBIES_2,CA,76.0,54.48759229124102,21.51240770875898,168,3.648252262186009,10.789659601607411,15.996749325343147,12.5,18.5325,1.1167365996209835,,spike,False,18,False
anomaly_lockbox,d_1922,2016-05-03,CA_3,HOUSEHOLD_1,CA,1463.0,1389.1640699139316,73.8359300860684,168,20.42353241000751,83.62607990773597,123.98402607120934,182.0,269.8332,0.43080063915156186,,spike,False,46,False
anomaly_lockbox,d_1922,2016-05-03,CA_3,HOUSEHOLD_2,CA,318.0,318.74718403171215,-0.7471840317121519,168,4.913212594189503,22.67482903117721,33.61770152162333,43.0,63.751799999999996,-0.16837547987213866,,drop,False,58,False
anomaly_lockbox,d_1922,2016-05-03,CA_4,FOODS_1,CA,251.0,206.1116339639835,44.88836603601649,168,-12.005087574539175,24.10919695569271,35.74429540651001,28.5,42.2541,1.5916792585648174,,spike,False,10,False
anomaly_lockbox,d_1922,2016-05-03,CA_4,FOODS_2,CA,395.0,393.96727243182187,1.0327275681781316,168,1.7637292652449332,27.477960584864036,40.73882436311942,42.5,63.01049999999999,-0.017943612966126055,,drop,False,68,False
anomaly_lockbox,d_1922,2016-05-03,CA_4,FOODS_3,CA,1141.0,1105.980482443316,35.01951755668392,168,-24.262206743142144,80.156564099229,118.84012193351691,105.5,156.4143,0.4988359430747658,,spike,False,45,False
anomaly_lockbox,d_1922,2016-05-03,CA_4,HOBBIES_1,CA,571.0,345.6252828292539,225.37471717074612,168,12.35415079699078,44.518135522568855,66.00258772576058,41.0,60.7866,3.2274577969405005,,spike,True,3,True
anomaly_lockbox,d_1922,2016-05-03,CA_4,HOBBIES_2,CA,16.0,20.791973625389478,-4.791973625389478,168,-6.139248050531476,5.7296688895483605,8.494807095644399,5.0,7.412999999999999,0.1585997668896797,,spike,False,59,False
anomaly_lockbox,d_1922,2016-05-03,CA_4,HOUSEHOLD_1,CA,408.0,414.4350744555078,-6.435074455507788,168,-0.7421382851627243,24.6044575617087,36.47856878098931,41.0,60.7866,-0.15606248711467866,,drop,False,60,False
anomaly_lockbox,d_1922,2016-05-03,CA_4,HOUSEHOLD_2,CA,152.0,139.38938119422997,12.61061880577003,168,-3.4546464898643805,11.026960703131124,16.348571938462204,16.0,23.7216,0.9826708630029467,,spike,False,28,False
anomaly_lockbox,d_1922,2016-05-03,TX_1,FOODS_1,TX,307.0,183.71997084443836,123.28002915556164,168,-9.015130283288116,31.94925731162617,47.36796889021696,29.5,43.7367,2.792924470657914,,spike,False,7,False
anomaly_lockbox,d_1922,2016-05-03,TX_1,FOODS_2,TX,434.0,386.5576752378726,47.442324762127384,168,-6.909115162940736,30.99554875467055,45.954000583674556,52.5,77.8365,1.1827357626046775,,spike,False,17,False
anomaly_lockbox,d_1922,2016-05-03,TX_1,FOODS_3,TX,1267.0,1478.776009379328,-211.7760093793279,168,-51.573091714937846,96.99760097751357,143.80864320926162,204.0,302.4504,-1.1140006197768828,,drop,False,19,False
anomaly_lockbox,d_1922,2016-05-03,TX_1,HOBBIES_1,TX,227.0,240.40595238245226,-13.405952382452256,168,3.35228629162593,30.248602333520225,44.84657781967708,37.0,54.856199999999994,-0.3736793193331525,,drop,False,49,False
anomaly_lockbox,d_1922,2016-05-03,TX_1,HOBBIES_2,TX,51.0,32.9002253863261,18.0997746136739,168,1.8294803153880679,10.735863390625315,15.916991062941092,9.5,14.0847,1.0221966095192025,,spike,False,25,False
anomaly_lockbox,d_1922,2016-05-03,TX_1,HOUSEHOLD_1,TX,733.0,694.6344403146801,38.36555968531991,168,20.33032524814172,49.35642478068894,73.17583537984942,98.5,146.0361,0.24646434637279988,,spike,False,54,False
anomaly_lockbox,d_1922,2016-05-03,TX_1,HOUSEHOLD_2,TX,198.0,172.09532485091626,25.904675149083744,168,0.2987811063512424,16.385507467327315,24.293153371059475,21.0,31.1346,1.054037475152851,,spike,False,22,False
anomaly_lockbox,d_1922,2016-05-03,TX_2,FOODS_1,TX,276.0,217.11711849752274,58.88288150247726,168,-26.12703194291352,30.65065159994984,45.44265606208563,30.5,45.2193,1.8707074104393617,,spike,False,9,False
anomaly_lockbox,d_1922,2016-05-03,TX_2,FOODS_2,TX,434.0,441.1000361109998,-7.100036110999781,168,-7.811833265177,33.80774934945228,50.12336918549795,63.0,93.40379999999999,0.014200904004337392,,spike,False,70,False
anomaly_lockbox,d_1922,2016-05-03,TX_2,FOODS_3,TX,1942.0,1805.0362896899555,136.96371031004446,168,-41.65795526983845,124.96472773684309,185.27270534264355,241.5,358.04789999999997,0.964101351300181,,spike,False,30,False
anomaly_lockbox,d_1922,2016-05-03,TX_2,HOBBIES_1,TX,377.0,311.83472382254547,65.16527617745453,168,5.762759951001044,36.12534962471969,53.55944335360941,45.5,67.4583,1.1090951008259555,,spike,False,20,False
anomaly_lockbox,d_1922,2016-05-03,TX_2,HOBBIES_2,TX,52.0,44.152984318397905,7.847015681602095,168,0.44935867804020546,12.068633475491076,17.892955990763067,11.0,16.3086,0.4134396243628388,,spike,False,47,False
anomaly_lockbox,d_1922,2016-05-03,TX_2,HOUSEHOLD_1,TX,813.0,723.8759401114361,89.12405988856392,168,2.586436775464506,52.7841509083666,78.25778213674431,108.0,160.1208,1.105802141975954,,spike,False,21,False
anomaly_lockbox,d_1922,2016-05-03,TX_2,HOUSEHOLD_2,TX,194.0,184.41763532739196,9.582364672608037,168,3.9485061642942156,17.430686732382796,25.84273614943073,30.0,44.477999999999994,0.2180054958475411,,spike,False,55,False
anomaly_lockbox,d_1922,2016-05-03,TX_3,FOODS_1,TX,463.0,260.2561555174411,202.74384448255893,168,-6.582356202483766,33.46832859706534,49.62014397800907,30.0,44.477999999999994,4.218573021025756,,spike,True,2,True
anomaly_lockbox,d_1922,2016-05-03,TX_3,FOODS_2,TX,580.0,518.1343125370221,61.86568746297792,168,1.2222230771089073,39.93788391101927,59.211906686477164,67.0,99.3342,1.0241768552897956,,spike,False,24,False
anomaly_lockbox,d_1922,2016-05-03,TX_3,FOODS_3,TX,1975.0,1697.090316370771,277.909683629229,168,14.023064556677582,115.01769419548702,170.52523341422906,199.0,295.0374,1.5474930823377606,,spike,False,11,False
anomaly_lockbox,d_1922,2016-05-03,TX_3,HOBBIES_1,TX,397.0,348.02271573116445,48.97728426883555,168,15.203725840623378,29.80770011824157,44.19289619530495,42.0,62.2692,0.7642304835364077,,spike,False,37,False
anomaly_lockbox,d_1922,2016-05-03,TX_3,HOBBIES_2,TX,59.0,54.11351456746591,4.886485432534087,168,5.158204388232139,11.504291330894542,17.056262327184246,14.0,20.7564,-0.01593074440846204,,drop,False,69,False
anomaly_lockbox,d_1922,2016-05-03,TX_3,HOUSEHOLD_1,TX,983.0,772.9154351955436,210.08456480445636,168,14.740755402915227,65.66806597354093,97.35947461237178,100.5,149.0013,2.0064180726044936,,spike,False,8,False
anomaly_lockbox,d_1922,2016-05-03,TX_3,HOUSEHOLD_2,TX,187.0,162.56141498033506,24.43858501966494,168,7.101941028670069,13.696061250985842,20.30578041071161,19.5,28.9107,0.8537787585770172,,spike,False,33,False
anomaly_lockbox,d_1922,2016-05-03,WI_1,FOODS_1,WI,340.0,282.4646814266657,57.53531857333428,168,-14.300155016168702,35.22765573409737,52.228522391372756,45.0,66.717,1.3754069673119635,,spike,False,14,False
anomaly_lockbox,d_1922,2016-05-03,WI_1,FOODS_2,WI,634.0,644.8722011948342,-10.872201194834247,168,13.518371491533685,41.2053589013627,61.09106510716034,99.5,147.5187,-0.3992494261408641,,drop,False,48,False
anomaly_lockbox,d_1922,2016-05-03,WI_1,FOODS_3,WI,1456.0,1540.274651403087,-84.27465140308709,168,2.349864332053585,107.8399877465398,159.8835658330199,214.0,317.27639999999997,-0.5417974967208955,,drop,False,42,False
anomaly_lockbox,d_1922,2016-05-03,WI_1,HOBBIES_1,WI,312.0,356.3798183324453,-44.379818332445325,168,-6.488511374065951,41.39425992717577,61.37112976803079,65.5,97.1103,-0.6174125700732589,,drop,False,39,False
anomaly_lockbox,d_1922,2016-05-03,WI_1,HOBBIES_2,WI,62.0,29.961362657804255,32.03863734219574,168,-4.134663515508507,8.693512559869298,12.88900172126222,9.0,13.343399999999999,2.8065246354984423,,spike,False,6,False
anomaly_lockbox,d_1922,2016-05-03,WI_1,HOUSEHOLD_1,WI,496.0,562.90995457479,-66.90995457479005,168,-12.713724599904822,45.27486841898042,67.12451991798036,102.0,151.2252,-0.80739839988588,,drop,False,36,False
anomaly_lockbox,d_1922,2016-05-03,WI_1,HOUSEHOLD_2,WI,156.0,160.44621006368718,-4.446210063687175,168,-2.9713364689985866,14.734345182319544,21.845140167306955,23.0,34.099799999999995,-0.06751495222245624,,drop,False,65,False
anomaly_lockbox,d_1922,2016-05-03,WI_2,FOODS_1,WI,598.0,384.1915564225405,213.8084435774595,168,-18.370180709413376,53.21885308094923,78.90227157781533,53.0,78.5778,2.9426101383899033,,spike,False,4,True
anomaly_lockbox,d_1922,2016-05-03,WI_2,FOODS_2,WI,1470.0,1311.1933115675715,158.80668843242847,168,22.7488264989434,92.92896624100149,137.7764853489088,208.5,309.1221,0.9875260033591984,,spike,False,27,False
anomaly_lockbox,d_1922,2016-05-03,WI_2,FOODS_3,WI,2768.0,2581.3482915075565,186.6517084924435,168,-14.49269494220357,131.23108380650547,194.563204851525,327.0,484.81019999999995,1.0338255046124694,,spike,False,23,False
anomaly_lockbox,d_1922,2016-05-03,WI_2,HOBBIES_1,WI,298.0,254.30754978414816,43.692450215851835,168,3.7437959882949627,27.857817006763696,41.30199949422785,33.5,49.6671,0.967232935856771,,spike,False,29,False
anomaly_lockbox,d_1922,2016-05-03,WI_2,HOBBIES_2,WI,23.0,37.18702165750787,-14.18702165750787,168,-5.035826698847519,7.1431782645639466,10.590476095042506,8.0,11.8608,-0.864096654062994,,drop,False,31,False
anomaly_lockbox,d_1922,2016-05-03,WI_2,HOUSEHOLD_1,WI,1267.0,1052.4486095333932,214.5513904666068,168,21.26622900931295,89.68038723788936,132.96014211889477,120.0,177.91199999999998,1.4537075425540356,,spike,False,13,False
anomaly_lockbox,d_1922,2016-05-03,WI_2,HOUSEHOLD_2,WI,143.0,143.69041070383201,-0.6904107038320149,168,1.3445780441335913,15.226545518600226,22.574876385876692,19.0,28.1694,-0.09014395973564387,,drop,False,63,False
anomaly_lockbox,d_1922,2016-05-03,WI_3,FOODS_1,WI,422.0,235.62774076797174,186.37225923202826,168,-12.280809838717076,31.015004139908868,45.98284513782888,38.5,57.080099999999995,4.320156103331646,,spike,True,1,True
anomaly_lockbox,d_1922,2016-05-03,WI_3,FOODS_2,WI,692.0,682.2857899446096,9.714210055390367,168,16.12530927846919,42.51952212980271,63.039443509645494,94.5,140.10569999999998,-0.10169980675825409,,drop,False,62,False
anomaly_lockbox,d_1922,2016-05-03,WI_3,FOODS_3,WI,2245.0,2109.132046196696,135.86795380330386,168,-0.057346979574504076,112.10466650885621,166.20637856603022,289.0,428.47139999999996,0.817810375002414,,spike,False,34,False
anomaly_lockbox,d_1922,2016-05-03,WI_3,HOBBIES_1,WI,218.0,241.2058005298219,-23.205800529821886,168,0.8866500185241506,31.867621374367985,47.246935449637974,40.5,60.0453,-0.5099262061986423,,drop,False,43,False
anomaly_lockbox,d_1922,2016-05-03,WI_3,HOBBIES_2,WI,44.0,34.94548407980589,9.054515920194113,168,-1.180317913410649,8.055002205937786,11.94234627052336,8.0,11.8608,0.8570203544396332,,spike,False,32,False
anomaly_lockbox,d_1922,2016-05-03,WI_3,HOUSEHOLD_1,WI,715.0,684.8782391897673,30.121760810232672,168,10.14740273920853,48.563542848588895,72.00030862731789,103.5,153.4491,0.2774204507152015,,spike,False,52,False
anomaly_lockbox,d_1922,2016-05-03,WI_3,HOUSEHOLD_2,WI,176.0,153.4435837921227,22.556416207877305,168,4.417184438691265,16.103898250120537,23.875639545628708,21.0,31.1346,0.7597380474152399,,spike,False,38,False
anomaly_lockbox,d_1923,2016-05-04,CA_1,FOODS_1,CA,272.0,270.770207792609,1.2297922073909717,168,-25.684189124220666,35.43211828588335,52.53165857065065,58.5,86.73209999999999,0.512338313008233,,spike,False,40,False
anomaly_lockbox,d_1923,2016-05-04,CA_1,FOODS_2,CA,531.0,504.4686490472824,26.531350952717617,168,-1.3018993399340673,43.31974067676376,64.22584752736994,82.0,121.5732,0.4333652472361771,,spike,False,46,False
anomaly_lockbox,d_1923,2016-05-04,CA_1,FOODS_3,CA,2037.0,2048.960218028254,-11.960218028254076,168,7.923849203863142,142.77086773808514,211.67208850848502,302.0,447.74519999999995,-0.0939380688886629,,drop,False,66,False
anomaly_lockbox,d_1923,2016-05-04,CA_1,HOBBIES_1,CA,522.0,432.2403619362371,89.7596380637629,168,17.289827805758932,46.976886497940626,69.64793192184676,61.5,91.17989999999999,1.040516326304185,,spike,False,22,False
anomaly_lockbox,d_1923,2016-05-04,CA_1,HOBBIES_2,CA,43.0,39.92880772210643,3.071192277893573,168,-2.920935617483586,8.814043308989756,13.067700609908211,10.0,14.825999999999999,0.45854493259769047,,spike,False,42,False
anomaly_lockbox,d_1923,2016-05-04,CA_1,HOUSEHOLD_1,CA,637.0,637.7800617519696,-0.7800617519695834,168,7.055601395861743,48.47646137804338,71.87120163908712,106.5,157.8969,-0.10902368360528293,,drop,False,64,False
anomaly_lockbox,d_1923,2016-05-04,CA_1,HOUSEHOLD_2,CA,192.0,200.99968490090578,-8.999684900905777,168,-5.473172481554656,17.069525722806446,25.307278836632836,36.0,53.373599999999996,-0.1393477521671124,,drop,False,61,False
anomaly_lockbox,d_1923,2016-05-04,CA_2,FOODS_1,CA,537.0,396.1085486010616,140.8914513989384,168,-7.615755540324386,39.40764758403104,58.42577830808442,77.5,114.9015,2.541809647039203,,spike,False,5,True
anomaly_lockbox,d_1923,2016-05-04,CA_2,FOODS_2,CA,557.0,454.07751857822285,102.92248142177715,168,-12.024618362151116,29.612275350817725,43.903159435122355,172.5,255.74849999999998,2.6181965321605314,,spike,False,4,True
anomaly_lockbox,d_1923,2016-05-04,CA_2,FOODS_3,CA,1921.0,1710.1870702538583,210.81292974614166,168,19.21992394083884,101.77879685519576,150.89724421751322,400.0,593.04,1.2696918807153832,,spike,False,17,False
anomaly_lockbox,d_1923,2016-05-04,CA_2,HOBBIES_1,CA,307.0,331.32604584566946,-24.326045845669455,168,-4.7627889331289595,36.89570009761081,54.70156496471779,64.5,95.62769999999999,-0.3576361467018117,,drop,False,49,False
anomaly_lockbox,d_1923,2016-05-04,CA_2,HOBBIES_2,CA,43.0,36.83791823409737,6.162081765902627,168,-2.8427111299485546,9.034327122200846,13.394293391374974,10.0,14.825999999999999,0.672285773704917,,spike,False,35,False
anomaly_lockbox,d_1923,2016-05-04,CA_2,HOUSEHOLD_1,CA,626.0,618.1369103941441,7.863089605855862,168,-3.6843276356884758,45.03992774790109,66.77619687903815,131.0,194.2206,0.17292714741544693,,spike,False,59,False
anomaly_lockbox,d_1923,2016-05-04,CA_2,HOUSEHOLD_2,CA,252.0,274.77829356325475,-22.77829356325475,168,-1.2395743605110283,20.142957831405752,29.863949280842167,47.5,70.42349999999999,-0.7212280934511528,,drop,False,33,False
anomaly_lockbox,d_1923,2016-05-04,CA_3,FOODS_1,CA,577.0,357.63465456019446,219.36534543980554,168,-24.065913311520916,50.320382425424214,74.60499898393394,56.0,83.0256,3.2629349516343935,,spike,True,2,True
anomaly_lockbox,d_1923,2016-05-04,CA_3,FOODS_2,CA,634.0,672.928140326463,-38.928140326462994,168,17.66760848163824,64.39833025478615,95.47696443574593,92.0,136.39919999999998,-0.5927686237468205,,drop,False,38,False
anomaly_lockbox,d_1923,2016-05-04,CA_3,FOODS_3,CA,2902.0,2667.278840308887,234.72115969111292,168,-83.63718827007233,197.78391267905567,293.23442893796795,316.5,469.24289999999996,1.0856786125497293,,spike,False,20,False
anomaly_lockbox,d_1923,2016-05-04,CA_3,HOBBIES_1,CA,482.0,489.2170511759716,-7.217051175971619,168,-22.757896521268464,49.849732808054966,73.90721386122229,67.0,99.3342,0.21027508051485122,,spike,False,57,False
anomaly_lockbox,d_1923,2016-05-04,CA_3,HOBBIES_2,CA,92.0,50.76378224376091,41.23621775623909,168,3.648252262186009,10.789659601607411,15.996749325343147,12.5,18.5325,2.3497252303943807,,spike,False,6,False
anomaly_lockbox,d_1923,2016-05-04,CA_3,HOUSEHOLD_1,CA,1255.0,1332.3196470034366,-77.31964700343656,168,20.42353241000751,83.62607990773597,123.98402607120934,182.0,269.8332,-0.7883530040983342,,drop,False,29,False
anomaly_lockbox,d_1923,2016-05-04,CA_3,HOUSEHOLD_2,CA,262.0,310.7918047211138,-48.791804721113806,168,4.913212594189503,22.67482903117721,33.61770152162333,43.0,63.751799999999996,-1.5975219864677412,,drop,False,15,False
anomaly_lockbox,d_1923,2016-05-04,CA_4,FOODS_1,CA,212.0,200.48393030896557,11.516069691034431,168,-12.005087574539175,24.10919695569271,35.74429540651001,28.5,42.2541,0.658039471699581,,spike,False,37,False
anomaly_lockbox,d_1923,2016-05-04,CA_4,FOODS_2,CA,345.0,384.35165614653806,-39.35165614653806,168,1.7637292652449332,27.477960584864036,40.73882436311942,42.5,63.01049999999999,-1.0092432968930853,,drop,False,23,False
anomaly_lockbox,d_1923,2016-05-04,CA_4,FOODS_3,CA,1150.0,1082.2175393414764,67.78246065852363,168,-24.262206743142144,80.156564099229,118.84012193351691,105.5,156.4143,0.7745251847954061,,spike,False,31,False
anomaly_lockbox,d_1923,2016-05-04,CA_4,HOBBIES_1,CA,299.0,330.15003132925506,-31.150031329255057,168,12.35415079699078,44.518135522568855,66.00258772576058,41.0,60.7866,-0.6591284315549087,,drop,False,36,False
anomaly_lockbox,d_1923,2016-05-04,CA_4,HOBBIES_2,CA,24.0,20.235920264167124,3.764079735832876,168,-6.139248050531476,5.7296688895483605,8.494807095644399,5.0,7.412999999999999,1.1658096146105723,,spike,False,19,False
anomaly_lockbox,d_1923,2016-05-04,CA_4,HOUSEHOLD_1,CA,393.0,387.07976370574494,5.920236294255062,168,-0.7421382851627243,24.6044575617087,36.47856878098931,41.0,60.7866,0.18263804754560056,,spike,False,58,False
anomaly_lockbox,d_1923,2016-05-04,CA_4,HOUSEHOLD_2,CA,162.0,136.26685172780816,25.73314827219184,168,-3.4546464898643805,11.026960703131124,16.348571938462204,16.0,23.7216,1.7853421615002365,,spike,False,10,False
anomaly_lockbox,d_1923,2016-05-04,TX_1,FOODS_1,TX,248.0,179.26578930290572,68.73421069709428,168,-9.015130283288116,31.94925731162617,47.36796889021696,29.5,43.7367,1.6413906443947228,,spike,False,14,False
anomaly_lockbox,d_1923,2016-05-04,TX_1,FOODS_2,TX,239.0,332.26839307061744,-93.26839307061744,168,-6.909115162940736,30.99554875467055,45.954000583674556,52.5,77.8365,-1.8792548376812348,,drop,False,9,False
anomaly_lockbox,d_1923,2016-05-04,TX_1,FOODS_3,TX,1292.0,1329.5653425847172,-37.5653425847172,168,-51.573091714937846,96.99760097751357,143.80864320926162,204.0,302.4504,0.09740547450849264,,spike,False,65,False
anomaly_lockbox,d_1923,2016-05-04,TX_1,HOBBIES_1,TX,225.0,231.45432916455835,-6.454329164558345,168,3.35228629162593,30.248602333520225,44.84657781967708,37.0,54.856199999999994,-0.21867031851606483,,drop,False,56,False
anomaly_lockbox,d_1923,2016-05-04,TX_1,HOBBIES_2,TX,34.0,31.40537177860185,2.5946282213981497,168,1.8294803153880679,10.735863390625315,15.916991062941092,9.5,14.0847,0.04807114001537299,,spike,False,70,False
anomaly_lockbox,d_1923,2016-05-04,TX_1,HOUSEHOLD_1,TX,625.0,630.1741118411782,-5.17411184117816,168,20.33032524814172,49.35642478068894,73.17583537984942,98.5,146.0361,-0.3485363297450389,,drop,False,51,False
anomaly_lockbox,d_1923,2016-05-04,TX_1,HOUSEHOLD_2,TX,176.0,170.15414860201886,5.845851397981136,168,0.2987811063512424,16.385507467327315,24.293153371059475,21.0,31.1346,0.22833883304084102,,spike,False,55,False
anomaly_lockbox,d_1923,2016-05-04,TX_2,FOODS_1,TX,234.0,210.92337397296757,23.076626027032432,168,-26.12703194291352,30.65065159994984,45.44265606208563,30.5,45.2193,1.0827636901927977,,spike,False,21,False
anomaly_lockbox,d_1923,2016-05-04,TX_2,FOODS_2,TX,379.0,369.5634221016717,9.436577898328323,168,-7.811833265177,33.80774934945228,50.12336918549795,63.0,93.40379999999999,0.3441191492868711,,spike,False,52,False
anomaly_lockbox,d_1923,2016-05-04,TX_2,FOODS_3,TX,1768.0,1629.595552325037,138.40444767496297,168,-41.65795526983845,124.96472773684309,185.27270534264355,241.5,358.04789999999997,0.9718776579194103,,spike,False,25,False
anomaly_lockbox,d_1923,2016-05-04,TX_2,HOBBIES_1,TX,307.0,295.1769290675258,11.823070932474195,168,5.762759951001044,36.12534962471969,53.55944335360941,45.5,67.4583,0.11315111961604699,,spike,False,63,False
anomaly_lockbox,d_1923,2016-05-04,TX_2,HOBBIES_2,TX,69.0,42.228683290659895,26.771316709340105,168,0.44935867804020546,12.068633475491076,17.892955990763067,11.0,16.3086,1.4710793479226216,,spike,False,16,False
anomaly_lockbox,d_1923,2016-05-04,TX_2,HOUSEHOLD_1,TX,672.0,663.375781385883,8.624218614117012,168,2.586436775464506,52.7841509083666,78.25778213674431,108.0,160.1208,0.07715247830691578,,spike,False,68,False
anomaly_lockbox,d_1923,2016-05-04,TX_2,HOUSEHOLD_2,TX,183.0,181.25180023836072,1.7481997616392846,168,3.9485061642942156,17.430686732382796,25.84273614943073,30.0,44.477999999999994,-0.08514216102861848,,drop,False,67,False
anomaly_lockbox,d_1923,2016-05-04,TX_3,FOODS_1,TX,291.0,249.67923903746308,41.32076096253692,168,-6.582356202483766,33.46832859706534,49.62014397800907,30.0,44.477999999999994,0.9653965773708891,,spike,False,26,False
anomaly_lockbox,d_1923,2016-05-04,TX_3,FOODS_2,TX,345.0,444.51797677364283,-99.51797677364283,168,1.2222230771089073,39.93788391101927,59.211906686477164,67.0,99.3342,-1.7013503784663435,,drop,False,12,False
anomaly_lockbox,d_1923,2016-05-04,TX_3,FOODS_3,TX,1599.0,1508.223861755442,90.77613824455807,168,14.023064556677582,115.01769419548702,170.52523341422906,199.0,295.0374,0.4500980420970121,,spike,False,44,False
anomaly_lockbox,d_1923,2016-05-04,TX_3,HOBBIES_1,TX,243.0,319.69280551198096,-76.69280551198096,168,15.203725840623378,29.80770011824157,44.19289619530495,42.0,62.2692,-2.0794412510662164,,drop,False,8,False
anomaly_lockbox,d_1923,2016-05-04,TX_3,HOBBIES_2,TX,94.0,49.56915668333414,44.43084331666586,168,5.158204388232139,11.504291330894542,17.056262327184246,14.0,20.7564,2.3025348798629257,,spike,False,7,False
anomaly_lockbox,d_1923,2016-05-04,TX_3,HOUSEHOLD_1,TX,715.0,671.3262781398395,43.673721860160526,168,14.740755402915227,65.66806597354093,97.35947461237178,100.5,149.0013,0.2971766905320655,,spike,False,53,False
anomaly_lockbox,d_1923,2016-05-04,TX_3,HOUSEHOLD_2,TX,171.0,156.77552303491007,14.224476965089934,168,7.101941028670069,13.696061250985842,20.30578041071161,19.5,28.9107,0.3507639594419439,,spike,False,50,False
anomaly_lockbox,d_1923,2016-05-04,WI_1,FOODS_1,WI,414.0,269.86539426764233,144.13460573235767,168,-14.300155016168702,35.22765573409737,52.228522391372756,45.0,66.717,3.033491155681192,,spike,True,3,True
anomaly_lockbox,d_1923,2016-05-04,WI_1,FOODS_2,WI,593.0,571.3836911908429,21.61630880915709,168,13.518371491533685,41.2053589013627,61.09106510716034,99.5,147.5187,0.13255518304385014,,spike,False,62,False
anomaly_lockbox,d_1923,2016-05-04,WI_1,FOODS_3,WI,1463.0,1434.792734398898,28.207265601102108,168,2.349864332053585,107.8399877465398,159.8835658330199,214.0,317.27639999999997,0.16172644845845896,,spike,False,60,False
anomaly_lockbox,d_1923,2016-05-04,WI_1,HOBBIES_1,WI,292.0,329.64368515922837,-37.64368515922837,168,-6.488511374065951,41.39425992717577,61.37112976803079,65.5,97.1103,-0.5076519513804298,,drop,False,41,False
anomaly_lockbox,d_1923,2016-05-04,WI_1,HOBBIES_2,WI,35.0,28.714909408201596,6.285090591798404,168,-4.134663515508507,8.693512559869298,12.88900172126222,9.0,13.343399999999999,0.8084221208627866,,spike,False,28,False
anomaly_lockbox,d_1923,2016-05-04,WI_1,HOUSEHOLD_1,WI,509.0,491.2150119665027,17.784988033497314,168,-12.713724599904822,45.27486841898042,67.12451991798036,102.0,151.2252,0.4543602348392003,,spike,False,43,False
anomaly_lockbox,d_1923,2016-05-04,WI_1,HOUSEHOLD_2,WI,138.0,157.90217881966007,-19.902178819660065,168,-2.9713364689985866,14.734345182319544,21.845140167306955,23.0,34.099799999999995,-0.7750393094753346,,drop,False,30,False
anomaly_lockbox,d_1923,2016-05-04,WI_2,FOODS_1,WI,410.0,349.28281925449096,60.71718074550904,168,-18.370180709413376,53.21885308094923,78.90227157781533,53.0,78.5778,1.0023458117669597,,spike,False,24,False
anomaly_lockbox,d_1923,2016-05-04,WI_2,FOODS_2,WI,1140.0,1004.0786613990573,135.9213386009427,168,22.7488264989434,92.92896624100149,137.7764853489088,208.5,309.1221,0.8214210996557086,,spike,False,27,False
anomaly_lockbox,d_1923,2016-05-04,WI_2,FOODS_3,WI,2303.0,2073.079365102233,229.92063489776683,168,-14.49269494220357,131.23108380650547,194.563204851525,327.0,484.81019999999995,1.2562155831390986,,spike,False,18,False
anomaly_lockbox,d_1923,2016-05-04,WI_2,HOBBIES_1,WI,269.0,233.66099495697577,35.33900504302423,168,3.7437959882949627,27.857817006763696,41.30199949422785,33.5,49.6671,0.7649801327208104,,spike,False,32,False
anomaly_lockbox,d_1923,2016-05-04,WI_2,HOBBIES_2,WI,35.0,32.58884618215324,2.4111538178467598,168,-5.035826698847519,7.1431782645639466,10.590476095042506,8.0,11.8608,0.703177123470424,,spike,False,34,False
anomaly_lockbox,d_1923,2016-05-04,WI_2,HOUSEHOLD_1,WI,872.0,841.8326544329182,30.16734556708184,168,21.26622900931295,89.68038723788936,132.96014211889477,120.0,177.91199999999998,0.06694575092894672,,spike,False,69,False
anomaly_lockbox,d_1923,2016-05-04,WI_2,HOUSEHOLD_2,WI,146.0,136.23111414025016,9.768885859749844,168,1.3445780441335913,15.226545518600226,22.574876385876692,19.0,28.1694,0.37317182480284466,,spike,False,48,False
anomaly_lockbox,d_1923,2016-05-04,WI_3,FOODS_1,WI,407.0,218.34809947250972,188.65190052749028,168,-12.280809838717076,31.015004139908868,45.98284513782888,38.5,57.080099999999995,4.369732011230103,,spike,True,1,True
anomaly_lockbox,d_1923,2016-05-04,WI_3,FOODS_2,WI,647.0,522.4645240072333,124.53547599276669,168,16.12530927846919,42.51952212980271,63.039443509645494,94.5,140.10569999999998,1.7197196021838288,,spike,False,11,False
anomaly_lockbox,d_1923,2016-05-04,WI_3,FOODS_3,WI,1752.0,1658.200358265918,93.79964173408189,168,-0.057346979574504076,112.10466650885621,166.20637856603022,289.0,428.47139999999996,0.5647014845243682,,spike,False,39,False
anomaly_lockbox,d_1923,2016-05-04,WI_3,HOBBIES_1,WI,244.0,222.56397482103412,21.436025178965878,168,0.8866500185241506,31.867621374367985,47.246935449637974,40.5,60.0453,0.43493561994821794,,spike,False,45,False
anomaly_lockbox,d_1923,2016-05-04,WI_3,HOBBIES_2,WI,49.0,30.34730860445122,18.65269139554878,168,-1.180317913410649,8.055002205937786,11.94234627052336,8.0,11.8608,1.6607297142197388,,spike,False,13,False
anomaly_lockbox,d_1923,2016-05-04,WI_3,HOUSEHOLD_1,WI,548.0,558.1183928791572,-10.118392879157227,168,10.14740273920853,48.563542848588895,72.00030862731789,103.5,153.4491,-0.2814681770777388,,drop,False,54,False
anomaly_lockbox,d_1923,2016-05-04,WI_3,HOUSEHOLD_2,WI,160.0,145.98428722854078,14.01571277145922,168,4.417184438691265,16.103898250120537,23.875639545628708,21.0,31.1346,0.4020218312654712,,spike,False,47,False
anomaly_lockbox,d_1924,2016-05-05,CA_1,FOODS_1,CA,311.0,264.92798138013563,46.072018619864366,168,-25.684189124220666,35.43211828588335,52.53165857065065,58.5,86.73209999999999,1.3659612069468354,,spike,False,22,False
anomaly_lockbox,d_1924,2016-05-05,CA_1,FOODS_2,CA,450.0,492.5114375142968,-42.5114375142968,168,-1.3018993399340673,43.31974067676376,64.22584752736994,82.0,121.5732,-0.6416347897441327,,drop,False,37,False
anomaly_lockbox,d_1924,2016-05-05,CA_1,FOODS_3,CA,1974.0,2013.1147125672874,-39.11471256728737,168,7.923849203863142,142.77086773808514,211.67208850848502,302.0,447.74519999999995,-0.2222237334293838,,drop,False,58,False
anomaly_lockbox,d_1924,2016-05-05,CA_1,HOBBIES_1,CA,405.0,416.60918888785926,-11.609188887859261,168,17.289827805758932,46.976886497940626,69.64793192184676,61.5,91.17989999999999,-0.41493000432584726,,drop,False,54,False
anomaly_lockbox,d_1924,2016-05-05,CA_1,HOBBIES_2,CA,34.0,35.021173721343985,-1.0211737213439847,168,-2.920935617483586,8.814043308989756,13.067700609908211,10.0,14.825999999999999,0.1453784374811251,,spike,False,66,False
anomaly_lockbox,d_1924,2016-05-05,CA_1,HOUSEHOLD_1,CA,578.0,613.4245574315636,-35.424557431563585,168,7.055601395861743,48.47646137804338,71.87120163908712,106.5,157.8969,-0.5910595323109571,,drop,False,40,False
anomaly_lockbox,d_1924,2016-05-05,CA_1,HOUSEHOLD_2,CA,166.0,196.12865149456064,-30.128651494560643,168,-5.473172481554656,17.069525722806446,25.307278836632836,36.0,53.373599999999996,-0.9742445709855081,,drop,False,28,False
anomaly_lockbox,d_1924,2016-05-05,CA_2,FOODS_1,CA,557.0,396.2118756350639,160.7881243649361,168,-7.615755540324386,39.40764758403104,58.42577830808442,77.5,114.9015,2.882355781676567,,spike,False,4,True
anomaly_lockbox,d_1924,2016-05-05,CA_2,FOODS_2,CA,433.0,454.27630469981415,-21.276304699814148,168,-12.024618362151116,29.612275350817725,43.903159435122355,172.5,255.74849999999998,-0.21072939753537917,,drop,False,61,False
anomaly_lockbox,d_1924,2016-05-05,CA_2,FOODS_3,CA,1659.0,1710.6653824430766,-51.66538244307662,168,19.21992394083884,101.77879685519576,150.89724421751322,400.0,593.04,-0.46975878685853745,,drop,False,50,False
anomaly_lockbox,d_1924,2016-05-05,CA_2,HOBBIES_1,CA,368.0,329.2204814663349,38.77951853366511,168,-4.7627889331289595,36.89570009761081,54.70156496471779,64.5,95.62769999999999,0.7959974727391916,,spike,False,33,False
anomaly_lockbox,d_1924,2016-05-05,CA_2,HOBBIES_2,CA,64.0,38.08354124260858,25.916458757391418,168,-2.8427111299485546,9.034327122200846,13.394293391374974,10.0,14.825999999999999,2.1471210945594894,,spike,False,10,False
anomaly_lockbox,d_1924,2016-05-05,CA_2,HOUSEHOLD_1,CA,694.0,616.6843862193333,77.3156137806667,168,-3.6843276356884758,45.03992774790109,66.77619687903815,131.0,194.2206,1.2130062088304108,,spike,False,24,False
anomaly_lockbox,d_1924,2016-05-05,CA_2,HOUSEHOLD_2,CA,245.0,274.610903462651,-29.61090346265098,168,-1.2395743605110283,20.142957831405752,29.863949280842167,47.5,70.42349999999999,-0.9500193305089848,,drop,False,30,False
anomaly_lockbox,d_1924,2016-05-05,CA_3,FOODS_1,CA,453.0,350.6517572410229,102.34824275897711,168,-24.065913311520916,50.320382425424214,74.60499898393394,56.0,83.0256,1.694446187147876,,spike,False,14,False
anomaly_lockbox,d_1924,2016-05-05,CA_3,FOODS_2,CA,738.0,664.7211216517395,73.27887834826049,168,17.66760848163824,64.39833025478615,95.47696443574593,92.0,136.39919999999998,0.5824574565737007,,spike,False,41,False
anomaly_lockbox,d_1924,2016-05-05,CA_3,FOODS_3,CA,2432.0,2664.3009823914504,-232.30098239145036,168,-83.63718827007233,197.78391267905567,293.23442893796795,316.5,469.24289999999996,-0.5069793293366209,,drop,False,45,False
anomaly_lockbox,d_1924,2016-05-05,CA_3,HOBBIES_1,CA,483.0,473.8662383255982,9.133761674401796,168,-22.757896521268464,49.849732808054966,73.90721386122229,67.0,99.3342,0.4315094092919556,,spike,False,53,False
anomaly_lockbox,d_1924,2016-05-05,CA_3,HOBBIES_2,CA,83.0,47.233516814156054,35.766483185843946,168,3.648252262186009,10.789659601607411,15.996749325343147,12.5,18.5325,2.0077973512264786,,spike,False,13,False
anomaly_lockbox,d_1924,2016-05-05,CA_3,HOUSEHOLD_1,CA,1265.0,1184.449538525004,80.55046147499593,168,20.42353241000751,83.62607990773597,123.98402607120934,182.0,269.8332,0.48495706237555913,,spike,False,48,False
anomaly_lockbox,d_1924,2016-05-05,CA_3,HOUSEHOLD_2,CA,339.0,301.6673706050262,37.33262939497382,168,4.913212594189503,22.67482903117721,33.61770152162333,43.0,63.751799999999996,0.9643555428657649,,spike,False,29,False
anomaly_lockbox,d_1924,2016-05-05,CA_4,FOODS_1,CA,266.0,198.33025803601655,67.66974196398345,168,-12.005087574539175,24.10919695569271,35.74429540651001,28.5,42.2541,2.2290222434769738,,spike,False,8,False
anomaly_lockbox,d_1924,2016-05-05,CA_4,FOODS_2,CA,367.0,368.25374169321026,-1.2537416932102587,168,1.7637292652449332,27.477960584864036,40.73882436311942,42.5,63.01049999999999,-0.07406868032222569,,drop,False,69,False
anomaly_lockbox,d_1924,2016-05-05,CA_4,FOODS_3,CA,1002.0,1054.760909881581,-52.76090988158103,168,-24.262206743142144,80.156564099229,118.84012193351691,105.5,156.4143,-0.2398070842975237,,drop,False,57,False
anomaly_lockbox,d_1924,2016-05-05,CA_4,HOBBIES_1,CA,340.0,320.2102903001342,19.789709699865796,168,12.35415079699078,44.518135522568855,66.00258772576058,41.0,60.7866,0.11265556638126999,,spike,False,67,False
anomaly_lockbox,d_1924,2016-05-05,CA_4,HOBBIES_2,CA,25.0,17.0238755952182,7.9761244047818,168,-6.139248050531476,5.7296688895483605,8.494807095644399,5.0,7.412999999999999,1.6616472035663703,,spike,False,15,False
anomaly_lockbox,d_1924,2016-05-05,CA_4,HOUSEHOLD_1,CA,323.0,374.69125302321885,-51.69125302321885,168,-0.7421382851627243,24.6044575617087,36.47856878098931,41.0,60.7866,-1.39668623086463,,drop,False,21,False
anomaly_lockbox,d_1924,2016-05-05,CA_4,HOUSEHOLD_2,CA,143.0,134.12243219365618,8.87756780634382,168,-3.4546464898643805,11.026960703131124,16.348571938462204,16.0,23.7216,0.754329756912591,,spike,False,34,False
anomaly_lockbox,d_1924,2016-05-05,TX_1,FOODS_1,TX,272.0,184.50464787029938,87.49535212970062,168,-9.015130283288116,31.94925731162617,47.36796889021696,29.5,43.7367,2.0374629665178934,,spike,False,12,False
anomaly_lockbox,d_1924,2016-05-05,TX_1,FOODS_2,TX,300.0,375.8374564706774,-75.83745647067741,168,-6.909115162940736,30.99554875467055,45.954000583674556,52.5,77.8365,-1.4999421254354053,,drop,False,19,False
anomaly_lockbox,d_1924,2016-05-05,TX_1,FOODS_3,TX,1562.0,1428.6554165021585,133.34458349784154,168,-51.573091714937846,96.99760097751357,143.80864320926162,204.0,302.4504,1.285859257733893,,spike,False,23,False
anomaly_lockbox,d_1924,2016-05-05,TX_1,HOBBIES_1,TX,198.0,236.8827278620433,-38.88272786204331,168,3.35228629162593,30.248602333520225,44.84657781967708,37.0,54.856199999999994,-0.9417667123563221,,drop,False,31,False
anomaly_lockbox,d_1924,2016-05-05,TX_1,HOBBIES_2,TX,46.0,34.16631434415655,11.833685655843453,168,1.8294803153880679,10.735863390625315,15.916991062941092,9.5,14.0847,0.6285236512915928,,spike,False,38,False
anomaly_lockbox,d_1924,2016-05-05,TX_1,HOUSEHOLD_1,TX,606.0,630.244031523564,-24.24403152356399,168,20.33032524814172,49.35642478068894,73.17583537984942,98.5,146.0361,-0.609140388221386,,drop,False,39,False
anomaly_lockbox,d_1924,2016-05-05,TX_1,HOUSEHOLD_2,TX,186.0,174.27035430879505,11.72964569120495,168,0.2987811063512424,16.385507467327315,24.293153371059475,21.0,31.1346,0.47053852623642267,,spike,False,49,False
anomaly_lockbox,d_1924,2016-05-05,TX_2,FOODS_1,TX,341.0,216.4706141847417,124.52938581525831,168,-26.12703194291352,30.65065159994984,45.44265606208563,30.5,45.2193,3.315308364729799,,spike,True,3,True
anomaly_lockbox,d_1924,2016-05-05,TX_2,FOODS_2,TX,345.0,426.0684175695153,-81.0684175695153,168,-7.811833265177,33.80774934945228,50.12336918549795,63.0,93.40379999999999,-1.4615255417733057,,drop,False,20,False
anomaly_lockbox,d_1924,2016-05-05,TX_2,FOODS_3,TX,1819.0,1755.1910909411852,63.808909058814834,168,-41.65795526983845,124.96472773684309,185.27270534264355,241.5,358.04789999999997,0.5692520338255047,,spike,False,42,False
anomaly_lockbox,d_1924,2016-05-05,TX_2,HOBBIES_1,TX,296.0,301.73108820465524,-5.7310882046552365,168,5.762759951001044,36.12534962471969,53.55944335360941,45.5,67.4583,-0.214599843388434,,drop,False,60,False
anomaly_lockbox,d_1924,2016-05-05,TX_2,HOBBIES_2,TX,89.0,44.78310335770627,44.21689664229373,168,0.44935867804020546,12.068633475491076,17.892955990763067,11.0,16.3086,2.4460764329185056,,spike,False,5,True
anomaly_lockbox,d_1924,2016-05-05,TX_2,HOUSEHOLD_1,TX,647.0,656.787034727884,-9.78703472788402,168,2.586436775464506,52.7841509083666,78.25778213674431,108.0,160.1208,-0.1581117067913789,,drop,False,65,False
anomaly_lockbox,d_1924,2016-05-05,TX_2,HOUSEHOLD_2,TX,171.0,185.16148344662864,-14.161483446628637,168,3.9485061642942156,17.430686732382796,25.84273614943073,30.0,44.477999999999994,-0.7007767871871331,,drop,False,35,False
anomaly_lockbox,d_1924,2016-05-05,TX_3,FOODS_1,TX,359.0,253.63049448674775,105.36950551325225,168,-6.582356202483766,33.46832859706534,49.62014397800907,30.0,44.477999999999994,2.25617768794366,,spike,False,7,False
anomaly_lockbox,d_1924,2016-05-05,TX_3,FOODS_2,TX,523.0,492.7075818050477,30.29241819495229,168,1.2222230771089073,39.93788391101927,59.211906686477164,67.0,99.3342,0.49095184979885886,,spike,False,47,False
anomaly_lockbox,d_1924,2016-05-05,TX_3,FOODS_3,TX,1736.0,1636.9994321908687,99.00056780913133,168,14.023064556677582,115.01769419548702,170.52523341422906,199.0,295.0374,0.49832802777071583,,spike,False,46,False
anomaly_lockbox,d_1924,2016-05-05,TX_3,HOBBIES_1,TX,317.0,321.9077370892502,-4.90773708925019,168,15.203725840623378,29.80770011824157,44.19289619530495,42.0,62.2692,-0.45508361436628836,,drop,False,51,False
anomaly_lockbox,d_1924,2016-05-05,TX_3,HOBBIES_2,TX,90.0,49.61031446726556,40.38968553273444,168,5.158204388232139,11.504291330894542,17.056262327184246,14.0,20.7564,2.065603850871267,,spike,False,11,False
anomaly_lockbox,d_1924,2016-05-05,TX_3,HOUSEHOLD_1,TX,754.0,659.110050048947,94.88994995105304,168,14.740755402915227,65.66806597354093,97.35947461237178,100.5,149.0013,0.8232295302254332,,spike,False,32,False
anomaly_lockbox,d_1924,2016-05-05,TX_3,HOUSEHOLD_2,TX,176.0,157.52316923945864,18.47683076054136,168,7.101941028670069,13.696061250985842,20.30578041071161,19.5,28.9107,0.5601798848307679,,spike,False,43,False
anomaly_lockbox,d_1924,2016-05-05,WI_1,FOODS_1,WI,375.0,268.2422789140439,106.75772108595612,168,-14.300155016168702,35.22765573409737,52.228522391372756,45.0,66.717,2.317849913405199,,spike,False,6,False
anomaly_lockbox,d_1924,2016-05-05,WI_1,FOODS_2,WI,643.0,598.1274686938524,44.87253130614761,168,13.518371491533685,41.2053589013627,61.09106510716034,99.5,147.5187,0.5132364243382455,,spike,False,44,False
anomaly_lockbox,d_1924,2016-05-05,WI_1,FOODS_3,WI,1596.0,1490.0262671318683,105.97373286813172,168,2.349864332053585,107.8399877465398,159.8835658330199,214.0,317.27639999999997,0.6481208246524938,,spike,False,36,False
anomaly_lockbox,d_1924,2016-05-05,WI_1,HOBBIES_1,WI,336.0,322.54506306303585,13.454936936964145,168,-6.488511374065951,41.39425992717577,61.37112976803079,65.5,97.1103,0.324964659872026,,spike,False,55,False
anomaly_lockbox,d_1924,2016-05-05,WI_1,HOBBIES_2,WI,49.0,24.438588753060596,24.561411246939404,168,-4.134663515508507,8.693512559869298,12.88900172126222,9.0,13.343399999999999,2.2264001032065734,,spike,False,9,False
anomaly_lockbox,d_1924,2016-05-05,WI_1,HOUSEHOLD_1,WI,552.0,494.7008898792827,57.29911012071727,168,-12.713724599904822,45.27486841898042,67.12451991798036,102.0,151.2252,1.0430292061108366,,spike,False,27,False
anomaly_lockbox,d_1924,2016-05-05,WI_1,HOUSEHOLD_2,WI,179.0,156.32852807949138,22.671471920508623,168,-2.9713364689985866,14.734345182319544,21.845140167306955,23.0,34.099799999999995,1.1738449922094698,,spike,False,25,False
anomaly_lockbox,d_1924,2016-05-05,WI_2,FOODS_1,WI,458.0,355.4596430401225,102.5403569598775,168,-18.370180709413376,53.21885308094923,78.90227157781533,53.0,78.5778,1.53240882995423,,spike,False,17,False
anomaly_lockbox,d_1924,2016-05-05,WI_2,FOODS_2,WI,1434.0,1252.9586153017701,181.04138469822988,168,22.7488264989434,92.92896624100149,137.7764853489088,208.5,309.1221,1.1489083772054587,,spike,False,26,False
anomaly_lockbox,d_1924,2016-05-05,WI_2,FOODS_3,WI,2742.0,2460.8779926367806,281.1220073632194,168,-14.49269494220357,131.23108380650547,194.563204851525,327.0,484.81019999999995,1.5193761972157702,,spike,False,18,False
anomaly_lockbox,d_1924,2016-05-05,WI_2,HOBBIES_1,WI,223.0,229.59026521017466,-6.590265210174664,168,3.7437959882949627,27.857817006763696,41.30199949422785,33.5,49.6671,-0.25020728596720504,,drop,False,56,False
anomaly_lockbox,d_1924,2016-05-05,WI_2,HOBBIES_2,WI,83.0,28.393731930712594,54.60626806928741,168,-5.035826698847519,7.1431782645639466,10.590476095042506,8.0,11.8608,5.631672668243301,,spike,True,1,True
anomaly_lockbox,d_1924,2016-05-05,WI_2,HOUSEHOLD_1,WI,865.0,858.0320044648912,6.967995535108798,168,21.26622900931295,89.68038723788936,132.96014211889477,120.0,177.91199999999998,-0.10753774211085362,,drop,False,68,False
anomaly_lockbox,d_1924,2016-05-05,WI_2,HOUSEHOLD_2,WI,140.0,134.73866980378185,5.261330196218154,168,1.3445780441335913,15.226545518600226,22.574876385876692,19.0,28.1694,0.1735004916587257,,spike,False,63,False
anomaly_lockbox,d_1924,2016-05-05,WI_3,FOODS_1,WI,367.0,220.9002760531859,146.0997239468141,168,-12.280809838717076,31.015004139908868,45.98284513782888,38.5,57.080099999999995,3.4443395860086885,,spike,True,2,True
anomaly_lockbox,d_1924,2016-05-05,WI_3,FOODS_2,WI,673.0,642.934434794982,30.065565205017947,168,16.12530927846919,42.51952212980271,63.039443509645494,94.5,140.10569999999998,0.2211354534628117,,spike,False,59,False
anomaly_lockbox,d_1924,2016-05-05,WI_3,FOODS_3,WI,2006.0,2015.4146032407384,-9.414603240738415,168,-0.057346979574504076,112.10466650885621,166.20637856603022,289.0,428.47139999999996,-0.05629902018138536,,drop,False,70,False
anomaly_lockbox,d_1924,2016-05-05,WI_3,HOBBIES_1,WI,229.0,219.15498539813785,9.845014601862147,168,0.8866500185241506,31.867621374367985,47.246935449637974,40.5,60.0453,0.18960731522760887,,spike,False,62,False
anomaly_lockbox,d_1924,2016-05-05,WI_3,HOBBIES_2,WI,44.0,25.71411221822435,18.28588778177565,168,-1.180317913410649,8.055002205937786,11.94234627052336,8.0,11.8608,1.6300151791138116,,spike,False,16,False
anomaly_lockbox,d_1924,2016-05-05,WI_3,HOUSEHOLD_1,WI,580.0,557.9288991433643,22.071100856635667,168,10.14740273920853,48.563542848588895,72.00030862731789,103.5,153.4491,0.1656062084281556,,spike,False,64,False
anomaly_lockbox,d_1924,2016-05-05,WI_3,HOUSEHOLD_2,WI,159.0,144.05376075728626,14.946239242713744,168,4.417184438691265,16.103898250120537,23.875639545628708,21.0,31.1346,0.4409957179953406,,spike,False,52,False
anomaly_lockbox,d_1925,2016-05-06,CA_1,FOODS_1,CA,424.0,320.4742263861575,103.52577361384249,168,-25.684189124220666,35.43211828588335,52.53165857065065,58.5,86.73209999999999,2.4596589229004953,,spike,False,3,True
anomaly_lockbox,d_1925,2016-05-06,CA_1,FOODS_2,CA,560.0,551.7927028540367,8.207297145963253,168,-1.3018993399340673,43.31974067676376,64.22584752736994,82.0,121.5732,0.14805871548592586,,spike,False,63,False
anomaly_lockbox,d_1925,2016-05-06,CA_1,FOODS_3,CA,2319.0,2342.3196471811348,-23.31964718113477,168,7.923849203863142,142.77086773808514,211.67208850848502,302.0,447.74519999999995,-0.14760328867707798,,drop,False,64,False
anomaly_lockbox,d_1925,2016-05-06,CA_1,HOBBIES_1,CA,529.0,497.0984187325691,31.901581267430913,168,17.289827805758932,46.976886497940626,69.64793192184676,61.5,91.17989999999999,0.20979450585938575,,spike,False,59,False
anomaly_lockbox,d_1925,2016-05-06,CA_1,HOBBIES_2,CA,41.0,43.1254279033636,-2.125427903363601,168,-2.920935617483586,8.814043308989756,13.067700609908211,10.0,14.825999999999999,0.06087587540204388,,spike,False,68,False
anomaly_lockbox,d_1925,2016-05-06,CA_1,HOUSEHOLD_1,CA,702.0,734.1624662459546,-32.16246624595465,168,7.055601395861743,48.47646137804338,71.87120163908712,106.5,157.8969,-0.5456715172059634,,drop,False,38,False
anomaly_lockbox,d_1925,2016-05-06,CA_1,HOUSEHOLD_2,CA,229.0,241.6922382813099,-12.692238281309898,168,-5.473172481554656,17.069525722806446,25.307278836632836,36.0,53.373599999999996,-0.2852565005647896,,drop,False,56,False
anomaly_lockbox,d_1925,2016-05-06,CA_2,FOODS_1,CA,494.0,474.35173120086466,19.648268799135337,168,-7.615755540324386,39.40764758403104,58.42577830808442,77.5,114.9015,0.4666437509089576,,spike,False,48,False
anomaly_lockbox,d_1925,2016-05-06,CA_2,FOODS_2,CA,556.0,515.6545076109863,40.34549238901366,168,-12.024618362151116,29.612275350817725,43.903159435122355,172.5,255.74849999999998,1.1928551709030055,,spike,False,18,False
anomaly_lockbox,d_1925,2016-05-06,CA_2,FOODS_3,CA,1935.0,2022.2364280623106,-87.23642806231055,168,19.21992394083884,101.77879685519576,150.89724421751322,400.0,593.04,-0.7054890402749582,,drop,False,35,False
anomaly_lockbox,d_1925,2016-05-06,CA_2,HOBBIES_1,CA,406.0,383.32464815398623,22.67535184601377,168,-4.7627889331289595,36.89570009761081,54.70156496471779,64.5,95.62769999999999,0.5015969981268393,,spike,False,44,False
anomaly_lockbox,d_1925,2016-05-06,CA_2,HOBBIES_2,CA,65.0,41.496006948056134,23.503993051943866,168,-2.8427111299485546,9.034327122200846,13.394293391374974,10.0,14.825999999999999,1.9670096370188463,,spike,False,7,False
anomaly_lockbox,d_1925,2016-05-06,CA_2,HOUSEHOLD_1,CA,709.0,761.7340330012368,-52.73403300123675,168,-3.6843276356884758,45.03992774790109,66.77619687903815,131.0,194.2206,-0.7345387676749463,,drop,False,34,False
anomaly_lockbox,d_1925,2016-05-06,CA_2,HOUSEHOLD_2,CA,327.0,325.8312502307495,1.1687497692504962,168,-1.2395743605110283,20.142957831405752,29.863949280842167,47.5,70.42349999999999,0.08064318979092538,,spike,False,67,False
anomaly_lockbox,d_1925,2016-05-06,CA_3,FOODS_1,CA,486.0,389.52557705525487,96.47442294474513,168,-24.065913311520916,50.320382425424214,74.60499898393394,56.0,83.0256,1.6157139320144513,,spike,False,11,False
anomaly_lockbox,d_1925,2016-05-06,CA_3,FOODS_2,CA,629.0,724.1332841161178,-95.1332841161178,168,17.66760848163824,64.39833025478615,95.47696443574593,92.0,136.39919999999998,-1.1814461557758131,,drop,False,20,False
anomaly_lockbox,d_1925,2016-05-06,CA_3,FOODS_3,CA,2528.0,2812.217640524288,-284.2176405242881,168,-83.63718827007233,197.78391267905567,293.23442893796795,316.5,469.24289999999996,-0.6840276327055967,,drop,False,36,False
anomaly_lockbox,d_1925,2016-05-06,CA_3,HOBBIES_1,CA,443.0,525.4178170436414,-82.41781704364143,168,-22.757896521268464,49.849732808054966,73.90721386122229,67.0,99.3342,-0.8072272976545717,,drop,False,30,False
anomaly_lockbox,d_1925,2016-05-06,CA_3,HOBBIES_2,CA,53.0,52.38103933175153,0.6189606682484694,168,3.648252262186009,10.789659601607411,15.996749325343147,12.5,18.5325,-0.1893691982244373,,drop,False,60,False
anomaly_lockbox,d_1925,2016-05-06,CA_3,HOUSEHOLD_1,CA,1368.0,1443.1775267274397,-75.17752672743973,168,20.42353241000751,83.62607990773597,123.98402607120934,182.0,269.8332,-0.7710756148742859,,drop,False,32,False
anomaly_lockbox,d_1925,2016-05-06,CA_3,HOUSEHOLD_2,CA,335.0,337.7648603781088,-2.7648603781087786,168,4.913212594189503,22.67482903117721,33.61770152162333,43.0,63.751799999999996,-0.22839375164776352,,drop,False,58,False
anomaly_lockbox,d_1925,2016-05-06,CA_4,FOODS_1,CA,303.0,228.83709289823696,74.16290710176304,168,-12.005087574539175,24.10919695569271,35.74429540651001,28.5,42.2541,2.410678227010419,,spike,False,4,True
anomaly_lockbox,d_1925,2016-05-06,CA_4,FOODS_2,CA,337.0,387.6447932944965,-50.64479329449648,168,1.7637292652449332,27.477960584864036,40.73882436311942,42.5,63.01049999999999,-1.2864515208540601,,drop,False,16,False
anomaly_lockbox,d_1925,2016-05-06,CA_4,FOODS_3,CA,1046.0,1196.9350785539855,-150.93507855398548,168,-24.262206743142144,80.156564099229,118.84012193351691,105.5,156.4143,-1.0659099784642456,,drop,False,24,False
anomaly_lockbox,d_1925,2016-05-06,CA_4,HOBBIES_1,CA,301.0,357.50838179449977,-56.50838179449977,168,12.35415079699078,44.518135522568855,66.00258772576058,41.0,60.7866,-1.0433307990531067,,drop,False,25,False
anomaly_lockbox,d_1925,2016-05-06,CA_4,HOBBIES_2,CA,17.0,20.400549747783387,-3.400549747783387,168,-6.139248050531476,5.7296688895483605,8.494807095644399,5.0,7.412999999999999,0.3223967621527652,,spike,False,52,False
anomaly_lockbox,d_1925,2016-05-06,CA_4,HOUSEHOLD_1,CA,358.0,428.399568263714,-70.399568263714,168,-0.7421382851627243,24.6044575617087,36.47856878098931,41.0,60.7866,-1.909543940628861,,drop,False,8,False
anomaly_lockbox,d_1925,2016-05-06,CA_4,HOUSEHOLD_2,CA,138.0,149.83396175847923,-11.833961758479234,168,-3.4546464898643805,11.026960703131124,16.348571938462204,16.0,23.7216,-0.5125411136921013,,drop,False,42,False
anomaly_lockbox,d_1925,2016-05-06,TX_1,FOODS_1,TX,333.0,208.68033222526938,124.31966777473062,168,-9.015130283288116,31.94925731162617,47.36796889021696,29.5,43.7367,2.8148726065718384,,spike,False,2,True
anomaly_lockbox,d_1925,2016-05-06,TX_1,FOODS_2,TX,372.0,386.67569252352587,-14.675692523525868,168,-6.909115162940736,30.99554875467055,45.954000583674556,52.5,77.8365,-0.16900764377289615,,drop,False,62,False
anomaly_lockbox,d_1925,2016-05-06,TX_1,FOODS_3,TX,1599.0,1590.7869436319386,8.213056368061416,168,-51.573091714937846,96.99760097751357,143.80864320926162,204.0,302.4504,0.4157340389895904,,spike,False,50,False
anomaly_lockbox,d_1925,2016-05-06,TX_1,HOBBIES_1,TX,226.0,274.1642747510312,-48.1642747510312,168,3.35228629162593,30.248602333520225,44.84657781967708,37.0,54.856199999999994,-1.1487289230808042,,drop,False,21,False
anomaly_lockbox,d_1925,2016-05-06,TX_1,HOBBIES_2,TX,26.0,31.983302428558414,-5.983302428558414,168,1.8294803153880679,10.735863390625315,15.916991062941092,9.5,14.0847,-0.4908454564717749,,drop,False,45,False
anomaly_lockbox,d_1925,2016-05-06,TX_1,HOUSEHOLD_1,TX,682.0,696.1645181796816,-14.164518179681636,168,20.33032524814172,49.35642478068894,73.17583537984942,98.5,146.0361,-0.4713966468406355,,drop,False,47,False
anomaly_lockbox,d_1925,2016-05-06,TX_1,HOUSEHOLD_2,TX,190.0,197.41224628731538,-7.412246287315384,168,0.2987811063512424,16.385507467327315,24.293153371059475,21.0,31.1346,-0.3174156634129187,,drop,False,53,False
anomaly_lockbox,d_1925,2016-05-06,TX_2,FOODS_1,TX,327.0,253.8307928448694,73.16920715513061,168,-26.12703194291352,30.65065159994984,45.44265606208563,30.5,45.2193,2.185088806481327,,spike,False,5,True
anomaly_lockbox,d_1925,2016-05-06,TX_2,FOODS_2,TX,426.0,445.93101347869555,-19.931013478695547,168,-7.811833265177,33.80774934945228,50.12336918549795,63.0,93.40379999999999,-0.24178702290876636,,drop,False,57,False
anomaly_lockbox,d_1925,2016-05-06,TX_2,FOODS_3,TX,2187.0,1949.8529532062369,237.14704679376314,168,-41.65795526983845,124.96472773684309,185.27270534264355,241.5,358.04789999999997,1.5048358124202879,,spike,False,14,False
anomaly_lockbox,d_1925,2016-05-06,TX_2,HOBBIES_1,TX,342.0,329.543692756086,12.456307243914011,168,5.762759951001044,36.12534962471969,53.55944335360941,45.5,67.4583,0.12497417586513965,,spike,False,66,False
anomaly_lockbox,d_1925,2016-05-06,TX_2,HOBBIES_2,TX,73.0,43.54584759730807,29.454152402691932,168,0.44935867804020546,12.068633475491076,17.892955990763067,11.0,16.3086,1.621017440585276,,spike,False,10,False
anomaly_lockbox,d_1925,2016-05-06,TX_2,HOUSEHOLD_1,TX,731.0,741.7378016915393,-10.737801691539289,168,2.586436775464506,52.7841509083666,78.25778213674431,108.0,160.1208,-0.17026087506187676,,drop,False,61,False
anomaly_lockbox,d_1925,2016-05-06,TX_2,HOUSEHOLD_2,TX,204.0,211.50052258120223,-7.500522581202233,168,3.9485061642942156,17.430686732382796,25.84273614943073,30.0,44.477999999999994,-0.44302695656120183,,drop,False,49,False
anomaly_lockbox,d_1925,2016-05-06,TX_3,FOODS_1,TX,332.0,285.1421533324038,46.85784666759622,168,-6.582356202483766,33.46832859706534,49.62014397800907,30.0,44.477999999999994,1.0769860501364912,,spike,False,23,False
anomaly_lockbox,d_1925,2016-05-06,TX_3,FOODS_2,TX,521.0,519.5143641818621,1.4856358181378937,168,1.2222230771089073,39.93788391101927,59.211906686477164,67.0,99.3342,0.004448644804223889,,spike,False,70,False
anomaly_lockbox,d_1925,2016-05-06,TX_3,FOODS_3,TX,1911.0,1804.9846920269672,106.0153079730328,168,14.023064556677582,115.01769419548702,170.52523341422906,199.0,295.0374,0.5394641108210273,,spike,False,39,False
anomaly_lockbox,d_1925,2016-05-06,TX_3,HOBBIES_1,TX,344.0,351.2253954771332,-7.2253954771331905,168,15.203725840623378,29.80770011824157,44.19289619530495,42.0,62.2692,-0.5075277532984914,,drop,False,43,False
anomaly_lockbox,d_1925,2016-05-06,TX_3,HOBBIES_2,TX,69.0,50.315100295095846,18.684899704904154,168,5.158204388232139,11.504291330894542,17.056262327184246,14.0,20.7564,0.7930632782959246,,spike,False,31,False
anomaly_lockbox,d_1925,2016-05-06,TX_3,HOUSEHOLD_1,TX,709.0,740.6717621227868,-31.671762122786845,168,14.740755402915227,65.66806597354093,97.35947461237178,100.5,149.0013,-0.47671290041867465,,drop,False,46,False
anomaly_lockbox,d_1925,2016-05-06,TX_3,HOUSEHOLD_2,TX,169.0,182.23970891193537,-13.239708911935367,168,7.101941028670069,13.696061250985842,20.30578041071161,19.5,28.9107,-1.0017664689151717,,drop,False,26,False
anomaly_lockbox,d_1925,2016-05-06,WI_1,FOODS_1,WI,361.0,329.0658099446138,31.934190055386182,168,-14.300155016168702,35.22765573409737,52.228522391372756,45.0,66.717,0.8852317269307238,,spike,False,28,False
anomaly_lockbox,d_1925,2016-05-06,WI_1,FOODS_2,WI,610.0,721.0172991695155,-111.01729916951547,168,13.518371491533685,41.2053589013627,61.09106510716034,99.5,147.5187,-2.038525117258966,,drop,False,6,False
anomaly_lockbox,d_1925,2016-05-06,WI_1,FOODS_3,WI,1918.0,1829.8451732832846,88.15482671671543,168,2.349864332053585,107.8399877465398,159.8835658330199,214.0,317.27639999999997,0.5366715580654194,,spike,False,41,False
anomaly_lockbox,d_1925,2016-05-06,WI_1,HOBBIES_1,WI,383.0,398.20563997978326,-15.205639979783257,168,-6.488511374065951,41.39425992717577,61.37112976803079,65.5,97.1103,-0.1420395654873246,,drop,False,65,False
anomaly_lockbox,d_1925,2016-05-06,WI_1,HOBBIES_2,WI,40.0,32.81168201612635,7.188317983873652,168,-4.134663515508507,8.693512559869298,12.88900172126222,9.0,13.343399999999999,0.8784994947051105,,spike,False,29,False
anomaly_lockbox,d_1925,2016-05-06,WI_1,HOUSEHOLD_1,WI,649.0,625.5792571929942,23.42074280700581,168,-12.713724599904822,45.27486841898042,67.12451991798036,102.0,151.2252,0.538319938095102,,spike,False,40,False
anomaly_lockbox,d_1925,2016-05-06,WI_1,HOUSEHOLD_2,WI,181.0,190.39157247335186,-9.391572473351857,168,-2.9713364689985866,14.734345182319544,21.845140167306955,23.0,34.099799999999995,-0.2938976795379725,,drop,False,55,False
anomaly_lockbox,d_1925,2016-05-06,WI_2,FOODS_1,WI,529.0,397.3318826007872,131.6681173992128,168,-18.370180709413376,53.21885308094923,78.90227157781533,53.0,78.5778,1.9015713376598389,,spike,False,9,False
anomaly_lockbox,d_1925,2016-05-06,WI_2,FOODS_2,WI,1340.0,1358.1040663704136,-18.104066370413648,168,22.7488264989434,92.92896624100149,137.7764853489088,208.5,309.1221,-0.29651571359147466,,drop,False,54,False
anomaly_lockbox,d_1925,2016-05-06,WI_2,FOODS_3,WI,2903.0,2619.933360301659,283.0666396983411,168,-14.49269494220357,131.23108380650547,194.563204851525,327.0,484.81019999999995,1.529371058970878,,spike,False,13,False
anomaly_lockbox,d_1925,2016-05-06,WI_2,HOBBIES_1,WI,220.0,269.7801360108002,-49.78013601080022,168,3.7437959882949627,27.857817006763696,41.30199949422785,33.5,49.6671,-1.2959162426646054,,drop,False,15,False
anomaly_lockbox,d_1925,2016-05-06,WI_2,HOBBIES_2,WI,38.0,32.52405768491354,5.4759423150864635,168,-5.035826698847519,7.1431782645639466,10.590476095042506,8.0,11.8608,0.9925681262672065,,spike,False,27,False
anomaly_lockbox,d_1925,2016-05-06,WI_2,HOUSEHOLD_1,WI,935.0,963.1196098970348,-28.11960989703482,168,21.26622900931295,89.68038723788936,132.96014211889477,120.0,177.91199999999998,-0.37143340943623754,,drop,False,51,False
anomaly_lockbox,d_1925,2016-05-06,WI_2,HOUSEHOLD_2,WI,138.0,153.54610096255723,-15.546100962557233,168,1.3445780441335913,15.226545518600226,22.574876385876692,19.0,28.1694,-0.7482069322540336,,drop,False,33,False
anomaly_lockbox,d_1925,2016-05-06,WI_3,FOODS_1,WI,336.0,274.70024490446565,61.29975509553435,168,-12.280809838717076,31.015004139908868,45.98284513782888,38.5,57.080099999999995,1.6001742544138189,,spike,False,12,False
anomaly_lockbox,d_1925,2016-05-06,WI_3,FOODS_2,WI,546.0,719.2679736625423,-173.26797366254232,168,16.12530927846919,42.51952212980271,63.039443509645494,94.5,140.10569999999998,-3.0043615932623666,,drop,True,1,True
anomaly_lockbox,d_1925,2016-05-06,WI_3,FOODS_3,WI,2239.0,2240.3986128252377,-1.3986128252377057,168,-0.057346979574504076,112.10466650885621,166.20637856603022,289.0,428.47139999999996,-0.008069881897645376,,drop,False,69,False
anomaly_lockbox,d_1925,2016-05-06,WI_3,HOBBIES_1,WI,218.0,277.1210602720457,-59.121060272045725,168,0.8866500185241506,31.867621374367985,47.246935449637974,40.5,60.0453,-1.2700868261505347,,drop,False,17,False
anomaly_lockbox,d_1925,2016-05-06,WI_3,HOBBIES_2,WI,45.0,33.2490879190439,11.750912080956098,168,-1.180317913410649,8.055002205937786,11.94234627052336,8.0,11.8608,1.0828048108338806,,spike,False,22,False
anomaly_lockbox,d_1925,2016-05-06,WI_3,HOUSEHOLD_1,WI,600.0,675.5119312851292,-75.51193128512921,168,10.14740273920853,48.563542848588895,72.00030862731789,103.5,153.4491,-1.1897078728887203,,drop,False,19,False
anomaly_lockbox,d_1925,2016-05-06,WI_3,HOUSEHOLD_2,WI,165.0,173.64556053413637,-8.645560534136365,168,4.417184438691265,16.103898250120537,23.875639545628708,21.0,31.1346,-0.547116023755654,,drop,False,37,False
anomaly_lockbox,d_1926,2016-05-07,CA_1,FOODS_1,CA,474.0,374.2248428807283,99.77515711927168,168,-25.684189124220666,35.43211828588335,52.53165857065065,58.5,86.73209999999999,2.388261662722111,,spike,False,13,False
anomaly_lockbox,d_1926,2016-05-07,CA_1,FOODS_2,CA,683.0,697.7578387934188,-14.757838793418841,168,-1.3018993399340673,43.31974067676376,64.22584752736994,82.0,121.5732,-0.2095097218880686,,drop,False,62,False
anomaly_lockbox,d_1926,2016-05-07,CA_1,FOODS_3,CA,2949.0,2966.669220226157,-17.669220226156995,168,7.923849203863142,142.77086773808514,211.67208850848502,302.0,447.74519999999995,-0.12090904195426891,,drop,False,67,False
anomaly_lockbox,d_1926,2016-05-07,CA_1,HOBBIES_1,CA,579.0,606.9739693762687,-27.973969376268656,168,17.289827805758932,46.976886497940626,69.64793192184676,61.5,91.17989999999999,-0.649894346221492,,drop,False,47,False
anomaly_lockbox,d_1926,2016-05-07,CA_1,HOBBIES_2,CA,67.0,49.36780731230167,17.63219268769833,168,-2.920935617483586,8.814043308989756,13.067700609908211,10.0,14.825999999999999,1.5728190382321807,,spike,False,22,False
anomaly_lockbox,d_1926,2016-05-07,CA_1,HOUSEHOLD_1,CA,1048.0,969.1404768695423,78.85952313045766,168,7.055601395861743,48.47646137804338,71.87120163908712,106.5,157.8969,0.9990638822928124,,spike,False,34,False
anomaly_lockbox,d_1926,2016-05-07,CA_1,HOUSEHOLD_2,CA,269.0,281.190112887417,-12.190112887417001,168,-5.473172481554656,17.069525722806446,25.307278836632836,36.0,53.373599999999996,-0.26541535536959543,,drop,False,59,False
anomaly_lockbox,d_1926,2016-05-07,CA_2,FOODS_1,CA,719.0,571.2570679356821,147.74293206431787,168,-7.615755540324386,39.40764758403104,58.42577830808442,77.5,114.9015,2.6590777582015566,,spike,False,10,False
anomaly_lockbox,d_1926,2016-05-07,CA_2,FOODS_2,CA,802.0,682.6570615977755,119.34293840222449,168,-12.024618362151116,29.612275350817725,43.903159435122355,172.5,255.74849999999998,2.9922119149193183,,spike,False,7,False
anomaly_lockbox,d_1926,2016-05-07,CA_2,FOODS_3,CA,2776.0,2733.7874482853526,42.21255171464736,168,19.21992394083884,101.77879685519576,150.89724421751322,400.0,593.04,0.15237274804479156,,spike,False,65,False
anomaly_lockbox,d_1926,2016-05-07,CA_2,HOBBIES_1,CA,500.0,473.7649314670894,26.23506853291059,168,-4.7627889331289595,36.89570009761081,54.70156496471779,64.5,95.62769999999999,0.5666722238391716,,spike,False,51,False
anomaly_lockbox,d_1926,2016-05-07,CA_2,HOBBIES_2,CA,82.0,50.051124730387805,31.948875269612195,168,-2.8427111299485546,9.034327122200846,13.394293391374974,10.0,14.825999999999999,2.597493229614053,,spike,False,11,False
anomaly_lockbox,d_1926,2016-05-07,CA_2,HOUSEHOLD_1,CA,1316.0,1066.0118790548365,249.98812094516347,168,-3.6843276356884758,45.03992774790109,66.77619687903815,131.0,194.2206,3.798845403555511,,spike,True,4,True
anomaly_lockbox,d_1926,2016-05-07,CA_2,HOUSEHOLD_2,CA,441.0,411.9495856212193,29.050414378780715,168,-1.2395743605110283,20.142957831405752,29.863949280842167,47.5,70.42349999999999,1.014266011988002,,spike,False,33,False
anomaly_lockbox,d_1926,2016-05-07,CA_3,FOODS_1,CA,585.0,453.5789343954614,131.42106560453863,168,-24.065913311520916,50.320382425424214,74.60499898393394,56.0,83.0256,2.0841361977572497,,spike,False,16,False
anomaly_lockbox,d_1926,2016-05-07,CA_3,FOODS_2,CA,789.0,840.8659920667543,-51.8659920667543,168,17.66760848163824,64.39833025478615,95.47696443574593,92.0,136.39919999999998,-0.7282761968745587,,drop,False,42,False
anomaly_lockbox,d_1926,2016-05-07,CA_3,FOODS_3,CA,3135.0,3389.188160289019,-254.18816028901892,168,-83.63718827007233,197.78391267905567,293.23442893796795,316.5,469.24289999999996,-0.5816198753899586,,drop,False,50,False
anomaly_lockbox,d_1926,2016-05-07,CA_3,HOBBIES_1,CA,653.0,638.0047223838138,14.995277616186172,168,-22.757896521268464,49.849732808054966,73.90721386122229,67.0,99.3342,0.5108185272461341,,spike,False,52,False
anomaly_lockbox,d_1926,2016-05-07,CA_3,HOBBIES_2,CA,77.0,56.17949646638399,20.820503533616012,168,3.648252262186009,10.789659601607411,15.996749325343147,12.5,18.5325,1.0734838011260541,,spike,False,31,False
anomaly_lockbox,d_1926,2016-05-07,CA_3,HOUSEHOLD_1,CA,1644.0,1816.24960921334,-172.2496092133399,168,20.42353241000751,83.62607990773597,123.98402607120934,182.0,269.8332,-1.5540158496924996,,drop,False,23,False
anomaly_lockbox,d_1926,2016-05-07,CA_3,HOUSEHOLD_2,CA,463.0,398.4143970568929,64.58560294310712,168,4.913212594189503,22.67482903117721,33.61770152162333,43.0,63.751799999999996,1.7750288582500378,,spike,False,17,False
anomaly_lockbox,d_1926,2016-05-07,CA_4,FOODS_1,CA,341.0,241.51215157421078,99.48784842578922,168,-12.005087574539175,24.10919695569271,35.74429540651001,28.5,42.2541,3.1191812492692885,,spike,True,6,False
anomaly_lockbox,d_1926,2016-05-07,CA_4,FOODS_2,CA,420.0,448.4697508395325,-28.46975083953248,168,1.7637292652449332,27.477960584864036,40.73882436311942,42.5,63.01049999999999,-0.7421294202134016,,drop,False,41,False
anomaly_lockbox,d_1926,2016-05-07,CA_4,FOODS_3,CA,1251.0,1354.8375614659692,-103.8375614659692,168,-24.262206743142144,80.156564099229,118.84012193351691,105.5,156.4143,-0.6696000763727266,,drop,False,45,False
anomaly_lockbox,d_1926,2016-05-07,CA_4,HOBBIES_1,CA,351.0,413.2878735268755,-62.2878735268755,168,12.35415079699078,44.518135522568855,66.00258772576058,41.0,60.7866,-1.130895422373474,,drop,False,29,False
anomaly_lockbox,d_1926,2016-05-07,CA_4,HOBBIES_2,CA,22.0,21.203409600892222,0.7965903991077781,168,-6.139248050531476,5.7296688895483605,8.494807095644399,5.0,7.412999999999999,0.8164798060212003,,spike,False,40,False
anomaly_lockbox,d_1926,2016-05-07,CA_4,HOUSEHOLD_1,CA,490.0,500.42152111150926,-10.421521111509264,168,-0.7421382851627243,24.6044575617087,36.47856878098931,41.0,60.7866,-0.26534436930516087,,drop,False,60,False
anomaly_lockbox,d_1926,2016-05-07,CA_4,HOUSEHOLD_2,CA,193.0,167.7675687676371,25.2324312323629,168,-3.4546464898643805,11.026960703131124,16.348571938462204,16.0,23.7216,1.7547145909874298,,spike,False,18,False
anomaly_lockbox,d_1926,2016-05-07,TX_1,FOODS_1,TX,303.0,229.47980564945257,73.52019435054743,168,-9.015130283288116,31.94925731162617,47.36796889021696,29.5,43.7367,1.7424290415560082,,spike,False,19,False
anomaly_lockbox,d_1926,2016-05-07,TX_1,FOODS_2,TX,426.0,451.57452633983036,-25.574526339830356,168,-6.909115162940736,30.99554875467055,45.954000583674556,52.5,77.8365,-0.4061759790184758,,drop,False,57,False
anomaly_lockbox,d_1926,2016-05-07,TX_1,FOODS_3,TX,1963.0,1943.1945889291944,19.805411070805576,168,-51.573091714937846,96.99760097751357,143.80864320926162,204.0,302.4504,0.4963436215852322,,spike,False,53,False
anomaly_lockbox,d_1926,2016-05-07,TX_1,HOBBIES_1,TX,298.0,300.8101832387999,-2.8101832387998797,168,3.35228629162593,30.248602333520225,44.84657781967708,37.0,54.856199999999994,-0.13741225819290803,,drop,False,66,False
anomaly_lockbox,d_1926,2016-05-07,TX_1,HOBBIES_2,TX,36.0,35.87440293929078,0.12559706070921806,168,1.8294803153880679,10.735863390625315,15.916991062941092,9.5,14.0847,-0.10704807510044625,,drop,False,68,False
anomaly_lockbox,d_1926,2016-05-07,TX_1,HOUSEHOLD_1,TX,827.0,881.9728108593283,-54.97281085932832,168,20.33032524814172,49.35642478068894,73.17583537984942,98.5,146.0361,-1.0290710822306024,,drop,False,32,False
anomaly_lockbox,d_1926,2016-05-07,TX_1,HOUSEHOLD_2,TX,270.0,229.28608301814694,40.71391698185306,168,0.2987811063512424,16.385507467327315,24.293153371059475,21.0,31.1346,1.6636430544108993,,spike,False,20,False
anomaly_lockbox,d_1926,2016-05-07,TX_2,FOODS_1,TX,429.0,275.909407075841,153.090592924159,168,-26.12703194291352,30.65065159994984,45.44265606208563,30.5,45.2193,3.9438193186203288,,spike,True,2,True
anomaly_lockbox,d_1926,2016-05-07,TX_2,FOODS_2,TX,440.0,512.2050554221348,-72.20505542213482,168,-7.811833265177,33.80774934945228,50.12336918549795,63.0,93.40379999999999,-1.2846946085896502,,drop,False,25,False
anomaly_lockbox,d_1926,2016-05-07,TX_2,FOODS_3,TX,2279.0,2490.1589864035495,-211.15898640354953,168,-41.65795526983845,124.96472773684309,185.27270534264355,241.5,358.04789999999997,-0.914873190955115,,drop,False,36,False
anomaly_lockbox,d_1926,2016-05-07,TX_2,HOBBIES_1,TX,355.0,380.5455365162513,-25.545536516251275,168,5.762759951001044,36.12534962471969,53.55944335360941,45.5,67.4583,-0.5845523124754886,,drop,False,49,False
anomaly_lockbox,d_1926,2016-05-07,TX_2,HOBBIES_2,TX,65.0,47.999773897864685,17.000226102135315,168,0.44935867804020546,12.068633475491076,17.892955990763067,11.0,16.3086,0.9249934685269003,,spike,False,35,False
anomaly_lockbox,d_1926,2016-05-07,TX_2,HOUSEHOLD_1,TX,804.0,907.6962735196139,-103.6962735196139,168,2.586436775464506,52.7841509083666,78.25778213674431,108.0,160.1208,-1.358110431871996,,drop,False,24,False
anomaly_lockbox,d_1926,2016-05-07,TX_2,HOUSEHOLD_2,TX,247.0,241.37566077653457,5.624339223465427,168,3.9485061642942156,17.430686732382796,25.84273614943073,30.0,44.477999999999994,0.0648473539907316,,spike,False,69,False
anomaly_lockbox,d_1926,2016-05-07,TX_3,FOODS_1,TX,494.0,310.56774945709566,183.43225054290434,168,-6.582356202483766,33.46832859706534,49.62014397800907,30.0,44.477999999999994,3.8293844296300277,,spike,True,3,True
anomaly_lockbox,d_1926,2016-05-07,TX_3,FOODS_2,TX,565.0,612.9296969205699,-47.92969692056988,168,1.2222230771089073,39.93788391101927,59.211906686477164,67.0,99.3342,-0.8301019634097363,,drop,False,39,False
anomaly_lockbox,d_1926,2016-05-07,TX_3,FOODS_3,TX,2325.0,2106.7797357997733,218.22026420022667,168,14.023064556677582,115.01769419548702,170.52523341422906,199.0,295.0374,1.197460314553719,,spike,False,27,False
anomaly_lockbox,d_1926,2016-05-07,TX_3,HOBBIES_1,TX,422.0,404.7073462064274,17.292653793572583,168,15.203725840623378,29.80770011824157,44.19289619530495,42.0,62.2692,0.0472684103734105,,spike,False,70,False
anomaly_lockbox,d_1926,2016-05-07,TX_3,HOBBIES_2,TX,55.0,53.01954300763492,1.9804569923650774,168,5.158204388232139,11.504291330894542,17.056262327184246,14.0,20.7564,-0.1863097163323041,,drop,False,63,False
anomaly_lockbox,d_1926,2016-05-07,TX_3,HOUSEHOLD_1,TX,875.0,908.2397437226268,-33.23974372262683,168,14.740755402915227,65.66806597354093,97.35947461237178,100.5,149.0013,-0.4928179750000933,,drop,False,54,False
anomaly_lockbox,d_1926,2016-05-07,TX_3,HOUSEHOLD_2,TX,190.0,206.12182452628699,-16.121824526286986,168,7.101941028670069,13.696061250985842,20.30578041071161,19.5,28.9107,-1.143702191456092,,drop,False,28,False
anomaly_lockbox,d_1926,2016-05-07,WI_1,FOODS_1,WI,523.0,396.86792717725064,126.13207282274936,168,-14.300155016168702,35.22765573409737,52.228522391372756,45.0,66.717,2.6888033857552713,,spike,False,8,False
anomaly_lockbox,d_1926,2016-05-07,WI_1,FOODS_2,WI,888.0,796.6128632026162,91.38713679738385,168,13.518371491533685,41.2053589013627,61.09106510716034,99.5,147.5187,1.2746342721191704,,spike,False,26,False
anomaly_lockbox,d_1926,2016-05-07,WI_1,FOODS_3,WI,2376.0,2265.549533150772,110.45046684922818,168,2.349864332053585,107.8399877465398,159.8835658330199,214.0,317.27639999999997,0.6761207879868861,,spike,False,44,False
anomaly_lockbox,d_1926,2016-05-07,WI_1,HOBBIES_1,WI,573.0,510.17567929970176,62.824320700298244,168,-6.488511374065951,41.39425992717577,61.37112976803079,65.5,97.1103,1.1294045316804704,,spike,False,30,False
anomaly_lockbox,d_1926,2016-05-07,WI_1,HOBBIES_2,WI,65.0,39.62743589982342,25.372564100176582,168,-4.134663515508507,8.693512559869298,12.88900172126222,9.0,13.343399999999999,2.289333825365914,,spike,False,14,False
anomaly_lockbox,d_1926,2016-05-07,WI_1,HOUSEHOLD_1,WI,762.0,819.0455624413181,-57.04556244131811,168,-12.713724599904822,45.27486841898042,67.12451991798036,102.0,151.2252,-0.6604417863335557,,drop,False,46,False
anomaly_lockbox,d_1926,2016-05-07,WI_1,HOUSEHOLD_2,WI,245.0,228.35734581008248,16.642654189917522,168,-2.9713364689985866,14.734345182319544,21.845140167306955,23.0,34.099799999999995,0.8978651777327598,,spike,False,37,False
anomaly_lockbox,d_1926,2016-05-07,WI_2,FOODS_1,WI,633.0,440.09476365194297,192.90523634805703,168,-18.370180709413376,53.21885308094923,78.90227157781533,53.0,78.5778,2.677684847756322,,spike,False,9,False
anomaly_lockbox,d_1926,2016-05-07,WI_2,FOODS_2,WI,1283.0,1199.7300595954405,83.26994040455952,168,22.7488264989434,92.92896624100149,137.7764853489088,208.5,309.1221,0.43927026990382906,,spike,False,55,False
anomaly_lockbox,d_1926,2016-05-07,WI_2,FOODS_3,WI,2894.0,2745.6630686582816,148.33693134171835,168,-14.49269494220357,131.23108380650547,194.563204851525,327.0,484.81019999999995,0.8368983560287281,,spike,False,38,False
anomaly_lockbox,d_1926,2016-05-07,WI_2,HOBBIES_1,WI,233.0,295.7835335614151,-62.783533561415084,168,3.7437959882949627,27.857817006763696,41.30199949422785,33.5,49.6671,-1.6107532411114274,,drop,False,21,False
anomaly_lockbox,d_1926,2016-05-07,WI_2,HOBBIES_2,WI,26.0,33.65346661771382,-7.653466617713818,168,-5.035826698847519,7.1431782645639466,10.590476095042506,8.0,11.8608,-0.2471692391706204,,drop,False,61,False
anomaly_lockbox,d_1926,2016-05-07,WI_2,HOUSEHOLD_1,WI,1133.0,1019.1113795950766,113.88862040492336,168,21.26622900931295,89.68038723788936,132.96014211889477,120.0,177.91199999999998,0.6966177225712215,,spike,False,43,False
anomaly_lockbox,d_1926,2016-05-07,WI_2,HOUSEHOLD_2,WI,183.0,172.69143902387188,10.30856097612812,168,1.3445780441335913,15.226545518600226,22.574876385876692,19.0,28.1694,0.39707783018482357,,spike,False,58,False
anomaly_lockbox,d_1926,2016-05-07,WI_3,FOODS_1,WI,450.0,288.74687817501814,161.25312182498186,168,-12.280809838717076,31.015004139908868,45.98284513782888,38.5,57.080099999999995,3.773884176665204,,spike,True,5,True
anomaly_lockbox,d_1926,2016-05-07,WI_3,FOODS_2,WI,701.0,673.1425326429373,27.85746735706266,168,16.12530927846919,42.51952212980271,63.039443509645494,94.5,140.10569999999998,0.1861082113898795,,spike,False,64,False
anomaly_lockbox,d_1926,2016-05-07,WI_3,FOODS_3,WI,2856.0,2448.390526631352,407.6094733686482,168,-0.057346979574504076,112.10466650885621,166.20637856603022,289.0,428.47139999999996,2.4527748204697537,,spike,False,12,False
anomaly_lockbox,d_1926,2016-05-07,WI_3,HOBBIES_1,WI,484.0,294.4679188905393,189.5320811094607,168,0.8866500185241506,31.867621374367985,47.246935449637974,40.5,60.0453,3.9927548590324924,,spike,True,1,True
anomaly_lockbox,d_1926,2016-05-07,WI_3,HOBBIES_2,WI,60.0,34.99511872952258,25.00488127047742,168,-1.180317913410649,8.055002205937786,11.94234627052336,8.0,11.8608,2.1926343945091893,,spike,False,15,False
anomaly_lockbox,d_1926,2016-05-07,WI_3,HOUSEHOLD_1,WI,866.0,825.433739440475,40.56626055952495,168,10.14740273920853,48.563542848588895,72.00030862731789,103.5,153.4491,0.42248232542679814,,spike,False,56,False
anomaly_lockbox,d_1926,2016-05-07,WI_3,HOUSEHOLD_2,WI,218.0,198.15017361774076,19.849826382259238,168,4.417184438691265,16.103898250120537,23.875639545628708,21.0,31.1346,0.6463760651971089,,spike,False,48,False
anomaly_lockbox,d_1927,2016-05-08,CA_1,FOODS_1,CA,320.0,297.80268206777606,22.19731793222394,168,-25.684189124220666,35.43211828588335,52.53165857065065,58.5,86.73209999999999,0.9114790653725128,,spike,False,30,False
anomaly_lockbox,d_1927,2016-05-08,CA_1,FOODS_2,CA,539.0,559.3500832523365,-20.350083252336503,168,-1.3018993399340673,43.31974067676376,64.22584752736994,82.0,121.5732,-0.29658127756562536,,drop,False,58,False
anomaly_lockbox,d_1927,2016-05-08,CA_1,FOODS_3,CA,2771.0,2593.153103891307,177.84689610869282,168,7.923849203863142,142.77086773808514,211.67208850848502,302.0,447.74519999999995,0.8027654855307869,,spike,False,34,False
anomaly_lockbox,d_1927,2016-05-08,CA_1,HOBBIES_1,CA,451.0,444.6577673434809,6.342232656519116,168,17.289827805758932,46.976886497940626,69.64793192184676,61.5,91.17989999999999,-0.15718478420183843,,drop,False,65,False
anomaly_lockbox,d_1927,2016-05-08,CA_1,HOBBIES_2,CA,62.0,35.4041533514032,26.595846648596797,168,-2.920935617483586,8.814043308989756,13.067700609908211,10.0,14.825999999999999,2.2587586865664893,,spike,False,8,False
anomaly_lockbox,d_1927,2016-05-08,CA_1,HOUSEHOLD_1,CA,768.0,786.4478529069581,-18.447852906958133,168,7.055601395861743,48.47646137804338,71.87120163908712,106.5,157.8969,-0.35484942120335766,,drop,False,54,False
anomaly_lockbox,d_1927,2016-05-08,CA_1,HOUSEHOLD_2,CA,301.0,244.65388775164598,56.34611224835402,168,-5.473172481554656,17.069525722806446,25.307278836632836,36.0,53.373599999999996,2.442747208381168,,spike,False,6,False
anomaly_lockbox,d_1927,2016-05-08,CA_2,FOODS_1,CA,607.0,432.2949284692336,174.70507153076642,168,-7.615755540324386,39.40764758403104,58.42577830808442,77.5,114.9015,3.1205545283401546,,spike,True,1,True
anomaly_lockbox,d_1927,2016-05-08,CA_2,FOODS_2,CA,629.0,549.0896320798894,79.91036792011062,168,-12.024618362151116,29.612275350817725,43.903159435122355,172.5,255.74849999999998,2.094040325688135,,spike,False,12,False
anomaly_lockbox,d_1927,2016-05-08,CA_2,FOODS_3,CA,2222.0,2411.464746673879,-189.46474667387884,168,19.21992394083884,101.77879685519576,150.89724421751322,400.0,593.04,-1.382958792235502,,drop,False,20,False
anomaly_lockbox,d_1927,2016-05-08,CA_2,HOBBIES_1,CA,481.0,364.9456657503113,116.05433424968868,168,-4.7627889331289595,36.89570009761081,54.70156496471779,64.5,95.62769999999999,2.2086593548236513,,spike,False,10,False
anomaly_lockbox,d_1927,2016-05-08,CA_2,HOBBIES_2,CA,57.0,41.17974868267722,15.820251317322779,168,-2.8427111299485546,9.034327122200846,13.394293391374974,10.0,14.825999999999999,1.3933517731729714,,spike,False,19,False
anomaly_lockbox,d_1927,2016-05-08,CA_2,HOUSEHOLD_1,CA,974.0,898.2440147100033,75.75598528999672,168,-3.6843276356884758,45.03992774790109,66.77619687903815,131.0,194.2206,1.1896501543744318,,spike,False,22,False
anomaly_lockbox,d_1927,2016-05-08,CA_2,HOUSEHOLD_2,CA,360.0,347.22040265636195,12.779597343638045,168,-1.2395743605110283,20.142957831405752,29.863949280842167,47.5,70.42349999999999,0.46943462072989867,,spike,False,49,False
anomaly_lockbox,d_1927,2016-05-08,CA_3,FOODS_1,CA,471.0,375.87149485930763,95.12850514069237,168,-24.065913311520916,50.320382425424214,74.60499898393394,56.0,83.0256,1.597673347303196,,spike,False,16,False
anomaly_lockbox,d_1927,2016-05-08,CA_3,FOODS_2,CA,855.0,648.7530847703929,206.2469152296071,168,17.66760848163824,64.39833025478615,95.47696443574593,92.0,136.39919999999998,1.975128847701049,,spike,False,14,False
anomaly_lockbox,d_1927,2016-05-08,CA_3,FOODS_3,CA,3001.0,3313.4351697382017,-312.4351697382017,168,-83.63718827007233,197.78391267905567,293.23442893796795,316.5,469.24289999999996,-0.7802562008042045,,drop,False,35,False
anomaly_lockbox,d_1927,2016-05-08,CA_3,HOBBIES_1,CA,509.0,483.29043967881694,25.709560321183062,168,-22.757896521268464,49.849732808054966,73.90721386122229,67.0,99.3342,0.6557879036471361,,spike,False,40,False
anomaly_lockbox,d_1927,2016-05-08,CA_3,HOBBIES_2,CA,75.0,45.94625316166097,29.05374683833903,168,3.648252262186009,10.789659601607411,15.996749325343147,12.5,18.5325,1.5881660742100832,,spike,False,17,False
anomaly_lockbox,d_1927,2016-05-08,CA_3,HOUSEHOLD_1,CA,1392.0,1637.228681916497,-245.22868191649695,168,20.42353241000751,83.62607990773597,123.98402607120934,182.0,269.8332,-2.142632585377805,,drop,False,11,False
anomaly_lockbox,d_1927,2016-05-08,CA_3,HOUSEHOLD_2,CA,440.0,353.9558105951583,86.04418940484169,168,4.913212594189503,22.67482903117721,33.61770152162333,43.0,63.751799999999996,2.4133409822342466,,spike,False,7,False
anomaly_lockbox,d_1927,2016-05-08,CA_4,FOODS_1,CA,256.0,216.31037513791244,39.689624862087555,168,-12.005087574539175,24.10919695569271,35.74429540651001,28.5,42.2541,1.446236716900334,,spike,False,18,False
anomaly_lockbox,d_1927,2016-05-08,CA_4,FOODS_2,CA,407.0,389.4058694222566,17.594130577743385,168,1.7637292652449332,27.477960584864036,40.73882436311942,42.5,63.01049999999999,0.38858267414387165,,spike,False,53,False
anomaly_lockbox,d_1927,2016-05-08,CA_4,FOODS_3,CA,1161.0,1251.0133618408117,-90.01336184081174,168,-24.262206743142144,80.156564099229,118.84012193351691,105.5,156.4143,-0.5532740460705095,,drop,False,46,False
anomaly_lockbox,d_1927,2016-05-08,CA_4,HOBBIES_1,CA,326.0,328.9827489440067,-2.982748944006687,168,12.35415079699078,44.518135522568855,66.00258772576058,41.0,60.7866,-0.23236815812013276,,drop,False,61,False
anomaly_lockbox,d_1927,2016-05-08,CA_4,HOBBIES_2,CA,29.0,13.03767085091103,15.96232914908897,168,-6.139248050531476,5.7296688895483605,8.494807095644399,5.0,7.412999999999999,2.601775055133711,,spike,False,5,True
anomaly_lockbox,d_1927,2016-05-08,CA_4,HOUSEHOLD_1,CA,357.0,399.9388698531029,-42.938869853102915,168,-0.7421382851627243,24.6044575617087,36.47856878098931,41.0,60.7866,-1.1567540333416502,,drop,False,23,False
anomaly_lockbox,d_1927,2016-05-08,CA_4,HOUSEHOLD_2,CA,139.0,151.67688401008857,-12.676884010088571,168,-3.4546464898643805,11.026960703131124,16.348571938462204,16.0,23.7216,-0.564100494828398,,drop,False,45,False
anomaly_lockbox,d_1927,2016-05-08,TX_1,FOODS_1,TX,233.0,210.4809603307558,22.519039669244194,168,-9.015130283288116,31.94925731162617,47.36796889021696,29.5,43.7367,0.6657277204690352,,spike,False,39,False
anomaly_lockbox,d_1927,2016-05-08,TX_1,FOODS_2,TX,318.0,377.45110568603155,-59.45110568603155,168,-6.909115162940736,30.99554875467055,45.954000583674556,52.5,77.8365,-1.1433605313082729,,drop,False,24,False
anomaly_lockbox,d_1927,2016-05-08,TX_1,FOODS_3,TX,1494.0,1780.7150078279283,-286.7150078279283,168,-51.573091714937846,96.99760097751357,143.80864320926162,204.0,302.4504,-1.635102806517868,,drop,False,15,False
anomaly_lockbox,d_1927,2016-05-08,TX_1,HOBBIES_1,TX,247.0,266.09181453380745,-19.09181453380745,168,3.35228629162593,30.248602333520225,44.84657781967708,37.0,54.856199999999994,-0.500464069202304,,drop,False,48,False
anomaly_lockbox,d_1927,2016-05-08,TX_1,HOBBIES_2,TX,48.0,31.28452165556798,16.71547834443202,168,1.8294803153880679,10.735863390625315,15.916991062941092,9.5,14.0847,0.9352268886864202,,spike,False,28,False
anomaly_lockbox,d_1927,2016-05-08,TX_1,HOUSEHOLD_1,TX,629.0,690.3191040561103,-61.31910405611029,168,20.33032524814172,49.35642478068894,73.17583537984942,98.5,146.0361,-1.115797706721309,,drop,False,25,False
anomaly_lockbox,d_1927,2016-05-08,TX_1,HOUSEHOLD_2,TX,227.0,216.66237040573756,10.337629594262438,168,0.2987811063512424,16.385507467327315,24.293153371059475,21.0,31.1346,0.41323776845991983,,spike,False,52,False
anomaly_lockbox,d_1927,2016-05-08,TX_2,FOODS_1,TX,363.0,247.42924259041925,115.57075740958075,168,-26.12703194291352,30.65065159994984,45.44265606208563,30.5,45.2193,3.1181669741949265,,spike,True,2,True
anomaly_lockbox,d_1927,2016-05-08,TX_2,FOODS_2,TX,353.0,416.5302063127761,-63.5302063127761,168,-7.811833265177,33.80774934945228,50.12336918549795,63.0,93.40379999999999,-1.1116246563832333,,drop,False,26,False
anomaly_lockbox,d_1927,2016-05-08,TX_2,FOODS_3,TX,1937.0,2132.562945143255,-195.5629451432551,168,-41.65795526983845,124.96472773684309,185.27270534264355,241.5,358.04789999999997,-0.830694351813909,,drop,False,31,False
anomaly_lockbox,d_1927,2016-05-08,TX_2,HOBBIES_1,TX,375.0,325.25674534399917,49.74325465600083,168,5.762759951001044,36.12534962471969,53.55944335360941,45.5,67.4583,0.8211529461692194,,spike,False,33,False
anomaly_lockbox,d_1927,2016-05-08,TX_2,HOBBIES_2,TX,46.0,43.90655723980861,2.0934427601913868,168,0.44935867804020546,12.068633475491076,17.892955990763067,11.0,16.3086,0.09188443111355729,,spike,False,68,False
anomaly_lockbox,d_1927,2016-05-08,TX_2,HOUSEHOLD_1,TX,730.0,739.7151611418554,-9.715161141855447,168,2.586436775464506,52.7841509083666,78.25778213674431,108.0,160.1208,-0.15719328584887143,,drop,False,64,False
anomaly_lockbox,d_1927,2016-05-08,TX_2,HOUSEHOLD_2,TX,231.0,229.20383409237735,1.796165907622651,168,3.9485061642942156,17.430686732382796,25.84273614943073,30.0,44.477999999999994,-0.08328608256595062,,drop,False,69,False
anomaly_lockbox,d_1927,2016-05-08,TX_3,FOODS_1,TX,407.0,279.5329882452018,127.4670117547982,168,-6.582356202483766,33.46832859706534,49.62014397800907,30.0,44.477999999999994,2.701511064068873,,spike,False,4,True
anomaly_lockbox,d_1927,2016-05-08,TX_3,FOODS_2,TX,421.0,457.23079261677765,-36.23079261677765,168,1.2222230771089073,39.93788391101927,59.211906686477164,67.0,99.3342,-0.6325250745968647,,drop,False,41,False
anomaly_lockbox,d_1927,2016-05-08,TX_3,FOODS_3,TX,2036.0,1918.7941096407333,117.20589035926673,168,14.023064556677582,115.01769419548702,170.52523341422906,199.0,295.0374,0.6050883129533328,,spike,False,42,False
anomaly_lockbox,d_1927,2016-05-08,TX_3,HOBBIES_1,TX,332.0,332.31215633039227,-0.31215633039226987,168,15.203725840623378,29.80770011824157,44.19289619530495,42.0,62.2692,-0.35109448592020664,,drop,False,55,False
anomaly_lockbox,d_1927,2016-05-08,TX_3,HOBBIES_2,TX,45.0,47.442688511504564,-2.4426885115045636,168,5.158204388232139,11.504291330894542,17.056262327184246,14.0,20.7564,-0.44563649139134137,,drop,False,51,False
anomaly_lockbox,d_1927,2016-05-08,TX_3,HOUSEHOLD_1,TX,713.0,731.0221323351948,-18.022132335194783,168,14.740755402915227,65.66806597354093,97.35947461237178,100.5,149.0013,-0.33651463166325185,,drop,False,57,False
anomaly_lockbox,d_1927,2016-05-08,TX_3,HOUSEHOLD_2,TX,200.0,190.59927381602742,9.40072618397258,168,7.101941028670069,13.696061250985842,20.30578041071161,19.5,28.9107,0.11320841202881651,,spike,False,66,False
anomaly_lockbox,d_1927,2016-05-08,WI_1,FOODS_1,WI,348.0,298.6212281924667,49.378771807533326,168,-14.300155016168702,35.22765573409737,52.228522391372756,45.0,66.717,1.2192366145556643,,spike,False,21,False
anomaly_lockbox,d_1927,2016-05-08,WI_1,FOODS_2,WI,704.0,654.1217449253522,49.87825507464777,168,13.518371491533685,41.2053589013627,61.09106510716034,99.5,147.5187,0.5951751458144479,,spike,False,43,False
anomaly_lockbox,d_1927,2016-05-08,WI_1,FOODS_3,WI,1919.0,1924.8905193416176,-5.890519341617619,168,2.349864332053585,107.8399877465398,159.8835658330199,214.0,317.27639999999997,-0.05153990424680259,,drop,False,70,False
anomaly_lockbox,d_1927,2016-05-08,WI_1,HOBBIES_1,WI,388.0,349.54338353157283,38.45661646842717,168,-6.488511374065951,41.39425992717577,61.37112976803079,65.5,97.1103,0.7323496897054967,,spike,False,38,False
anomaly_lockbox,d_1927,2016-05-08,WI_1,HOBBIES_2,WI,47.0,25.05678338192711,21.94321661807289,168,-4.134663515508507,8.693512559869298,12.88900172126222,9.0,13.343399999999999,2.023266091318947,,spike,False,13,False
anomaly_lockbox,d_1927,2016-05-08,WI_1,HOUSEHOLD_1,WI,485.0,553.2181678407626,-68.21816784076259,168,-12.713724599904822,45.27486841898042,67.12451991798036,102.0,151.2252,-0.8268877499411362,,drop,False,32,False
anomaly_lockbox,d_1927,2016-05-08,WI_1,HOUSEHOLD_2,WI,168.0,194.30445074350618,-26.30445074350618,168,-2.9713364689985866,14.734345182319544,21.845140167306955,23.0,34.099799999999995,-1.0681146513963555,,drop,False,27,False
anomaly_lockbox,d_1927,2016-05-08,WI_2,FOODS_1,WI,523.0,365.66262386099834,157.33737613900166,168,-18.370180709413376,53.21885308094923,78.90227157781533,53.0,78.5778,2.226901118748248,,spike,False,9,False
anomaly_lockbox,d_1927,2016-05-08,WI_2,FOODS_2,WI,1317.0,1214.7353052657197,102.26469473428028,168,22.7488264989434,92.92896624100149,137.7764853489088,208.5,309.1221,0.5771367155575844,,spike,False,44,False
anomaly_lockbox,d_1927,2016-05-08,WI_2,FOODS_3,WI,2827.0,2661.176199070446,165.82380092955418,168,-14.49269494220357,131.23108380650547,194.563204851525,327.0,484.81019999999995,0.9267759338635525,,spike,False,29,False
anomaly_lockbox,d_1927,2016-05-08,WI_2,HOBBIES_1,WI,247.0,251.58916504592398,-4.589165045923977,168,3.7437959882949627,27.857817006763696,41.30199949422785,33.5,49.6671,-0.20175684316163703,,drop,False,62,False
anomaly_lockbox,d_1927,2016-05-08,WI_2,HOBBIES_2,WI,25.0,24.373921371861726,0.6260786281382735,168,-5.035826698847519,7.1431782645639466,10.590476095042506,8.0,11.8608,0.5346223603333734,,spike,False,47,False
anomaly_lockbox,d_1927,2016-05-08,WI_2,HOUSEHOLD_1,WI,730.0,807.8691836751759,-77.86918367517592,168,21.26622900931295,89.68038723788936,132.96014211889477,120.0,177.91199999999998,-0.7456024873667827,,drop,False,36,False
anomaly_lockbox,d_1927,2016-05-08,WI_2,HOUSEHOLD_2,WI,133.0,148.34566068453285,-15.345660684532845,168,1.3445780441335913,15.226545518600226,22.574876385876692,19.0,28.1694,-0.7393280230366264,,drop,False,37,False
anomaly_lockbox,d_1927,2016-05-08,WI_3,FOODS_1,WI,367.0,250.15363307931315,116.84636692068685,168,-12.280809838717076,31.015004139908868,45.98284513782888,38.5,57.080099999999995,2.808159790294803,,spike,False,3,True
anomaly_lockbox,d_1927,2016-05-08,WI_3,FOODS_2,WI,645.0,640.4686536043919,4.531346395608125,168,16.12530927846919,42.51952212980271,63.039443509645494,94.5,140.10569999999998,-0.18391600936463062,,drop,False,63,False
anomaly_lockbox,d_1927,2016-05-08,WI_3,FOODS_3,WI,2384.0,2326.1727094657676,57.82729053423236,168,-0.057346979574504076,112.10466650885621,166.20637856603022,289.0,428.47139999999996,0.348269651340791,,spike,False,56,False
anomaly_lockbox,d_1927,2016-05-08,WI_3,HOBBIES_1,WI,250.0,244.31417720544422,5.685822794555776,168,0.8866500185241506,31.867621374367985,47.246935449637974,40.5,60.0453,0.10157638226392943,,spike,False,67,False
anomaly_lockbox,d_1927,2016-05-08,WI_3,HOBBIES_2,WI,22.0,26.11165355449677,-4.111653554496769,168,-1.180317913410649,8.055002205937786,11.94234627052336,8.0,11.8608,-0.24545726398181697,,drop,False,60,False
anomaly_lockbox,d_1927,2016-05-08,WI_3,HOUSEHOLD_1,WI,570.0,579.1730531207,-9.173053120700047,168,10.14740273920853,48.563542848588895,72.00030862731789,103.5,153.4491,-0.26833851449045226,,drop,False,59,False
anomaly_lockbox,d_1927,2016-05-08,WI_3,HOUSEHOLD_2,WI,165.0,171.75364480491467,-6.753644804914671,168,4.417184438691265,16.103898250120537,23.875639545628708,21.0,31.1346,-0.46787560275641527,,drop,False,50,False
anomaly_lockbox,d_1928,2016-05-09,CA_1,FOODS_1,CA,298.0,273.2863633684863,24.71363663151368,168,-25.684189124220666,35.43211828588335,52.53165857065065,58.5,86.73209999999999,0.9593800600823125,,spike,False,26,False
anomaly_lockbox,d_1928,2016-05-09,CA_1,FOODS_2,CA,617.0,586.0444058104686,30.95559418953144,168,-1.3018993399340673,43.31974067676376,64.22584752736994,82.0,121.5732,0.5022509592531096,,spike,False,46,False
anomaly_lockbox,d_1928,2016-05-09,CA_1,FOODS_3,CA,2330.0,2271.348673940153,58.65132605984718,168,7.923849203863142,142.77086773808514,211.67208850848502,302.0,447.74519999999995,0.23965123230666566,,spike,False,60,False
anomaly_lockbox,d_1928,2016-05-09,CA_1,HOBBIES_1,CA,592.0,463.46606503658296,128.53393496341704,168,17.289827805758932,46.976886497940626,69.64793192184676,61.5,91.17989999999999,1.5972348939590508,,spike,False,13,False
anomaly_lockbox,d_1928,2016-05-09,CA_1,HOBBIES_2,CA,49.0,39.50405531921324,9.495944680786756,168,-2.920935617483586,8.814043308989756,13.067700609908211,10.0,14.825999999999999,0.9501962639743672,,spike,False,28,False
anomaly_lockbox,d_1928,2016-05-09,CA_1,HOUSEHOLD_1,CA,752.0,719.443907389791,32.55609261020902,168,7.055601395861743,48.47646137804338,71.87120163908712,106.5,157.8969,0.35480819344585507,,spike,False,52,False
anomaly_lockbox,d_1928,2016-05-09,CA_1,HOUSEHOLD_2,CA,221.0,202.57517146555384,18.424828534446164,168,-5.473172481554656,17.069525722806446,25.307278836632836,36.0,53.373599999999996,0.9443133404531799,,spike,False,29,False
anomaly_lockbox,d_1928,2016-05-09,CA_2,FOODS_1,CA,404.0,409.33092208995083,-5.330922089950832,168,-7.615755540324386,39.40764758403104,58.42577830808442,77.5,114.9015,0.03910659843203835,,spike,False,70,False
anomaly_lockbox,d_1928,2016-05-09,CA_2,FOODS_2,CA,607.0,491.2502240977518,115.74977590224819,168,-12.024618362151116,29.612275350817725,43.903159435122355,172.5,255.74849999999998,2.9103690009648893,,spike,False,3,True
anomaly_lockbox,d_1928,2016-05-09,CA_2,FOODS_3,CA,1719.0,1840.763639793008,-121.763639793008,168,19.21992394083884,101.77879685519576,150.89724421751322,400.0,593.04,-0.9343017791009082,,drop,False,30,False
anomaly_lockbox,d_1928,2016-05-09,CA_2,HOBBIES_1,CA,324.0,332.8966757167491,-8.896675716749087,168,-4.7627889331289595,36.89570009761081,54.70156496471779,64.5,95.62769999999999,-0.07557163650229133,,drop,False,66,False
anomaly_lockbox,d_1928,2016-05-09,CA_2,HOBBIES_2,CA,29.0,36.788854818655146,-7.788854818655146,168,-2.8427111299485546,9.034327122200846,13.394293391374974,10.0,14.825999999999999,-0.3692724613522036,,drop,False,51,False
anomaly_lockbox,d_1928,2016-05-09,CA_2,HOUSEHOLD_1,CA,671.0,657.8056959943049,13.19430400569513,168,-3.6843276356884758,45.03992774790109,66.77619687903815,131.0,194.2206,0.2527641948815748,,spike,False,59,False
anomaly_lockbox,d_1928,2016-05-09,CA_2,HOUSEHOLD_2,CA,245.0,275.06485205820945,-30.064852058209453,168,-1.2395743605110283,20.142957831405752,29.863949280842167,47.5,70.42349999999999,-0.9652198852410303,,drop,False,25,False
anomaly_lockbox,d_1928,2016-05-09,CA_3,FOODS_1,CA,514.0,366.86184366048224,147.13815633951776,168,-24.065913311520916,50.320382425424214,74.60499898393394,56.0,83.0256,2.294806943002669,,spike,False,6,False
anomaly_lockbox,d_1928,2016-05-09,CA_3,FOODS_2,CA,831.0,782.0541356135828,48.945864386417156,168,17.66760848163824,64.39833025478615,95.47696443574593,92.0,136.39919999999998,0.3276000246722187,,spike,False,55,False
anomaly_lockbox,d_1928,2016-05-09,CA_3,FOODS_3,CA,3238.0,3052.919408616308,185.08059138369208,168,-83.63718827007233,197.78391267905567,293.23442893796795,316.5,469.24289999999996,0.9163923234628432,,spike,False,31,False
anomaly_lockbox,d_1928,2016-05-09,CA_3,HOBBIES_1,CA,530.0,522.8093287829823,7.190671217017666,168,-22.757896521268464,49.849732808054966,73.90721386122229,67.0,99.3342,0.40521846479724455,,spike,False,50,False
anomaly_lockbox,d_1928,2016-05-09,CA_3,HOBBIES_2,CA,55.0,50.37830005618095,4.621699943819053,168,3.648252262186009,10.789659601607411,15.996749325343147,12.5,18.5325,0.06085284340180545,,spike,False,67,False
anomaly_lockbox,d_1928,2016-05-09,CA_3,HOUSEHOLD_1,CA,1462.0,1492.715432242042,-30.71543224204197,168,20.42353241000751,83.62607990773597,123.98402607120934,182.0,269.8332,-0.4124641397165001,,drop,False,49,False
anomaly_lockbox,d_1928,2016-05-09,CA_3,HOUSEHOLD_2,CA,328.0,318.09398740011045,9.90601259988955,168,4.913212594189503,22.67482903117721,33.61770152162333,43.0,63.751799999999996,0.14851699490783496,,spike,False,62,False
anomaly_lockbox,d_1928,2016-05-09,CA_4,FOODS_1,CA,231.0,201.2008093338456,29.799190666154402,168,-12.005087574539175,24.10919695569271,35.74429540651001,28.5,42.2541,1.1695370622155241,,spike,False,18,False
anomaly_lockbox,d_1928,2016-05-09,CA_4,FOODS_2,CA,474.0,449.2593247274066,24.74067527259342,168,1.7637292652449332,27.477960584864036,40.73882436311942,42.5,63.01049999999999,0.5640061137392408,,spike,False,39,False
anomaly_lockbox,d_1928,2016-05-09,CA_4,FOODS_3,CA,1388.0,1192.941393415707,195.0586065842931,168,-24.262206743142144,80.156564099229,118.84012193351691,105.5,156.4143,1.8455115137809313,,spike,False,9,False
anomaly_lockbox,d_1928,2016-05-09,CA_4,HOBBIES_1,CA,363.0,342.22849939835623,20.771500601643766,168,12.35415079699078,44.518135522568855,66.00258772576058,41.0,60.7866,0.1275306028852521,,spike,False,63,False
anomaly_lockbox,d_1928,2016-05-09,CA_4,HOBBIES_2,CA,30.0,19.798446919085848,10.201553080914152,168,-6.139248050531476,5.7296688895483605,8.494807095644399,5.0,7.412999999999999,1.923622390415924,,spike,False,8,False
anomaly_lockbox,d_1928,2016-05-09,CA_4,HOUSEHOLD_1,CA,464.0,426.17875355650085,37.82124644349915,168,-0.7421382851627243,24.6044575617087,36.47856878098931,41.0,60.7866,1.0571518022044508,,spike,False,23,False
anomaly_lockbox,d_1928,2016-05-09,CA_4,HOUSEHOLD_2,CA,150.0,137.91881483227425,12.08118516772575,168,-3.4546464898643805,11.026960703131124,16.348571938462204,16.0,23.7216,0.9502867722066908,,spike,False,27,False
anomaly_lockbox,d_1928,2016-05-09,TX_1,FOODS_1,TX,220.0,179.92306664844537,40.07693335155463,168,-9.015130283288116,31.94925731162617,47.36796889021696,29.5,43.7367,1.0363979031615576,,spike,False,24,False
anomaly_lockbox,d_1928,2016-05-09,TX_1,FOODS_2,TX,428.0,431.0753295179942,-3.0753295179941915,168,-6.909115162940736,30.99554875467055,45.954000583674556,52.5,77.8365,0.083426591727653,,spike,False,65,False
anomaly_lockbox,d_1928,2016-05-09,TX_1,FOODS_3,TX,1683.0,1563.861224432386,119.13877556761395,168,-51.573091714937846,96.99760097751357,143.80864320926162,204.0,302.4504,1.1870765447257732,,spike,False,17,False
anomaly_lockbox,d_1928,2016-05-09,TX_1,HOBBIES_1,TX,229.0,236.00870364385284,-7.00870364385284,168,3.35228629162593,30.248602333520225,44.84657781967708,37.0,54.856199999999994,-0.23103189672886784,,drop,False,61,False
anomaly_lockbox,d_1928,2016-05-09,TX_1,HOBBIES_2,TX,32.0,30.852739206464026,1.147260793535974,168,1.8294803153880679,10.735863390625315,15.916991062941092,9.5,14.0847,-0.04286108593982181,,drop,False,69,False
anomaly_lockbox,d_1928,2016-05-09,TX_1,HOUSEHOLD_1,TX,661.0,678.833266074206,-17.833266074205994,168,20.33032524814172,49.35642478068894,73.17583537984942,98.5,146.0361,-0.5215327043995305,,drop,False,41,False
anomaly_lockbox,d_1928,2016-05-09,TX_1,HOUSEHOLD_2,TX,184.0,171.41824739111084,12.581752608889161,168,0.2987811063512424,16.385507467327315,24.293153371059475,21.0,31.1346,0.5056145373523501,,spike,False,44,False
anomaly_lockbox,d_1928,2016-05-09,TX_2,FOODS_1,TX,259.0,212.43726980990587,46.56273019009413,168,-26.12703194291352,30.65065159994984,45.44265606208563,30.5,45.2193,1.5995931671268486,,spike,False,12,False
anomaly_lockbox,d_1928,2016-05-09,TX_2,FOODS_2,TX,544.0,497.44751228917784,46.55248771082216,168,-7.811833265177,33.80774934945228,50.12336918549795,63.0,93.40379999999999,1.0846102698086033,,spike,False,21,False
anomaly_lockbox,d_1928,2016-05-09,TX_2,FOODS_3,TX,2044.0,1972.0348011783426,71.9651988216574,168,-41.65795526983845,124.96472773684309,185.27270534264355,241.5,358.04789999999997,0.6132751928103012,,spike,False,37,False
anomaly_lockbox,d_1928,2016-05-09,TX_2,HOBBIES_1,TX,339.0,306.12040213775225,32.87959786224775,168,5.762759951001044,36.12534962471969,53.55944335360941,45.5,67.4583,0.5062942445502335,,spike,False,43,False
anomaly_lockbox,d_1928,2016-05-09,TX_2,HOBBIES_2,TX,48.0,42.01776506703199,5.982234932968012,168,0.44935867804020546,12.068633475491076,17.892955990763067,11.0,16.3086,0.30922091675540136,,spike,False,57,False
anomaly_lockbox,d_1928,2016-05-09,TX_2,HOUSEHOLD_1,TX,760.0,724.217198583674,35.78280141632604,168,2.586436775464506,52.7841509083666,78.25778213674431,108.0,160.1208,0.42419250500679434,,spike,False,48,False
anomaly_lockbox,d_1928,2016-05-09,TX_2,HOUSEHOLD_2,TX,178.0,182.85761337596261,-4.8576133759626146,168,3.9485061642942156,17.430686732382796,25.84273614943073,30.0,44.477999999999994,-0.34075801762387353,,drop,False,53,False
anomaly_lockbox,d_1928,2016-05-09,TX_3,FOODS_1,TX,308.0,253.8914949217832,54.10850507821681,168,-6.582356202483766,33.46832859706534,49.62014397800907,30.0,44.477999999999994,1.2231093345395752,,spike,False,16,False
anomaly_lockbox,d_1928,2016-05-09,TX_3,FOODS_2,TX,618.0,569.790247012539,48.209752987461,168,1.2222230771089073,39.93788391101927,59.211906686477164,67.0,99.3342,0.7935486718768866,,spike,False,33,False
anomaly_lockbox,d_1928,2016-05-09,TX_3,FOODS_3,TX,2071.0,1868.5280173937228,202.47198260627715,168,14.023064556677582,115.01769419548702,170.52523341422906,199.0,295.0374,1.1051086943351747,,spike,False,19,False
anomaly_lockbox,d_1928,2016-05-09,TX_3,HOBBIES_1,TX,364.0,336.98374935854395,27.016250641456054,168,15.203725840623378,29.80770011824157,44.19289619530495,42.0,62.2692,0.2672946518062249,,spike,False,58,False
anomaly_lockbox,d_1928,2016-05-09,TX_3,HOBBIES_2,TX,83.0,49.32955778291985,33.67044221708015,168,5.158204388232139,11.504291330894542,17.056262327184246,14.0,20.7564,1.6716580269409465,,spike,False,10,False
anomaly_lockbox,d_1928,2016-05-09,TX_3,HOUSEHOLD_1,TX,806.0,742.0909265862359,63.90907341376408,168,14.740755402915227,65.66806597354093,97.35947461237178,100.5,149.0013,0.5050183169805322,,spike,False,45,False
anomaly_lockbox,d_1928,2016-05-09,TX_3,HOUSEHOLD_2,TX,176.0,158.35265549572554,17.647344504274457,168,7.101941028670069,13.696061250985842,20.30578041071161,19.5,28.9107,0.5193301248368434,,spike,False,42,False
anomaly_lockbox,d_1928,2016-05-09,WI_1,FOODS_1,WI,305.0,274.6403039193601,30.35969608063988,168,-14.300155016168702,35.22765573409737,52.228522391372756,45.0,66.717,0.8550854791975814,,spike,False,32,False
anomaly_lockbox,d_1928,2016-05-09,WI_1,FOODS_2,WI,783.0,651.4062995442818,131.59370045571825,168,13.518371491533685,41.2053589013627,61.09106510716034,99.5,147.5187,1.9327757464543736,,spike,False,7,False
anomaly_lockbox,d_1928,2016-05-09,WI_1,FOODS_3,WI,1821.0,1562.080303172777,258.9196968272231,168,2.349864332053585,107.8399877465398,159.8835658330199,214.0,317.27639999999997,1.6047292362939125,,spike,False,11,False
anomaly_lockbox,d_1928,2016-05-09,WI_1,HOBBIES_1,WI,266.0,339.36285999386655,-73.36285999386655,168,-6.488511374065951,41.39425992717577,61.37112976803079,65.5,97.1103,-1.089671134824644,,drop,False,20,False
anomaly_lockbox,d_1928,2016-05-09,WI_1,HOBBIES_2,WI,17.0,28.50549718345088,-11.505497183450881,168,-4.134663515508507,8.693512559869298,12.88900172126222,9.0,13.343399999999999,-0.5718700196760117,,drop,False,38,False
anomaly_lockbox,d_1928,2016-05-09,WI_1,HOUSEHOLD_1,WI,520.0,538.4822333709997,-18.482233370999666,168,-12.713724599904822,45.27486841898042,67.12451991798036,102.0,151.2252,-0.08593743058636993,,drop,False,64,False
anomaly_lockbox,d_1928,2016-05-09,WI_1,HOUSEHOLD_2,WI,183.0,157.93931327269436,25.060686727305637,168,-2.9713364689985866,14.734345182319544,21.845140167306955,23.0,34.099799999999995,1.2832155335975572,,spike,False,15,False
anomaly_lockbox,d_1928,2016-05-09,WI_2,FOODS_1,WI,553.0,371.70087895892726,181.29912104107274,168,-18.370180709413376,53.21885308094923,78.90227157781533,53.0,78.5778,2.5305900293829615,,spike,False,4,True
anomaly_lockbox,d_1928,2016-05-09,WI_2,FOODS_2,WI,1826.0,1324.5933128721897,501.4066871278103,168,22.7488264989434,92.92896624100149,137.7764853489088,208.5,309.1221,3.474162223086916,,spike,True,2,True
anomaly_lockbox,d_1928,2016-05-09,WI_2,FOODS_3,WI,3388.0,2584.9654741147647,803.0345258852353,168,-14.49269494220357,131.23108380650547,194.563204851525,327.0,484.81019999999995,4.201859346690501,,spike,True,1,True
anomaly_lockbox,d_1928,2016-05-09,WI_2,HOBBIES_1,WI,266.0,232.0060066363796,33.993993363620405,168,3.7437959882949627,27.857817006763696,41.30199949422785,33.5,49.6671,0.732414840583034,,spike,False,36,False
anomaly_lockbox,d_1928,2016-05-09,WI_2,HOBBIES_2,WI,15.0,31.495760925573087,-16.495760925573087,168,-5.035826698847519,7.1431782645639466,10.590476095042506,8.0,11.8608,-1.0820981156918963,,drop,False,22,False
anomaly_lockbox,d_1928,2016-05-09,WI_2,HOUSEHOLD_1,WI,888.0,859.5656806237189,28.43431937628111,168,21.26622900931295,89.68038723788936,132.96014211889477,120.0,177.91199999999998,0.05391157269190006,,spike,False,68,False
anomaly_lockbox,d_1928,2016-05-09,WI_2,HOUSEHOLD_2,WI,144.0,135.38457556145505,8.615424438544949,168,1.3445780441335913,15.226545518600226,22.574876385876692,19.0,28.1694,0.3220769084237444,,spike,False,56,False
anomaly_lockbox,d_1928,2016-05-09,WI_3,FOODS_1,WI,325.0,223.959230704023,101.04076929597699,168,-12.280809838717076,31.015004139908868,45.98284513782888,38.5,57.080099999999995,2.464431654783957,,spike,False,5,True
anomaly_lockbox,d_1928,2016-05-09,WI_3,FOODS_2,WI,803.0,699.9578387843891,103.04216121561092,168,16.12530927846919,42.51952212980271,63.039443509645494,94.5,140.10569999999998,1.3787693402439827,,spike,False,14,False
anomaly_lockbox,d_1928,2016-05-09,WI_3,FOODS_3,WI,2276.0,2149.9673730902186,126.03262690978136,168,-0.057346979574504076,112.10466650885621,166.20637856603022,289.0,428.47139999999996,0.7586349872803649,,spike,False,35,False
anomaly_lockbox,d_1928,2016-05-09,WI_3,HOBBIES_1,WI,241.0,224.43472277965293,16.56527722034707,168,0.8866500185241506,31.867621374367985,47.246935449637974,40.5,60.0453,0.331844320750396,,spike,False,54,False
anomaly_lockbox,d_1928,2016-05-09,WI_3,HOBBIES_2,WI,23.0,29.476793477869435,-6.476793477869435,168,-1.180317913410649,8.055002205937786,11.94234627052336,8.0,11.8608,-0.44350376755795357,,drop,False,47,False
anomaly_lockbox,d_1928,2016-05-09,WI_3,HOUSEHOLD_1,WI,669.0,602.0202603082902,66.97973969170982,168,10.14740273920853,48.563542848588895,72.00030862731789,103.5,153.4491,0.7893346297537721,,spike,False,34,False
anomaly_lockbox,d_1928,2016-05-09,WI_3,HOUSEHOLD_2,WI,137.0,145.36031877974406,-8.360318779744063,168,4.417184438691265,16.103898250120537,23.875639545628708,21.0,31.1346,-0.5351690451690836,,drop,False,40,False
anomaly_lockbox,d_1929,2016-05-10,CA_1,FOODS_1,CA,326.0,271.1554965044498,54.844503495550214,168,-25.684189124220666,35.43211828588335,52.53165857065065,58.5,86.73209999999999,1.5329554560221352,,spike,False,11,False
anomaly_lockbox,d_1929,2016-05-10,CA_1,FOODS_2,CA,627.0,514.863327624213,112.13667237578704,168,-1.3018993399340673,43.31974067676376,64.22584752736994,82.0,121.5732,1.766244838845904,,spike,False,4,True
anomaly_lockbox,d_1929,2016-05-10,CA_1,FOODS_3,CA,1943.0,2080.2257060105767,-137.2257060105767,168,7.923849203863142,142.77086773808514,211.67208850848502,302.0,447.74519999999995,-0.6857283652143934,,drop,False,38,False
anomaly_lockbox,d_1929,2016-05-10,CA_1,HOBBIES_1,CA,334.0,431.8581510789514,-97.85815107895138,168,17.289827805758932,46.976886497940626,69.64793192184676,61.5,91.17989999999999,-1.6532864035922847,,drop,False,6,False
anomaly_lockbox,d_1929,2016-05-10,CA_1,HOBBIES_2,CA,55.0,39.54659686482078,15.453403135179222,168,-2.920935617483586,8.814043308989756,13.067700609908211,10.0,14.825999999999999,1.4060881329597488,,spike,False,18,False
anomaly_lockbox,d_1929,2016-05-10,CA_1,HOUSEHOLD_1,CA,623.0,639.1728793874438,-16.1728793874438,168,7.055601395861743,48.47646137804338,71.87120163908712,106.5,157.8969,-0.3231959429306765,,drop,False,55,False
anomaly_lockbox,d_1929,2016-05-10,CA_1,HOUSEHOLD_2,CA,196.0,200.61747404362015,-4.617474043620149,168,-5.473172481554656,17.069525722806446,25.307278836632836,36.0,53.373599999999996,0.033812344798440544,,spike,False,66,False
anomaly_lockbox,d_1929,2016-05-10,CA_2,FOODS_1,CA,435.0,396.4938373129024,38.50616268709763,168,-7.615755540324386,39.40764758403104,58.42577830808442,77.5,114.9015,0.7894104205889558,,spike,False,32,False
anomaly_lockbox,d_1929,2016-05-10,CA_2,FOODS_2,CA,490.0,457.44181618347443,32.55818381652557,168,-12.024618362151116,29.612275350817725,43.903159435122355,172.5,255.74849999999998,1.0154804973559743,,spike,False,28,False
anomaly_lockbox,d_1929,2016-05-10,CA_2,FOODS_3,CA,1755.0,1721.310275902217,33.68972409778303,168,19.21992394083884,101.77879685519576,150.89724421751322,400.0,593.04,0.09589174561787535,,spike,False,65,False
anomaly_lockbox,d_1929,2016-05-10,CA_2,HOBBIES_1,CA,411.0,331.41109559698504,79.58890440301496,168,-4.7627889331289595,36.89570009761081,54.70156496471779,64.5,95.62769999999999,1.5420343712387443,,spike,False,10,False
anomaly_lockbox,d_1929,2016-05-10,CA_2,HOBBIES_2,CA,55.0,36.92296798541301,18.07703201458699,168,-2.8427111299485546,9.034327122200846,13.394293391374974,10.0,14.825999999999999,1.5618399965769343,,spike,False,9,False
anomaly_lockbox,d_1929,2016-05-10,CA_2,HOUSEHOLD_1,CA,659.0,622.2250984339157,36.77490156608428,168,-3.6843276356884758,45.03992774790109,66.77619687903815,131.0,194.2206,0.6058929842180544,,spike,False,41,False
anomaly_lockbox,d_1929,2016-05-10,CA_2,HOUSEHOLD_2,CA,287.0,274.86334331457033,12.13665668542967,168,-1.2395743605110283,20.142957831405752,29.863949280842167,47.5,70.42349999999999,0.4479056309716411,,spike,False,49,False
anomaly_lockbox,d_1929,2016-05-10,CA_3,FOODS_1,CA,353.0,358.38945254399226,-5.389452543992263,168,-24.065913311520916,50.320382425424214,74.60499898393394,56.0,83.0256,0.25033792670583105,,spike,False,56,False
anomaly_lockbox,d_1929,2016-05-10,CA_3,FOODS_2,CA,759.0,700.4202015938467,58.57979840615326,168,17.66760848163824,64.39833025478615,95.47696443574593,92.0,136.39919999999998,0.42850325380891324,,spike,False,50,False
anomaly_lockbox,d_1929,2016-05-10,CA_3,FOODS_3,CA,2763.0,2806.2039809336557,-43.20398093365566,168,-83.63718827007233,197.78391267905567,293.23442893796795,316.5,469.24289999999996,0.13788697146804027,,spike,False,62,False
anomaly_lockbox,d_1929,2016-05-10,CA_3,HOBBIES_1,CA,469.0,490.8195182001096,-21.8195182001096,168,-22.757896521268464,49.849732808054966,73.90721386122229,67.0,99.3342,0.01269670810377029,,spike,False,70,False
anomaly_lockbox,d_1929,2016-05-10,CA_3,HOBBIES_2,CA,68.0,50.730695728816485,17.269304271183515,168,3.648252262186009,10.789659601607411,15.996749325343147,12.5,18.5325,0.851488745117616,,spike,False,30,False
anomaly_lockbox,d_1929,2016-05-10,CA_3,HOUSEHOLD_1,CA,1213.0,1367.2368213371174,-154.23682133711736,168,20.42353241000751,83.62607990773597,123.98402607120934,182.0,269.8332,-1.408732715671049,,drop,False,17,False
anomaly_lockbox,d_1929,2016-05-10,CA_3,HOUSEHOLD_2,CA,335.0,310.9467507728962,24.053249227103777,168,4.913212594189503,22.67482903117721,33.61770152162333,43.0,63.751799999999996,0.5693439993392517,,spike,False,44,False
anomaly_lockbox,d_1929,2016-05-10,CA_4,FOODS_1,CA,263.0,201.40637592987446,61.59362407012554,168,-12.005087574539175,24.10919695569271,35.74429540651001,28.5,42.2541,2.0590337788910613,,spike,False,3,True
anomaly_lockbox,d_1929,2016-05-10,CA_4,FOODS_2,CA,388.0,393.4710338313738,-5.471033831373802,168,1.7637292652449332,27.477960584864036,40.73882436311942,42.5,63.01049999999999,-0.17758890222586582,,drop,False,59,False
anomaly_lockbox,d_1929,2016-05-10,CA_4,FOODS_3,CA,1168.0,1093.9572155346154,74.04278446538456,168,-24.262206743142144,80.156564099229,118.84012193351691,105.5,156.4143,0.8272037221867019,,spike,False,31,False
anomaly_lockbox,d_1929,2016-05-10,CA_4,HOBBIES_1,CA,410.0,332.21975896199433,77.78024103800567,168,12.35415079699078,44.518135522568855,66.00258772576058,41.0,60.7866,0.9912655320857869,,spike,False,29,False
anomaly_lockbox,d_1929,2016-05-10,CA_4,HOBBIES_2,CA,16.0,20.318969883138145,-4.318969883138145,168,-6.139248050531476,5.7296688895483605,8.494807095644399,5.0,7.412999999999999,0.2142812834827827,,spike,False,57,False
anomaly_lockbox,d_1929,2016-05-10,CA_4,HOUSEHOLD_1,CA,426.0,388.8460770640391,37.15392293596091,168,-0.7421382851627243,24.6044575617087,36.47856878098931,41.0,60.7866,1.038858225185442,,spike,False,25,False
anomaly_lockbox,d_1929,2016-05-10,CA_4,HOUSEHOLD_2,CA,144.0,136.701025821465,7.298974178534991,168,-3.4546464898643805,11.026960703131124,16.348571938462204,16.0,23.7216,0.6577712542035576,,spike,False,39,False
anomaly_lockbox,d_1929,2016-05-10,TX_1,FOODS_1,TX,252.0,179.6510780147465,72.3489219852535,168,-9.015130283288116,31.94925731162617,47.36796889021696,29.5,43.7367,1.7177019444746757,,spike,False,5,True
anomaly_lockbox,d_1929,2016-05-10,TX_1,FOODS_2,TX,361.0,334.8203583044978,26.179641695502198,168,-6.909115162940736,30.99554875467055,45.954000583674556,52.5,77.8365,0.7200408329671719,,spike,False,37,False
anomaly_lockbox,d_1929,2016-05-10,TX_1,FOODS_3,TX,1364.0,1339.8554348981236,24.144565101876424,168,-51.573091714937846,96.99760097751357,143.80864320926162,204.0,302.4504,0.526516731728249,,spike,False,46,False
anomaly_lockbox,d_1929,2016-05-10,TX_1,HOBBIES_1,TX,213.0,231.53937891587398,-18.539378915873982,168,3.35228629162593,30.248602333520225,44.84657781967708,37.0,54.856199999999994,-0.48814572419603064,,drop,False,47,False
anomaly_lockbox,d_1929,2016-05-10,TX_1,HOBBIES_2,TX,33.0,31.490421529917487,1.5095784700825128,168,1.8294803153880679,10.735863390625315,15.916991062941092,9.5,14.0847,-0.02009813563634964,,drop,False,68,False
anomaly_lockbox,d_1929,2016-05-10,TX_1,HOUSEHOLD_1,TX,590.0,626.8750353464677,-36.87503534646771,168,20.33032524814172,49.35642478068894,73.17583537984942,98.5,146.0361,-0.781752067436762,,drop,False,34,False
anomaly_lockbox,d_1929,2016-05-10,TX_1,HOUSEHOLD_2,TX,207.0,170.2391983533345,36.7608016466655,168,0.2987811063512424,16.385507467327315,24.293153371059475,21.0,31.1346,1.5009175623841242,,spike,False,13,False
anomaly_lockbox,d_1929,2016-05-10,TX_2,FOODS_1,TX,257.0,211.30866268480835,45.691337315191646,168,-26.12703194291352,30.65065159994984,45.44265606208563,30.5,45.2193,1.580417508166423,,spike,False,7,False
anomaly_lockbox,d_1929,2016-05-10,TX_2,FOODS_2,TX,438.0,372.11538733555204,65.88461266444796,168,-7.811833265177,33.80774934945228,50.12336918549795,63.0,93.40379999999999,1.4703011215564363,,spike,False,14,False
anomaly_lockbox,d_1929,2016-05-10,TX_2,FOODS_3,TX,1746.0,1650.146870013889,95.85312998611107,168,-41.65795526983845,124.96472773684309,185.27270534264355,241.5,358.04789999999997,0.742209085799424,,spike,False,36,False
anomaly_lockbox,d_1929,2016-05-10,TX_2,HOBBIES_1,TX,343.0,295.2619788188414,47.738021181158615,168,5.762759951001044,36.12534962471969,53.55944335360941,45.5,67.4583,0.7837135452104886,,spike,False,33,False
anomaly_lockbox,d_1929,2016-05-10,TX_2,HOBBIES_2,TX,50.0,42.31373304197553,7.6862669580244685,168,0.44935867804020546,12.068633475491076,17.892955990763067,11.0,16.3086,0.40445571339471204,,spike,False,52,False
anomaly_lockbox,d_1929,2016-05-10,TX_2,HOUSEHOLD_1,TX,661.0,660.0767048911725,0.9232951088274604,168,2.586436775464506,52.7841509083666,78.25778213674431,108.0,160.1208,-0.021252093034414683,,drop,False,67,False
anomaly_lockbox,d_1929,2016-05-10,TX_2,HOUSEHOLD_2,TX,201.0,181.33684998967635,19.663150010323648,168,3.9485061642942156,17.430686732382796,25.84273614943073,30.0,44.477999999999994,0.6080874623786924,,spike,False,40,False
anomaly_lockbox,d_1929,2016-05-10,TX_3,FOODS_1,TX,302.0,250.4340370212608,51.56596297873921,168,-6.582356202483766,33.46832859706534,49.62014397800907,30.0,44.477999999999994,1.1718692151919887,,spike,False,23,False
anomaly_lockbox,d_1929,2016-05-10,TX_3,FOODS_2,TX,492.0,456.2486599542592,35.75134004574079,168,1.2222230771089073,39.93788391101927,59.211906686477164,67.0,99.3342,0.5831448251018347,,spike,False,43,False
anomaly_lockbox,d_1929,2016-05-10,TX_3,FOODS_3,TX,1826.0,1544.4857311406536,281.51426885934643,168,14.023064556677582,115.01769419548702,170.52523341422906,199.0,295.0374,1.5686312163132843,,spike,False,8,False
anomaly_lockbox,d_1929,2016-05-10,TX_3,HOBBIES_1,TX,331.0,321.76253314472024,9.237466855279763,168,15.203725840623378,29.80770011824157,44.19289619530495,42.0,62.2692,-0.1350049328963751,,drop,False,63,False
anomaly_lockbox,d_1929,2016-05-10,TX_3,HOBBIES_2,TX,49.0,50.00333077699101,-1.0033307769910067,168,5.158204388232139,11.504291330894542,17.056262327184246,14.0,20.7564,-0.36124767824442405,,drop,False,54,False
anomaly_lockbox,d_1929,2016-05-10,TX_3,HOUSEHOLD_1,TX,674.0,671.7357898971142,2.2642101028858406,168,14.740755402915227,65.66806597354093,97.35947461237178,100.5,149.0013,-0.12814926692757594,,drop,False,64,False
anomaly_lockbox,d_1929,2016-05-10,TX_3,HOUSEHOLD_2,TX,190.0,157.20969712856692,32.790302871433084,168,7.101941028670069,13.696061250985842,20.30578041071161,19.5,28.9107,1.2650763143883903,,spike,False,20,False
anomaly_lockbox,d_1929,2016-05-10,WI_1,FOODS_1,WI,364.0,270.2506829794831,93.74931702051691,168,-14.300155016168702,35.22765573409737,52.228522391372756,45.0,66.717,2.0687828621116324,,spike,False,1,True
anomaly_lockbox,d_1929,2016-05-10,WI_1,FOODS_2,WI,572.0,571.5510293113375,0.44897068866248446,168,13.518371491533685,41.2053589013627,61.09106510716034,99.5,147.5187,-0.2139330977442619,,drop,False,58,False
anomaly_lockbox,d_1929,2016-05-10,WI_1,FOODS_3,WI,1416.0,1441.6555567432715,-25.655556743271518,168,2.349864332053585,107.8399877465398,159.8835658330199,214.0,317.27639999999997,-0.17516134900677385,,drop,False,60,False
anomaly_lockbox,d_1929,2016-05-10,WI_1,HOBBIES_1,WI,287.0,329.72873491054395,-42.72873491054395,168,-6.488511374065951,41.39425992717577,61.37112976803079,65.5,97.1103,-0.590509310704528,,drop,False,42,False
anomaly_lockbox,d_1929,2016-05-10,WI_1,HOBBIES_2,WI,38.0,28.799959159517233,9.200040840482767,168,-4.134663515508507,8.693512559869298,12.88900172126222,9.0,13.343399999999999,1.0345800741103017,,spike,False,27,False
anomaly_lockbox,d_1929,2016-05-10,WI_1,HOUSEHOLD_1,WI,426.0,490.14404526748814,-64.14404526748814,168,-12.713724599904822,45.27486841898042,67.12451991798036,102.0,151.2252,-0.7661927523716544,,drop,False,35,False
anomaly_lockbox,d_1929,2016-05-10,WI_1,HOUSEHOLD_2,WI,124.0,157.9872285709757,-33.9872285709757,168,-2.9713364689985866,14.734345182319544,21.845140167306955,23.0,34.099799999999995,-1.4198074200684208,,drop,False,16,False
anomaly_lockbox,d_1929,2016-05-10,WI_2,FOODS_1,WI,452.0,351.28835551231583,100.71164448768417,168,-18.370180709413376,53.21885308094923,78.90227157781533,53.0,78.5778,1.509231899358641,,spike,False,12,False
anomaly_lockbox,d_1929,2016-05-10,WI_2,FOODS_2,WI,1191.0,1010.2054906268918,180.7945093731082,168,22.7488264989434,92.92896624100149,137.7764853489088,208.5,309.1221,1.147116523359743,,spike,False,24,False
anomaly_lockbox,d_1929,2016-05-10,WI_2,FOODS_3,WI,2279.0,2091.991919123082,187.00808087691803,168,-14.49269494220357,131.23108380650547,194.563204851525,327.0,484.81019999999995,1.035657158160459,,spike,False,26,False
anomaly_lockbox,d_1929,2016-05-10,WI_2,HOBBIES_1,WI,212.0,230.77791535709375,-18.777915357093747,168,3.7437959882949627,27.857817006763696,41.30199949422785,33.5,49.6671,-0.5452934875110883,,drop,False,45,False
anomaly_lockbox,d_1929,2016-05-10,WI_2,HOBBIES_2,WI,23.0,32.19082463346622,-9.190824633466221,168,-5.035826698847519,7.1431782645639466,10.590476095042506,8.0,11.8608,-0.39233344160643474,,drop,False,53,False
anomaly_lockbox,d_1929,2016-05-10,WI_2,HOUSEHOLD_1,WI,795.0,829.2541275483158,-34.25412754831575,168,21.26622900931295,89.68038723788936,132.96014211889477,120.0,177.91199999999998,-0.41757142909776407,,drop,False,51,False
anomaly_lockbox,d_1929,2016-05-10,WI_2,HOUSEHOLD_2,WI,127.0,135.83309259156314,-8.833092591563144,168,1.3445780441335913,15.226545518600226,22.574876385876692,19.0,28.1694,-0.4508405920691595,,drop,False,48,False
anomaly_lockbox,d_1929,2016-05-10,WI_3,FOODS_1,WI,302.0,219.18849594260115,82.81150405739885,168,-12.280809838717076,31.015004139908868,45.98284513782888,38.5,57.080099999999995,2.067995436365158,,spike,False,2,True
anomaly_lockbox,d_1929,2016-05-10,WI_3,FOODS_2,WI,555.0,529.1332530267322,25.866746973267823,168,16.12530927846919,42.51952212980271,63.039443509645494,94.5,140.10569999999998,0.154529246333022,,spike,False,61,False
anomaly_lockbox,d_1929,2016-05-10,WI_3,FOODS_3,WI,1892.0,1687.607645170988,204.392354829012,168,-0.057346979574504076,112.10466650885621,166.20637856603022,289.0,428.47139999999996,1.2300954005045182,,spike,False,21,False
anomaly_lockbox,d_1929,2016-05-10,WI_3,HOBBIES_1,WI,162.0,222.1659532723471,-60.16595327234711,168,0.8866500185241506,31.867621374367985,47.246935449637974,40.5,60.0453,-1.2922023980994322,,drop,False,19,False
anomaly_lockbox,d_1929,2016-05-10,WI_3,HOBBIES_2,WI,29.0,29.949287055764202,-0.9492870557642021,168,-1.180317913410649,8.055002205937786,11.94234627052336,8.0,11.8608,0.019345516568774063,,spike,False,69,False
anomaly_lockbox,d_1929,2016-05-10,WI_3,HOUSEHOLD_1,WI,460.0,554.8560176722499,-94.85601767224989,168,10.14740273920853,48.563542848588895,72.00030862731789,103.5,153.4491,-1.4583745877391796,,drop,False,15,False
anomaly_lockbox,d_1929,2016-05-10,WI_3,HOUSEHOLD_2,WI,122.0,145.58626567985377,-23.586265679853767,168,4.417184438691265,16.103898250120537,23.875639545628708,21.0,31.1346,-1.1728879582483087,,drop,False,22,False
anomaly_lockbox,d_1930,2016-05-11,CA_1,FOODS_1,CA,279.0,265.5655575601434,13.434442439856582,168,-25.684189124220666,35.43211828588335,52.53165857065065,58.5,86.73209999999999,0.7446677418620999,,spike,False,31,False
anomaly_lockbox,d_1930,2016-05-11,CA_1,FOODS_2,CA,446.0,455.47843961203597,-9.47843961203597,168,-1.3018993399340673,43.31974067676376,64.22584752736994,82.0,121.5732,-0.12730918449332193,,drop,False,64,False
anomaly_lockbox,d_1930,2016-05-11,CA_1,FOODS_3,CA,1962.0,1864.6116751966129,97.38832480338715,168,7.923849203863142,142.77086773808514,211.67208850848502,302.0,447.74519999999995,0.42265598752259564,,spike,False,41,False
anomaly_lockbox,d_1930,2016-05-11,CA_1,HOBBIES_1,CA,453.0,416.9573739954966,36.042626004503404,168,17.289827805758932,46.976886497940626,69.64793192184676,61.5,91.17989999999999,0.26925132852167577,,spike,False,55,False
anomaly_lockbox,d_1930,2016-05-11,CA_1,HOBBIES_2,CA,52.0,39.8679741862564,12.132025813743603,168,-2.920935617483586,8.814043308989756,13.067700609908211,10.0,14.825999999999999,1.1519212048532632,,spike,False,17,False
anomaly_lockbox,d_1930,2016-05-11,CA_1,HOUSEHOLD_1,CA,593.0,633.5776539035355,-40.57765390353552,168,7.055601395861743,48.47646137804338,71.87120163908712,106.5,157.8969,-0.6627585766354008,,drop,False,34,False
anomaly_lockbox,d_1930,2016-05-11,CA_1,HOUSEHOLD_2,CA,197.0,199.11191839421477,-2.1119183942147686,168,-5.473172481554656,17.069525722806446,25.307278836632836,36.0,53.373599999999996,0.13281768099359614,,spike,False,63,False
anomaly_lockbox,d_1930,2016-05-11,CA_2,FOODS_1,CA,386.0,377.3282572211368,8.671742778863177,168,-7.615755540324386,39.40764758403104,58.42577830808442,77.5,114.9015,0.2787724663812283,,spike,False,53,False
anomaly_lockbox,d_1930,2016-05-11,CA_2,FOODS_2,CA,439.0,409.8557152527627,29.144284747237293,168,-12.024618362151116,29.612275350817725,43.903159435122355,172.5,255.74849999999998,0.9377207389874873,,spike,False,26,False
anomaly_lockbox,d_1930,2016-05-11,CA_2,FOODS_3,CA,1681.0,1618.5471197712684,62.4528802287316,168,19.21992394083884,101.77879685519576,150.89724421751322,400.0,593.04,0.2865059366198493,,spike,False,51,False
anomaly_lockbox,d_1930,2016-05-11,CA_2,HOBBIES_1,CA,303.0,323.3410264412338,-20.341026441233794,168,-4.7627889331289595,36.89570009761081,54.70156496471779,64.5,95.62769999999999,-0.2847859566385845,,drop,False,52,False
anomaly_lockbox,d_1930,2016-05-11,CA_2,HOBBIES_2,CA,39.0,37.083316794721505,1.9166832052784954,168,-2.8427111299485546,9.034327122200846,13.394293391374974,10.0,14.825999999999999,0.3553300048132274,,spike,False,48,False
anomaly_lockbox,d_1930,2016-05-11,CA_2,HOUSEHOLD_1,CA,632.0,617.3535079504105,14.646492049589483,168,-3.6843276356884758,45.03992774790109,66.77619687903815,131.0,194.2206,0.27451128608721687,,spike,False,54,False
anomaly_lockbox,d_1930,2016-05-11,CA_2,HOUSEHOLD_2,CA,242.0,273.281651297443,-31.281651297442977,168,-1.2395743605110283,20.142957831405752,29.863949280842167,47.5,70.42349999999999,-1.0059646383140641,,drop,False,22,False
anomaly_lockbox,d_1930,2016-05-11,CA_3,FOODS_1,CA,321.0,349.42419654749494,-28.424196547494944,168,-24.065913311520916,50.320382425424214,74.60499898393394,56.0,83.0256,-0.05841811266444192,,drop,False,67,False
anomaly_lockbox,d_1930,2016-05-11,CA_3,FOODS_2,CA,712.0,612.2097274120998,99.79027258790018,168,17.66760848163824,64.39833025478615,95.47696443574593,92.0,136.39919999999998,0.8601306565577798,,spike,False,27,False
anomaly_lockbox,d_1930,2016-05-11,CA_3,FOODS_3,CA,2582.0,2544.408991538412,37.59100846158799,168,-83.63718827007233,197.78391267905567,293.23442893796795,316.5,469.24289999999996,0.41341733701162847,,spike,False,42,False
anomaly_lockbox,d_1930,2016-05-11,CA_3,HOBBIES_1,CA,505.0,482.87894981212725,22.121050187872754,168,-22.757896521268464,49.849732808054966,73.90721386122229,67.0,99.3342,0.6072336428946126,,spike,False,36,False
anomaly_lockbox,d_1930,2016-05-11,CA_3,HOBBIES_2,CA,48.0,50.70294870791088,-2.7029487079108776,168,3.648252262186009,10.789659601607411,15.996749325343147,12.5,18.5325,-0.39703072423813496,,drop,False,46,False
anomaly_lockbox,d_1930,2016-05-11,CA_3,HOUSEHOLD_1,CA,1365.0,1287.6409873912323,77.35901260876767,168,20.42353241000751,83.62607990773597,123.98402607120934,182.0,269.8332,0.45921625553649686,,spike,False,38,False
anomaly_lockbox,d_1930,2016-05-11,CA_3,HOUSEHOLD_2,CA,351.0,305.62754917261543,45.37245082738457,168,4.913212594189503,22.67482903117721,33.61770152162333,43.0,63.751799999999996,1.203509948684956,,spike,False,15,False
anomaly_lockbox,d_1930,2016-05-11,CA_4,FOODS_1,CA,253.0,198.98719275897164,54.012807241028355,168,-12.005087574539175,24.10919695569271,35.74429540651001,28.5,42.2541,1.846949116348895,,spike,False,9,False
anomaly_lockbox,d_1930,2016-05-11,CA_4,FOODS_2,CA,358.0,339.50282214744436,18.497177852555637,168,1.7637292652449332,27.477960584864036,40.73882436311942,42.5,63.01049999999999,0.41074942266766495,,spike,False,43,False
anomaly_lockbox,d_1930,2016-05-11,CA_4,FOODS_3,CA,1081.0,1078.9894703662294,2.0105296337706022,168,-24.262206743142144,80.156564099229,118.84012193351691,105.5,156.4143,0.2210763162260182,,spike,False,57,False
anomaly_lockbox,d_1930,2016-05-11,CA_4,HOBBIES_1,CA,353.0,322.98026833560766,30.01973166439234,168,12.35415079699078,44.518135522568855,66.00258772576058,41.0,60.7866,0.26764982216760486,,spike,False,56,False
anomaly_lockbox,d_1930,2016-05-11,CA_4,HOBBIES_2,CA,21.0,20.481318824791252,0.5186811752087479,168,-6.139248050531476,5.7296688895483605,8.494807095644399,5.0,7.412999999999999,0.7837646165213087,,spike,False,30,False
anomaly_lockbox,d_1930,2016-05-11,CA_4,HOUSEHOLD_1,CA,397.0,367.4945346508411,29.505465349158897,168,-0.7421382851627243,24.6044575617087,36.47856878098931,41.0,60.7866,0.8291883329064451,,spike,False,28,False
anomaly_lockbox,d_1930,2016-05-11,CA_4,HOUSEHOLD_2,CA,140.0,136.26570361064728,3.7342963893527212,168,-3.4546464898643805,11.026960703131124,16.348571938462204,16.0,23.7216,0.43972910332945664,,spike,False,40,False
anomaly_lockbox,d_1930,2016-05-11,TX_1,FOODS_1,TX,270.0,180.23937165046317,89.76062834953683,168,-9.015130283288116,31.94925731162617,47.36796889021696,29.5,43.7367,2.085285920993446,,spike,False,5,True
anomaly_lockbox,d_1930,2016-05-11,TX_1,FOODS_2,TX,428.0,381.1267794568007,46.873220543199295,168,-6.909115162940736,30.99554875467055,45.954000583674556,52.5,77.8365,1.1703515477006488,,spike,False,16,False
anomaly_lockbox,d_1930,2016-05-11,TX_1,FOODS_3,TX,1600.0,1474.7806747040586,125.21932529594142,168,-51.573091714937846,96.99760097751357,143.80864320926162,204.0,302.4504,1.2293587719454502,,spike,False,13,False
anomaly_lockbox,d_1930,2016-05-11,TX_1,HOBBIES_1,TX,256.0,234.32476967832946,21.67523032167054,168,3.35228629162593,30.248602333520225,44.84657781967708,37.0,54.856199999999994,0.40856950342385223,,spike,False,45,False
anomaly_lockbox,d_1930,2016-05-11,TX_1,HOBBIES_2,TX,32.0,31.169044208481864,0.8309557915181358,168,1.8294803153880679,10.735863390625315,15.916991062941092,9.5,14.0847,-0.062733246498753,,drop,False,66,False
anomaly_lockbox,d_1930,2016-05-11,TX_1,HOUSEHOLD_1,TX,638.0,631.2002729138973,6.799727086102735,168,20.33032524814172,49.35642478068894,73.17583537984942,98.5,146.0361,-0.18490527770271187,,drop,False,58,False
anomaly_lockbox,d_1930,2016-05-11,TX_1,HOUSEHOLD_2,TX,174.0,170.1643677096839,3.835632290316113,168,0.2987811063512424,16.385507467327315,24.293153371059475,21.0,31.1346,0.14559045217152972,,spike,False,62,False
anomaly_lockbox,d_1930,2016-05-11,TX_2,FOODS_1,TX,252.0,212.41186046341375,39.588139536586255,168,-26.12703194291352,30.65065159994984,45.44265606208563,30.5,45.2193,1.4461120272045056,,spike,False,12,False
anomaly_lockbox,d_1930,2016-05-11,TX_2,FOODS_2,TX,424.0,433.89916445953526,-9.899164459535257,168,-7.811833265177,33.80774934945228,50.12336918549795,63.0,93.40379999999999,-0.04164387247460169,,drop,False,69,False
anomaly_lockbox,d_1930,2016-05-11,TX_2,FOODS_3,TX,1946.0,1797.6767771220777,148.32322287792226,168,-41.65795526983845,124.96472773684309,185.27270534264355,241.5,358.04789999999997,1.0254137423880616,,spike,False,21,False
anomaly_lockbox,d_1930,2016-05-11,TX_2,HOBBIES_1,TX,331.0,301.2953924676042,29.704607532395812,168,5.762759951001044,36.12534962471969,53.55944335360941,45.5,67.4583,0.4470144960866422,,spike,False,39,False
anomaly_lockbox,d_1930,2016-05-11,TX_2,HOBBIES_2,TX,76.0,41.99235572053991,34.00764427946009,168,0.44935867804020546,12.068633475491076,17.892955990763067,11.0,16.3086,1.875502606653913,,spike,False,8,False
anomaly_lockbox,d_1930,2016-05-11,TX_2,HOUSEHOLD_1,TX,702.0,657.9497986167256,44.050201383274384,168,2.586436775464506,52.7841509083666,78.25778213674431,108.0,160.1208,0.5298356722575892,,spike,False,37,False
anomaly_lockbox,d_1930,2016-05-11,TX_2,HOUSEHOLD_2,TX,168.0,181.26201934602574,-13.262019346025738,168,3.9485061642942156,17.430686732382796,25.84273614943073,30.0,44.477999999999994,-0.6659714904336502,,drop,False,33,False
anomaly_lockbox,d_1930,2016-05-11,TX_3,FOODS_1,TX,300.0,253.99937127796997,46.00062872203003,168,-6.582356202483766,33.46832859706534,49.62014397800907,30.0,44.477999999999994,1.0597104463827798,,spike,False,20,False
anomaly_lockbox,d_1930,2016-05-11,TX_3,FOODS_2,TX,569.0,495.1872182340693,73.81278176593071,168,1.2222230771089073,39.93788391101927,59.211906686477164,67.0,99.3342,1.2259452997043931,,spike,False,14,False
anomaly_lockbox,d_1930,2016-05-11,TX_3,FOODS_3,TX,1873.0,1665.0248342921216,207.97516570787843,168,14.023064556677582,115.01769419548702,170.52523341422906,199.0,295.0374,1.1373806519300562,,spike,False,19,False
anomaly_lockbox,d_1930,2016-05-11,TX_3,HOBBIES_1,TX,336.0,327.4406116888539,8.559388311146108,168,15.203725840623378,29.80770011824157,44.19289619530495,42.0,62.2692,-0.1503485424470362,,drop,False,61,False
anomaly_lockbox,d_1930,2016-05-11,TX_3,HOBBIES_2,TX,65.0,49.33282911321416,15.66717088678584,168,5.158204388232139,11.504291330894542,17.056262327184246,14.0,20.7564,0.6161353699282947,,spike,False,35,False
anomaly_lockbox,d_1930,2016-05-11,TX_3,HOUSEHOLD_1,TX,687.0,664.8922732032272,22.107726796772795,168,14.740755402915227,65.66806597354093,97.35947461237178,100.5,149.0013,0.07566773981873381,,spike,False,65,False
anomaly_lockbox,d_1930,2016-05-11,TX_3,HOUSEHOLD_2,TX,187.0,156.7857421425751,30.21425785742491,168,7.101941028670069,13.696061250985842,20.30578041071161,19.5,28.9107,1.1382136692743285,,spike,False,18,False
anomaly_lockbox,d_1930,2016-05-11,WI_1,FOODS_1,WI,385.0,274.5458901997028,110.4541098002972,168,-14.300155016168702,35.22765573409737,52.228522391372756,45.0,66.717,2.3886232867478774,,spike,False,3,True
anomaly_lockbox,d_1930,2016-05-11,WI_1,FOODS_2,WI,741.0,619.6235081157838,121.3764918842162,168,13.518371491533685,41.2053589013627,61.09106510716034,99.5,147.5187,1.7655301999316544,,spike,False,10,False
anomaly_lockbox,d_1930,2016-05-11,WI_1,FOODS_3,WI,1645.0,1515.5499798427472,129.45002015725277,168,2.349864332053585,107.8399877465398,159.8835658330199,214.0,317.27639999999997,0.7949544730440948,,spike,False,29,False
anomaly_lockbox,d_1930,2016-05-11,WI_1,HOBBIES_1,WI,308.0,336.0393889573761,-28.039388957376104,168,-6.488511374065951,41.39425992717577,61.37112976803079,65.5,97.1103,-0.3511566051458996,,drop,False,49,False
anomaly_lockbox,d_1930,2016-05-11,WI_1,HOBBIES_2,WI,37.0,28.639610350208734,8.360389649791266,168,-4.134663515508507,8.693512559869298,12.88900172126222,9.0,13.343399999999999,0.9694352934011504,,spike,False,24,False
anomaly_lockbox,d_1930,2016-05-11,WI_1,HOUSEHOLD_1,WI,655.0,508.7338895399283,146.26611046007167,168,-12.713724599904822,45.27486841898042,67.12451991798036,102.0,151.2252,2.368431614173694,,spike,False,4,True
anomaly_lockbox,d_1930,2016-05-11,WI_1,HOUSEHOLD_2,WI,177.0,158.07342643945222,18.92657356054778,168,-2.9713364689985866,14.734345182319544,21.845140167306955,23.0,34.099799999999995,1.002415633950401,,spike,False,23,False
anomaly_lockbox,d_1930,2016-05-11,WI_2,FOODS_1,WI,508.0,366.89618990800534,141.10381009199466,168,-18.370180709413376,53.21885308094923,78.90227157781533,53.0,78.5778,2.0211584231023174,,spike,False,7,False
anomaly_lockbox,d_1930,2016-05-11,WI_2,FOODS_2,WI,1723.0,1303.358207245378,419.641792754622,168,22.7488264989434,92.92896624100149,137.7764853489088,208.5,309.1221,2.8807017775970722,,spike,False,2,True
anomaly_lockbox,d_1930,2016-05-11,WI_2,FOODS_3,WI,3103.0,2497.1275152671988,605.8724847328012,168,-14.49269494220357,131.23108380650547,194.563204851525,327.0,484.81019999999995,3.188502061057319,,spike,True,1,True
anomaly_lockbox,d_1930,2016-05-11,WI_2,HOBBIES_1,WI,312.0,235.41732303210043,76.58267696789957,168,3.7437959882949627,27.857817006763696,41.30199949422785,33.5,49.6671,1.763567911277133,,spike,False,11,False
anomaly_lockbox,d_1930,2016-05-11,WI_2,HOBBIES_2,WI,31.0,31.8694473120306,-0.8694473120306014,168,-5.035826698847519,7.1431782645639466,10.590476095042506,8.0,11.8608,0.3934081290988642,,spike,False,47,False
anomaly_lockbox,d_1930,2016-05-11,WI_2,HOUSEHOLD_1,WI,989.0,872.7743157098114,116.22568429018861,168,21.26622900931295,89.68038723788936,132.96014211889477,120.0,177.91199999999998,0.7141948990695394,,spike,False,32,False
anomaly_lockbox,d_1930,2016-05-11,WI_2,HOUSEHOLD_2,WI,141.0,135.75826194791253,5.24173805208747,168,1.3445780441335913,15.226545518600226,22.574876385876692,19.0,28.1694,0.1726326178420194,,spike,False,59,False
anomaly_lockbox,d_1930,2016-05-11,WI_3,FOODS_1,WI,308.0,224.54981362970815,83.45018637029185,168,-12.280809838717076,31.015004139908868,45.98284513782888,38.5,57.080099999999995,2.0818850143366516,,spike,False,6,False
anomaly_lockbox,d_1930,2016-05-11,WI_3,FOODS_2,WI,697.0,654.9895639197653,42.01043608023474,168,16.12530927846919,42.51952212980271,63.039443509645494,94.5,140.10569999999998,0.4106179458548827,,spike,False,44,False
anomaly_lockbox,d_1930,2016-05-11,WI_3,FOODS_3,WI,2031.0,2039.033384785893,-8.033384785893077,168,-0.057346979574504076,112.10466650885621,166.20637856603022,289.0,428.47139999999996,-0.0479887587656563,,drop,False,68,False
anomaly_lockbox,d_1930,2016-05-11,WI_3,HOBBIES_1,WI,227.0,224.95134403480264,2.048655965197355,168,0.8866500185241506,31.867621374367985,47.246935449637974,40.5,60.0453,0.024594313591234377,,spike,False,70,False
anomaly_lockbox,d_1930,2016-05-11,WI_3,HOBBIES_2,WI,32.0,29.627909734328583,2.3720902656714173,168,-1.180317913410649,8.055002205937786,11.94234627052336,8.0,11.8608,0.29746317001796213,,spike,False,50,False
anomaly_lockbox,d_1930,2016-05-11,WI_3,HOUSEHOLD_1,WI,566.0,567.5822106998974,-1.5822106998973595,168,10.14740273920853,48.563542848588895,72.00030862731789,103.5,153.4491,-0.1629105994506184,,drop,False,60,False
anomaly_lockbox,d_1930,2016-05-11,WI_3,HOUSEHOLD_2,WI,127.0,145.5114350362032,-18.51143503620321,168,4.417184438691265,16.103898250120537,23.875639545628708,21.0,31.1346,-0.9603353003832888,,drop,False,25,False
anomaly_lockbox,d_1931,2016-05-12,CA_1,FOODS_1,CA,256.0,267.88378047145414,-11.883780471454145,168,-25.684189124220666,35.43211828588335,52.53165857065065,58.5,86.73209999999999,0.2627065093367676,,spike,False,59,False
anomaly_lockbox,d_1931,2016-05-12,CA_1,FOODS_2,CA,457.0,452.1084839270899,4.891516072910122,168,-1.3018993399340673,43.31974067676376,64.22584752736994,82.0,121.5732,0.09643182069656389,,spike,False,63,False
anomaly_lockbox,d_1931,2016-05-12,CA_1,FOODS_3,CA,1950.0,1867.058779640921,82.9412203590789,168,7.923849203863142,142.77086773808514,211.67208850848502,302.0,447.74519999999995,0.35440369906025015,,spike,False,55,False
anomaly_lockbox,d_1931,2016-05-12,CA_1,HOBBIES_1,CA,546.0,418.3440115726224,127.65598842737762,168,17.289827805758932,46.976886497940626,69.64793192184676,61.5,91.17989999999999,1.584629400704426,,spike,False,10,False
anomaly_lockbox,d_1931,2016-05-12,CA_1,HOBBIES_2,CA,50.0,40.14203950650229,9.857960493497707,168,-2.920935617483586,8.814043308989756,13.067700609908211,10.0,14.825999999999999,0.9778993636640297,,spike,False,28,False
anomaly_lockbox,d_1931,2016-05-12,CA_1,HOUSEHOLD_1,CA,597.0,635.1399312178751,-38.13993121787507,168,7.055601395861743,48.47646137804338,71.87120163908712,106.5,157.8969,-0.6288406424689197,,drop,False,42,False
anomaly_lockbox,d_1931,2016-05-12,CA_1,HOUSEHOLD_2,CA,193.0,200.49855597134055,-7.498555971340551,168,-5.473172481554656,17.069525722806446,25.307278836632836,36.0,53.373599999999996,-0.08003165819843533,,drop,False,64,False
anomaly_lockbox,d_1931,2016-05-12,CA_2,FOODS_1,CA,494.0,381.11722639438744,112.88277360561256,168,-7.615755540324386,39.40764758403104,58.42577830808442,77.5,114.9015,2.0624206067146815,,spike,False,5,True
anomaly_lockbox,d_1931,2016-05-12,CA_2,FOODS_2,CA,413.0,407.1248118829444,5.875188117055586,168,-12.024618362151116,29.612275350817725,43.903159435122355,172.5,255.74849999999998,0.40771112397179615,,spike,False,50,False
anomaly_lockbox,d_1931,2016-05-12,CA_2,FOODS_3,CA,1584.0,1626.7228343562788,-42.72283435627878,168,19.21992394083884,101.77879685519576,150.89724421751322,400.0,593.04,-0.41049628585548753,,drop,False,48,False
anomaly_lockbox,d_1931,2016-05-12,CA_2,HOBBIES_1,CA,258.0,325.22796620520916,-67.22796620520916,168,-4.7627889331289595,36.89570009761081,54.70156496471779,64.5,95.62769999999999,-1.1419266946452062,,drop,False,21,False
anomaly_lockbox,d_1931,2016-05-12,CA_2,HOBBIES_2,CA,57.0,37.39155805719462,19.608441942805378,168,-2.8427111299485546,9.034327122200846,13.394293391374974,10.0,14.825999999999999,1.6761730101575174,,spike,False,9,False
anomaly_lockbox,d_1931,2016-05-12,CA_2,HOUSEHOLD_1,CA,673.0,620.5461018561944,52.453898143805645,168,-3.6843276356884758,45.03992774790109,66.77619687903815,131.0,194.2206,0.8406921688155706,,spike,False,34,False
anomaly_lockbox,d_1931,2016-05-12,CA_2,HOUSEHOLD_2,CA,272.0,275.16859106141834,-3.16859106141834,168,-1.2395743605110283,20.142957831405752,29.863949280842167,47.5,70.42349999999999,-0.06459348972122662,,drop,False,65,False
anomaly_lockbox,d_1931,2016-05-12,CA_3,FOODS_1,CA,323.0,351.04350052807246,-28.043500528072457,168,-24.065913311520916,50.320382425424214,74.60499898393394,56.0,83.0256,-0.053315290807900255,,drop,False,66,False
anomaly_lockbox,d_1931,2016-05-12,CA_3,FOODS_2,CA,590.0,608.7896275170249,-18.789627517024883,168,17.66760848163824,64.39833025478615,95.47696443574593,92.0,136.39919999999998,-0.3818432667410379,,drop,False,52,False
anomaly_lockbox,d_1931,2016-05-12,CA_3,FOODS_3,CA,2202.0,2555.1124680485245,-353.11246804852453,168,-83.63718827007233,197.78391267905567,293.23442893796795,316.5,469.24289999999996,-0.9189755812591097,,drop,False,32,False
anomaly_lockbox,d_1931,2016-05-12,CA_3,HOBBIES_1,CA,381.0,483.5666684585198,-102.56666845851981,168,-22.757896521268464,49.849732808054966,73.90721386122229,67.0,99.3342,-1.0798509072079294,,drop,False,25,False
anomaly_lockbox,d_1931,2016-05-12,CA_3,HOBBIES_2,CA,55.0,50.92686981802793,4.073130181972068,168,3.648252262186009,10.789659601607411,15.996749325343147,12.5,18.5325,0.026560266160634182,,spike,False,70,False
anomaly_lockbox,d_1931,2016-05-12,CA_3,HOUSEHOLD_1,CA,1195.0,1287.7919156516418,-92.79191565164183,168,20.42353241000751,83.62607990773597,123.98402607120934,182.0,269.8332,-0.9131454401765019,,drop,False,33,False
anomaly_lockbox,d_1931,2016-05-12,CA_3,HOUSEHOLD_2,CA,293.0,306.315267819008,-13.315267819008,168,4.913212594189503,22.67482903117721,33.61770152162333,43.0,63.751799999999996,-0.5422286351573653,,drop,False,44,False
anomaly_lockbox,d_1931,2016-05-12,CA_4,FOODS_1,CA,201.0,200.20552944282355,0.794470557176453,168,-12.005087574539175,24.10919695569271,35.74429540651001,28.5,42.2541,0.35808673765001614,,spike,False,54,False
anomaly_lockbox,d_1931,2016-05-12,CA_4,FOODS_2,CA,336.0,336.0827222523694,-0.08272225236942177,168,1.7637292652449332,27.477960584864036,40.73882436311942,42.5,63.01049999999999,-0.04532412376842997,,drop,False,67,False
anomaly_lockbox,d_1931,2016-05-12,CA_4,FOODS_3,CA,1147.0,1079.140398626639,67.8596013733611,168,-24.262206743142144,80.156564099229,118.84012193351691,105.5,156.4143,0.7751742981889502,,spike,False,36,False
anomaly_lockbox,d_1931,2016-05-12,CA_4,HOBBIES_1,CA,391.0,323.2670196852747,67.7329803147253,168,12.35415079699078,44.518135522568855,66.00258772576058,41.0,60.7866,0.8390402774484,,spike,False,35,False
anomaly_lockbox,d_1931,2016-05-12,CA_4,HOBBIES_2,CA,12.0,20.249390933147716,-8.249390933147716,168,-6.139248050531476,5.7296688895483605,8.494807095644399,5.0,7.412999999999999,-0.24840386118928912,,drop,False,60,False
anomaly_lockbox,d_1931,2016-05-12,CA_4,HOUSEHOLD_1,CA,416.0,367.78128600050815,48.218713999491854,168,-0.7421382851627243,24.6044575617087,36.47856878098931,41.0,60.7866,1.3421812839918863,,spike,False,16,False
anomaly_lockbox,d_1931,2016-05-12,CA_4,HOUSEHOLD_2,CA,156.0,136.55245496031426,19.447545039685735,168,-3.4546464898643805,11.026960703131124,16.348571938462204,16.0,23.7216,1.4008680156136235,,spike,False,13,False
anomaly_lockbox,d_1931,2016-05-12,TX_1,FOODS_1,TX,231.0,183.9384236536318,47.06157634636821,168,-9.015130283288116,31.94925731162617,47.36796889021696,29.5,43.7367,1.1838528850503027,,spike,False,20,False
anomaly_lockbox,d_1931,2016-05-12,TX_1,FOODS_2,TX,382.0,380.1003724275303,1.899627572469683,168,-6.909115162940736,30.99554875467055,45.954000583674556,52.5,77.8365,0.19168609095025732,,spike,False,62,False
anomaly_lockbox,d_1931,2016-05-12,TX_1,FOODS_3,TX,1598.0,1489.980276154948,108.01972384505211,168,-51.573091714937846,96.99760097751357,143.80864320926162,204.0,302.4504,1.1097581619469157,,spike,False,23,False
anomaly_lockbox,d_1931,2016-05-12,TX_1,HOBBIES_1,TX,289.0,234.93263493960205,54.06736506039795,168,3.35228629162593,30.248602333520225,44.84657781967708,37.0,54.856199999999994,1.1308572746105958,,spike,False,22,False
anomaly_lockbox,d_1931,2016-05-12,TX_1,HOBBIES_2,TX,37.0,30.664337212874607,6.335662787125393,168,1.8294803153880679,10.735863390625315,15.916991062941092,9.5,14.0847,0.2831051706895089,,spike,False,58,False
anomaly_lockbox,d_1931,2016-05-12,TX_1,HOUSEHOLD_1,TX,599.0,630.911658690912,-31.911658690911963,168,20.33032524814172,49.35642478068894,73.17583537984942,98.5,146.0361,-0.7139239841659487,,drop,False,38,False
anomaly_lockbox,d_1931,2016-05-12,TX_1,HOUSEHOLD_2,TX,215.0,170.77223297095648,44.22776702904352,168,0.2987811063512424,16.385507467327315,24.293153371059475,21.0,31.1346,1.8082866909746285,,spike,False,8,False
anomaly_lockbox,d_1931,2016-05-12,TX_2,FOODS_1,TX,315.0,216.48871748571,98.51128251429,168,-26.12703194291352,30.65065159994984,45.44265606208563,30.5,45.2193,2.742760332646875,,spike,False,2,True
anomaly_lockbox,d_1931,2016-05-12,TX_2,FOODS_2,TX,441.0,432.18058036935753,8.819419630642471,168,-7.811833265177,33.80774934945228,50.12336918549795,63.0,93.40379999999999,0.3318063642982592,,spike,False,56,False
anomaly_lockbox,d_1931,2016-05-12,TX_2,FOODS_3,TX,1944.0,1805.9061070672994,138.09389293270056,168,-41.65795526983845,124.96472773684309,185.27270534264355,241.5,358.04789999999997,0.9702014544997642,,spike,False,29,False
anomaly_lockbox,d_1931,2016-05-12,TX_2,HOBBIES_1,TX,381.0,302.28106274800444,78.71893725199556,168,5.762759951001044,36.12534962471969,53.55944335360941,45.5,67.4583,1.3621533894466427,,spike,False,15,False
anomaly_lockbox,d_1931,2016-05-12,TX_2,HOBBIES_2,TX,61.0,41.86545374406027,19.134546255939732,168,0.44935867804020546,12.068633475491076,17.892955990763067,11.0,16.3086,1.0442761714467657,,spike,False,26,False
anomaly_lockbox,d_1931,2016-05-12,TX_2,HOUSEHOLD_1,TX,703.0,658.0389894128679,44.96101058713214,168,2.586436775464506,52.7841509083666,78.25778213674431,108.0,160.1208,0.5414742490098187,,spike,False,45,False
anomaly_lockbox,d_1931,2016-05-12,TX_2,HOUSEHOLD_2,TX,174.0,182.24768962642597,-8.247689626425966,168,3.9485061642942156,17.430686732382796,25.84273614943073,30.0,44.477999999999994,-0.47193902844489793,,drop,False,46,False
anomaly_lockbox,d_1931,2016-05-12,TX_3,FOODS_1,TX,303.0,257.77827666625853,45.221723333741465,168,-6.582356202483766,33.46832859706534,49.62014397800907,30.0,44.477999999999994,1.044013083863361,,spike,False,27,False
anomaly_lockbox,d_1931,2016-05-12,TX_3,FOODS_2,TX,571.0,494.0233663066633,76.97663369333668,168,1.2222230771089073,39.93788391101927,59.211906686477164,67.0,99.3342,1.2793779976946527,,spike,False,19,False
anomaly_lockbox,d_1931,2016-05-12,TX_3,FOODS_3,TX,2058.0,1682.37959530829,375.62040469171006,168,14.023064556677582,115.01769419548702,170.52523341422906,199.0,295.0374,2.120491688503737,,spike,False,4,True
anomaly_lockbox,d_1931,2016-05-12,TX_3,HOBBIES_1,TX,257.0,328.12833033524646,-71.12833033524646,168,15.203725840623378,29.80770011824157,44.19289619530495,42.0,62.2692,-1.9535279107831307,,drop,False,6,False
anomaly_lockbox,d_1931,2016-05-12,TX_3,HOBBIES_2,TX,54.0,49.556750223331214,4.443249776668786,168,5.158204388232139,11.504291330894542,17.056262327184246,14.0,20.7564,-0.04191742586087339,,drop,False,68,False
anomaly_lockbox,d_1931,2016-05-12,TX_3,HOUSEHOLD_1,TX,676.0,665.2883887382626,10.711611261737403,168,14.740755402915227,65.66806597354093,97.35947461237178,100.5,149.0013,-0.04138420176587341,,drop,False,69,False
anomaly_lockbox,d_1931,2016-05-12,TX_3,HOUSEHOLD_2,TX,202.0,157.47346078896763,44.52653921103237,168,7.101941028670069,13.696061250985842,20.30578041071161,19.5,28.9107,1.84305145753572,,spike,False,7,False
anomaly_lockbox,d_1931,2016-05-12,WI_1,FOODS_1,WI,345.0,278.3430277886915,66.65697221130853,168,-14.300155016168702,35.22765573409737,52.228522391372756,45.0,66.717,1.550055860681403,,spike,False,12,False
anomaly_lockbox,d_1931,2016-05-12,WI_1,FOODS_2,WI,598.0,619.6444236273554,-21.644423627355422,168,13.518371491533685,41.2053589013627,61.09106510716034,99.5,147.5187,-0.5755799977821595,,drop,False,43,False
anomaly_lockbox,d_1931,2016-05-12,WI_1,FOODS_3,WI,1638.0,1534.8633287115379,103.13667128846214,168,2.349864332053585,107.8399877465398,159.8835658330199,214.0,317.27639999999997,0.6303762768317842,,spike,False,41,False
anomaly_lockbox,d_1931,2016-05-12,WI_1,HOBBIES_1,WI,310.0,338.86608247127447,-28.866082471274467,168,-6.488511374065951,41.39425992717577,61.37112976803079,65.5,97.1103,-0.36462700266054665,,drop,False,53,False
anomaly_lockbox,d_1931,2016-05-12,WI_1,HOBBIES_2,WI,33.0,28.54688431595632,4.453115684043681,168,-4.134663515508507,8.693512559869298,12.88900172126222,9.0,13.343399999999999,0.666287380921475,,spike,False,40,False
anomaly_lockbox,d_1931,2016-05-12,WI_1,HOUSEHOLD_1,WI,594.0,513.762716679893,80.23728332010705,168,-12.713724599904822,45.27486841898042,67.12451991798036,102.0,151.2252,1.3847549007961468,,spike,False,14,False
anomaly_lockbox,d_1931,2016-05-12,WI_1,HOUSEHOLD_2,WI,164.0,160.44067943583045,3.5593205641695533,168,-2.9713364689985866,14.734345182319544,21.845140167306955,23.0,34.099799999999995,0.2989523977942611,,spike,False,57,False
anomaly_lockbox,d_1931,2016-05-12,WI_2,FOODS_1,WI,434.0,377.6148729796283,56.385127020371726,168,-18.370180709413376,53.21885308094923,78.90227157781533,53.0,78.5778,0.9474417685941984,,spike,False,30,False
anomaly_lockbox,d_1931,2016-05-12,WI_2,FOODS_2,WI,1547.0,1310.5231212679407,236.47687873205928,168,22.7488264989434,92.92896624100149,137.7764853489088,208.5,309.1221,1.5512665437201807,,spike,False,11,False
anomaly_lockbox,d_1931,2016-05-12,WI_2,FOODS_3,WI,2654.0,2525.792699204313,128.20730079568693,168,-14.49269494220357,131.23108380650547,194.563204851525,327.0,484.81019999999995,0.7334377322104026,,spike,False,37,False
anomaly_lockbox,d_1931,2016-05-12,WI_2,HOBBIES_1,WI,233.0,237.77356236384932,-4.773562363849322,168,3.7437959882949627,27.857817006763696,41.30199949422785,33.5,49.6671,-0.20622145311232756,,drop,False,61,False
anomaly_lockbox,d_1931,2016-05-12,WI_2,HOBBIES_2,WI,51.0,31.765707613148887,19.234292386851113,168,-5.035826698847519,7.1431782645639466,10.590476095042506,8.0,11.8608,2.2916929199301705,,spike,False,3,True
anomaly_lockbox,d_1931,2016-05-12,WI_2,HOUSEHOLD_1,WI,809.0,881.9469190674951,-72.94691906749506,168,21.26622900931295,89.68038723788936,132.96014211889477,120.0,177.91199999999998,-0.7085818845813306,,drop,False,39,False
anomaly_lockbox,d_1931,2016-05-12,WI_2,HOUSEHOLD_2,WI,115.0,138.11450127966143,-23.114501279661425,168,1.3445780441335913,15.226545518600226,22.574876385876692,19.0,28.1694,-1.0834645960275167,,drop,False,24,False
anomaly_lockbox,d_1931,2016-05-12,WI_3,FOODS_1,WI,350.0,229.96960143603613,120.03039856396387,168,-12.280809838717076,31.015004139908868,45.98284513782888,38.5,57.080099999999995,2.8774036927487114,,spike,False,1,True
anomaly_lockbox,d_1931,2016-05-12,WI_3,FOODS_2,WI,647.0,656.6265419584876,-9.626541958487564,168,16.12530927846919,42.51952212980271,63.039443509645494,94.5,140.10569999999998,-0.40850378434918344,,drop,False,49,False
anomaly_lockbox,d_1931,2016-05-12,WI_3,FOODS_3,WI,2133.0,2061.5029347997706,71.49706520022937,168,-0.057346979574504076,112.10466650885621,166.20637856603022,289.0,428.47139999999996,0.4305154398835352,,spike,False,47,False
anomaly_lockbox,d_1931,2016-05-12,WI_3,HOBBIES_1,WI,210.0,227.68538838567918,-17.685388385679175,168,0.8866500185241506,31.867621374367985,47.246935449637974,40.5,60.0453,-0.39308450860267663,,drop,False,51,False
anomaly_lockbox,d_1931,2016-05-12,WI_3,HOBBIES_2,WI,40.0,29.901975054574482,10.098024945425518,168,-1.180317913410649,8.055002205937786,11.94234627052336,8.0,11.8608,0.9443992498085475,,spike,False,31,False
anomaly_lockbox,d_1931,2016-05-12,WI_3,HOUSEHOLD_1,WI,488.0,571.3805719411946,-83.3805719411946,168,10.14740273920853,48.563542848588895,72.00030862731789,103.5,153.4491,-1.298994080213114,,drop,False,18,False
anomaly_lockbox,d_1931,2016-05-12,WI_3,HOUSEHOLD_2,WI,121.0,148.24547938707974,-27.24547938707974,168,4.417184438691265,16.103898250120537,23.875639545628708,21.0,31.1346,-1.326149348387528,,drop,False,17,False
anomaly_lockbox,d_1932,2016-05-13,CA_1,FOODS_1,CA,412.0,321.8084776910649,90.19152230893508,168,-25.684189124220666,35.43211828588335,52.53165857065065,58.5,86.73209999999999,2.2058262500376355,,spike,False,6,False
anomaly_lockbox,d_1932,2016-05-13,CA_1,FOODS_2,CA,545.0,489.76056153308923,55.23943846691077,168,-1.3018993399340673,43.31974067676376,64.22584752736994,82.0,121.5732,0.8803517584217112,,spike,False,28,False
anomaly_lockbox,d_1932,2016-05-13,CA_1,FOODS_3,CA,2408.0,2267.172846012922,140.82715398707796,168,7.923849203863142,142.77086773808514,211.67208850848502,302.0,447.74519999999995,0.6278735459157493,,spike,False,40,False
anomaly_lockbox,d_1932,2016-05-13,CA_1,HOBBIES_1,CA,546.0,476.2867450563148,69.71325494368517,168,17.289827805758932,46.976886497940626,69.64793192184676,61.5,91.17989999999999,0.7526917984693579,,spike,False,36,False
anomaly_lockbox,d_1932,2016-05-13,CA_1,HOBBIES_2,CA,42.0,43.43330867324945,-1.4333086732494493,168,-2.920935617483586,8.814043308989756,13.067700609908211,10.0,14.825999999999999,0.11383999286807857,,spike,False,68,False
anomaly_lockbox,d_1932,2016-05-13,CA_1,HOUSEHOLD_1,CA,777.0,740.7475201522421,36.252479847757854,168,7.055601395861743,48.47646137804338,71.87120163908712,106.5,157.8969,0.4062389077410027,,spike,False,49,False
anomaly_lockbox,d_1932,2016-05-13,CA_1,HOUSEHOLD_2,CA,221.0,240.29417391368193,-19.29417391368193,168,-5.473172481554656,17.069525722806446,25.307278836632836,36.0,53.373599999999996,-0.5461275201236205,,drop,False,44,False
anomaly_lockbox,d_1932,2016-05-13,CA_2,FOODS_1,CA,683.0,448.70006328788145,234.29993671211855,168,-7.615755540324386,39.40764758403104,58.42577830808442,77.5,114.9015,4.1405643066798286,,spike,True,1,True
anomaly_lockbox,d_1932,2016-05-13,CA_2,FOODS_2,CA,510.0,460.2691529719978,49.73084702800219,168,-12.024618362151116,29.612275350817725,43.903159435122355,172.5,255.74849999999998,1.4066291853417086,,spike,False,15,False
anomaly_lockbox,d_1932,2016-05-13,CA_2,FOODS_3,CA,2062.0,1981.6560508297835,80.34394917021655,168,19.21992394083884,101.77879685519576,150.89724421751322,400.0,593.04,0.4050705203155964,,spike,False,50,False
anomaly_lockbox,d_1932,2016-05-13,CA_2,HOBBIES_1,CA,327.0,383.67198809398116,-56.671988093981156,168,-4.7627889331289595,36.89570009761081,54.70156496471779,64.5,95.62769999999999,-0.9489527254719924,,drop,False,26,False
anomaly_lockbox,d_1932,2016-05-13,CA_2,HOBBIES_2,CA,43.0,41.64285920581486,1.3571407941851419,168,-2.8427111299485546,9.034327122200846,13.394293391374974,10.0,14.825999999999999,0.3135553180310444,,spike,False,59,False
anomaly_lockbox,d_1932,2016-05-13,CA_2,HOUSEHOLD_1,CA,819.0,772.0110997880365,46.98890021196348,168,-3.6843276356884758,45.03992774790109,66.77619687903815,131.0,194.2206,0.7588516599626669,,spike,False,35,False
anomaly_lockbox,d_1932,2016-05-13,CA_2,HOUSEHOLD_2,CA,395.0,326.66074529984684,68.33925470015316,168,-1.2395743605110283,20.142957831405752,29.863949280842167,47.5,70.42349999999999,2.329860274216956,,spike,False,5,True
anomaly_lockbox,d_1932,2016-05-13,CA_3,FOODS_1,CA,552.0,382.5165152887193,169.4834847112807,168,-24.065913311520916,50.320382425424214,74.60499898393394,56.0,83.0256,2.594322105204802,,spike,False,4,True
anomaly_lockbox,d_1932,2016-05-13,CA_3,FOODS_2,CA,718.0,624.9150667252273,93.08493327477265,168,17.66760848163824,64.39833025478615,95.47696443574593,92.0,136.39919999999998,0.7899007392918189,,spike,False,31,False
anomaly_lockbox,d_1932,2016-05-13,CA_3,FOODS_3,CA,2594.0,2723.6093828034896,-129.60938280348955,168,-83.63718827007233,197.78391267905567,293.23442893796795,316.5,469.24289999999996,-0.1567762513423769,,drop,False,66,False
anomaly_lockbox,d_1932,2016-05-13,CA_3,HOBBIES_1,CA,428.0,503.3067050555963,-75.3067050555963,168,-22.757896521268464,49.849732808054966,73.90721386122229,67.0,99.3342,-0.7110105467241702,,drop,False,37,False
anomaly_lockbox,d_1932,2016-05-13,CA_3,HOBBIES_2,CA,74.0,52.68892010163739,21.311079898362607,168,3.648252262186009,10.789659601607411,15.996749325343147,12.5,18.5325,1.1041510545016753,,spike,False,21,False
anomaly_lockbox,d_1932,2016-05-13,CA_3,HOUSEHOLD_1,CA,1333.0,1395.8899908379763,-62.889990837976256,168,20.42353241000751,83.62607990773597,123.98402607120934,182.0,269.8332,-0.6719698164998549,,drop,False,38,False
anomaly_lockbox,d_1932,2016-05-13,CA_3,HOUSEHOLD_2,CA,347.0,335.3368023755452,11.663197624454824,168,4.913212594189503,22.67482903117721,33.61770152162333,43.0,63.751799999999996,0.20078663099330707,,spike,False,63,False
anomaly_lockbox,d_1932,2016-05-13,CA_4,FOODS_1,CA,284.0,226.19562829809362,57.804371701906376,168,-12.005087574539175,24.10919695569271,35.74429540651001,28.5,42.2541,1.9530237897410434,,spike,False,8,False
anomaly_lockbox,d_1932,2016-05-13,CA_4,FOODS_2,CA,335.0,347.6903835836082,-12.690383583608195,168,1.7637292652449332,27.477960584864036,40.73882436311942,42.5,63.01049999999999,-0.3547994591110081,,drop,False,53,False
anomaly_lockbox,d_1932,2016-05-13,CA_4,FOODS_3,CA,1048.0,1177.2031927512405,-129.20319275124052,168,-24.262206743142144,80.156564099229,118.84012193351691,105.5,156.4143,-0.8830434057178588,,drop,False,27,False
anomaly_lockbox,d_1932,2016-05-13,CA_4,HOBBIES_1,CA,342.0,346.3845947407548,-4.384594740754778,168,12.35415079699078,44.518135522568855,66.00258772576058,41.0,60.7866,-0.2536074132016567,,drop,False,60,False
anomaly_lockbox,d_1932,2016-05-13,CA_4,HOBBIES_2,CA,29.0,20.54740200554211,8.45259799445789,168,-6.139248050531476,5.7296688895483605,8.494807095644399,5.0,7.412999999999999,1.7177371870482079,,spike,False,10,False
anomaly_lockbox,d_1932,2016-05-13,CA_4,HOUSEHOLD_1,CA,449.0,412.93478363448156,36.06521636551844,168,-0.7421382851627243,24.6044575617087,36.47856878098931,41.0,60.7866,1.0090131241624587,,spike,False,23,False
anomaly_lockbox,d_1932,2016-05-13,CA_4,HOUSEHOLD_2,CA,148.0,149.31990602252438,-1.3199060225243784,168,-3.4546464898643805,11.026960703131124,16.348571938462204,16.0,23.7216,0.13057657117547616,,spike,False,67,False
anomaly_lockbox,d_1932,2016-05-13,TX_1,FOODS_1,TX,239.0,211.12667604195588,27.873323958044125,168,-9.015130283288116,31.94925731162617,47.36796889021696,29.5,43.7367,0.77876369001228,,spike,False,32,False
anomaly_lockbox,d_1932,2016-05-13,TX_1,FOODS_2,TX,398.0,390.21649292235315,7.783507077646846,168,-6.909115162940736,30.99554875467055,45.954000583674556,52.5,77.8365,0.31972455181208376,,spike,False,58,False
anomaly_lockbox,d_1932,2016-05-13,TX_1,FOODS_3,TX,1766.0,1623.142862211687,142.8571377883129,168,-51.573091714937846,96.99760097751357,143.80864320926162,204.0,302.4504,1.3520065634742668,,spike,False,16,False
anomaly_lockbox,d_1932,2016-05-13,TX_1,HOBBIES_1,TX,241.0,273.7364168835528,-32.736416883552806,168,3.35228629162593,30.248602333520225,44.84657781967708,37.0,54.856199999999994,-0.8047147615206505,,drop,False,29,False
anomaly_lockbox,d_1932,2016-05-13,TX_1,HOBBIES_2,TX,46.0,31.96980587700865,14.03019412299135,168,1.8294803153880679,10.735863390625315,15.916991062941092,9.5,14.0847,0.7665213707388281,,spike,False,33,False
anomaly_lockbox,d_1932,2016-05-13,TX_1,HOUSEHOLD_1,TX,742.0,695.9017549610836,46.09824503891639,168,20.33032524814172,49.35642478068894,73.17583537984942,98.5,146.0361,0.35213700885019805,,spike,False,54,False
anomaly_lockbox,d_1932,2016-05-13,TX_1,HOUSEHOLD_2,TX,178.0,196.98438841983705,-18.984388419837046,168,0.2987811063512424,16.385507467327315,24.293153371059475,21.0,31.1346,-0.7937697190501585,,drop,False,30,False
anomaly_lockbox,d_1932,2016-05-13,TX_2,FOODS_1,TX,349.0,256.27713666155586,92.72286333844414,168,-26.12703194291352,30.65065159994984,45.44265606208563,30.5,45.2193,2.6153817928023404,,spike,False,3,True
anomaly_lockbox,d_1932,2016-05-13,TX_2,FOODS_2,TX,422.0,450.3607780359419,-28.360778035941905,168,-7.811833265177,33.80774934945228,50.12336918549795,63.0,93.40379999999999,-0.40996734865760526,,drop,False,48,False
anomaly_lockbox,d_1932,2016-05-13,TX_2,FOODS_3,TX,2193.0,1984.4121555553563,208.58784444464368,168,-41.65795526983845,124.96472773684309,185.27270534264355,241.5,358.04789999999997,1.3506889708965888,,spike,False,17,False
anomaly_lockbox,d_1932,2016-05-13,TX_2,HOBBIES_1,TX,330.0,329.20152914129125,0.7984708587087539,168,5.762759951001044,36.12534962471969,53.55944335360941,45.5,67.4583,-0.09268746613957748,,drop,False,69,False
anomaly_lockbox,d_1932,2016-05-13,TX_2,HOBBIES_2,TX,51.0,43.532351045758304,7.467648954241696,168,0.44935867804020546,12.068633475491076,17.892955990763067,11.0,16.3086,0.39223760902472254,,spike,False,51,False
anomaly_lockbox,d_1932,2016-05-13,TX_2,HOUSEHOLD_1,TX,866.0,741.5607327256248,124.4392672743752,168,2.586436775464506,52.7841509083666,78.25778213674431,108.0,160.1208,1.5570698168520831,,spike,False,11,False
anomaly_lockbox,d_1932,2016-05-13,TX_2,HOUSEHOLD_2,TX,204.0,211.15835896640752,-7.158358966407519,168,3.9485061642942156,17.430686732382796,25.84273614943073,30.0,44.477999999999994,-0.4297867325842894,,drop,False,46,False
anomaly_lockbox,d_1932,2016-05-13,TX_3,FOODS_1,TX,434.0,287.8603161812051,146.13968381879488,168,-6.582356202483766,33.46832859706534,49.62014397800907,30.0,44.477999999999994,3.0778233954533234,,spike,True,2,True
anomaly_lockbox,d_1932,2016-05-13,TX_3,FOODS_2,TX,500.0,524.2159477712233,-24.21594777122334,168,1.2222230771089073,39.93788391101927,59.211906686477164,67.0,99.3342,-0.4296124254708695,,drop,False,47,False
anomaly_lockbox,d_1932,2016-05-13,TX_3,FOODS_3,TX,2068.0,1840.1104574113313,227.88954258866875,168,14.023064556677582,115.01769419548702,170.52523341422906,199.0,295.0374,1.254163232912752,,spike,False,19,False
anomaly_lockbox,d_1932,2016-05-13,TX_3,HOBBIES_1,TX,301.0,350.88323186233845,-49.88323186233845,168,15.203725840623378,29.80770011824157,44.19289619530495,42.0,62.2692,-1.4727923106763179,,drop,False,14,False
anomaly_lockbox,d_1932,2016-05-13,TX_3,HOBBIES_2,TX,59.0,50.30160374354608,8.698396256453918,168,5.158204388232139,11.504291330894542,17.056262327184246,14.0,20.7564,0.207559651716861,,spike,False,62,False
anomaly_lockbox,d_1932,2016-05-13,TX_3,HOUSEHOLD_1,TX,739.0,740.4946931568724,-1.4946931568723585,168,14.740755402915227,65.66806597354093,97.35947461237178,100.5,149.0013,-0.16675776676515153,,drop,False,65,False
anomaly_lockbox,d_1932,2016-05-13,TX_3,HOUSEHOLD_2,TX,194.0,181.89754529714065,12.102454702859347,168,7.101941028670069,13.696061250985842,20.30578041071161,19.5,28.9107,0.24626060033385525,,spike,False,61,False
anomaly_lockbox,d_1932,2016-05-13,WI_1,FOODS_1,WI,375.0,330.33012605604466,44.66987394395534,168,-14.300155016168702,35.22765573409737,52.228522391372756,45.0,66.717,1.1290771069155283,,spike,False,20,False
anomaly_lockbox,d_1932,2016-05-13,WI_1,FOODS_2,WI,665.0,612.0735883399659,52.92641166003409,168,13.518371491533685,41.2053589013627,61.09106510716034,99.5,147.5187,0.6450704386864828,,spike,False,39,False
anomaly_lockbox,d_1932,2016-05-13,WI_1,FOODS_3,WI,1699.0,1787.5568884540482,-88.55688845404825,168,2.349864332053585,107.8399877465398,159.8835658330199,214.0,317.27639999999997,-0.5685809689849146,,drop,False,42,False
anomaly_lockbox,d_1932,2016-05-13,WI_1,HOBBIES_1,WI,457.0,404.05702145273415,52.94297854726585,168,-6.488511374065951,41.39425992717577,61.37112976803079,65.5,97.1103,0.9683949137969206,,spike,False,24,False
anomaly_lockbox,d_1932,2016-05-13,WI_1,HOBBIES_2,WI,33.0,32.958534273885085,0.0414657261149145,168,-4.134663515508507,8.693512559869298,12.88900172126222,9.0,13.343399999999999,0.32400719093196406,,spike,False,57,False
anomaly_lockbox,d_1932,2016-05-13,WI_1,HOUSEHOLD_1,WI,595.0,620.9190033215518,-25.919003321551827,168,-12.713724599904822,45.27486841898042,67.12451991798036,102.0,151.2252,-0.19672809187734336,,drop,False,64,False
anomaly_lockbox,d_1932,2016-05-13,WI_1,HOUSEHOLD_2,WI,154.0,189.96321099008063,-35.963210990080626,168,-2.9713364689985866,14.734345182319544,21.845140167306955,23.0,34.099799999999995,-1.5102615166762394,,drop,False,12,False
anomaly_lockbox,d_1932,2016-05-13,WI_2,FOODS_1,WI,466.0,379.62853204807243,86.37146795192757,168,-18.370180709413376,53.21885308094923,78.90227157781533,53.0,78.5778,1.3274858450436653,,spike,False,18,False
anomaly_lockbox,d_1932,2016-05-13,WI_2,FOODS_2,WI,1154.0,1085.7708904659078,68.22910953409223,168,22.7488264989434,92.92896624100149,137.7764853489088,208.5,309.1221,0.33010192501262725,,spike,False,55,False
anomaly_lockbox,d_1932,2016-05-13,WI_2,FOODS_3,WI,2236.0,2319.9978215586243,-83.99782155862431,168,-14.49269494220357,131.23108380650547,194.563204851525,327.0,484.81019999999995,-0.3572367481788834,,drop,False,52,False
anomaly_lockbox,d_1932,2016-05-13,WI_2,HOBBIES_1,WI,248.0,266.90804776778197,-18.908047767781966,168,3.7437959882949627,27.857817006763696,41.30199949422785,33.5,49.6671,-0.5484442407986236,,drop,False,43,False
anomaly_lockbox,d_1932,2016-05-13,WI_2,HOBBIES_2,WI,51.0,32.831938454799385,18.168061545200615,168,-5.035826698847519,7.1431782645639466,10.590476095042506,8.0,11.8608,2.1910146471044936,,spike,False,7,False
anomaly_lockbox,d_1932,2016-05-13,WI_2,HOUSEHOLD_1,WI,1008.0,943.214399697961,64.78560030203903,168,21.26622900931295,89.68038723788936,132.96014211889477,120.0,177.91199999999998,0.32731140775865347,,spike,False,56,False
anomaly_lockbox,d_1932,2016-05-13,WI_2,HOUSEHOLD_2,WI,154.0,153.19307373872945,0.8069262612705472,168,1.3445780441335913,15.226545518600226,22.574876385876692,19.0,28.1694,-0.023816377714449416,,drop,False,70,False
anomaly_lockbox,d_1932,2016-05-13,WI_3,FOODS_1,WI,336.0,269.11858561823794,66.88141438176206,168,-12.280809838717076,31.015004139908868,45.98284513782888,38.5,57.080099999999995,1.7215599422610421,,spike,False,9,False
anomaly_lockbox,d_1932,2016-05-13,WI_3,FOODS_2,WI,595.0,530.8406606655484,64.1593393344516,168,16.12530927846919,42.51952212980271,63.039443509645494,94.5,140.10569999999998,0.7619678630036265,,spike,False,34,False
anomaly_lockbox,d_1932,2016-05-13,WI_3,FOODS_3,WI,2061.0,1984.596738158434,76.40326184156606,168,-0.057346979574504076,112.10466650885621,166.20637856603022,289.0,428.47139999999996,0.46003414237657797,,spike,False,45,False
anomaly_lockbox,d_1932,2016-05-13,WI_3,HOBBIES_1,WI,202.0,272.4140996747344,-70.41409967473442,168,0.8866500185241506,31.867621374367985,47.246935449637974,40.5,60.0453,-1.509108453589764,,drop,False,13,False
anomaly_lockbox,d_1932,2016-05-13,WI_3,HOBBIES_2,WI,21.0,33.55696868892975,-12.55696868892975,168,-1.180317913410649,8.055002205937786,11.94234627052336,8.0,11.8608,-0.9526311260626787,,drop,False,25,False
anomaly_lockbox,d_1932,2016-05-13,WI_3,HOUSEHOLD_1,WI,608.0,671.9512529641627,-63.95125296416268,168,10.14740273920853,48.563542848588895,72.00030862731789,103.5,153.4491,-1.0291435844659307,,drop,False,22,False
anomaly_lockbox,d_1932,2016-05-13,WI_3,HOUSEHOLD_2,WI,164.0,173.3782275629922,-9.378227562992208,168,4.417184438691265,16.103898250120537,23.875639545628708,21.0,31.1346,-0.577802825985837,,drop,False,41,False
anomaly_lockbox,d_1933,2016-05-14,CA_1,FOODS_1,CA,435.0,377.25159008207044,57.748409917929564,168,-25.684189124220666,35.43211828588335,52.53165857065065,58.5,86.73209999999999,1.5882346248394275,,spike,False,18,False
anomaly_lockbox,d_1933,2016-05-14,CA_1,FOODS_2,CA,611.0,647.2786183094863,-36.27861830948632,168,-1.3018993399340673,43.31974067676376,64.22584752736994,82.0,121.5732,-0.544589449826207,,drop,False,50,False
anomaly_lockbox,d_1933,2016-05-14,CA_1,FOODS_3,CA,3000.0,2837.817810162505,162.18218983749512,168,7.923849203863142,142.77086773808514,211.67208850848502,302.0,447.74519999999995,0.7287608948378115,,spike,False,43,False
anomaly_lockbox,d_1933,2016-05-14,CA_1,HOBBIES_1,CA,732.0,596.9566428926481,135.04335710735188,168,17.289827805758932,46.976886497940626,69.64793192184676,61.5,91.17989999999999,1.6906967091819234,,spike,False,17,False
anomaly_lockbox,d_1933,2016-05-14,CA_1,HOBBIES_2,CA,74.0,49.675688082187534,24.324311917812466,168,-2.920935617483586,8.814043308989756,13.067700609908211,10.0,14.825999999999999,2.0849304976147156,,spike,False,13,False
anomaly_lockbox,d_1933,2016-05-14,CA_1,HOUSEHOLD_1,CA,1055.0,978.3084289272659,76.69157107273406,168,7.055601395861743,48.47646137804338,71.87120163908712,106.5,157.8969,0.968899476963814,,spike,False,34,False
anomaly_lockbox,d_1933,2016-05-14,CA_1,HOUSEHOLD_2,CA,338.0,281.0700607374463,56.92993926255372,168,-5.473172481554656,17.069525722806446,25.307278836632836,36.0,53.373599999999996,2.465816737822421,,spike,False,8,False
anomaly_lockbox,d_1933,2016-05-14,CA_2,FOODS_1,CA,628.0,561.324187715819,66.675812284181,168,-7.615755540324386,39.40764758403104,58.42577830808442,77.5,114.9015,1.2715546112669518,,spike,False,25,False
anomaly_lockbox,d_1933,2016-05-14,CA_2,FOODS_2,CA,621.0,638.8094790491095,-17.80947904910954,168,-12.024618362151116,29.612275350817725,43.903159435122355,172.5,255.74849999999998,-0.131764109038826,,drop,False,66,False
anomaly_lockbox,d_1933,2016-05-14,CA_2,FOODS_3,CA,2723.0,2517.185490182853,205.81450981714715,168,19.21992394083884,101.77879685519576,150.89724421751322,400.0,593.04,1.236567220587134,,spike,False,27,False
anomaly_lockbox,d_1933,2016-05-14,CA_2,HOBBIES_1,CA,604.0,478.2479432324255,125.75205676757452,168,-4.7627889331289595,36.89570009761081,54.70156496471779,64.5,95.62769999999999,2.3859435426552205,,spike,False,9,False
anomaly_lockbox,d_1933,2016-05-14,CA_2,HOBBIES_2,CA,83.0,50.19797698814654,32.80202301185346,168,-2.8427111299485546,9.034327122200846,13.394293391374974,10.0,14.825999999999999,2.6611880970708635,,spike,False,7,False
anomaly_lockbox,d_1933,2016-05-14,CA_2,HOUSEHOLD_1,CA,1273.0,1077.0607446720956,195.93925532790445,168,-3.6843276356884758,45.03992774790109,66.77619687903815,131.0,194.2206,2.9894422308176876,,spike,False,4,True
anomaly_lockbox,d_1933,2016-05-14,CA_2,HOUSEHOLD_2,CA,575.0,413.10774775356157,161.89225224643843,168,-1.2395743605110283,20.142957831405752,29.863949280842167,47.5,70.42349999999999,5.462500122567484,,spike,True,1,True
anomaly_lockbox,d_1933,2016-05-14,CA_3,FOODS_1,CA,497.0,450.3112527712965,46.688747228703505,168,-24.065913311520916,50.320382425424214,74.60499898393394,56.0,83.0256,0.9483903425219712,,spike,False,35,False
anomaly_lockbox,d_1933,2016-05-14,CA_3,FOODS_2,CA,755.0,768.2360977259842,-13.236097725984223,168,17.66760848163824,64.39833025478615,95.47696443574593,92.0,136.39919999999998,-0.3236770920636049,,drop,False,60,False
anomaly_lockbox,d_1933,2016-05-14,CA_3,FOODS_3,CA,3059.0,3302.530892503349,-243.53089250334915,168,-83.63718827007233,197.78391267905567,293.23442893796795,316.5,469.24289999999996,-0.5452760264624363,,drop,False,49,False
anomaly_lockbox,d_1933,2016-05-14,CA_3,HOBBIES_1,CA,593.0,621.6456652207128,-28.64566522071277,168,-22.757896521268464,49.849732808054966,73.90721386122229,67.0,99.3342,-0.07966433033857752,,drop,False,69,False
anomaly_lockbox,d_1933,2016-05-14,CA_3,HOBBIES_2,CA,72.0,56.487377236269836,15.512622763730164,168,3.648252262186009,10.789659601607411,15.996749325343147,12.5,18.5325,0.7416738401187425,,spike,False,42,False
anomaly_lockbox,d_1933,2016-05-14,CA_3,HOUSEHOLD_1,CA,1600.0,1763.1927576746384,-163.19275767463841,168,20.42353241000751,83.62607990773597,123.98402607120934,182.0,269.8332,-1.4809673141214756,,drop,False,22,False
anomaly_lockbox,d_1933,2016-05-14,CA_3,HOUSEHOLD_2,CA,453.0,397.26435127198636,55.73564872801364,168,4.913212594189503,22.67482903117721,33.61770152162333,43.0,63.751799999999996,1.5117760534917744,,spike,False,19,False
anomaly_lockbox,d_1933,2016-05-14,CA_4,FOODS_1,CA,294.0,239.2858737520408,54.7141262479592,168,-12.005087574539175,24.10919695569271,35.74429540651001,28.5,42.2541,1.8665695620439333,,spike,False,14,False
anomaly_lockbox,d_1933,2016-05-14,CA_4,FOODS_2,CA,409.0,418.5956050224636,-9.595605022463587,168,1.7637292652449332,27.477960584864036,40.73882436311942,42.5,63.01049999999999,-0.27883313927910125,,drop,False,61,False
anomaly_lockbox,d_1933,2016-05-14,CA_4,FOODS_3,CA,1415.0,1337.930176986055,77.0698230139451,168,-24.262206743142144,80.156564099229,118.84012193351691,105.5,156.4143,0.8526752422365884,,spike,False,39,False
anomaly_lockbox,d_1933,2016-05-14,CA_4,HOBBIES_1,CA,457.0,404.74660701955037,52.25339298044963,168,12.35415079699078,44.518135522568855,66.00258772576058,41.0,60.7866,0.6045102708584609,,spike,False,46,False
anomaly_lockbox,d_1933,2016-05-14,CA_4,HOBBIES_2,CA,23.0,21.350261858650946,1.6497381413490544,168,-6.139248050531476,5.7296688895483605,8.494807095644399,5.0,7.412999999999999,0.9169114853560631,,spike,False,37,False
anomaly_lockbox,d_1933,2016-05-14,CA_4,HOUSEHOLD_1,CA,470.0,500.27749496293967,-30.27749496293967,168,-0.7421382851627243,24.6044575617087,36.47856878098931,41.0,60.7866,-0.8096632533776709,,drop,False,40,False
anomaly_lockbox,d_1933,2016-05-14,CA_4,HOUSEHOLD_2,CA,188.0,167.33991038356166,20.66008961643834,168,-3.4546464898643805,11.026960703131124,16.348571938462204,16.0,23.7216,1.4750362415184153,,spike,False,23,False
anomaly_lockbox,d_1933,2016-05-14,TX_1,FOODS_1,TX,281.0,229.9529661016563,51.0470338983437,168,-9.015130283288116,31.94925731162617,47.36796889021696,29.5,43.7367,1.2679911254129501,,spike,False,26,False
anomaly_lockbox,d_1933,2016-05-14,TX_1,FOODS_2,TX,419.0,419.3220738384511,-0.3220738384511037,168,-6.909115162940736,30.99554875467055,45.954000583674556,52.5,77.8365,0.14333988860220626,,spike,False,65,False
anomaly_lockbox,d_1933,2016-05-14,TX_1,FOODS_3,TX,1828.0,1853.5005907979782,-25.500590797978248,168,-51.573091714937846,96.99760097751357,143.80864320926162,204.0,302.4504,0.18129995760422046,,spike,False,63,False
anomaly_lockbox,d_1933,2016-05-14,TX_1,HOBBIES_1,TX,207.0,298.1243856011682,-91.12438560116823,168,3.35228629162593,30.248602333520225,44.84657781967708,37.0,54.856199999999994,-2.1066640195529294,,drop,False,12,False
anomaly_lockbox,d_1933,2016-05-14,TX_1,HOBBIES_2,TX,27.0,36.18228370917663,-9.18228370917663,168,1.8294803153880679,10.735863390625315,15.916991062941092,9.5,14.0847,-0.6918244774417797,,drop,False,44,False
anomaly_lockbox,d_1933,2016-05-14,TX_1,HOUSEHOLD_1,TX,875.0,884.0065564201677,-9.006556420167726,168,20.33032524814172,49.35642478068894,73.17583537984942,98.5,146.0361,-0.4009094192915494,,drop,False,55,False
anomaly_lockbox,d_1933,2016-05-14,TX_1,HOUSEHOLD_2,TX,150.0,229.34741711024773,-79.34741711024773,168,0.2987811063512424,16.385507467327315,24.293153371059475,21.0,31.1346,-3.2785450698830143,,drop,True,2,True
anomaly_lockbox,d_1933,2016-05-14,TX_2,FOODS_1,TX,317.0,275.2395765975218,41.76042340247818,168,-26.12703194291352,30.65065159994984,45.44265606208563,30.5,45.2193,1.493914775858195,,spike,False,21,False
anomaly_lockbox,d_1933,2016-05-14,TX_2,FOODS_2,TX,398.0,467.6915445288275,-69.69154452882748,168,-7.811833265177,33.80774934945228,50.12336918549795,63.0,93.40379999999999,-1.234548121349232,,drop,False,28,False
anomaly_lockbox,d_1933,2016-05-14,TX_2,FOODS_3,TX,2174.0,2338.1884483389376,-164.18844833893763,168,-41.65795526983845,124.96472773684309,185.27270534264355,241.5,358.04789999999997,-0.6613521017167162,,drop,False,45,False
anomaly_lockbox,d_1933,2016-05-14,TX_2,HOBBIES_1,TX,333.0,380.131198970809,-47.13119897080901,168,5.762759951001044,36.12534962471969,53.55944335360941,45.5,67.4583,-0.9875748441333547,,drop,False,32,False
anomaly_lockbox,d_1933,2016-05-14,TX_2,HOBBIES_2,TX,41.0,48.30765466775055,-7.307654667750548,168,0.44935867804020546,12.068633475491076,17.892955990763067,11.0,16.3086,-0.4335233010015326,,drop,False,53,False
anomaly_lockbox,d_1933,2016-05-14,TX_2,HOUSEHOLD_1,TX,925.0,912.1553550040053,12.844644995994713,168,2.586436775464506,52.7841509083666,78.25778213674431,108.0,160.1208,0.13108227629816357,,spike,False,67,False
anomaly_lockbox,d_1933,2016-05-14,TX_2,HOUSEHOLD_2,TX,236.0,241.43699486863537,-5.436994868635367,168,3.9485061642942156,17.430686732382796,25.84273614943073,30.0,44.477999999999994,-0.3631775280550673,,drop,False,57,False
anomaly_lockbox,d_1933,2016-05-14,TX_3,FOODS_1,TX,326.0,308.43877699828107,17.56122300171893,168,-6.582356202483766,33.46832859706534,49.62014397800907,30.0,44.477999999999994,0.48656810054607624,,spike,False,51,False
anomaly_lockbox,d_1933,2016-05-14,TX_3,FOODS_2,TX,522.0,547.7960354055999,-25.796035405599923,168,1.2222230771089073,39.93788391101927,59.211906686477164,67.0,99.3342,-0.456297727850052,,drop,False,52,False
anomaly_lockbox,d_1933,2016-05-14,TX_3,FOODS_3,TX,1830.0,2026.0311694448242,-196.03116944482417,168,14.023064556677582,115.01769419548702,170.52523341422906,199.0,295.0374,-1.231807338983383,,drop,False,29,False
anomaly_lockbox,d_1933,2016-05-14,TX_3,HOBBIES_1,TX,287.0,401.2780538429138,-114.27805384291378,168,15.203725840623378,29.80770011824157,44.19289619530495,42.0,62.2692,-2.92992292497212,,drop,False,6,False
anomaly_lockbox,d_1933,2016-05-14,TX_3,HOBBIES_2,TX,38.0,52.999459813471624,-14.999459813471624,168,5.158204388232139,11.504291330894542,17.056262327184246,14.0,20.7564,-1.1818336171798032,,drop,False,30,False
anomaly_lockbox,d_1933,2016-05-14,TX_3,HOUSEHOLD_1,TX,917.0,909.9455253194171,7.054474680582871,168,14.740755402915227,65.66806597354093,97.35947461237178,100.5,149.0013,-0.07894743426805258,,drop,False,70,False
anomaly_lockbox,d_1933,2016-05-14,TX_3,HOUSEHOLD_2,TX,235.0,205.85519465433867,29.144805345661325,168,7.101941028670069,13.696061250985842,20.30578041071161,19.5,28.9107,1.085546276535292,,spike,False,31,False
anomaly_lockbox,d_1933,2016-05-14,WI_1,FOODS_1,WI,478.0,395.433945141748,82.56605485825202,168,-14.300155016168702,35.22765573409737,52.228522391372756,45.0,66.717,1.8546611207676311,,spike,False,15,False
anomaly_lockbox,d_1933,2016-05-14,WI_1,FOODS_2,WI,982.0,889.6464544277418,92.35354557225821,168,13.518371491533685,41.2053589013627,61.09106510716034,99.5,147.5187,1.2904534229750144,,spike,False,24,False
anomaly_lockbox,d_1933,2016-05-14,WI_1,FOODS_3,WI,2452.0,2328.0312542233746,123.96874577662538,168,2.349864332053585,107.8399877465398,159.8835658330199,214.0,317.27639999999997,0.7606715600250548,,spike,False,41,False
anomaly_lockbox,d_1933,2016-05-14,WI_1,HOBBIES_1,WI,531.0,500.9047836403327,30.09521635966729,168,-6.488511374065951,41.39425992717577,61.37112976803079,65.5,97.1103,0.5961064733859648,,spike,False,47,False
anomaly_lockbox,d_1933,2016-05-14,WI_1,HOBBIES_2,WI,33.0,39.45359053896515,-6.453590538965152,168,-4.134663515508507,8.693512559869298,12.88900172126222,9.0,13.343399999999999,-0.17991517680001928,,drop,False,64,False
anomaly_lockbox,d_1933,2016-05-14,WI_1,HOUSEHOLD_1,WI,818.0,808.8027627012601,9.197237298739878,168,-12.713724599904822,45.27486841898042,67.12451991798036,102.0,151.2252,0.3264226235869957,,spike,False,59,False
anomaly_lockbox,d_1933,2016-05-14,WI_1,HOUSEHOLD_2,WI,233.0,228.43004712700923,4.569952872990768,168,-2.9713364689985866,14.734345182319544,21.845140167306955,23.0,34.099799999999995,0.34521588253645147,,spike,False,58,False
anomaly_lockbox,d_1933,2016-05-14,WI_2,FOODS_1,WI,578.0,460.27893626006596,117.72106373993404,168,-18.370180709413376,53.21885308094923,78.90227157781533,53.0,78.5778,1.724807685861502,,spike,False,16,False
anomaly_lockbox,d_1933,2016-05-14,WI_2,FOODS_2,WI,1934.0,1490.0289315394755,443.9710684605245,168,22.7488264989434,92.92896624100149,137.7764853489088,208.5,309.1221,3.057286886763491,,spike,True,3,True
anomaly_lockbox,d_1933,2016-05-14,WI_2,FOODS_3,WI,3460.0,3015.546173570607,444.45382642939285,168,-14.49269494220357,131.23108380650547,194.563204851525,327.0,484.81019999999995,2.358855682511128,,spike,False,10,False
anomaly_lockbox,d_1933,2016-05-14,WI_2,HOBBIES_1,WI,325.0,296.84973545301955,28.150264546980452,168,3.7437959882949627,27.857817006763696,41.30199949422785,33.5,49.6671,0.5909270460888076,,spike,False,48,False
anomaly_lockbox,d_1933,2016-05-14,WI_2,HOBBIES_2,WI,51.0,33.64655670877759,17.353443291222412,168,-5.035826698847519,7.1431782645639466,10.590476095042506,8.0,11.8608,2.1140947573216793,,spike,False,11,False
anomaly_lockbox,d_1933,2016-05-14,WI_2,HOUSEHOLD_1,WI,1172.0,1027.9341033110159,144.06589668898414,168,21.26622900931295,89.68038723788936,132.96014211889477,120.0,177.91199999999998,0.9235825543106148,,spike,False,36,False
anomaly_lockbox,d_1933,2016-05-14,WI_2,HOUSEHOLD_2,WI,184.0,172.93107579272072,11.06892420727928,168,1.3445780441335913,15.226545518600226,22.574876385876692,19.0,28.1694,0.4307596638371602,,spike,False,54,False
anomaly_lockbox,d_1933,2016-05-14,WI_3,FOODS_1,WI,423.0,298.2667056728413,124.73329432715872,168,-12.280809838717076,31.015004139908868,45.98284513782888,38.5,57.080099999999995,2.9796786987666812,,spike,False,5,True
anomaly_lockbox,d_1933,2016-05-14,WI_3,FOODS_2,WI,912.0,840.824778330538,71.17522166946196,168,16.12530927846919,42.51952212980271,63.039443509645494,94.5,140.10569999999998,0.87326139518617,,spike,False,38,False
anomaly_lockbox,d_1933,2016-05-14,WI_3,FOODS_3,WI,2815.0,2752.682281862309,62.31771813769092,168,-0.057346979574504076,112.10466650885621,166.20637856603022,289.0,428.47139999999996,0.3752868310796216,,spike,False,56,False
anomaly_lockbox,d_1933,2016-05-14,WI_3,HOBBIES_1,WI,345.0,297.45468738912047,47.545312610879535,168,0.8866500185241506,31.867621374367985,47.246935449637974,40.5,60.0453,0.9875489732469601,,spike,False,33,False
anomaly_lockbox,d_1933,2016-05-14,WI_3,HOBBIES_2,WI,37.0,34.98820882058635,2.011791179413649,168,-1.180317913410649,8.055002205937786,11.94234627052336,8.0,11.8608,0.26729329568203913,,spike,False,62,False
anomaly_lockbox,d_1933,2016-05-14,WI_3,HOUSEHOLD_1,WI,937.0,818.6358624215653,118.36413757843468,168,10.14740273920853,48.563542848588895,72.00030862731789,103.5,153.4491,1.50300376348897,,spike,False,20,False
anomaly_lockbox,d_1933,2016-05-14,WI_3,HOUSEHOLD_2,WI,205.0,198.3898103865896,6.610189613410398,168,4.417184438691265,16.103898250120537,23.875639545628708,21.0,31.1346,0.0918511594434186,,spike,False,68,False
anomaly_lockbox,d_1934,2016-05-15,CA_1,FOODS_1,CA,415.0,349.2491935718258,65.7508064281742,168,-25.684189124220666,35.43211828588335,52.53165857065065,58.5,86.73209999999999,1.7405693640801863,,spike,False,26,False
anomaly_lockbox,d_1934,2016-05-15,CA_1,FOODS_2,CA,781.0,695.1471692193976,85.8528307806024,168,-1.3018993399340673,43.31974067676376,64.22584752736994,82.0,121.5732,1.3570039707673045,,spike,False,32,False
anomaly_lockbox,d_1934,2016-05-15,CA_1,FOODS_3,CA,3521.0,2953.033622044011,567.9663779559892,168,7.923849203863142,142.77086773808514,211.67208850848502,302.0,447.74519999999995,2.645802442345517,,spike,False,8,False
anomaly_lockbox,d_1934,2016-05-15,CA_1,HOBBIES_1,CA,631.0,577.5658570647424,53.43414293525757,168,17.289827805758932,46.976886497940626,69.64793192184676,61.5,91.17989999999999,0.5189574784511455,,spike,False,60,False
anomaly_lockbox,d_1934,2016-05-15,CA_1,HOBBIES_2,CA,56.0,49.08439156497539,6.915608435024609,168,-2.920935617483586,8.814043308989756,13.067700609908211,10.0,14.825999999999999,0.7527371758922848,,spike,False,50,False
anomaly_lockbox,d_1934,2016-05-15,CA_1,HOUSEHOLD_1,CA,965.0,1022.0988642101802,-57.09886421018018,168,7.055601395861743,48.47646137804338,71.87120163908712,106.5,157.8969,-0.8926310419603664,,drop,False,42,False
anomaly_lockbox,d_1934,2016-05-15,CA_1,HOUSEHOLD_2,CA,338.0,285.3445595637698,52.65544043623021,168,-5.473172481554656,17.069525722806446,25.307278836632836,36.0,53.373599999999996,2.296912808880994,,spike,False,14,False
anomaly_lockbox,d_1934,2016-05-15,CA_2,FOODS_1,CA,598.0,533.1437171553089,64.85628284469112,168,-7.615755540324386,39.40764758403104,58.42577830808442,77.5,114.9015,1.2404120318751064,,spike,False,33,False
anomaly_lockbox,d_1934,2016-05-15,CA_2,FOODS_2,CA,881.0,681.2022139373992,199.79778606260084,168,-12.024618362151116,29.612275350817725,43.903159435122355,172.5,255.74849999999998,4.824764485065621,,spike,True,1,True
anomaly_lockbox,d_1934,2016-05-15,CA_2,FOODS_3,CA,2806.0,2554.175517645059,251.8244823549412,168,19.21992394083884,101.77879685519576,150.89724421751322,400.0,593.04,1.54147651681969,,spike,False,30,False
anomaly_lockbox,d_1934,2016-05-15,CA_2,HOBBIES_1,CA,530.0,445.87771557116855,84.12228442883145,168,-4.7627889331289595,36.89570009761081,54.70156496471779,64.5,95.62769999999999,1.6249091487472214,,spike,False,28,False
anomaly_lockbox,d_1934,2016-05-15,CA_2,HOBBIES_2,CA,58.0,49.985027702012104,8.014972297987896,168,-2.8427111299485546,9.034327122200846,13.394293391374974,10.0,14.825999999999999,0.8106200984762713,,spike,False,45,False
anomaly_lockbox,d_1934,2016-05-15,CA_2,HOUSEHOLD_1,CA,1370.0,1100.993455167006,269.006544832994,168,-3.6843276356884758,45.03992774790109,66.77619687903815,131.0,194.2206,4.083653834953326,,spike,True,2,True
anomaly_lockbox,d_1934,2016-05-15,CA_2,HOUSEHOLD_2,CA,467.0,406.6365931467896,60.36340685321039,168,-1.2395743605110283,20.142957831405752,29.863949280842167,47.5,70.42349999999999,2.0627874978759073,,spike,False,16,False
anomaly_lockbox,d_1934,2016-05-15,CA_3,FOODS_1,CA,565.0,440.97028205613964,124.02971794386036,168,-24.065913311520916,50.320382425424214,74.60499898393394,56.0,83.0256,1.9850631093403464,,spike,False,21,False
anomaly_lockbox,d_1934,2016-05-15,CA_3,FOODS_2,CA,919.0,819.0601708672535,99.93982913274647,168,17.66760848163824,64.39833025478615,95.47696443574593,92.0,136.39919999999998,0.861697071511692,,spike,False,43,False
anomaly_lockbox,d_1934,2016-05-15,CA_3,FOODS_3,CA,3496.0,3600.9411279830797,-104.9411279830797,168,-83.63718827007233,197.78391267905567,293.23442893796795,316.5,469.24289999999996,-0.072651563427138,,drop,False,70,False
anomaly_lockbox,d_1934,2016-05-15,CA_3,HOBBIES_1,CA,641.0,615.0494427235735,25.95055727642648,168,-22.757896521268464,49.849732808054966,73.90721386122229,67.0,99.3342,0.6590487078724983,,spike,False,55,False
anomaly_lockbox,d_1934,2016-05-15,CA_3,HOBBIES_2,CA,72.0,56.18175370337464,15.818246296625361,168,3.648252262186009,10.789659601607411,15.996749325343147,12.5,18.5325,0.760779192504993,,spike,False,48,False
anomaly_lockbox,d_1934,2016-05-15,CA_3,HOUSEHOLD_1,CA,1754.0,1862.2905873870177,-108.2905873870177,168,20.42353241000751,83.62607990773597,123.98402607120934,182.0,269.8332,-1.0381508318103752,,drop,False,36,False
anomaly_lockbox,d_1934,2016-05-15,CA_3,HOUSEHOLD_2,CA,522.0,400.67504809128684,121.32495190871316,168,4.913212594189503,22.67482903117721,33.61770152162333,43.0,63.751799999999996,3.4628107825767374,,spike,True,5,True
anomaly_lockbox,d_1934,2016-05-15,CA_4,FOODS_1,CA,242.0,234.56425667506605,7.435743324933952,168,-12.005087574539175,24.10919695569271,35.74429540651001,28.5,42.2541,0.5438862531315255,,spike,False,59,False
anomaly_lockbox,d_1934,2016-05-15,CA_4,FOODS_2,CA,549.0,442.7373191978504,106.26268080214959,168,1.7637292652449332,27.477960584864036,40.73882436311942,42.5,63.01049999999999,2.5650949228546427,,spike,False,11,False
anomaly_lockbox,d_1934,2016-05-15,CA_4,FOODS_3,CA,1424.0,1371.2063175210892,52.793682478910796,168,-24.262206743142144,80.156564099229,118.84012193351691,105.5,156.4143,0.648399614274719,,spike,False,56,False
anomaly_lockbox,d_1934,2016-05-15,CA_4,HOBBIES_1,CA,393.0,394.7190031259371,-1.7190031259370926,168,12.35415079699078,44.518135522568855,66.00258772576058,41.0,60.7866,-0.2132212449215104,,drop,False,68,False
anomaly_lockbox,d_1934,2016-05-15,CA_4,HOBBIES_2,CA,20.0,21.411691794623042,-1.4116917946230423,168,-6.139248050531476,5.7296688895483605,8.494807095644399,5.0,7.412999999999999,0.5565230855368601,,spike,False,58,False
anomaly_lockbox,d_1934,2016-05-15,CA_4,HOUSEHOLD_1,CA,509.0,498.7073154381464,10.292684561853605,168,-0.7421382851627243,24.6044575617087,36.47856878098931,41.0,60.7866,0.3025015294121707,,spike,False,66,False
anomaly_lockbox,d_1934,2016-05-15,CA_4,HOUSEHOLD_2,CA,181.0,169.75812922209772,11.241870777902278,168,-3.4546464898643805,11.026960703131124,16.348571938462204,16.0,23.7216,0.89894807467502,,spike,False,41,False
anomaly_lockbox,d_1934,2016-05-15,TX_1,FOODS_1,TX,316.0,229.05150995935387,86.94849004064613,168,-9.015130283288116,31.94925731162617,47.36796889021696,29.5,43.7367,2.0259179899890936,,spike,False,19,False
anomaly_lockbox,d_1934,2016-05-15,TX_1,FOODS_2,TX,538.0,498.821556930162,39.17844306983801,168,-6.909115162940736,30.99554875467055,45.954000583674556,52.5,77.8365,1.0029063334510127,,spike,False,37,False
anomaly_lockbox,d_1934,2016-05-15,TX_1,FOODS_3,TX,2282.0,2044.1207304905358,237.87926950946417,168,-51.573091714937846,96.99760097751357,143.80864320926162,204.0,302.4504,2.012760532085742,,spike,False,20,False
anomaly_lockbox,d_1934,2016-05-15,TX_1,HOBBIES_1,TX,323.0,297.0010971640503,25.998902835949707,168,3.35228629162593,30.248602333520225,44.84657781967708,37.0,54.856199999999994,0.5049798144104376,,spike,False,61,False
anomaly_lockbox,d_1934,2016-05-15,TX_1,HOBBIES_2,TX,67.0,35.55528285484582,31.44471714515418,168,1.8294803153880679,10.735863390625315,15.916991062941092,9.5,14.0847,1.860605230766141,,spike,False,23,False
anomaly_lockbox,d_1934,2016-05-15,TX_1,HOUSEHOLD_1,TX,1195.0,899.920189934714,295.079810065286,168,20.33032524814172,49.35642478068894,73.17583537984942,98.5,146.0361,3.7546477384363772,,spike,True,3,True
anomaly_lockbox,d_1934,2016-05-15,TX_1,HOUSEHOLD_2,TX,279.0,235.5002583074335,43.49974169256649,168,0.2987811063512424,16.385507467327315,24.293153371059475,21.0,31.1346,1.7783183568783092,,spike,False,25,False
anomaly_lockbox,d_1934,2016-05-15,TX_2,FOODS_1,TX,367.0,273.3463603959561,93.65363960404392,168,-26.12703194291352,30.65065159994984,45.44265606208563,30.5,45.2193,2.6358642281672124,,spike,False,9,False
anomaly_lockbox,d_1934,2016-05-15,TX_2,FOODS_2,TX,597.0,558.2369445316017,38.763055468398306,168,-7.811833265177,33.80774934945228,50.12336918549795,63.0,93.40379999999999,0.9292050692205002,,spike,False,40,False
anomaly_lockbox,d_1934,2016-05-15,TX_2,FOODS_3,TX,2923.0,2576.3864000568788,346.61359994312124,168,-41.65795526983845,124.96472773684309,185.27270534264355,241.5,358.04789999999997,2.0956759631424924,,spike,False,15,False
anomaly_lockbox,d_1934,2016-05-15,TX_2,HOBBIES_1,TX,487.0,372.54279378546903,114.45720621453097,168,5.762759951001044,36.12534962471969,53.55944335360941,45.5,67.4583,2.0294170263478835,,spike,False,18,False
anomaly_lockbox,d_1934,2016-05-15,TX_2,HOBBIES_2,TX,69.0,47.45865730228135,21.541342697718648,168,0.44935867804020546,12.068633475491076,17.892955990763067,11.0,16.3086,1.178787005935007,,spike,False,34,False
anomaly_lockbox,d_1934,2016-05-15,TX_2,HOUSEHOLD_1,TX,1156.0,918.5864283494333,237.41357165056672,168,2.586436775464506,52.7841509083666,78.25778213674431,108.0,160.1208,3.0006873241663725,,spike,True,6,False
anomaly_lockbox,d_1934,2016-05-15,TX_2,HOUSEHOLD_2,TX,267.0,245.9988233061694,21.001176693830587,168,3.9485061642942156,17.430686732382796,25.84273614943073,30.0,44.477999999999994,0.6598631983444992,,spike,False,54,False
anomaly_lockbox,d_1934,2016-05-15,TX_3,FOODS_1,TX,342.0,308.73593573340173,33.26406426659827,168,-6.582356202483766,33.46832859706534,49.62014397800907,30.0,44.477999999999994,0.803029118310124,,spike,False,46,False
anomaly_lockbox,d_1934,2016-05-15,TX_3,FOODS_2,TX,779.0,657.2975003556207,121.70249964437926,168,1.2222230771089073,39.93788391101927,59.211906686477164,67.0,99.3342,2.0347305687216735,,spike,False,17,False
anomaly_lockbox,d_1934,2016-05-15,TX_3,FOODS_3,TX,2519.0,2192.0088207389686,326.99117926103145,168,14.023064556677582,115.01769419548702,170.52523341422906,199.0,295.0374,1.8353184947362693,,spike,False,24,False
anomaly_lockbox,d_1934,2016-05-15,TX_3,HOBBIES_1,TX,443.0,395.9688616253533,47.03113837464667,168,15.203725840623378,29.80770011824157,44.19289619530495,42.0,62.2692,0.7201929557494048,,spike,False,53,False
anomaly_lockbox,d_1934,2016-05-15,TX_3,HOBBIES_2,TX,72.0,53.14944024019428,18.85055975980572,168,5.158204388232139,11.504291330894542,17.056262327184246,14.0,20.7564,0.802775843201633,,spike,False,47,False
anomaly_lockbox,d_1934,2016-05-15,TX_3,HOUSEHOLD_1,TX,1002.0,916.4796849178916,85.52031508210837,168,14.740755402915227,65.66806597354093,97.35947461237178,100.5,149.0013,0.7269920052567637,,spike,False,52,False
anomaly_lockbox,d_1934,2016-05-15,TX_3,HOUSEHOLD_2,TX,226.0,208.90767842343786,17.092321576562142,168,7.101941028670069,13.696061250985842,20.30578041071161,19.5,28.9107,0.4919968770381263,,spike,False,62,False
anomaly_lockbox,d_1934,2016-05-15,WI_1,FOODS_1,WI,420.0,350.5895095214844,69.41049047851561,168,-14.300155016168702,35.22765573409737,52.228522391372756,45.0,66.717,1.6027764459312344,,spike,False,29,False
anomaly_lockbox,d_1934,2016-05-15,WI_1,FOODS_2,WI,1068.0,912.192779829338,155.80722017066205,168,13.518371491533685,41.2053589013627,61.09106510716034,99.5,147.5187,2.329126991476386,,spike,False,12,False
anomaly_lockbox,d_1934,2016-05-15,WI_1,FOODS_3,WI,2427.0,2306.52733243425,120.47266756574982,168,2.349864332053585,107.8399877465398,159.8835658330199,214.0,317.27639999999997,0.7388051587307103,,spike,False,51,False
anomaly_lockbox,d_1934,2016-05-15,WI_1,HOBBIES_1,WI,473.0,452.2624992024219,20.737500797578093,168,-6.488511374065951,41.39425992717577,61.37112976803079,65.5,97.1103,0.4436289876779572,,spike,False,63,False
anomaly_lockbox,d_1934,2016-05-15,WI_1,HOBBIES_2,WI,55.0,37.962829891227834,17.037170108772166,168,-4.134663515508507,8.693512559869298,12.88900172126222,9.0,13.343399999999999,1.642627884000881,,spike,False,27,False
anomaly_lockbox,d_1934,2016-05-15,WI_1,HOUSEHOLD_1,WI,810.0,772.0643013130946,37.935698686905425,168,-12.713724599904822,45.27486841898042,67.12451991798036,102.0,151.2252,0.7545591886347778,,spike,False,49,False
anomaly_lockbox,d_1934,2016-05-15,WI_1,HOUSEHOLD_2,WI,235.0,219.68755132255004,15.312448677449964,168,-2.9713364689985866,14.734345182319544,21.845140167306955,23.0,34.099799999999995,0.836972663320867,,spike,False,44,False
anomaly_lockbox,d_1934,2016-05-15,WI_2,FOODS_1,WI,574.0,438.95013671144113,135.04986328855887,168,-18.370180709413376,53.21885308094923,78.90227157781533,53.0,78.5778,1.9444312683274991,,spike,False,22,False
anomaly_lockbox,d_1934,2016-05-15,WI_2,FOODS_2,WI,2011.0,1492.1037711255901,518.8962288744099,168,22.7488264989434,92.92896624100149,137.7764853489088,208.5,309.1221,3.60110363621927,,spike,True,4,True
anomaly_lockbox,d_1934,2016-05-15,WI_2,FOODS_3,WI,3593.0,3045.4880503208306,547.5119496791694,168,-14.49269494220357,131.23108380650547,194.563204851525,327.0,484.81019999999995,2.888545370386193,,spike,False,7,False
anomaly_lockbox,d_1934,2016-05-15,WI_2,HOBBIES_1,WI,249.0,283.990463816487,-34.99046381648702,168,3.7437959882949627,27.857817006763696,41.30199949422785,33.5,49.6671,-0.9378301360493523,,drop,False,39,False
anomaly_lockbox,d_1934,2016-05-15,WI_2,HOBBIES_2,WI,45.0,33.78995049288671,11.21004950711329,168,-5.035826698847519,7.1431782645639466,10.590476095042506,8.0,11.8608,1.534008108810674,,spike,False,31,False
anomaly_lockbox,d_1934,2016-05-15,WI_2,HOUSEHOLD_1,WI,937.0,999.6162668194366,-62.616266819436646,168,21.26622900931295,89.68038723788936,132.96014211889477,120.0,177.91199999999998,-0.6308845229252292,,drop,False,57,False
anomaly_lockbox,d_1934,2016-05-15,WI_2,HOUSEHOLD_2,WI,177.0,166.24161778356265,10.758382216437354,168,1.3445780441335913,15.226545518600226,22.574876385876692,19.0,28.1694,0.4170035756294654,,spike,False,64,False
anomaly_lockbox,d_1934,2016-05-15,WI_3,FOODS_1,WI,386.0,278.08672441879975,107.91327558120025,168,-12.280809838717076,31.015004139908868,45.98284513782888,38.5,57.080099999999995,2.613889702989187,,spike,False,10,False
anomaly_lockbox,d_1934,2016-05-15,WI_3,FOODS_2,WI,946.0,858.5773906075223,87.42260939247774,168,16.12530927846919,42.51952212980271,63.039443509645494,94.5,140.10569999999998,1.1309950745853197,,spike,False,35,False
anomaly_lockbox,d_1934,2016-05-15,WI_3,FOODS_3,WI,3162.0,2777.0770785273794,384.9229214726206,168,-0.057346979574504076,112.10466650885621,166.20637856603022,289.0,428.47139999999996,2.316278543420948,,spike,False,13,False
anomaly_lockbox,d_1934,2016-05-15,WI_3,HOBBIES_1,WI,294.0,280.22573480765124,13.774265192348764,168,0.8866500185241506,31.867621374367985,47.246935449637974,40.5,60.0453,0.27277145176033557,,spike,False,67,False
anomaly_lockbox,d_1934,2016-05-15,WI_3,HOBBIES_2,WI,38.0,35.4448630283278,2.555136971672198,168,-1.180317913410649,8.055002205937786,11.94234627052336,8.0,11.8608,0.31279070297122985,,spike,False,65,False
anomaly_lockbox,d_1934,2016-05-15,WI_3,HOUSEHOLD_1,WI,874.0,792.7431181633026,81.2568818366974,168,10.14740273920853,48.563542848588895,72.00030862731789,103.5,153.4491,0.9876274206762077,,spike,False,38,False
anomaly_lockbox,d_1934,2016-05-15,WI_3,HOUSEHOLD_2,WI,194.0,192.6582698124773,1.3417301875226997,168,4.417184438691265,16.103898250120537,23.875639545628708,21.0,31.1346,-0.1288113872422587,,drop,False,69,False
anomaly_lockbox,d_1935,2016-05-16,CA_1,FOODS_1,CA,277.0,268.611436445171,8.388563554828977,168,-25.684189124220666,35.43211828588335,52.53165857065065,58.5,86.73209999999999,0.6486136856544262,,spike,False,49,False
anomaly_lockbox,d_1935,2016-05-16,CA_1,FOODS_2,CA,555.0,537.19601763913,17.80398236087001,168,-1.3018993399340673,43.31974067676376,64.22584752736994,82.0,121.5732,0.29747963532380134,,spike,False,60,False
anomaly_lockbox,d_1935,2016-05-16,CA_1,FOODS_3,CA,2366.0,2097.4071500268215,268.59284997317855,168,7.923849203863142,142.77086773808514,211.67208850848502,302.0,447.74519999999995,1.2314755460017408,,spike,False,27,False
anomaly_lockbox,d_1935,2016-05-16,CA_1,HOBBIES_1,CA,389.0,454.2161516115736,-65.2161516115736,168,17.289827805758932,46.976886497940626,69.64793192184676,61.5,91.17989999999999,-1.1846149216593254,,drop,False,28,False
anomaly_lockbox,d_1935,2016-05-16,CA_1,HOBBIES_2,CA,28.0,39.82543264064886,-11.825432640648863,168,-2.920935617483586,8.814043308989756,13.067700609908211,10.0,14.825999999999999,-0.6814126898816227,,drop,False,47,False
anomaly_lockbox,d_1935,2016-05-16,CA_1,HOUSEHOLD_1,CA,725.0,717.9343598026522,7.065640197347761,168,7.055601395861743,48.47646137804338,71.87120163908712,106.5,157.8969,0.0001396776630566179,,spike,False,70,False
anomaly_lockbox,d_1935,2016-05-16,CA_1,HOUSEHOLD_2,CA,228.0,201.06961581614846,26.930384183851544,168,-5.473172481554656,17.069525722806446,25.307278836632836,36.0,53.373599999999996,1.2804046169713572,,spike,False,23,False
anomaly_lockbox,d_1935,2016-05-16,CA_2,FOODS_1,CA,468.0,393.7163769195716,74.28362308042841,168,-7.615755540324386,39.40764758403104,58.42577830808442,77.5,114.9015,1.4017678667263953,,spike,False,19,False
anomaly_lockbox,d_1935,2016-05-16,CA_2,FOODS_2,CA,524.0,448.60160306037903,75.39839693962097,168,-12.024618362151116,29.612275350817725,43.903159435122355,172.5,255.74849999999998,1.9912693397604095,,spike,False,7,False
anomaly_lockbox,d_1935,2016-05-16,CA_2,FOODS_3,CA,1910.0,1733.0398752508559,176.96012474914414,168,19.21992394083884,101.77879685519576,150.89724421751322,400.0,593.04,1.0453484530236232,,spike,False,31,False
anomaly_lockbox,d_1935,2016-05-16,CA_2,HOBBIES_1,CA,291.0,324.82660656099785,-33.826606560997845,168,-4.7627889331289595,36.89570009761081,54.70156496471779,64.5,95.62769999999999,-0.5313160171306779,,drop,False,52,False
anomaly_lockbox,d_1935,2016-05-16,CA_2,HOBBIES_2,CA,35.0,36.94920362796364,-1.9492036279636409,168,-2.8427111299485546,9.034327122200846,13.394293391374974,10.0,14.825999999999999,0.06670807304850232,,spike,False,67,False
anomaly_lockbox,d_1935,2016-05-16,CA_2,HOUSEHOLD_1,CA,700.0,655.8349666915011,44.16503330849889,168,-3.6843276356884758,45.03992774790109,66.77619687903815,131.0,194.2206,0.7165631344783556,,spike,False,44,False
anomaly_lockbox,d_1935,2016-05-16,CA_2,HOUSEHOLD_2,CA,310.0,273.4831600410821,36.5168399589179,168,-1.2395743605110283,20.142957831405752,29.863949280842167,47.5,70.42349999999999,1.2642806872046828,,spike,False,25,False
anomaly_lockbox,d_1935,2016-05-16,CA_3,FOODS_1,CA,377.0,360.9182379355028,16.081762064497184,168,-24.065913311520916,50.320382425424214,74.60499898393394,56.0,83.0256,0.5381365313692161,,spike,False,51,False
anomaly_lockbox,d_1935,2016-05-16,CA_3,FOODS_2,CA,693.0,710.5117091168715,-17.511709116871543,168,17.66760848163824,64.39833025478615,95.47696443574593,92.0,136.39919999999998,-0.36845869374266454,,drop,False,56,False
anomaly_lockbox,d_1935,2016-05-16,CA_3,FOODS_3,CA,2615.0,2858.705792893838,-243.70579289383795,168,-83.63718827007233,197.78391267905567,293.23442893796795,316.5,469.24289999999996,-0.5458724789019478,,drop,False,50,False
anomaly_lockbox,d_1935,2016-05-16,CA_3,HOBBIES_1,CA,432.0,522.5043019348689,-90.50430193486886,168,-22.757896521268464,49.849732808054966,73.90721386122229,67.0,99.3342,-0.9166413111013735,,drop,False,36,False
anomaly_lockbox,d_1935,2016-05-16,CA_3,HOBBIES_2,CA,50.0,50.69967737761657,-0.6996773776165668,168,3.648252262186009,10.789659601607411,15.996749325343147,12.5,18.5325,-0.27180082349070056,,drop,False,61,False
anomaly_lockbox,d_1935,2016-05-16,CA_3,HOUSEHOLD_1,CA,1358.0,1451.569775476017,-93.56977547601696,168,20.42353241000751,83.62607990773597,123.98402607120934,182.0,269.8332,-0.9194193114889915,,drop,False,35,False
anomaly_lockbox,d_1935,2016-05-16,CA_3,HOUSEHOLD_2,CA,366.0,314.22695472988886,51.77304527011114,168,4.913212594189503,22.67482903117721,33.61770152162333,43.0,63.751799999999996,1.3939035256702723,,spike,False,20,False
anomaly_lockbox,d_1935,2016-05-16,CA_4,FOODS_1,CA,286.0,199.3187830720109,86.68121692798911,168,-12.005087574539175,24.10919695569271,35.74429540651001,28.5,42.2541,2.760896623648506,,spike,False,2,True
anomaly_lockbox,d_1935,2016-05-16,CA_4,FOODS_2,CA,431.0,397.81828898745107,33.18171101254893,168,1.7637292652449332,27.477960584864036,40.73882436311942,42.5,63.01049999999999,0.7712049191028321,,spike,False,41,False
anomaly_lockbox,d_1935,2016-05-16,CA_4,FOODS_3,CA,1357.0,1182.064755981669,174.9352440183311,168,-24.262206743142144,80.156564099229,118.84012193351691,105.5,156.4143,1.6761801277258104,,spike,False,12,False
anomaly_lockbox,d_1935,2016-05-16,CA_4,HOBBIES_1,CA,303.0,337.07351539045237,-34.07351539045237,168,12.35415079699078,44.518135522568855,66.00258772576058,41.0,60.7866,-0.7034219079462334,,drop,False,45,False
anomaly_lockbox,d_1935,2016-05-16,CA_4,HOBBIES_2,CA,26.0,19.95879572839434,6.041204271605661,168,-6.139248050531476,5.7296688895483605,8.494807095644399,5.0,7.412999999999999,1.4338703851653682,,spike,False,18,False
anomaly_lockbox,d_1935,2016-05-16,CA_4,HOUSEHOLD_1,CA,484.0,412.3814943644503,71.6185056355497,168,-0.7421382851627243,24.6044575617087,36.47856878098931,41.0,60.7866,1.983648107335366,,spike,False,8,False
anomaly_lockbox,d_1935,2016-05-16,CA_4,HOUSEHOLD_2,CA,137.0,137.83261696379773,-0.832616963797733,168,-3.4546464898643805,11.026960703131124,16.348571938462204,16.0,23.7216,0.16038278670065195,,spike,False,64,False
anomaly_lockbox,d_1935,2016-05-16,TX_1,FOODS_1,TX,261.0,179.3347730127287,81.6652269872713,168,-9.015130283288116,31.94925731162617,47.36796889021696,29.5,43.7367,1.9143813719504423,,spike,False,11,False
anomaly_lockbox,d_1935,2016-05-16,TX_1,FOODS_2,TX,368.0,376.39531881463057,-8.39531881463057,168,-6.909115162940736,30.99554875467055,45.954000583674556,52.5,77.8365,-0.032341115742114894,,drop,False,69,False
anomaly_lockbox,d_1935,2016-05-16,TX_1,FOODS_3,TX,1564.0,1431.9740842696715,132.0259157303285,168,-51.573091714937846,96.99760097751357,143.80864320926162,204.0,302.4504,1.2766896575062197,,spike,False,24,False
anomaly_lockbox,d_1935,2016-05-16,TX_1,HOBBIES_1,TX,372.0,233.22331288139736,138.77668711860264,168,3.35228629162593,30.248602333520225,44.84657781967708,37.0,54.856199999999994,3.019726530115689,,spike,True,1,True
anomaly_lockbox,d_1935,2016-05-16,TX_1,HOBBIES_2,TX,71.0,31.17411652789965,39.82588347210035,168,1.8294803153880679,10.735863390625315,15.916991062941092,9.5,14.0847,2.387159922780746,,spike,False,4,True
anomaly_lockbox,d_1935,2016-05-16,TX_1,HOUSEHOLD_1,TX,837.0,674.3054687432303,162.69453125676966,168,20.33032524814172,49.35642478068894,73.17583537984942,98.5,146.0361,1.9455084491981225,,spike,False,9,False
anomaly_lockbox,d_1935,2016-05-16,TX_1,HOUSEHOLD_2,TX,235.0,171.49307803476145,63.50692196523855,168,0.2987811063512424,16.385507467327315,24.293153371059475,21.0,31.1346,2.6018911539984515,,spike,False,3,True
anomaly_lockbox,d_1935,2016-05-16,TX_2,FOODS_1,TX,239.0,211.33407203130048,27.66592796869952,168,-26.12703194291352,30.65065159994984,45.44265606208563,30.5,45.2193,1.1837547488007496,,spike,False,29,False
anomaly_lockbox,d_1935,2016-05-16,TX_2,FOODS_2,TX,537.0,429.75131547952753,107.24868452047247,168,-7.811833265177,33.80774934945228,50.12336918549795,63.0,93.40379999999999,2.2955463620139005,,spike,False,5,True
anomaly_lockbox,d_1935,2016-05-16,TX_2,FOODS_3,TX,2082.0,1844.767048503889,237.2329514961109,168,-41.65795526983845,124.96472773684309,185.27270534264355,241.5,358.04789999999997,1.5052994786801877,,spike,False,15,False
anomaly_lockbox,d_1935,2016-05-16,TX_2,HOBBIES_1,TX,288.0,302.18681722604856,-14.18681722604856,168,5.762759951001044,36.12534962471969,53.55944335360941,45.5,67.4583,-0.37247543902461394,,drop,False,55,False
anomaly_lockbox,d_1935,2016-05-16,TX_2,HOBBIES_2,TX,55.0,42.33914238846761,12.660857611532393,168,0.44935867804020546,12.068633475491076,17.892955990763067,11.0,16.3086,0.682475212021768,,spike,False,46,False
anomaly_lockbox,d_1935,2016-05-16,TX_2,HOUSEHOLD_1,TX,793.0,725.2706280161044,67.72937198389559,168,2.586436775464506,52.7841509083666,78.25778213674431,108.0,160.1208,0.832414789044278,,spike,False,39,False
anomaly_lockbox,d_1935,2016-05-16,TX_2,HOUSEHOLD_2,TX,185.0,182.93244401961323,2.0675559803867714,168,3.9485061642942156,17.430686732382796,25.84273614943073,30.0,44.477999999999994,-0.07278448276649988,,drop,False,66,False
anomaly_lockbox,d_1935,2016-05-16,TX_3,FOODS_1,TX,324.0,250.22847042523193,73.77152957476807,168,-6.582356202483766,33.46832859706534,49.62014397800907,30.0,44.477999999999994,1.6193803430490552,,spike,False,13,False
anomaly_lockbox,d_1935,2016-05-16,TX_3,FOODS_2,TX,616.0,519.7247878994389,96.27521210056113,168,1.2222230771089073,39.93788391101927,59.211906686477164,67.0,99.3342,1.6053019458865097,,spike,False,14,False
anomaly_lockbox,d_1935,2016-05-16,TX_3,FOODS_3,TX,1914.0,1722.7866797953016,191.21332020469845,168,14.023064556677582,115.01769419548702,170.52523341422906,199.0,295.0374,1.03908525501092,,spike,False,32,False
anomaly_lockbox,d_1935,2016-05-16,TX_3,HOBBIES_1,TX,350.0,331.4208216700457,18.57917832995429,168,15.203725840623378,29.80770011824157,44.19289619530495,42.0,62.2692,0.07637997913541406,,spike,False,65,False
anomaly_lockbox,d_1935,2016-05-16,TX_3,HOBBIES_2,TX,69.0,49.65093510435547,19.34906489564453,168,5.158204388232139,11.504291330894542,17.056262327184246,14.0,20.7564,0.8320029462020538,,spike,False,40,False
anomaly_lockbox,d_1935,2016-05-16,TX_3,HOUSEHOLD_1,TX,885.0,744.1523781861213,140.84762181387873,168,14.740755402915227,65.66806597354093,97.35947461237178,100.5,149.0013,1.295270613497525,,spike,False,22,False
anomaly_lockbox,d_1935,2016-05-16,TX_3,HOUSEHOLD_2,TX,183.0,158.42748613937616,24.572513860623843,168,7.101941028670069,13.696061250985842,20.30578041071161,19.5,28.9107,0.8603743603342514,,spike,False,38,False
anomaly_lockbox,d_1935,2016-05-16,WI_1,FOODS_1,WI,307.0,270.3450966991404,36.65490330085959,168,-14.300155016168702,35.22765573409737,52.228522391372756,45.0,66.717,0.9756174592725062,,spike,False,33,False
anomaly_lockbox,d_1935,2016-05-16,WI_1,FOODS_2,WI,587.0,604.947572990614,-17.94757299061405,168,13.518371491533685,41.2053589013627,61.09106510716034,99.5,147.5187,-0.5150662282111641,,drop,False,53,False
anomaly_lockbox,d_1935,2016-05-16,WI_1,FOODS_3,WI,1686.0,1482.0303901634893,203.9696098365107,168,2.349864332053585,107.8399877465398,159.8835658330199,214.0,317.27639999999997,1.2610410860802659,,spike,False,26,False
anomaly_lockbox,d_1935,2016-05-16,WI_1,HOBBIES_1,WI,273.0,333.0522059470344,-60.052205947034395,168,-6.488511374065951,41.39425992717577,61.37112976803079,65.5,97.1103,-0.8727832577863124,,drop,False,37,False
anomaly_lockbox,d_1935,2016-05-16,WI_1,HOBBIES_2,WI,25.0,28.66584599275938,-3.6658459927593796,168,-4.134663515508507,8.693512559869298,12.88900172126222,9.0,13.343399999999999,0.03637345489493936,,spike,False,68,False
anomaly_lockbox,d_1935,2016-05-16,WI_1,HOUSEHOLD_1,WI,487.0,524.0516504360406,-37.05165043604063,168,-12.713724599904822,45.27486841898042,67.12451991798036,102.0,151.2252,-0.3625787695148418,,drop,False,58,False
anomaly_lockbox,d_1935,2016-05-16,WI_1,HOUSEHOLD_2,WI,140.0,157.85311540421785,-17.853115404217846,168,-2.9713364689985866,14.734345182319544,21.845140167306955,23.0,34.099799999999995,-0.6812398007631493,,drop,False,48,False
anomaly_lockbox,d_1935,2016-05-16,WI_2,FOODS_1,WI,454.0,358.6414031929675,95.35859680703248,168,-18.370180709413376,53.21885308094923,78.90227157781533,53.0,78.5778,1.4413878744198612,,spike,False,17,False
anomaly_lockbox,d_1935,2016-05-16,WI_2,FOODS_2,WI,1203.0,1033.8853686079478,169.11463139205216,168,22.7488264989434,92.92896624100149,137.7764853489088,208.5,309.1221,1.0623424202065261,,spike,False,30,False
anomaly_lockbox,d_1935,2016-05-16,WI_2,FOODS_3,WI,2222.0,2204.909602724501,17.090397275499072,168,-14.49269494220357,131.23108380650547,194.563204851525,327.0,484.81019999999995,0.16232818657466255,,spike,False,63,False
anomaly_lockbox,d_1935,2016-05-16,WI_2,HOBBIES_1,WI,224.0,229.85165701256793,-5.851657012567927,168,3.7437959882949627,27.857817006763696,41.30199949422785,33.5,49.6671,-0.23232417602939295,,drop,False,62,False
anomaly_lockbox,d_1935,2016-05-16,WI_2,HOBBIES_2,WI,49.0,31.817138247008707,17.182861752991293,168,-5.035826698847519,7.1431782645639466,10.590476095042506,8.0,11.8608,2.097987687469459,,spike,False,6,False
anomaly_lockbox,d_1935,2016-05-16,WI_2,HOUSEHOLD_1,WI,714.0,815.2166224663418,-101.21662246634185,168,21.26622900931295,89.68038723788936,132.96014211889477,120.0,177.91199999999998,-0.921199763506036,,drop,False,34,False
anomaly_lockbox,d_1935,2016-05-16,WI_2,HOUSEHOLD_2,WI,145.0,135.45940620510567,9.540593794894335,168,1.3445780441335913,15.226545518600226,22.574876385876692,19.0,28.1694,0.3630591641196467,,spike,False,57,False
anomaly_lockbox,d_1935,2016-05-16,WI_3,FOODS_1,WI,271.0,219.70667499802474,51.29332500197526,168,-12.280809838717076,31.015004139908868,45.98284513782888,38.5,57.080099999999995,1.3825620109007035,,spike,False,21,False
anomaly_lockbox,d_1935,2016-05-16,WI_3,FOODS_2,WI,712.0,574.6545014336036,137.34549856639637,168,16.12530927846919,42.51952212980271,63.039443509645494,94.5,140.10569999999998,1.9229260688092784,,spike,False,10,False
anomaly_lockbox,d_1935,2016-05-16,WI_3,FOODS_3,WI,1952.0,1832.225243016026,119.77475698397393,168,-0.057346979574504076,112.10466650885621,166.20637856603022,289.0,428.47139999999996,0.7209837853241097,,spike,False,43,False
anomaly_lockbox,d_1935,2016-05-16,WI_3,HOBBIES_1,WI,187.0,221.6493320171974,-34.649332017197395,168,0.8866500185241506,31.867621374367985,47.246935449637974,40.5,60.0453,-0.7521330578911407,,drop,False,42,False
anomaly_lockbox,d_1935,2016-05-16,WI_3,HOBBIES_2,WI,11.0,29.798170799305055,-18.798170799305055,168,-1.180317913410649,8.055002205937786,11.94234627052336,8.0,11.8608,-1.4752421749300293,,drop,False,16,False
anomaly_lockbox,d_1935,2016-05-16,WI_3,HOUSEHOLD_1,WI,626.0,591.4562803072816,34.543719692718355,168,10.14740273920853,48.563542848588895,72.00030862731789,103.5,153.4491,0.338836283046897,,spike,False,59,False
anomaly_lockbox,d_1935,2016-05-16,WI_3,HOUSEHOLD_2,WI,138.0,145.43514942339462,-7.43514942339462,168,4.417184438691265,16.103898250120537,23.875639545628708,21.0,31.1346,-0.4964195342049332,,drop,False,54,False
anomaly_lockbox,d_1936,2016-05-17,CA_1,FOODS_1,CA,302.0,263.1352629510056,38.864737048994414,168,-25.684189124220666,35.43211828588335,52.53165857065065,58.5,86.73209999999999,1.228762386902409,,spike,False,25,False
anomaly_lockbox,d_1936,2016-05-17,CA_1,FOODS_2,CA,476.0,452.461526531205,23.53847346879502,168,-1.3018993399340673,43.31974067676376,64.22584752736994,82.0,121.5732,0.3867659791977572,,spike,False,56,False
anomaly_lockbox,d_1936,2016-05-17,CA_1,FOODS_3,CA,2016.0,1813.900370515121,202.09962948487896,168,7.923849203863142,142.77086773808514,211.67208850848502,302.0,447.74519999999995,0.9173423933653498,,spike,False,34,False
anomaly_lockbox,d_1936,2016-05-17,CA_1,HOBBIES_1,CA,347.0,409.41221488961367,-62.412214889613665,168,17.289827805758932,46.976886497940626,69.64793192184676,61.5,91.17989999999999,-1.1443561997620797,,drop,False,28,False
anomaly_lockbox,d_1936,2016-05-17,CA_1,HOBBIES_2,CA,46.0,39.857836645617645,6.142163354382355,168,-2.920935617483586,8.814043308989756,13.067700609908211,10.0,14.825999999999999,0.6935496337430707,,spike,False,42,False
anomaly_lockbox,d_1936,2016-05-17,CA_1,HOUSEHOLD_1,CA,607.0,637.1193881038221,-30.119388103822075,168,7.055601395861743,48.47646137804338,71.87120163908712,106.5,157.8969,-0.5172445799134409,,drop,False,48,False
anomaly_lockbox,d_1936,2016-05-17,CA_1,HOUSEHOLD_2,CA,155.0,198.05153773517281,-43.051537735172815,168,-5.473172481554656,17.069525722806446,25.307278836632836,36.0,53.373599999999996,-1.4848836769926705,,drop,False,18,False
anomaly_lockbox,d_1936,2016-05-17,CA_2,FOODS_1,CA,389.0,365.1606697461982,23.83933025380179,168,-7.615755540324386,39.40764758403104,58.42577830808442,77.5,114.9015,0.5383768381870869,,spike,False,47,False
anomaly_lockbox,d_1936,2016-05-17,CA_2,FOODS_2,CA,460.0,399.19548629689587,60.804513703104135,168,-12.024618362151116,29.612275350817725,43.903159435122355,172.5,255.74849999999998,1.6588585651307872,,spike,False,15,False
anomaly_lockbox,d_1936,2016-05-17,CA_2,FOODS_3,CA,1800.0,1565.317365600208,234.68263439979205,168,19.21992394083884,101.77879685519576,150.89724421751322,400.0,593.04,1.4278770402749774,,spike,False,19,False
anomaly_lockbox,d_1936,2016-05-17,CA_2,HOBBIES_1,CA,350.0,320.3767098931023,29.623290106897684,168,-4.7627889331289595,36.89570009761081,54.70156496471779,64.5,95.62769999999999,0.6286123452264204,,spike,False,44,False
anomaly_lockbox,d_1936,2016-05-17,CA_2,HOBBIES_2,CA,35.0,37.07317925408275,-2.0731792540827527,168,-2.8427111299485546,9.034327122200846,13.394293391374974,10.0,14.825999999999999,0.05745221889505039,,spike,False,67,False
anomaly_lockbox,d_1936,2016-05-17,CA_2,HOUSEHOLD_1,CA,668.0,618.6420588049734,49.35794119502657,168,-3.6843276356884758,45.03992774790109,66.77619687903815,131.0,194.2206,0.7943289871209429,,spike,False,39,False
anomaly_lockbox,d_1936,2016-05-17,CA_2,HOUSEHOLD_2,CA,261.0,271.98494907491533,-10.984949074915335,168,-1.2395743605110283,20.142957831405752,29.863949280842167,47.5,70.42349999999999,-0.32632571877075883,,drop,False,59,False
anomaly_lockbox,d_1936,2016-05-17,CA_3,FOODS_1,CA,382.0,344.14190173571035,37.85809826428965,168,-24.065913311520916,50.320382425424214,74.60499898393394,56.0,83.0256,0.8300249637312614,,spike,False,37,False
anomaly_lockbox,d_1936,2016-05-17,CA_3,FOODS_2,CA,637.0,571.4485538268416,65.55144617315841,168,17.66760848163824,64.39833025478615,95.47696443574593,92.0,136.39919999999998,0.5015224140661177,,spike,False,49,False
anomaly_lockbox,d_1936,2016-05-17,CA_3,FOODS_3,CA,2472.0,2561.300455942857,-89.30045594285684,168,-83.63718827007233,197.78391267905567,293.23442893796795,316.5,469.24289999999996,-0.019313106217764577,,drop,False,70,False
anomaly_lockbox,d_1936,2016-05-17,CA_3,HOBBIES_1,CA,471.0,478.96026859468395,-7.960268594683953,168,-22.757896521268464,49.849732808054966,73.90721386122229,67.0,99.3342,0.20021899288979347,,spike,False,63,False
anomaly_lockbox,d_1936,2016-05-17,CA_3,HOBBIES_2,CA,61.0,51.04193550961335,9.958064490386647,168,3.648252262186009,10.789659601607411,15.996749325343147,12.5,18.5325,0.3944434022107354,,spike,False,55,False
anomaly_lockbox,d_1936,2016-05-17,CA_3,HOUSEHOLD_1,CA,1098.0,1301.379732531707,-203.37973253170708,168,20.42353241000751,83.62607990773597,123.98402607120934,182.0,269.8332,-1.805097576144001,,drop,False,10,False
anomaly_lockbox,d_1936,2016-05-17,CA_3,HOUSEHOLD_2,CA,402.0,304.5075357269339,97.4924642730661,168,4.913212594189503,22.67482903117721,33.61770152162333,43.0,63.751799999999996,2.7538840399105946,,spike,False,2,True
anomaly_lockbox,d_1936,2016-05-17,CA_4,FOODS_1,CA,243.0,198.20537341382666,44.79462658617334,168,-12.005087574539175,24.10919695569271,35.74429540651001,28.5,42.2541,1.5890567575817351,,spike,False,16,False
anomaly_lockbox,d_1936,2016-05-17,CA_4,FOODS_2,CA,382.0,333.8689410921123,48.13105890788768,168,1.7637292652449332,27.477960584864036,40.73882436311942,42.5,63.01049999999999,1.1381607193510173,,spike,False,29,False
anomaly_lockbox,d_1936,2016-05-17,CA_4,FOODS_3,CA,1200.0,1083.5571985886077,116.44280141139234,168,-24.262206743142144,80.156564099229,118.84012193351691,105.5,156.4143,1.1839857269184688,,spike,False,27,False
anomaly_lockbox,d_1936,2016-05-17,CA_4,HOBBIES_1,CA,327.0,322.0006296688999,4.999370331100124,168,12.35415079699078,44.518135522568855,66.00258772576058,41.0,60.7866,-0.11143169865475003,,drop,False,66,False
anomaly_lockbox,d_1936,2016-05-17,CA_4,HOBBIES_2,CA,12.0,20.469181151807888,-8.469181151807888,168,-6.139248050531476,5.7296688895483605,8.494807095644399,5.0,7.412999999999999,-0.27427734085580996,,drop,False,61,False
anomaly_lockbox,d_1936,2016-05-17,CA_4,HOUSEHOLD_1,CA,426.0,360.18919220004693,65.81080779995307,168,-0.7421382851627243,24.6044575617087,36.47856878098931,41.0,60.7866,1.8244396178119697,,spike,False,9,False
anomaly_lockbox,d_1936,2016-05-17,CA_4,HOUSEHOLD_2,CA,125.0,136.2899943119491,-11.289994311949101,168,-3.4546464898643805,11.026960703131124,16.348571938462204,16.0,23.7216,-0.4792680272979083,,drop,False,51,False
anomaly_lockbox,d_1936,2016-05-17,TX_1,FOODS_1,TX,235.0,177.52914646637257,57.470853533627434,168,-9.015130283288116,31.94925731162617,47.36796889021696,29.5,43.7367,1.4036063900271454,,spike,False,20,False
anomaly_lockbox,d_1936,2016-05-17,TX_1,FOODS_2,TX,327.0,318.9453515530159,8.054648446984118,168,-6.909115162940736,30.99554875467055,45.954000583674556,52.5,77.8365,0.32562482960930333,,spike,False,60,False
anomaly_lockbox,d_1936,2016-05-17,TX_1,FOODS_3,TX,1464.0,1331.914435584473,132.08556441552696,168,-51.573091714937846,96.99760097751357,143.80864320926162,204.0,302.4504,1.277104435671616,,spike,False,24,False
anomaly_lockbox,d_1936,2016-05-17,TX_1,HOBBIES_1,TX,210.0,226.77428610483727,-16.774286104837273,168,3.35228629162593,30.248602333520225,44.84657781967708,37.0,54.856199999999994,-0.44878725144624926,,drop,False,53,False
anomaly_lockbox,d_1936,2016-05-17,TX_1,HOBBIES_2,TX,68.0,31.424311742398775,36.57568825760123,168,1.8294803153880679,10.735863390625315,15.916991062941092,9.5,14.0847,2.1829633380338698,,spike,False,4,True
anomaly_lockbox,d_1936,2016-05-17,TX_1,HOUSEHOLD_1,TX,755.0,619.4166735063687,135.58332649363126,168,20.33032524814172,49.35642478068894,73.17583537984942,98.5,146.0361,1.57501449279289,,spike,False,17,False
anomaly_lockbox,d_1936,2016-05-17,TX_1,HOUSEHOLD_2,TX,251.0,169.85839246541514,81.14160753458486,168,0.2987811063512424,16.385507467327315,24.293153371059475,21.0,31.1346,3.327802907816076,,spike,True,1,True
anomaly_lockbox,d_1936,2016-05-17,TX_2,FOODS_1,TX,264.0,209.25413941259262,54.74586058740738,168,-26.12703194291352,30.65065159994984,45.44265606208563,30.5,45.2193,1.779669137733257,,spike,False,11,False
anomaly_lockbox,d_1936,2016-05-17,TX_2,FOODS_2,TX,439.0,354.2802945576093,84.7197054423907,168,-7.811833265177,33.80774934945228,50.12336918549795,63.0,93.40379999999999,1.8460757968029728,,spike,False,7,False
anomaly_lockbox,d_1936,2016-05-17,TX_2,FOODS_3,TX,1911.0,1635.4007562262668,275.5992437737332,168,-41.65795526983845,124.96472773684309,185.27270534264355,241.5,358.04789999999997,1.712379589086454,,spike,False,12,False
anomaly_lockbox,d_1936,2016-05-17,TX_2,HOBBIES_1,TX,397.0,292.7714550380067,104.2285449619933,168,5.762759951001044,36.12534962471969,53.55944335360941,45.5,67.4583,1.838439289984827,,spike,False,8,False
anomaly_lockbox,d_1936,2016-05-17,TX_2,HOBBIES_2,TX,61.0,42.30359550133678,18.69640449866322,168,0.44935867804020546,12.068633475491076,17.892955990763067,11.0,16.3086,1.0197893422441067,,spike,False,30,False
anomaly_lockbox,d_1936,2016-05-17,TX_2,HOUSEHOLD_1,TX,766.0,655.4112462248966,110.58875377510344,168,2.586436775464506,52.7841509083666,78.25778213674431,108.0,160.1208,1.380084051077761,,spike,False,21,False
anomaly_lockbox,d_1936,2016-05-17,TX_2,HOUSEHOLD_2,TX,170.0,181.01201634863696,-11.012016348636962,168,3.9485061642942156,17.430686732382796,25.84273614943073,30.0,44.477999999999994,-0.578906290201811,,drop,False,45,False
anomaly_lockbox,d_1936,2016-05-17,TX_3,FOODS_1,TX,298.0,245.8186966095556,52.18130339044441,168,-6.582356202483766,33.46832859706534,49.62014397800907,30.0,44.477999999999994,1.184270235470727,,spike,False,26,False
anomaly_lockbox,d_1936,2016-05-17,TX_3,FOODS_2,TX,488.0,436.2823173546484,51.7176826453516,168,1.2222230771089073,39.93788391101927,59.211906686477164,67.0,99.3342,0.8527923249560694,,spike,False,36,False
anomaly_lockbox,d_1936,2016-05-17,TX_3,FOODS_3,TX,1738.0,1491.292895627767,246.70710437223306,168,14.023064556677582,115.01769419548702,170.52523341422906,199.0,295.0374,1.364513832685009,,spike,False,22,False
anomaly_lockbox,d_1936,2016-05-17,TX_3,HOBBIES_1,TX,368.0,316.6131707940213,51.3868292059787,168,15.203725840623378,29.80770011824157,44.19289619530495,42.0,62.2692,0.8187538378441785,,spike,False,38,False
anomaly_lockbox,d_1936,2016-05-17,TX_3,HOBBIES_2,TX,95.0,49.993193236352255,45.006806763647745,168,5.158204388232139,11.504291330894542,17.056262327184246,14.0,20.7564,2.336303324316545,,spike,False,3,True
anomaly_lockbox,d_1936,2016-05-17,TX_3,HOUSEHOLD_1,TX,862.0,661.7415309320174,200.25846906798256,168,14.740755402915227,65.66806597354093,97.35947461237178,100.5,149.0013,1.9054921403765772,,spike,False,6,False
anomaly_lockbox,d_1936,2016-05-17,TX_3,HOUSEHOLD_2,TX,203.0,156.88486348752753,46.115136512472475,168,7.101941028670069,13.696061250985842,20.30578041071161,19.5,28.9107,1.921285205232612,,spike,False,5,True
anomaly_lockbox,d_1936,2016-05-17,WI_1,FOODS_1,WI,341.0,267.82038837034526,73.17961162965474,168,-14.300155016168702,35.22765573409737,52.228522391372756,45.0,66.717,1.6749424000605766,,spike,False,14,False
anomaly_lockbox,d_1936,2016-05-17,WI_1,FOODS_2,WI,602.0,530.8944201488492,71.10557985115076,168,13.518371491533685,41.2053589013627,61.09106510716034,99.5,147.5187,0.9426453485235997,,spike,False,32,False
anomaly_lockbox,d_1936,2016-05-17,WI_1,FOODS_3,WI,1487.0,1392.4236109617034,94.57638903829661,168,2.349864332053585,107.8399877465398,159.8835658330199,214.0,317.27639999999997,0.5768355504565309,,spike,False,46,False
anomaly_lockbox,d_1936,2016-05-17,WI_1,HOBBIES_1,WI,260.0,327.28307568809686,-67.28307568809686,168,-6.488511374065951,41.39425992717577,61.37112976803079,65.5,97.1103,-0.9906052657629218,,drop,False,31,False
anomaly_lockbox,d_1936,2016-05-17,WI_1,HOBBIES_2,WI,29.0,28.789821618878484,0.21017838112151566,168,-4.134663515508507,8.693512559869298,12.88900172126222,9.0,13.343399999999999,0.33709685129939854,,spike,False,57,False
anomaly_lockbox,d_1936,2016-05-17,WI_1,HOUSEHOLD_1,WI,440.0,484.67496296433694,-44.67496296433694,168,-12.713724599904822,45.27486841898042,67.12451991798036,102.0,151.2252,-0.47614848349732175,,drop,False,52,False
anomaly_lockbox,d_1936,2016-05-17,WI_1,HOUSEHOLD_2,WI,164.0,157.50995600558994,6.490043994410058,168,-2.9713364689985866,14.734345182319544,21.845140167306955,23.0,34.099799999999995,0.4331114559552416,,spike,False,54,False
anomaly_lockbox,d_1936,2016-05-17,WI_2,FOODS_1,WI,386.0,335.3857214686004,50.61427853139958,168,-18.370180709413376,53.21885308094923,78.90227157781533,53.0,78.5778,0.8743025753419382,,spike,False,35,False
anomaly_lockbox,d_1936,2016-05-17,WI_2,FOODS_2,WI,1023.0,964.7180467147439,58.28195328525612,168,22.7488264989434,92.92896624100149,137.7764853489088,208.5,309.1221,0.25790414595297373,,spike,False,62,False
anomaly_lockbox,d_1936,2016-05-17,WI_2,FOODS_3,WI,2028.0,1977.2157193573692,50.78428064263085,168,-14.49269494220357,131.23108380650547,194.563204851525,327.0,484.81019999999995,0.3355052443479668,,spike,False,58,False
anomaly_lockbox,d_1936,2016-05-17,WI_2,HOBBIES_1,WI,238.0,228.70238050222378,9.297619497776225,168,3.7437959882949627,27.857817006763696,41.30199949422785,33.5,49.6671,0.13446863535644166,,spike,False,65,False
anomaly_lockbox,d_1936,2016-05-17,WI_2,HOBBIES_2,WI,35.0,32.15750810240264,2.8424918975973625,168,-5.035826698847519,7.1431782645639466,10.590476095042506,8.0,11.8608,0.7439059892815197,,spike,False,40,False
anomaly_lockbox,d_1936,2016-05-17,WI_2,HOUSEHOLD_1,WI,780.0,784.8147328097369,-4.814732809736938,168,21.26622900931295,89.68038723788936,132.96014211889477,120.0,177.91199999999998,-0.19615624203927173,,drop,False,64,False
anomaly_lockbox,d_1936,2016-05-17,WI_2,HOUSEHOLD_2,WI,138.0,135.48507996009891,2.514920039901085,168,1.3445780441335913,15.226545518600226,22.574876385876692,19.0,28.1694,0.05184267571448072,,spike,False,69,False
anomaly_lockbox,d_1936,2016-05-17,WI_3,FOODS_1,WI,279.0,212.63705242017818,66.36294757982182,168,-12.280809838717076,31.015004139908868,45.98284513782888,38.5,57.080099999999995,1.710284719938757,,spike,False,13,False
anomaly_lockbox,d_1936,2016-05-17,WI_3,FOODS_2,WI,477.0,491.72781269044674,-14.72781269044674,168,16.12530927846919,42.51952212980271,63.039443509645494,94.5,140.10569999999998,-0.4894256714717854,,drop,False,50,False
anomaly_lockbox,d_1936,2016-05-17,WI_3,FOODS_3,WI,1602.0,1611.3097888068476,-9.309788806847564,168,-0.057346979574504076,112.10466650885621,166.20637856603022,289.0,428.47139999999996,-0.05566839195402638,,drop,False,68,False
anomaly_lockbox,d_1936,2016-05-17,WI_3,HOBBIES_1,WI,174.0,217.43365371776557,-43.433653717765566,168,0.8866500185241506,31.867621374367985,47.246935449637974,40.5,60.0453,-0.9380566869470751,,drop,False,33,False
anomaly_lockbox,d_1936,2016-05-17,WI_3,HOBBIES_2,WI,45.0,29.91597052470062,15.084029475299381,168,-1.180317913410649,8.055002205937786,11.94234627052336,8.0,11.8608,1.361905526793711,,spike,False,23,False
anomaly_lockbox,d_1936,2016-05-17,WI_3,HOUSEHOLD_1,WI,597.0,539.2345862520588,57.76541374794124,168,10.14740273920853,48.563542848588895,72.00030862731789,103.5,153.4491,0.6613584291035357,,spike,False,43,False
anomaly_lockbox,d_1936,2016-05-17,WI_3,HOUSEHOLD_2,WI,132.0,145.2382530483896,-13.238253048389595,168,4.417184438691265,16.103898250120537,23.875639545628708,21.0,31.1346,-0.7394749553552094,,drop,False,41,False
anomaly_lockbox,d_1937,2016-05-18,CA_1,FOODS_1,CA,397.0,263.67170954846324,133.32829045153676,168,-25.684189124220666,35.43211828588335,52.53165857065065,58.5,86.73209999999999,3.026983801813511,,spike,True,1,True
anomaly_lockbox,d_1937,2016-05-18,CA_1,FOODS_2,CA,427.0,440.95935876175844,-13.959358761758438,168,-1.3018993399340673,43.31974067676376,64.22584752736994,82.0,121.5732,-0.197077343610458,,drop,False,65,False
anomaly_lockbox,d_1937,2016-05-18,CA_1,FOODS_3,CA,1992.0,1758.2648634027032,233.7351365972968,168,7.923849203863142,142.77086773808514,211.67208850848502,302.0,447.74519999999995,1.0667976537888313,,spike,False,21,False
anomaly_lockbox,d_1937,2016-05-18,CA_1,HOBBIES_1,CA,353.0,409.41221488961367,-56.412214889613665,168,17.289827805758932,46.976886497940626,69.64793192184676,61.5,91.17989999999999,-1.0582086310628007,,drop,False,22,False
anomaly_lockbox,d_1937,2016-05-18,CA_1,HOBBIES_2,CA,28.0,39.857836645617645,-11.857836645617645,168,-2.920935617483586,8.814043308989756,13.067700609908211,10.0,14.825999999999999,-0.6838923920064337,,drop,False,38,False
anomaly_lockbox,d_1937,2016-05-18,CA_1,HOUSEHOLD_1,CA,602.0,631.9602333650361,-29.96023336503606,168,7.055601395861743,48.47646137804338,71.87120163908712,106.5,157.8969,-0.5150301360867572,,drop,False,46,False
anomaly_lockbox,d_1937,2016-05-18,CA_1,HOUSEHOLD_2,CA,196.0,198.05153773517281,-2.051537735172815,168,-5.473172481554656,17.069525722806446,25.307278836632836,36.0,53.373599999999996,0.13520358188131038,,spike,False,68,False
anomaly_lockbox,d_1937,2016-05-18,CA_2,FOODS_1,CA,388.0,365.9202910747706,22.079708925229397,168,-7.615755540324386,39.40764758403104,58.42577830808442,77.5,114.9015,0.5082596300038471,,spike,False,48,False
anomaly_lockbox,d_1937,2016-05-18,CA_2,FOODS_2,CA,400.0,396.58598713947066,3.41401286052934,168,-12.024618362151116,29.612275350817725,43.903159435122355,172.5,255.74849999999998,0.35165194080154544,,spike,False,57,False
anomaly_lockbox,d_1937,2016-05-18,CA_2,FOODS_3,CA,1773.0,1537.0387541474865,235.96124585251346,168,19.21992394083884,101.77879685519576,150.89724421751322,400.0,593.04,1.4363504319485743,,spike,False,14,False
anomaly_lockbox,d_1937,2016-05-18,CA_2,HOBBIES_1,CA,301.0,319.2836938012685,-18.283693801268498,168,-4.7627889331289595,36.89570009761081,54.70156496471779,64.5,95.62769999999999,-0.2471758326632967,,drop,False,64,False
anomaly_lockbox,d_1937,2016-05-18,CA_2,HOBBIES_2,CA,33.0,37.07317925408275,-4.073179254082753,168,-2.8427111299485546,9.034327122200846,13.394293391374974,10.0,14.825999999999999,-0.09186510166535078,,drop,False,70,False
anomaly_lockbox,d_1937,2016-05-18,CA_2,HOUSEHOLD_1,CA,668.0,613.4829040661874,54.517095933812584,168,-3.6843276356884758,45.03992774790109,66.77619687903815,131.0,194.2206,0.8715893730056253,,spike,False,29,False
anomaly_lockbox,d_1937,2016-05-18,CA_2,HOUSEHOLD_2,CA,226.0,272.521395672373,-46.52139567237299,168,-1.2395743605110283,20.142957831405752,29.863949280842167,47.5,70.42349999999999,-1.5162703661873151,,drop,False,10,False
anomaly_lockbox,d_1937,2016-05-18,CA_3,FOODS_1,CA,345.0,341.8451875323298,3.154812467670183,168,-24.065913311520916,50.320382425424214,74.60499898393394,56.0,83.0256,0.3648646357471707,,spike,False,56,False
anomaly_lockbox,d_1937,2016-05-18,CA_3,FOODS_2,CA,604.0,553.1207153851337,50.879284614866265,168,17.66760848163824,64.39833025478615,95.47696443574593,92.0,136.39919999999998,0.34785014720046753,,spike,False,58,False
anomaly_lockbox,d_1937,2016-05-18,CA_3,FOODS_3,CA,2476.0,2434.9020020567773,41.09799794322271,168,-83.63718827007233,197.78391267905567,293.23442893796795,316.5,469.24289999999996,0.42537701546526807,,spike,False,53,False
anomaly_lockbox,d_1937,2016-05-18,CA_3,HOBBIES_1,CA,503.0,472.66399437909763,30.33600562090237,168,-22.757896521268464,49.849732808054966,73.90721386122229,67.0,99.3342,0.7183859243005262,,spike,False,35,False
anomaly_lockbox,d_1937,2016-05-18,CA_3,HOBBIES_2,CA,62.0,50.692811167272126,11.307188832727874,168,3.648252262186009,10.789659601607411,15.996749325343147,12.5,18.5325,0.478780808198829,,spike,False,51,False
anomaly_lockbox,d_1937,2016-05-18,CA_3,HOUSEHOLD_1,CA,1021.0,1283.0673281081101,-262.06732810811013,168,20.42353241000751,83.62607990773597,123.98402607120934,182.0,269.8332,-2.2784456148880907,,drop,False,3,True
anomaly_lockbox,d_1937,2016-05-18,CA_3,HOUSEHOLD_2,CA,364.0,301.7713548543273,62.228645145672715,168,4.913212594189503,22.67482903117721,33.61770152162333,43.0,63.751799999999996,1.7049182412015051,,spike,False,6,False
anomaly_lockbox,d_1937,2016-05-18,CA_4,FOODS_1,CA,244.0,197.66821650475856,46.33178349524144,168,-12.005087574539175,24.10919695569271,35.74429540651001,28.5,42.2541,1.632061015788155,,spike,False,7,False
anomaly_lockbox,d_1937,2016-05-18,CA_4,FOODS_2,CA,305.0,326.23127573823416,-21.23127573823416,168,1.7637292652449332,27.477960584864036,40.73882436311942,42.5,63.01049999999999,-0.5644494008594002,,drop,False,42,False
anomaly_lockbox,d_1937,2016-05-18,CA_4,FOODS_3,CA,1114.0,1077.6819338145835,36.318066185416455,168,-24.262206743142144,80.156564099229,118.84012193351691,105.5,156.4143,0.5097627967972737,,spike,False,47,False
anomaly_lockbox,d_1937,2016-05-18,CA_4,HOBBIES_1,CA,303.0,317.8169278239378,-14.816927823937817,168,12.35415079699078,44.518135522568855,66.00258772576058,41.0,60.7866,-0.41166686878738573,,drop,False,54,False
anomaly_lockbox,d_1937,2016-05-18,CA_4,HOBBIES_2,CA,23.0,20.471181284152504,2.528818715847496,168,-6.139248050531476,5.7296688895483605,8.494807095644399,5.0,7.412999999999999,1.0203959511715588,,spike,False,23,False
anomaly_lockbox,d_1937,2016-05-18,CA_4,HOUSEHOLD_1,CA,372.0,355.15288817919986,16.847111820800137,168,-0.7421382851627243,24.6044575617087,36.47856878098931,41.0,60.7866,0.48218037860984947,,spike,False,50,False
anomaly_lockbox,d_1937,2016-05-18,CA_4,HOUSEHOLD_2,CA,158.0,135.9408699696079,22.05913003039211,168,-3.4546464898643805,11.026960703131124,16.348571938462204,16.0,23.7216,1.5606119370115696,,spike,False,8,False
anomaly_lockbox,d_1937,2016-05-18,TX_1,FOODS_1,TX,241.0,177.52914646637257,63.470853533627434,168,-9.015130283288116,31.94925731162617,47.36796889021696,29.5,43.7367,1.5302742658211441,,spike,False,9,False
anomaly_lockbox,d_1937,2016-05-18,TX_1,FOODS_2,TX,273.0,312.0188992839728,-39.018899283972814,168,-6.909115162940736,30.99554875467055,45.954000583674556,52.5,77.8365,-0.6987375138877305,,drop,False,36,False
anomaly_lockbox,d_1937,2016-05-18,TX_1,FOODS_3,TX,1410.0,1328.5436295595132,81.45637044048681,168,-51.573091714937846,96.99760097751357,143.80864320926162,204.0,302.4504,0.9250449707800125,,spike,False,26,False
anomaly_lockbox,d_1937,2016-05-18,TX_1,HOBBIES_1,TX,200.0,225.44560928524785,-25.445609285247855,168,3.35228629162593,30.248602333520225,44.84657781967708,37.0,54.856199999999994,-0.6421425441349573,,drop,False,41,False
anomaly_lockbox,d_1937,2016-05-18,TX_1,HOBBIES_2,TX,57.0,31.424311742398775,25.575688257601225,168,1.8294803153880679,10.735863390625315,15.916991062941092,9.5,14.0847,1.4918779465486116,,spike,False,11,False
anomaly_lockbox,d_1937,2016-05-18,TX_1,HOUSEHOLD_1,TX,746.0,619.4166735063687,126.58332649363126,168,20.33032524814172,49.35642478068894,73.17583537984942,98.5,146.0361,1.4520230714680527,,spike,False,13,False
anomaly_lockbox,d_1937,2016-05-18,TX_1,HOUSEHOLD_2,TX,220.0,169.85839246541514,50.141607534584864,168,0.2987811063512424,16.385507467327315,24.293153371059475,21.0,31.1346,2.051723202291703,,spike,False,5,True
anomaly_lockbox,d_1937,2016-05-18,TX_2,FOODS_1,TX,214.0,209.25413941259262,4.745860587407378,168,-26.12703194291352,30.65065159994984,45.44265606208563,30.5,45.2193,0.6793813391572243,,spike,False,39,False
anomaly_lockbox,d_1937,2016-05-18,TX_2,FOODS_2,TX,303.0,349.47990926103984,-46.479909261039836,168,-7.811833265177,33.80774934945228,50.12336918549795,63.0,93.40379999999999,-0.7714580369240334,,drop,False,30,False
anomaly_lockbox,d_1937,2016-05-18,TX_2,FOODS_3,TX,1753.0,1608.7125908717219,144.2874091282781,168,-41.65795526983845,124.96472773684309,185.27270534264355,241.5,358.04789999999997,1.0036306430255282,,spike,False,25,False
anomaly_lockbox,d_1937,2016-05-18,TX_2,HOBBIES_1,TX,321.0,291.6784389461728,29.321561053827224,168,5.762759951001044,36.12534962471969,53.55944335360941,45.5,67.4583,0.43986269512337145,,spike,False,52,False
anomaly_lockbox,d_1937,2016-05-18,TX_2,HOBBIES_2,TX,64.0,42.30359550133678,21.69640449866322,168,0.44935867804020546,12.068633475491076,17.892955990763067,11.0,16.3086,1.1874530866555217,,spike,False,18,False
anomaly_lockbox,d_1937,2016-05-18,TX_2,HOUSEHOLD_1,TX,687.0,655.4112462248966,31.58875377510344,168,2.586436775464506,52.7841509083666,78.25778213674431,108.0,160.1208,0.3705997819994633,,spike,False,55,False
anomaly_lockbox,d_1937,2016-05-18,TX_2,HOUSEHOLD_2,TX,176.0,181.01201634863696,-5.012016348636962,168,3.9485061642942156,17.430686732382796,25.84273614943073,30.0,44.477999999999994,-0.34673273221220274,,drop,False,59,False
anomaly_lockbox,d_1937,2016-05-18,TX_3,FOODS_1,TX,294.0,245.49783163859877,48.50216836140123,168,-6.582356202483766,33.46832859706534,49.62014397800907,30.0,44.477999999999994,1.1101242388232018,,spike,False,20,False
anomaly_lockbox,d_1937,2016-05-18,TX_3,FOODS_2,TX,443.0,423.7353040078583,19.264695992141696,168,1.2222230771089073,39.93788391101927,59.211906686477164,67.0,99.3342,0.3047102166556872,,spike,False,61,False
anomaly_lockbox,d_1937,2016-05-18,TX_3,FOODS_3,TX,1665.0,1460.8808096478351,204.11919035216488,168,14.023064556677582,115.01769419548702,170.52523341422906,199.0,295.0374,1.114768307243526,,spike,False,19,False
anomaly_lockbox,d_1937,2016-05-18,TX_3,HOBBIES_1,TX,321.0,311.4089040650603,9.591095934939688,168,15.203725840623378,29.80770011824157,44.19289619530495,42.0,62.2692,-0.1270029889165756,,drop,False,69,False
anomaly_lockbox,d_1937,2016-05-18,TX_3,HOBBIES_2,TX,93.0,49.64406889401103,43.35593110598897,168,5.158204388232139,11.504291330894542,17.056262327184246,14.0,20.7564,2.239513322732927,,spike,False,4,True
anomaly_lockbox,d_1937,2016-05-18,TX_3,HOUSEHOLD_1,TX,737.0,658.0329426800323,78.9670573199677,168,14.740755402915227,65.66806597354093,97.35947461237178,100.5,149.0013,0.6596820922952169,,spike,False,40,False
anomaly_lockbox,d_1937,2016-05-18,TX_3,HOUSEHOLD_2,TX,157.0,156.5357391451863,0.46426085481368773,168,7.101941028670069,13.696061250985842,20.30578041071161,19.5,28.9107,-0.32688623828291297,,drop,False,60,False
anomaly_lockbox,d_1937,2016-05-18,WI_1,FOODS_1,WI,292.0,266.7273722785114,25.272627721488618,168,-14.300155016168702,35.22765573409737,52.228522391372756,45.0,66.717,0.7576852824041228,,spike,False,31,False
anomaly_lockbox,d_1937,2016-05-18,WI_1,FOODS_2,WI,510.0,526.568141196722,-16.568141196721967,168,13.518371491533685,41.2053589013627,61.09106510716034,99.5,147.5187,-0.4924863011551796,,drop,False,49,False
anomaly_lockbox,d_1937,2016-05-18,WI_1,FOODS_3,WI,1481.0,1390.2417249460664,90.75827505393363,168,2.349864332053585,107.8399877465398,159.8835658330199,214.0,317.27639999999997,0.55295495982503,,spike,False,43,False
anomaly_lockbox,d_1937,2016-05-18,WI_1,HOBBIES_1,WI,364.0,326.19005959626304,37.80994040373696,168,-6.488511374065951,41.39425992717577,61.37112976803079,65.5,97.1103,0.7218125516874334,,spike,False,34,False
anomaly_lockbox,d_1937,2016-05-18,WI_1,HOBBIES_2,WI,9.0,28.789821618878484,-19.789821618878484,168,-4.134663515508507,8.693512559869298,12.88900172126222,9.0,13.343399999999999,-1.2146137025914578,,drop,False,17,False
anomaly_lockbox,d_1937,2016-05-18,WI_1,HOUSEHOLD_1,WI,448.0,481.139133025691,-33.139133025691024,168,-12.713724599904822,45.27486841898042,67.12451991798036,102.0,151.2252,-0.3042913148689043,,drop,False,62,False
anomaly_lockbox,d_1937,2016-05-18,WI_1,HOUSEHOLD_2,WI,138.0,157.50995600558994,-19.50995600558994,168,-2.9713364689985866,14.734345182319544,21.845140167306955,23.0,34.099799999999995,-0.7570846151558577,,drop,False,32,False
anomaly_lockbox,d_1937,2016-05-18,WI_2,FOODS_1,WI,394.0,332.36266926097306,61.637330739026936,168,-18.370180709413376,53.21885308094923,78.90227157781533,53.0,78.5778,1.0140077066036681,,spike,False,24,False
anomaly_lockbox,d_1937,2016-05-18,WI_2,FOODS_2,WI,924.0,926.9184962320503,-2.918496232050302,168,22.7488264989434,92.92896624100149,137.7764853489088,208.5,309.1221,-0.1862968319012718,,drop,False,66,False
anomaly_lockbox,d_1937,2016-05-18,WI_2,FOODS_3,WI,1811.0,1883.3902817817527,-72.39028178175272,168,-14.49269494220357,131.23108380650547,194.563204851525,327.0,484.81019999999995,-0.2975772674166831,,drop,False,63,False
anomaly_lockbox,d_1937,2016-05-18,WI_2,HOBBIES_1,WI,338.0,228.67574241101894,109.32425758898106,168,3.7437959882949627,27.857817006763696,41.30199949422785,33.5,49.6671,2.5563038810128664,,spike,False,2,True
anomaly_lockbox,d_1937,2016-05-18,WI_2,HOBBIES_2,WI,35.0,32.15750810240264,2.8424918975973625,168,-5.035826698847519,7.1431782645639466,10.590476095042506,8.0,11.8608,0.7439059892815197,,spike,False,33,False
anomaly_lockbox,d_1937,2016-05-18,WI_2,HOUSEHOLD_1,WI,874.0,783.1093538482977,90.8906461517023,168,21.26622900931295,89.68038723788936,132.96014211889477,120.0,177.91199999999998,0.523648787018671,,spike,False,44,False
anomaly_lockbox,d_1937,2016-05-18,WI_2,HOUSEHOLD_2,WI,157.0,135.48507996009891,21.514920039901085,168,1.3445780441335913,15.226545518600226,22.574876385876692,19.0,28.1694,0.8934862654834502,,spike,False,27,False
anomaly_lockbox,d_1937,2016-05-18,WI_3,FOODS_1,WI,264.0,211.74784226981478,52.25215773018522,168,-12.280809838717076,31.015004139908868,45.98284513782888,38.5,57.080099999999995,1.4034139770053662,,spike,False,15,False
anomaly_lockbox,d_1937,2016-05-18,WI_3,FOODS_2,WI,459.0,475.4814861290359,-16.481486129035886,168,16.12530927846919,42.51952212980271,63.039443509645494,94.5,140.10569999999998,-0.5172443408786754,,drop,False,45,False
anomaly_lockbox,d_1937,2016-05-18,WI_3,FOODS_3,WI,1594.0,1563.893067640924,30.106932359075927,168,-0.057346979574504076,112.10466650885621,166.20637856603022,289.0,428.47139999999996,0.1814868935771127,,spike,False,67,False
anomaly_lockbox,d_1937,2016-05-18,WI_3,HOBBIES_1,WI,287.0,217.43365371776557,69.56634628223443,168,0.8866500185241506,31.867621374367985,47.246935449637974,40.5,60.0453,1.4536328252848945,,spike,False,12,False
anomaly_lockbox,d_1937,2016-05-18,WI_3,HOBBIES_2,WI,45.0,29.91597052470062,15.084029475299381,168,-1.180317913410649,8.055002205937786,11.94234627052336,8.0,11.8608,1.361905526793711,,spike,False,16,False
anomaly_lockbox,d_1937,2016-05-18,WI_3,HOUSEHOLD_1,WI,486.0,539.2345862520588,-53.23458625205876,168,10.14740273920853,48.563542848588895,72.00030862731789,103.5,153.4491,-0.8803016292518961,,drop,False,28,False
anomaly_lockbox,d_1937,2016-05-18,WI_3,HOUSEHOLD_2,WI,133.0,145.2382530483896,-12.238253048389595,168,4.417184438691265,16.103898250120537,23.875639545628708,21.0,31.1346,-0.6975912605503477,,drop,False,37,False
anomaly_lockbox,d_1938,2016-05-19,CA_1,FOODS_1,CA,330.0,265.83798992938733,64.16201007061267,168,-25.684189124220666,35.43211828588335,52.53165857065065,58.5,86.73209999999999,1.7103248143973557,,spike,False,11,False
anomaly_lockbox,d_1938,2016-05-19,CA_1,FOODS_2,CA,411.0,433.6147007744823,-22.614700774482287,168,-1.3018993399340673,43.31974067676376,64.22584752736994,82.0,121.5732,-0.33184149770021704,,drop,False,57,False
anomaly_lockbox,d_1938,2016-05-19,CA_1,FOODS_3,CA,2113.0,1756.8591387719418,356.14086122805816,168,7.923849203863142,142.77086773808514,211.67208850848502,302.0,447.74519999999995,1.6450776031826062,,spike,False,12,False
anomaly_lockbox,d_1938,2016-05-19,CA_1,HOBBIES_1,CA,354.0,412.6998099387475,-58.69980993874748,168,17.289827805758932,46.976886497940626,69.64793192184676,61.5,91.17989999999999,-1.0910537563380316,,drop,False,20,False
anomaly_lockbox,d_1938,2016-05-19,CA_1,HOBBIES_2,CA,52.0,40.13190196586354,11.868098034136459,168,-2.920935617483586,8.814043308989756,13.067700609908211,10.0,14.825999999999999,1.1317242484425059,,spike,False,19,False
anomaly_lockbox,d_1938,2016-05-19,CA_1,HOUSEHOLD_1,CA,658.0,634.1888605192778,23.811139480722204,168,7.055601395861743,48.47646137804338,71.87120163908712,106.5,157.8969,0.23313285019222457,,spike,False,62,False
anomaly_lockbox,d_1938,2016-05-19,CA_1,HOUSEHOLD_2,CA,218.0,199.4381753122986,18.561824687701403,168,-5.473172481554656,17.069525722806446,25.307278836632836,36.0,53.373599999999996,0.9497266507557058,,spike,False,28,False
anomaly_lockbox,d_1938,2016-05-19,CA_2,FOODS_1,CA,404.0,368.7902915952377,35.209708404762296,168,-7.615755540324386,39.40764758403104,58.42577830808442,77.5,114.9015,0.7329891904779451,,spike,False,38,False
anomaly_lockbox,d_1938,2016-05-19,CA_2,FOODS_2,CA,501.0,387.7669621901238,113.23303780987618,168,-12.024618362151116,29.612275350817725,43.903159435122355,172.5,255.74849999999998,2.8530442406343464,,spike,False,2,True
anomaly_lockbox,d_1938,2016-05-19,CA_2,FOODS_3,CA,1820.0,1509.6035312696217,310.3964687303783,168,19.21992394083884,101.77879685519576,150.89724421751322,400.0,593.04,1.9296346086335308,,spike,False,8,False
anomaly_lockbox,d_1938,2016-05-19,CA_2,HOBBIES_1,CA,315.0,319.21722163167163,-4.217221631671634,168,-4.7627889331289595,36.89570009761081,54.70156496471779,64.5,95.62769999999999,0.009973522728448682,,spike,False,70,False
anomaly_lockbox,d_1938,2016-05-19,CA_2,HOBBIES_2,CA,42.0,37.38142051655587,4.61857948344413,168,-2.8427111299485546,9.034327122200846,13.394293391374974,10.0,14.825999999999999,0.5570499611571339,,spike,False,46,False
anomaly_lockbox,d_1938,2016-05-19,CA_2,HOUSEHOLD_1,CA,675.0,617.3418478118734,57.658152188126564,168,-3.6843276356884758,45.03992774790109,66.77619687903815,131.0,194.2206,0.918627934665611,,spike,False,30,False
anomaly_lockbox,d_1938,2016-05-19,CA_2,HOUSEHOLD_2,CA,280.0,274.2563929059617,5.743607094038282,168,-1.2395743605110283,20.142957831405752,29.863949280842167,47.5,70.42349999999999,0.2338331541109684,,spike,False,61,False
anomaly_lockbox,d_1938,2016-05-19,CA_3,FOODS_1,CA,408.0,339.45098576026527,68.54901423973473,168,-24.065913311520916,50.320382425424214,74.60499898393394,56.0,83.0256,1.2414037773956692,,spike,False,17,False
anomaly_lockbox,d_1938,2016-05-19,CA_3,FOODS_2,CA,554.0,544.5166805134909,9.483319486509117,168,17.66760848163824,64.39833025478615,95.47696443574593,92.0,136.39919999999998,-0.0857200377441512,,drop,False,67,False
anomaly_lockbox,d_1938,2016-05-19,CA_3,FOODS_3,CA,2494.0,2442.5196254021826,51.480374597817445,168,-83.63718827007233,197.78391267905567,293.23442893796795,316.5,469.24289999999996,0.46078341945472273,,spike,False,53,False
anomaly_lockbox,d_1938,2016-05-19,CA_3,HOBBIES_1,CA,525.0,474.65657507454046,50.343424925459544,168,-22.757896521268464,49.849732808054966,73.90721386122229,67.0,99.3342,0.9890958896650126,,spike,False,25,False
anomaly_lockbox,d_1938,2016-05-19,CA_3,HOBBIES_2,CA,71.0,50.91673227738918,20.08326772261082,168,3.648252262186009,10.789659601607411,15.996749325343147,12.5,18.5325,1.0273971996540154,,spike,False,22,False
anomaly_lockbox,d_1938,2016-05-19,CA_3,HOUSEHOLD_1,CA,1183.0,1267.6578401588947,-84.65784015889471,168,20.42353241000751,83.62607990773597,123.98402607120934,182.0,269.8332,-0.8475396056952489,,drop,False,32,False
anomaly_lockbox,d_1938,2016-05-19,CA_3,HOUSEHOLD_2,CA,345.0,299.04777021227244,45.95222978772756,168,4.913212594189503,22.67482903117721,33.61770152162333,43.0,63.751799999999996,1.2207561890315803,,spike,False,18,False
anomaly_lockbox,d_1938,2016-05-19,CA_4,FOODS_1,CA,222.0,198.88655318861046,23.113446811389537,168,-12.005087574539175,24.10919695569271,35.74429540651001,28.5,42.2541,0.9824934017172616,,spike,False,26,False
anomaly_lockbox,d_1938,2016-05-19,CA_4,FOODS_2,CA,329.0,316.8800479611695,12.11995203883049,168,1.7637292652449332,27.477960584864036,40.73882436311942,42.5,63.01049999999999,0.2542101529802852,,spike,False,60,False
anomaly_lockbox,d_1938,2016-05-19,CA_4,FOODS_3,CA,1064.0,1075.7394264975726,-11.739426497572595,168,-24.262206743142144,80.156564099229,118.84012193351691,105.5,156.4143,0.1053750201684849,,spike,False,66,False
anomaly_lockbox,d_1938,2016-05-19,CA_4,HOBBIES_1,CA,351.0,316.8579487841251,34.142051215874915,168,12.35415079699078,44.518135522568855,66.00258772576058,41.0,60.7866,0.3301067605017613,,spike,False,58,False
anomaly_lockbox,d_1938,2016-05-19,CA_4,HOBBIES_2,CA,25.0,20.239253392508967,4.760746607491033,168,-6.139248050531476,5.7296688895483605,8.494807095644399,5.0,7.412999999999999,1.2831362190215407,,spike,False,16,False
anomaly_lockbox,d_1938,2016-05-19,CA_4,HOUSEHOLD_1,CA,412.0,354.8602589792893,57.13974102071069,168,-0.7421382851627243,24.6044575617087,36.47856878098931,41.0,60.7866,1.5867365754776641,,spike,False,13,False
anomaly_lockbox,d_1938,2016-05-19,CA_4,HOUSEHOLD_2,CA,141.0,136.22762131927487,4.772378680725126,168,-3.4546464898643805,11.026960703131124,16.348571938462204,16.0,23.7216,0.5032259209891189,,spike,False,50,False
anomaly_lockbox,d_1938,2016-05-19,TX_1,FOODS_1,TX,220.0,179.06859706183008,40.931402938169924,168,-9.015130283288116,31.94925731162617,47.36796889021696,29.5,43.7367,1.0544368777394135,,spike,False,21,False
anomaly_lockbox,d_1938,2016-05-19,TX_1,FOODS_2,TX,250.0,300.87692405768524,-50.876924057685244,168,-6.909115162940736,30.99554875467055,45.954000583674556,52.5,77.8365,-0.9567786990533387,,drop,False,27,False
anomaly_lockbox,d_1938,2016-05-19,TX_1,FOODS_3,TX,1294.0,1313.2441165194543,-19.244116519454337,168,-51.573091714937846,96.99760097751357,143.80864320926162,204.0,302.4504,0.22480550872342453,,spike,False,64,False
anomaly_lockbox,d_1938,2016-05-19,TX_1,HOBBIES_1,TX,187.0,226.05347454652045,-39.05347454652045,168,3.35228629162593,30.248602333520225,44.84657781967708,37.0,54.856199999999994,-0.9455740638372688,,drop,False,29,False
anomaly_lockbox,d_1938,2016-05-19,TX_1,HOBBIES_2,TX,42.0,30.919604746791517,11.080395253208483,168,1.8294803153880679,10.735863390625315,15.916991062941092,9.5,14.0847,0.5811974701273132,,spike,False,43,False
anomaly_lockbox,d_1938,2016-05-19,TX_1,HOUSEHOLD_1,TX,602.0,618.6936674047215,-16.69366740472151,168,20.33032524814172,49.35642478068894,73.17583537984942,98.5,146.0361,-0.5059592754995538,,drop,False,49,False
anomaly_lockbox,d_1938,2016-05-19,TX_1,HOUSEHOLD_2,TX,153.0,170.46625772668773,-17.46625772668773,168,0.2987811063512424,16.385507467327315,24.293153371059475,21.0,31.1346,-0.7312775975062393,,drop,False,39,False
anomaly_lockbox,d_1938,2016-05-19,TX_2,FOODS_1,TX,264.0,211.17139502717777,52.828604972822234,168,-26.12703194291352,30.65065159994984,45.44265606208563,30.5,45.2193,1.7374784785436683,,spike,False,9,False
anomaly_lockbox,d_1938,2016-05-19,TX_2,FOODS_2,TX,396.0,336.5517071042651,59.44829289573488,168,-7.811833265177,33.80774934945228,50.12336918549795,63.0,93.40379999999999,1.341891561838027,,spike,False,15,False
anomaly_lockbox,d_1938,2016-05-19,TX_2,FOODS_3,TX,1454.0,1611.1596953160301,-157.15969531603014,168,-41.65795526983845,124.96472773684309,185.27270534264355,241.5,358.04789999999997,-0.6234147649141445,,drop,False,42,False
anomaly_lockbox,d_1938,2016-05-19,TX_2,HOBBIES_1,TX,283.0,292.11426316866846,-9.114263168668458,168,5.762759951001044,36.12534962471969,53.55944335360941,45.5,67.4583,-0.27776657463462845,,drop,False,59,False
anomaly_lockbox,d_1938,2016-05-19,TX_2,HOBBIES_2,TX,40.0,42.176693524857136,-2.1766935248571357,168,0.44935867804020546,12.068633475491076,17.892955990763067,11.0,16.3086,-0.14676458178587126,,drop,False,65,False
anomaly_lockbox,d_1938,2016-05-19,TX_2,HOUSEHOLD_1,TX,522.0,655.0660451423769,-133.06604514237688,168,2.586436775464506,52.7841509083666,78.25778213674431,108.0,160.1208,-1.7334056526264445,,drop,False,10,False
anomaly_lockbox,d_1938,2016-05-19,TX_2,HOUSEHOLD_2,TX,167.0,181.9976866290372,-14.99768662903719,168,3.9485061642942156,17.430686732382796,25.84273614943073,30.0,44.477999999999994,-0.733134165197471,,drop,False,37,False
anomaly_lockbox,d_1938,2016-05-19,TX_3,FOODS_1,TX,355.0,246.01412316063178,108.98587683936822,168,-6.582356202483766,33.46832859706534,49.62014397800907,30.0,44.477999999999994,2.3290588010601128,,spike,False,4,True
anomaly_lockbox,d_1938,2016-05-19,TX_3,FOODS_2,TX,378.0,410.5768704578505,-32.576870457850475,168,1.2222230771089073,39.93788391101927,59.211906686477164,67.0,99.3342,-0.5708158278692692,,drop,False,45,False
anomaly_lockbox,d_1938,2016-05-19,TX_3,FOODS_3,TX,1472.0,1447.666232085127,24.33376791487308,168,14.023064556677582,115.01769419548702,170.52523341422906,199.0,295.0374,0.060464384957910546,,spike,False,68,False
anomaly_lockbox,d_1938,2016-05-19,TX_3,HOBBIES_1,TX,235.0,309.29871610311244,-74.29871610311244,168,15.203725840623378,29.80770011824157,44.19289619530495,42.0,62.2692,-2.025267625552103,,drop,False,7,False
anomaly_lockbox,d_1938,2016-05-19,TX_3,HOBBIES_2,TX,43.0,49.86799000412808,-6.867990004128082,168,5.158204388232139,11.504291330894542,17.056262327184246,14.0,20.7564,-0.7050896709763246,,drop,False,40,False
anomaly_lockbox,d_1938,2016-05-19,TX_3,HOUSEHOLD_1,TX,631.0,657.1501716616376,-26.150171661637614,168,14.740755402915227,65.66806597354093,97.35947461237178,100.5,149.0013,-0.4199994630964935,,drop,False,54,False
anomaly_lockbox,d_1938,2016-05-19,TX_3,HOUSEHOLD_2,TX,174.0,157.22345779157885,16.776542208421148,168,7.101941028670069,13.696061250985842,20.30578041071161,19.5,28.9107,0.4764456713344334,,spike,False,52,False
anomaly_lockbox,d_1938,2016-05-19,WI_1,FOODS_1,WI,374.0,270.3725673371134,103.62743266288658,168,-14.300155016168702,35.22765573409737,52.228522391372756,45.0,66.717,2.2579154507831696,,spike,False,5,True
anomaly_lockbox,d_1938,2016-05-19,WI_1,FOODS_2,WI,501.0,521.4597927777393,-20.459792777739267,168,13.518371491533685,41.2053589013627,61.09106510716034,99.5,147.5187,-0.5561887685158472,,drop,False,47,False
anomaly_lockbox,d_1938,2016-05-19,WI_1,FOODS_3,WI,1535.0,1388.9428287708338,146.05717122916622,168,2.349864332053585,107.8399877465398,159.8835658330199,214.0,317.27639999999997,0.8988247550545532,,spike,False,31,False
anomaly_lockbox,d_1938,2016-05-19,WI_1,HOBBIES_1,WI,308.0,328.5761615508204,-20.576161550820416,168,-6.488511374065951,41.39425992717577,61.37112976803079,65.5,97.1103,-0.22954849014516512,,drop,False,63,False
anomaly_lockbox,d_1938,2016-05-19,WI_1,HOBBIES_2,WI,52.0,28.69709558462607,23.30290441537393,168,-4.134663515508507,8.693512559869298,12.88900172126222,9.0,13.343399999999999,2.1287581865723793,,spike,False,6,False
anomaly_lockbox,d_1938,2016-05-19,WI_1,HOUSEHOLD_1,WI,533.0,489.0230225740057,43.97697742599428,168,-12.713724599904822,45.27486841898042,67.12451991798036,102.0,151.2252,0.8445602604706838,,spike,False,33,False
anomaly_lockbox,d_1938,2016-05-19,WI_1,HOUSEHOLD_2,WI,175.0,159.87720900196817,15.122790998031832,168,-2.9713364689985866,14.734345182319544,21.845140167306955,23.0,34.099799999999995,0.8282907469785781,,spike,False,34,False
anomaly_lockbox,d_1938,2016-05-19,WI_2,FOODS_1,WI,336.0,326.6078992342224,9.392100765777627,168,-18.370180709413376,53.21885308094923,78.90227157781533,53.0,78.5778,0.35185655520463904,,spike,False,55,False
anomaly_lockbox,d_1938,2016-05-19,WI_2,FOODS_2,WI,800.0,887.9376196463076,-87.93761964630755,168,22.7488264989434,92.92896624100149,137.7764853489088,208.5,309.1221,-0.8033769032861136,,drop,False,35,False
anomaly_lockbox,d_1938,2016-05-19,WI_2,FOODS_3,WI,2062.0,1883.9607679394076,178.03923206059244,168,-14.49269494220357,131.23108380650547,194.563204851525,327.0,484.81019999999995,0.989559804741708,,spike,False,24,False
anomaly_lockbox,d_1938,2016-05-19,WI_2,HOBBIES_1,WI,249.0,231.03198174276784,17.96801825723216,168,3.7437959882949627,27.857817006763696,41.30199949422785,33.5,49.6671,0.3443954879454468,,spike,False,56,False
anomaly_lockbox,d_1938,2016-05-19,WI_2,HOBBIES_2,WI,35.0,32.05376840352091,2.9462315964790875,168,-5.035826698847519,7.1431782645639466,10.590476095042506,8.0,11.8608,0.7537015544620395,,spike,False,36,False
anomaly_lockbox,d_1938,2016-05-19,WI_2,HOUSEHOLD_1,WI,948.0,790.315709958915,157.68429004108498,168,21.26622900931295,89.68038723788936,132.96014211889477,120.0,177.91199999999998,1.0260071842416139,,spike,False,23,False
anomaly_lockbox,d_1938,2016-05-19,WI_2,HOUSEHOLD_2,WI,198.0,137.8413192918478,60.15868070815219,168,1.3445780441335913,15.226545518600226,22.574876385876692,19.0,28.1694,2.6052901313255434,,spike,False,3,True
anomaly_lockbox,d_1938,2016-05-19,WI_3,FOODS_1,WI,338.0,210.2677673429346,127.7322326570654,168,-12.280809838717076,31.015004139908868,45.98284513782888,38.5,57.080099999999995,3.0448973323879307,,spike,True,1,True
anomaly_lockbox,d_1938,2016-05-19,WI_3,FOODS_2,WI,431.0,455.0003063830175,-24.000306383017517,168,16.12530927846919,42.51952212980271,63.039443509645494,94.5,140.10569999999998,-0.6365160196147226,,drop,False,41,False
anomaly_lockbox,d_1938,2016-05-19,WI_3,FOODS_3,WI,1627.0,1537.582613898662,89.41738610133802,168,-0.057346979574504076,112.10466650885621,166.20637856603022,289.0,428.47139999999996,0.5383351340235486,,spike,False,48,False
anomaly_lockbox,d_1938,2016-05-19,WI_3,HOBBIES_1,WI,220.0,220.1676980686421,-0.16769806864209613,168,0.8866500185241506,31.867621374367985,47.246935449637974,40.5,60.0453,-0.02231569258687921,,drop,False,69,False
anomaly_lockbox,d_1938,2016-05-19,WI_3,HOBBIES_2,WI,46.0,30.190035844946514,15.809964155053486,168,-1.180317913410649,8.055002205937786,11.94234627052336,8.0,11.8608,1.4226921313109397,,spike,False,14,False
anomaly_lockbox,d_1938,2016-05-19,WI_3,HOUSEHOLD_1,WI,595.0,543.2744478089107,51.725552191089264,168,10.14740273920853,48.563542848588895,72.00030862731789,103.5,153.4491,0.5774718226152912,,spike,False,44,False
anomaly_lockbox,d_1938,2016-05-19,WI_3,HOUSEHOLD_2,WI,141.0,147.97229739926613,-6.972297399266125,168,4.417184438691265,16.103898250120537,23.875639545628708,21.0,31.1346,-0.4770335812865228,,drop,False,51,False
anomaly_lockbox,d_1939,2016-05-20,CA_1,FOODS_1,CA,310.0,319.87251179857753,-9.872511798577534,168,-25.684189124220666,35.43211828588335,52.53165857065065,58.5,86.73209999999999,0.3009933011039002,,spike,False,58,False
anomaly_lockbox,d_1939,2016-05-20,CA_1,FOODS_2,CA,434.0,469.4608795499557,-35.46087954995568,168,-1.3018993399340673,43.31974067676376,64.22584752736994,82.0,121.5732,-0.5318572120899566,,drop,False,48,False
anomaly_lockbox,d_1939,2016-05-20,CA_1,FOODS_3,CA,2249.0,2231.889499875891,17.110500124108967,168,7.923849203863142,142.77086773808514,211.67208850848502,302.0,447.74519999999995,0.043400388709622297,,spike,False,68,False
anomaly_lockbox,d_1939,2016-05-20,CA_1,HOBBIES_1,CA,494.0,466.9960581219205,27.0039418780795,168,17.289827805758932,46.976886497940626,69.64793192184676,61.5,91.17989999999999,0.1394745515663115,,spike,False,64,False
anomaly_lockbox,d_1939,2016-05-20,CA_1,HOBBIES_2,CA,45.0,43.92083466582975,1.0791653341702485,168,-2.920935617483586,8.814043308989756,13.067700609908211,10.0,14.825999999999999,0.306105953224921,,spike,False,57,False
anomaly_lockbox,d_1939,2016-05-20,CA_1,HOUSEHOLD_1,CA,665.0,740.5090839123345,-75.50908391233452,168,7.055601395861743,48.47646137804338,71.87120163908712,106.5,157.8969,-1.148786766120987,,drop,False,24,False
anomaly_lockbox,d_1939,2016-05-20,CA_1,HOUSEHOLD_2,CA,236.0,239.3839704972045,-3.3839704972045013,168,-5.473172481554656,17.069525722806446,25.307278836632836,36.0,53.373599999999996,0.08255340283072983,,spike,False,67,False
anomaly_lockbox,d_1939,2016-05-20,CA_2,FOODS_1,CA,584.0,431.80787205099614,152.19212794900386,168,-7.615755540324386,39.40764758403104,58.42577830808442,77.5,114.9015,2.735229005365522,,spike,False,1,True
anomaly_lockbox,d_1939,2016-05-20,CA_2,FOODS_2,CA,476.0,440.25215023158864,35.747849768411356,168,-12.024618362151116,29.612275350817725,43.903159435122355,172.5,255.74849999999998,1.0881328074157843,,spike,False,26,False
anomaly_lockbox,d_1939,2016-05-20,CA_2,FOODS_3,CA,2119.0,1904.5112171252958,214.48878287470416,168,19.21992394083884,101.77879685519576,150.89724421751322,400.0,593.04,1.2940518559264869,,spike,False,20,False
anomaly_lockbox,d_1939,2016-05-20,CA_2,HOBBIES_1,CA,395.0,376.35003284359044,18.64996715640956,168,-4.7627889331289595,36.89570009761081,54.70156496471779,64.5,95.62769999999999,0.4280088897756329,,spike,False,54,False
anomaly_lockbox,d_1939,2016-05-20,CA_2,HOBBIES_2,CA,39.0,42.13038519839516,-3.1303851983951603,168,-2.8427111299485546,9.034327122200846,13.394293391374974,10.0,14.825999999999999,-0.021477360547578307,,drop,False,70,False
anomaly_lockbox,d_1939,2016-05-20,CA_2,HOUSEHOLD_1,CA,842.0,772.8501509079607,69.14984909203929,168,-3.6843276356884758,45.03992774790109,66.77619687903815,131.0,194.2206,1.0907206479527929,,spike,False,25,False
anomaly_lockbox,d_1939,2016-05-20,CA_2,HOUSEHOLD_2,CA,296.0,323.4899813895115,-27.489981389511513,168,-1.2395743605110283,20.142957831405752,29.863949280842167,47.5,70.42349999999999,-0.8789998530381987,,drop,False,35,False
anomaly_lockbox,d_1939,2016-05-20,CA_3,FOODS_1,CA,457.0,374.36731119590235,82.63268880409765,168,-24.065913311520916,50.320382425424214,74.60499898393394,56.0,83.0256,1.4301803306584848,,spike,False,15,False
anomaly_lockbox,d_1939,2016-05-20,CA_3,FOODS_2,CA,520.0,573.3792091384596,-53.3792091384596,168,17.66760848163824,64.39833025478615,95.47696443574593,92.0,136.39919999999998,-0.7441252247594331,,drop,False,41,False
anomaly_lockbox,d_1939,2016-05-20,CA_3,FOODS_3,CA,2520.0,2639.6982789586273,-119.69827895862727,168,-83.63718827007233,197.78391267905567,293.23442893796795,316.5,469.24289999999996,-0.12297700109485935,,drop,False,65,False
anomaly_lockbox,d_1939,2016-05-20,CA_3,HOBBIES_1,CA,522.0,497.87990918450515,24.120090815494848,168,-22.757896521268464,49.849732808054966,73.90721386122229,67.0,99.3342,0.6342816199889156,,spike,False,44,False
anomaly_lockbox,d_1939,2016-05-20,CA_3,HOBBIES_2,CA,49.0,53.176446094217695,-4.176446094217695,168,3.648252262186009,10.789659601607411,15.996749325343147,12.5,18.5325,-0.48914302507743124,,drop,False,51,False
anomaly_lockbox,d_1939,2016-05-20,CA_3,HOUSEHOLD_1,CA,1105.0,1381.5495330402127,-276.54953304021274,168,20.42353241000751,83.62607990773597,123.98402607120934,182.0,269.8332,-2.3952526374619896,,drop,False,4,True
anomaly_lockbox,d_1939,2016-05-20,CA_3,HOUSEHOLD_2,CA,369.0,329.74374547360463,39.25625452639537,168,4.913212594189503,22.67482903117721,33.61770152162333,43.0,63.751799999999996,1.0215761452375316,,spike,False,31,False
anomaly_lockbox,d_1939,2016-05-20,CA_4,FOODS_1,CA,280.0,228.27253337318092,51.72746662681908,168,-12.005087574539175,24.10919695569271,35.74429540651001,28.5,42.2541,1.7830133025856432,,spike,False,9,False
anomaly_lockbox,d_1939,2016-05-20,CA_4,FOODS_2,CA,375.0,331.4282086323477,43.57179136765228,168,1.7637292652449332,27.477960584864036,40.73882436311942,42.5,63.01049999999999,1.0262461609043363,,spike,False,29,False
anomaly_lockbox,d_1939,2016-05-20,CA_4,FOODS_3,CA,1030.0,1175.7123997643916,-145.71239976439165,168,-24.262206743142144,80.156564099229,118.84012193351691,105.5,156.4143,-1.0219628779007206,,drop,False,30,False
anomaly_lockbox,d_1939,2016-05-20,CA_4,HOBBIES_1,CA,405.0,337.42228043588733,67.57771956411267,168,12.35415079699078,44.518135522568855,66.00258772576058,41.0,60.7866,0.8366879340636568,,spike,False,38,False
anomaly_lockbox,d_1939,2016-05-20,CA_4,HOBBIES_2,CA,26.0,21.034927998122413,4.965072001877587,168,-6.139248050531476,5.7296688895483605,8.494807095644399,5.0,7.412999999999999,1.30718919539711,,spike,False,19,False
anomaly_lockbox,d_1939,2016-05-20,CA_4,HOUSEHOLD_1,CA,433.0,397.42271650184557,35.57728349815443,168,-0.7421382851627243,24.6044575617087,36.47856878098931,41.0,60.7866,0.9956372466631668,,spike,False,32,False
anomaly_lockbox,d_1939,2016-05-20,CA_4,HOUSEHOLD_2,CA,155.0,149.49273591470404,5.507264085295958,168,-3.4546464898643805,11.026960703131124,16.348571938462204,16.0,23.7216,0.5481769667035103,,spike,False,47,False
anomaly_lockbox,d_1939,2016-05-20,TX_1,FOODS_1,TX,299.0,205.54656982561582,93.45343017438418,168,-9.015130283288116,31.94925731162617,47.36796889021696,29.5,43.7367,2.1632458148070484,,spike,False,7,False
anomaly_lockbox,d_1939,2016-05-20,TX_1,FOODS_2,TX,313.0,311.3802366396385,1.6197633603615031,168,-6.909115162940736,30.99554875467055,45.954000583674556,52.5,77.8365,0.18559599632185617,,spike,False,63,False
anomaly_lockbox,d_1939,2016-05-20,TX_1,FOODS_3,TX,1772.0,1445.281933138588,326.7180668614119,168,-51.573091714937846,96.99760097751357,143.80864320926162,204.0,302.4504,2.630517541465734,,spike,False,2,True
anomaly_lockbox,d_1939,2016-05-20,TX_1,HOBBIES_1,TX,234.0,260.7710582081824,-26.77105820818241,168,3.35228629162593,30.248602333520225,44.84657781967708,37.0,54.856199999999994,-0.6716977295554376,,drop,False,43,False
anomaly_lockbox,d_1939,2016-05-20,TX_1,HOBBIES_2,TX,47.0,32.22507341092555,14.774926589074447,168,1.8294803153880679,10.735863390625315,15.916991062941092,9.5,14.0847,0.8133098914547207,,spike,False,39,False
anomaly_lockbox,d_1939,2016-05-20,TX_1,HOUSEHOLD_1,TX,796.0,688.8472388152036,107.15276118479642,168,20.33032524814172,49.35642478068894,73.17583537984942,98.5,146.0361,1.1864905331926443,,spike,False,23,False
anomaly_lockbox,d_1939,2016-05-20,TX_1,HOUSEHOLD_2,TX,203.0,196.6784131755683,6.321586824431705,168,0.2987811063512424,16.385507467327315,24.293153371059475,21.0,31.1346,0.2479219402309234,,spike,False,60,False
anomaly_lockbox,d_1939,2016-05-20,TX_2,FOODS_1,TX,299.0,252.66984282949667,46.33015717050333,168,-26.12703194291352,30.65065159994984,45.44265606208563,30.5,45.2193,1.5944752220121738,,spike,False,11,False
anomaly_lockbox,d_1939,2016-05-20,TX_2,FOODS_2,TX,356.0,350.3239469637759,5.676053036224118,168,-7.811833265177,33.80774934945228,50.12336918549795,63.0,93.40379999999999,0.26909376844730404,,spike,False,59,False
anomaly_lockbox,d_1939,2016-05-20,TX_2,FOODS_3,TX,2082.0,1821.6246456459494,260.3753543540506,168,-41.65795526983845,124.96472773684309,185.27270534264355,241.5,358.04789999999997,1.630209420569038,,spike,False,10,False
anomaly_lockbox,d_1939,2016-05-20,TX_2,HOBBIES_1,TX,401.0,321.95690391725236,79.04309608274764,168,5.762759951001044,36.12534962471969,53.55944335360941,45.5,67.4583,1.3682057083367387,,spike,False,17,False
anomaly_lockbox,d_1939,2016-05-20,TX_2,HOBBIES_2,TX,41.0,44.34125435977423,-3.341254359774233,168,0.44935867804020546,12.068633475491076,17.892955990763067,11.0,16.3086,-0.21184945851156609,,drop,False,62,False
anomaly_lockbox,d_1939,2016-05-20,TX_2,HOUSEHOLD_1,TX,816.0,745.910083331319,70.08991666868098,168,2.586436775464506,52.7841509083666,78.25778213674431,108.0,160.1208,0.8625784944334837,,spike,False,36,False
anomaly_lockbox,d_1939,2016-05-20,TX_2,HOUSEHOLD_2,TX,254.0,211.4060195022378,42.5939804977622,168,3.9485061642942156,17.430686732382796,25.84273614943073,30.0,44.477999999999994,1.495409546032891,,spike,False,13,False
anomaly_lockbox,d_1939,2016-05-20,TX_3,FOODS_1,TX,400.0,276.33820224740356,123.66179775259644,168,-6.582356202483766,33.46832859706534,49.62014397800907,30.0,44.477999999999994,2.6248241845650937,,spike,False,3,True
anomaly_lockbox,d_1939,2016-05-20,TX_3,FOODS_2,TX,458.0,398.79804809884837,59.20195190115163,168,1.2222230771089073,39.93788391101927,59.211906686477164,67.0,99.3342,0.9791903701233818,,spike,False,34,False
anomaly_lockbox,d_1939,2016-05-20,TX_3,FOODS_3,TX,1986.0,1601.3569734893479,384.64302651065213,168,14.023064556677582,115.01769419548702,170.52523341422906,199.0,295.0374,2.1734024609348466,,spike,False,6,False
anomaly_lockbox,d_1939,2016-05-20,TX_3,HOBBIES_1,TX,371.0,333.70461350070866,37.29538649929134,168,15.203725840623378,29.80770011824157,44.19289619530495,42.0,62.2692,0.49989166948997066,,spike,False,49,False
anomaly_lockbox,d_1939,2016-05-20,TX_3,HOBBIES_2,TX,38.0,51.11050705756201,-13.11050705756201,168,5.158204388232139,11.504291330894542,17.056262327184246,14.0,20.7564,-1.0710852762083463,,drop,False,27,False
anomaly_lockbox,d_1939,2016-05-20,TX_3,HOUSEHOLD_1,TX,935.0,738.8621094285452,196.13789057145482,168,14.740755402915227,65.66806597354093,97.35947461237178,100.5,149.0013,1.8631687967787047,,spike,False,8,False
anomaly_lockbox,d_1939,2016-05-20,TX_3,HOUSEHOLD_2,TX,202.0,182.14520583297093,19.85479416702907,168,7.101941028670069,13.696061250985842,20.30578041071161,19.5,28.9107,0.6280405323221006,,spike,False,46,False
anomaly_lockbox,d_1939,2016-05-20,WI_1,FOODS_1,WI,388.0,326.76469747426574,61.235302525734255,168,-14.300155016168702,35.22765573409737,52.228522391372756,45.0,66.717,1.446249177334186,,spike,False,14,False
anomaly_lockbox,d_1939,2016-05-20,WI_1,FOODS_2,WI,501.0,573.5203448807666,-72.52034488076663,168,13.518371491533685,41.2053589013627,61.09106510716034,99.5,147.5187,-1.4083682486363447,,drop,False,16,False
anomaly_lockbox,d_1939,2016-05-20,WI_1,FOODS_3,WI,1727.0,1728.2582592334802,-1.258259233480203,168,2.349864332053585,107.8399877465398,159.8835658330199,214.0,317.27639999999997,-0.022567194737838536,,drop,False,69,False
anomaly_lockbox,d_1939,2016-05-20,WI_1,HOBBIES_1,WI,403.0,395.5722319536345,7.427768046365486,168,-6.488511374065951,41.39425992717577,61.37112976803079,65.5,97.1103,0.22675612251284724,,spike,False,61,False
anomaly_lockbox,d_1939,2016-05-20,WI_1,HOBBIES_2,WI,35.0,33.44606026646539,1.5539397335346123,168,-4.134663515508507,8.693512559869298,12.88900172126222,9.0,13.343399999999999,0.4413532849219012,,spike,False,53,False
anomaly_lockbox,d_1939,2016-05-20,WI_1,HOUSEHOLD_1,WI,579.0,614.9988777539515,-35.99887775395155,168,-12.713724599904822,45.27486841898042,67.12451991798036,102.0,151.2252,-0.3468948929913974,,drop,False,55,False
anomaly_lockbox,d_1939,2016-05-20,WI_1,HOUSEHOLD_2,WI,180.0,189.98360195791392,-9.983601957913919,168,-2.9713364689985866,14.734345182319544,21.845140167306955,23.0,34.099799999999995,-0.32099887824980694,,drop,False,56,False
anomaly_lockbox,d_1939,2016-05-20,WI_2,FOODS_1,WI,433.0,345.5566807432017,87.4433192567983,168,-18.370180709413376,53.21885308094923,78.90227157781533,53.0,78.5778,1.341070388092133,,spike,False,18,False
anomaly_lockbox,d_1939,2016-05-20,WI_2,FOODS_2,WI,815.0,960.4288512376654,-145.4288512376654,168,22.7488264989434,92.92896624100149,137.7764853489088,208.5,309.1221,-1.2206558855867982,,drop,False,22,False
anomaly_lockbox,d_1939,2016-05-20,WI_2,FOODS_3,WI,2090.0,2126.6422831424006,-36.64228314240063,168,-14.49269494220357,131.23108380650547,194.563204851525,327.0,484.81019999999995,-0.11384263646921237,,drop,False,66,False
anomaly_lockbox,d_1939,2016-05-20,WI_2,HOBBIES_1,WI,294.0,260.0013166695401,33.998683330459926,168,3.7437959882949627,27.857817006763696,41.30199949422785,33.5,49.6671,0.7325283936046056,,spike,False,42,False
anomaly_lockbox,d_1939,2016-05-20,WI_2,HOBBIES_2,WI,35.0,33.35712516167303,1.6428748383269678,168,-5.035826698847519,7.1431782645639466,10.590476095042506,8.0,11.8608,0.6306327947145686,,spike,False,45,False
anomaly_lockbox,d_1939,2016-05-20,WI_2,HOUSEHOLD_1,WI,1039.0,918.4384780870738,120.5615219129262,168,21.26622900931295,89.68038723788936,132.96014211889477,120.0,177.91199999999998,0.7468049546368719,,spike,False,40,False
anomaly_lockbox,d_1939,2016-05-20,WI_2,HOUSEHOLD_2,WI,174.0,153.4035643452025,20.59643565479749,168,1.3445780441335913,15.226545518600226,22.574876385876692,19.0,28.1694,0.8528001341663273,,spike,False,37,False
anomaly_lockbox,d_1939,2016-05-20,WI_3,FOODS_1,WI,285.0,251.87970770571928,33.120292294280716,168,-12.280809838717076,31.015004139908868,45.98284513782888,38.5,57.080099999999995,0.9873486948646311,,spike,False,33,False
anomaly_lockbox,d_1939,2016-05-20,WI_3,FOODS_2,WI,567.0,452.3503245837192,114.64967541628079,168,16.12530927846919,42.51952212980271,63.039443509645494,94.5,140.10569999999998,1.5629003153039676,,spike,False,12,False
anomaly_lockbox,d_1939,2016-05-20,WI_3,FOODS_3,WI,2011.0,1836.7019852329881,174.29801476701186,168,-0.057346979574504076,112.10466650885621,166.20637856603022,289.0,428.47139999999996,1.049029304716598,,spike,False,28,False
anomaly_lockbox,d_1939,2016-05-20,WI_3,HOBBIES_1,WI,242.0,264.1114755148834,-22.11147551488341,168,0.8866500185241506,31.867621374367985,47.246935449637974,40.5,60.0453,-0.48676438618801005,,drop,False,52,False
anomaly_lockbox,d_1939,2016-05-20,WI_3,HOBBIES_2,WI,27.0,34.0821553958034,-7.082155395803397,168,-1.180317913410649,8.055002205937786,11.94234627052336,8.0,11.8608,-0.49419413477901997,,drop,False,50,False
anomaly_lockbox,d_1939,2016-05-20,WI_3,HOUSEHOLD_1,WI,764.0,663.1730301847582,100.8269698152418,168,10.14740273920853,48.563542848588895,72.00030862731789,103.5,153.4491,1.2594330330638084,,spike,False,21,False
anomaly_lockbox,d_1939,2016-05-20,WI_3,HOUSEHOLD_2,WI,230.0,173.58871816946527,56.41128183053473,168,4.417184438691265,16.103898250120537,23.875639545628708,21.0,31.1346,2.177704906814228,,spike,False,5,True
anomaly_lockbox,d_1940,2016-05-21,CA_1,FOODS_1,CA,427.0,375.7743287765211,51.22567122347891,168,-25.684189124220666,35.43211828588335,52.53165857065065,58.5,86.73209999999999,1.4640668587355243,,spike,False,21,False
anomaly_lockbox,d_1940,2016-05-21,CA_1,FOODS_2,CA,627.0,620.4058042132202,6.594195786779778,168,-1.3018993399340673,43.31974067676376,64.22584752736994,82.0,121.5732,0.12294263806092887,,spike,False,63,False
anomaly_lockbox,d_1940,2016-05-21,CA_1,FOODS_3,CA,2729.0,2743.9336680216534,-14.933668021653375,168,7.923849203863142,142.77086773808514,211.67208850848502,302.0,447.74519999999995,-0.10798550430800072,,drop,False,65,False
anomaly_lockbox,d_1940,2016-05-21,CA_1,HOBBIES_1,CA,656.0,580.7978649308809,75.2021350691191,168,17.289827805758932,46.976886497940626,69.64793192184676,61.5,91.17989999999999,0.8315007447506788,,spike,False,37,False
anomaly_lockbox,d_1940,2016-05-21,CA_1,HOBBIES_2,CA,63.0,50.163214074767836,12.836785925232164,168,-2.920935617483586,8.814043308989756,13.067700609908211,10.0,14.825999999999999,1.2058526601663881,,spike,False,25,False
anomaly_lockbox,d_1940,2016-05-21,CA_1,HOUSEHOLD_1,CA,978.0,961.9294222938489,16.070577706151084,168,7.055601395861743,48.47646137804338,71.87120163908712,106.5,157.8969,0.12543238605581558,,spike,False,62,False
anomaly_lockbox,d_1940,2016-05-21,CA_1,HOUSEHOLD_2,CA,284.0,280.6185619079068,3.3814380920932194,168,-5.473172481554656,17.069525722806446,25.307278836632836,36.0,53.373599999999996,0.34988394567457937,,spike,False,49,False
anomaly_lockbox,d_1940,2016-05-21,CA_2,FOODS_1,CA,809.0,549.3132577536926,259.6867422463074,168,-7.615755540324386,39.40764758403104,58.42577830808442,77.5,114.9015,4.575078082436857,,spike,True,2,True
anomaly_lockbox,d_1940,2016-05-21,CA_2,FOODS_2,CA,751.0,612.3815486504955,138.61845134950454,168,-12.024618362151116,29.612275350817725,43.903159435122355,172.5,255.74849999999998,3.4312580609208223,,spike,True,5,True
anomaly_lockbox,d_1940,2016-05-21,CA_2,FOODS_3,CA,2942.0,2468.4509941786587,473.5490058213413,168,19.21992394083884,101.77879685519576,150.89724421751322,400.0,593.04,3.010850756330597,,spike,True,8,False
anomaly_lockbox,d_1940,2016-05-21,CA_2,HOBBIES_1,CA,691.0,470.0798091731382,220.9201908268618,168,-4.7627889331289595,36.89570009761081,54.70156496471779,64.5,95.62769999999999,4.125713403365243,,spike,True,3,True
anomaly_lockbox,d_1940,2016-05-21,CA_2,HOBBIES_2,CA,71.0,50.685502980726845,20.314497019273155,168,-2.8427111299485546,9.034327122200846,13.394293391374974,10.0,14.825999999999999,1.7288861362506363,,spike,False,13,False
anomaly_lockbox,d_1940,2016-05-21,CA_2,HOUSEHOLD_1,CA,1283.0,1066.6057330531203,216.39426694687972,168,-3.6843276356884758,45.03992774790109,66.77619687903815,131.0,194.2206,3.295764132558042,,spike,True,6,False
anomaly_lockbox,d_1940,2016-05-21,CA_2,HOUSEHOLD_2,CA,573.0,410.3956884301643,162.60431156983572,168,-1.2395743605110283,20.142957831405752,29.863949280842167,47.5,70.42349999999999,5.486343563925526,,spike,True,1,True
anomaly_lockbox,d_1940,2016-05-21,CA_3,FOODS_1,CA,574.0,440.9738754915277,133.02612450847232,168,-24.065913311520916,50.320382425424214,74.60499898393394,56.0,83.0256,2.1056502909921995,,spike,False,10,False
anomaly_lockbox,d_1940,2016-05-21,CA_3,FOODS_2,CA,639.0,694.1430257830342,-55.143025783034204,168,17.66760848163824,64.39833025478615,95.47696443574593,92.0,136.39919999999998,-0.7625989650485017,,drop,False,39,False
anomaly_lockbox,d_1940,2016-05-21,CA_3,FOODS_3,CA,3102.0,3145.154872550773,-43.15487255077278,168,-83.63718827007233,197.78391267905567,293.23442893796795,316.5,469.24289999999996,0.1380544428767038,,spike,False,58,False
anomaly_lockbox,d_1940,2016-05-21,CA_3,HOBBIES_1,CA,605.0,603.4809393285051,1.5190606714949126,168,-22.757896521268464,49.849732808054966,73.90721386122229,67.0,99.3342,0.32847885780607183,,spike,False,51,False
anomaly_lockbox,d_1940,2016-05-21,CA_3,HOBBIES_2,CA,70.0,56.97490322885014,13.025096771149862,168,3.648252262186009,10.789659601607411,15.996749325343147,12.5,18.5325,0.5861718726884351,,spike,False,44,False
anomaly_lockbox,d_1940,2016-05-21,CA_3,HOUSEHOLD_1,CA,1558.0,1728.4664900354403,-170.4664900354403,168,20.42353241000751,83.62607990773597,123.98402607120934,182.0,269.8332,-1.5396340036240757,,drop,False,17,False
anomaly_lockbox,d_1940,2016-05-21,CA_3,HOUSEHOLD_2,CA,525.0,387.799863144864,137.200136855136,168,4.913212594189503,22.67482903117721,33.61770152162333,43.0,63.751799999999996,3.9350377412286166,,spike,True,4,True
anomaly_lockbox,d_1940,2016-05-21,CA_4,FOODS_1,CA,285.0,240.3243558211128,44.67564417888721,168,-12.005087574539175,24.10919695569271,35.74429540651001,28.5,42.2541,1.5857280471977993,,spike,False,16,False
anomaly_lockbox,d_1940,2016-05-21,CA_4,FOODS_2,CA,404.0,395.4092000854443,8.590799914555703,168,1.7637292652449332,27.477960584864036,40.73882436311942,42.5,63.01049999999999,0.16758143505710169,,spike,False,57,False
anomaly_lockbox,d_1940,2016-05-21,CA_4,FOODS_3,CA,1200.0,1332.2488131957402,-132.24881319574024,168,-24.262206743142144,80.156564099229,118.84012193351691,105.5,156.4143,-0.9086712862261229,,drop,False,35,False
anomaly_lockbox,d_1940,2016-05-21,CA_4,HOBBIES_1,CA,517.0,392.17047490899773,124.82952509100227,168,12.35415079699078,44.518135522568855,66.00258772576058,41.0,60.7866,1.7041055232765177,,spike,False,14,False
anomaly_lockbox,d_1940,2016-05-21,CA_4,HOBBIES_2,CA,28.0,21.695069691813142,6.304930308186858,168,-6.139248050531476,5.7296688895483605,8.494807095644399,5.0,7.412999999999999,1.4649159443654611,,spike,False,20,False
anomaly_lockbox,d_1940,2016-05-21,CA_4,HOUSEHOLD_1,CA,523.0,479.85456608576567,43.14543391423433,168,-0.7421382851627243,24.6044575617087,36.47856878098931,41.0,60.7866,1.2031056498649948,,spike,False,27,False
anomaly_lockbox,d_1940,2016-05-21,CA_4,HOUSEHOLD_2,CA,189.0,167.32726743746443,21.672732562535572,168,-3.4546464898643805,11.026960703131124,16.348571938462204,16.0,23.7216,1.536977000008449,,spike,False,18,False
anomaly_lockbox,d_1940,2016-05-21,TX_1,FOODS_1,TX,279.0,227.0891939918216,51.91080600817841,168,-9.015130283288116,31.94925731162617,47.36796889021696,29.5,43.7367,1.286226488466761,,spike,False,22,False
anomaly_lockbox,d_1940,2016-05-21,TX_1,FOODS_2,TX,396.0,383.863814500455,12.136185499544979,168,-6.909115162940736,30.99554875467055,45.954000583674556,52.5,77.8365,0.4144427127254657,,spike,False,48,False
anomaly_lockbox,d_1940,2016-05-21,TX_1,FOODS_3,TX,1929.0,1797.500901873437,131.499098126563,168,-51.573091714937846,96.99760097751357,143.80864320926162,204.0,302.4504,1.2730263338560626,,spike,False,23,False
anomaly_lockbox,d_1940,2016-05-21,TX_1,HOBBIES_1,TX,346.0,288.5375216586526,57.46247834134738,168,3.35228629162593,30.248602333520225,44.84657781967708,37.0,54.856199999999994,1.2065623438937145,,spike,False,24,False
anomaly_lockbox,d_1940,2016-05-21,TX_1,HOBBIES_2,TX,40.0,36.11617392165792,3.883826078342082,168,1.8294803153880679,10.735863390625315,15.916991062941092,9.5,14.0847,0.1290662132579233,,spike,False,60,False
anomaly_lockbox,d_1940,2016-05-21,TX_1,HOUSEHOLD_1,TX,949.0,863.6462662122069,85.35373378779309,168,20.33032524814172,49.35642478068894,73.17583537984942,98.5,146.0361,0.8885912706308099,,spike,False,36,False
anomaly_lockbox,d_1940,2016-05-21,TX_1,HOUSEHOLD_2,TX,228.0,228.96661122232842,-0.9666112223284244,168,0.2987811063512424,16.385507467327315,24.293153371059475,21.0,31.1346,-0.052088434521108055,,drop,False,67,False
anomaly_lockbox,d_1940,2016-05-21,TX_2,FOODS_1,TX,389.0,274.5053055528293,114.49469444717067,168,-26.12703194291352,30.65065159994984,45.44265606208563,30.5,45.2193,3.094487395234138,,spike,True,7,False
anomaly_lockbox,d_1940,2016-05-21,TX_2,FOODS_2,TX,491.0,438.507681285092,52.49231871490798,168,-7.811833265177,33.80774934945228,50.12336918549795,63.0,93.40379999999999,1.2031144944967627,,spike,False,26,False
anomaly_lockbox,d_1940,2016-05-21,TX_2,FOODS_3,TX,2305.0,2250.4459374063567,54.554062593643266,168,-41.65795526983845,124.96472773684309,185.27270534264355,241.5,358.04789999999997,0.5192994709368933,,spike,False,46,False
anomaly_lockbox,d_1940,2016-05-21,TX_2,HOBBIES_1,TX,501.0,371.90023612390354,129.09976387609646,168,5.762759951001044,36.12534962471969,53.55944335360941,45.5,67.4583,2.302805933041566,,spike,False,9,False
anomaly_lockbox,d_1940,2016-05-21,TX_2,HOBBIES_2,TX,54.0,48.79518066033085,5.20481933966915,168,0.44935867804020546,12.068633475491076,17.892955990763067,11.0,16.3086,0.265772780309965,,spike,False,53,False
anomaly_lockbox,d_1940,2016-05-21,TX_2,HOUSEHOLD_1,TX,816.0,892.9678395369973,-76.9678395369973,168,2.586436775464506,52.7841509083666,78.25778213674431,108.0,160.1208,-1.0165669680422589,,drop,False,33,False
anomaly_lockbox,d_1940,2016-05-21,TX_2,HOUSEHOLD_2,TX,246.0,241.6098247608151,4.390175239184913,168,3.9485061642942156,17.430686732382796,25.84273614943073,30.0,44.477999999999994,0.017090646761891985,,spike,False,69,False
anomaly_lockbox,d_1940,2016-05-21,TX_3,FOODS_1,TX,312.0,301.9347984752335,10.065201524766508,168,-6.582356202483766,33.46832859706534,49.62014397800907,30.0,44.477999999999994,0.3354999883641658,,spike,False,50,False
anomaly_lockbox,d_1940,2016-05-21,TX_3,FOODS_2,TX,511.0,492.14597934690727,18.854020653092732,168,1.2222230771089073,39.93788391101927,59.211906686477164,67.0,99.3342,0.29777452817628286,,spike,False,52,False
anomaly_lockbox,d_1940,2016-05-21,TX_3,FOODS_3,TX,2222.0,1929.3444144146501,292.65558558534985,168,14.023064556677582,115.01769419548702,170.52523341422906,199.0,295.0374,1.6339665130487513,,spike,False,15,False
anomaly_lockbox,d_1940,2016-05-21,TX_3,HOBBIES_1,TX,445.0,386.0695727180539,58.930427281946095,168,15.203725840623378,29.80770011824157,44.19289619530495,42.0,62.2692,0.9894509119311407,,spike,False,34,False
anomaly_lockbox,d_1940,2016-05-21,TX_3,HOBBIES_2,TX,54.0,53.30151296777504,0.6984870322249606,168,5.158204388232139,11.504291330894542,17.056262327184246,14.0,20.7564,-0.2614709641806627,,drop,False,55,False
anomaly_lockbox,d_1940,2016-05-21,TX_3,HOUSEHOLD_1,TX,955.0,880.8100615921277,74.18993840787232,168,14.740755402915227,65.66806597354093,97.35947461237178,100.5,149.0013,0.61061528158044,,spike,False,43,False
anomaly_lockbox,d_1940,2016-05-21,TX_3,HOUSEHOLD_2,TX,213.0,205.84255170824144,7.157448291758556,168,7.101941028670069,13.696061250985842,20.30578041071161,19.5,28.9107,0.0027335695533871524,,spike,False,70,False
anomaly_lockbox,d_1940,2016-05-21,WI_1,FOODS_1,WI,378.0,394.04794559138514,-16.047945591385144,168,-14.300155016168702,35.22765573409737,52.228522391372756,45.0,66.717,-0.03346429297998188,,drop,False,68,False
anomaly_lockbox,d_1940,2016-05-21,WI_1,FOODS_2,WI,672.0,750.1812348863701,-78.18123488637013,168,13.518371491533685,41.2053589013627,61.09106510716034,99.5,147.5187,-1.5010313900576588,,drop,False,19,False
anomaly_lockbox,d_1940,2016-05-21,WI_1,FOODS_3,WI,2345.0,2162.573120347022,182.4268796529782,168,2.349864332053585,107.8399877465398,159.8835658330199,214.0,317.27639999999997,1.126300970226011,,spike,False,31,False
anomaly_lockbox,d_1940,2016-05-21,WI_1,HOBBIES_1,WI,502.0,500.0394577281677,1.9605422718323098,168,-6.488511374065951,41.39425992717577,61.37112976803079,65.5,97.1103,0.13767146992134252,,spike,False,59,False
anomaly_lockbox,d_1940,2016-05-21,WI_1,HOBBIES_2,WI,62.0,40.101465340853956,21.898534659146044,168,-4.134663515508507,8.693512559869298,12.88900172126222,9.0,13.343399999999999,2.019799417957182,,spike,False,11,False
anomaly_lockbox,d_1940,2016-05-21,WI_1,HOUSEHOLD_1,WI,793.0,797.2273110811213,-4.227311081121343,168,-12.713724599904822,45.27486841898042,67.12451991798036,102.0,151.2252,0.12642792125966862,,spike,False,61,False
anomaly_lockbox,d_1940,2016-05-21,WI_1,HOUSEHOLD_2,WI,250.0,228.364240226366,21.635759773633993,168,-2.9713364689985866,14.734345182319544,21.845140167306955,23.0,34.099799999999995,1.1264334334397688,,spike,False,30,False
anomaly_lockbox,d_1940,2016-05-21,WI_2,FOODS_1,WI,427.0,410.0242232836281,16.97577671637191,168,-18.370180709413376,53.21885308094923,78.90227157781533,53.0,78.5778,0.44797135391629694,,spike,False,47,False
anomaly_lockbox,d_1940,2016-05-21,WI_2,FOODS_2,WI,850.0,1066.2939943165363,-216.29399431653633,168,22.7488264989434,92.92896624100149,137.7764853489088,208.5,309.1221,-1.7350044908615674,,drop,False,12,False
anomaly_lockbox,d_1940,2016-05-21,WI_2,FOODS_3,WI,2330.0,2558.8186548722274,-228.8186548722274,168,-14.49269494220357,131.23108380650547,194.563204851525,327.0,484.81019999999995,-1.1015749873856169,,drop,False,32,False
anomaly_lockbox,d_1940,2016-05-21,WI_2,HOBBIES_1,WI,296.0,287.69153082368473,8.30846917631527,168,3.7437959882949627,27.857817006763696,41.30199949422785,33.5,49.6671,0.11051942385157994,,spike,False,64,False
anomaly_lockbox,d_1940,2016-05-21,WI_2,HOBBIES_2,WI,28.0,33.979683934760814,-5.979683934760814,168,-5.035826698847519,7.1431782645639466,10.590476095042506,8.0,11.8608,-0.08912321102873962,,drop,False,66,False
anomaly_lockbox,d_1940,2016-05-21,WI_2,HOUSEHOLD_1,WI,1090.0,974.945913706198,115.05408629380202,168,21.26622900931295,89.68038723788936,132.96014211889477,120.0,177.91199999999998,0.705383250873955,,spike,False,40,False
anomaly_lockbox,d_1940,2016-05-21,WI_2,HOUSEHOLD_2,WI,192.0,172.70296024051828,19.29703975948172,168,1.3445780441335913,15.226545518600226,22.574876385876692,19.0,28.1694,0.7952407538576627,,spike,False,38,False
anomaly_lockbox,d_1940,2016-05-21,WI_3,FOODS_1,WI,315.0,273.7742520098417,41.22574799015831,168,-12.280809838717076,31.015004139908868,45.98284513782888,38.5,57.080099999999995,1.1636199906398776,,spike,False,28,False
anomaly_lockbox,d_1940,2016-05-21,WI_3,FOODS_2,WI,599.0,548.2567734583254,50.74322654167463,168,16.12530927846919,42.51952212980271,63.039443509645494,94.5,140.10569999999998,0.5491469362020724,,spike,False,45,False
anomaly_lockbox,d_1940,2016-05-21,WI_3,FOODS_3,WI,2360.0,2168.487031479863,191.51296852013684,168,-0.057346979574504076,112.10466650885621,166.20637856603022,289.0,428.47139999999996,1.1526050754039177,,spike,False,29,False
anomaly_lockbox,d_1940,2016-05-21,WI_3,HOBBIES_1,WI,273.0,284.1556009652888,-11.155600965288784,168,0.8866500185241506,31.867621374367985,47.246935449637974,40.5,60.0453,-0.2548789856783231,,drop,False,56,False
anomaly_lockbox,d_1940,2016-05-21,WI_3,HOBBIES_2,WI,31.0,35.32133604656958,-4.321336046569577,168,-1.180317913410649,8.055002205937786,11.94234627052336,8.0,11.8608,-0.2630151615107436,,drop,False,54,False
anomaly_lockbox,d_1940,2016-05-21,WI_3,HOUSEHOLD_1,WI,723.0,759.0742078853581,-36.07420788535808,168,10.14740273920853,48.563542848588895,72.00030862731789,103.5,153.4491,-0.6419640624572198,,drop,False,42,False
anomaly_lockbox,d_1940,2016-05-21,WI_3,HOUSEHOLD_2,WI,218.0,198.16169483438716,19.838305165612837,168,4.417184438691265,16.103898250120537,23.875639545628708,21.0,31.1346,0.6458935140753104,,spike,False,41,False
anomaly_lockbox,d_1941,2016-05-22,CA_1,FOODS_1,CA,334.0,351.25312839393933,-17.253128393939335,168,-25.684189124220666,35.43211828588335,52.53165857065065,58.5,86.73209999999999,0.16049485128938515,,spike,False,64,False
anomaly_lockbox,d_1941,2016-05-22,CA_1,FOODS_2,CA,719.0,661.8778748087547,57.122125191245345,168,-1.3018993399340673,43.31974067676376,64.22584752736994,82.0,121.5732,0.9096652948998755,,spike,False,41,False
anomaly_lockbox,d_1941,2016-05-22,CA_1,FOODS_3,CA,3274.0,2888.1482250960057,385.8517749039943,168,7.923849203863142,142.77086773808514,211.67208850848502,302.0,447.74519999999995,1.7854405290897937,,spike,False,21,False
anomaly_lockbox,d_1941,2016-05-22,CA_1,HOBBIES_1,CA,588.0,562.8037268669539,25.196273133046134,168,17.289827805758932,46.976886497940626,69.64793192184676,61.5,91.17989999999999,0.11352017366659459,,spike,False,67,False
anomaly_lockbox,d_1941,2016-05-22,CA_1,HOBBIES_2,CA,58.0,49.578542553640055,8.421457446359945,168,-2.920935617483586,8.814043308989756,13.067700609908211,10.0,14.825999999999999,0.8679716043726533,,spike,False,42,False
anomaly_lockbox,d_1941,2016-05-22,CA_1,HOUSEHOLD_1,CA,1022.0,1004.9034576840554,17.09654231594459,168,7.055601395861743,48.47646137804338,71.87120163908712,106.5,157.8969,0.13970743066889374,,spike,False,66,False
anomaly_lockbox,d_1941,2016-05-22,CA_1,HOUSEHOLD_2,CA,294.0,286.28970849820894,7.710291501791062,168,-5.473172481554656,17.069525722806446,25.307278836632836,36.0,53.373599999999996,0.5209356592010346,,spike,False,53,False
anomaly_lockbox,d_1941,2016-05-22,CA_2,FOODS_1,CA,735.0,524.6139833208454,210.38601667915464,168,-7.615755540324386,39.40764758403104,58.42577830808442,77.5,114.9015,3.731260045350803,,spike,True,4,True
anomaly_lockbox,d_1941,2016-05-22,CA_2,FOODS_2,CA,835.0,653.3988327581673,181.60116724183274,168,-12.024618362151116,29.612275350817725,43.903159435122355,172.5,255.74849999999998,4.410292746473366,,spike,True,1,True
anomaly_lockbox,d_1941,2016-05-22,CA_2,FOODS_3,CA,2628.0,2510.7289352117014,117.27106478829864,168,19.21992394083884,101.77879685519576,150.89724421751322,400.0,593.04,0.6497874852248623,,spike,False,50,False
anomaly_lockbox,d_1941,2016-05-22,CA_2,HOBBIES_1,CA,581.0,441.19077763954414,139.80922236045586,168,-4.7627889331289595,36.89570009761081,54.70156496471779,64.5,95.62769999999999,2.642922764400488,,spike,False,10,False
anomaly_lockbox,d_1941,2016-05-22,CA_2,HOBBIES_2,CA,79.0,50.47917869067677,28.52082130932323,168,-2.8427111299485546,9.034327122200846,13.394293391374974,10.0,14.825999999999999,2.341559313570643,,spike,False,13,False
anomaly_lockbox,d_1941,2016-05-22,CA_2,HOUSEHOLD_1,CA,1260.0,1088.2610128884403,171.7389871115597,168,-3.6843276356884758,45.03992774790109,66.77619687903815,131.0,194.2206,2.6270336279410915,,spike,False,11,False
anomaly_lockbox,d_1941,2016-05-22,CA_2,HOUSEHOLD_2,CA,496.0,407.4057299510552,88.5942700489448,168,-1.2395743605110283,20.142957831405752,29.863949280842167,47.5,70.42349999999999,3.008103300894787,,spike,True,6,False
anomaly_lockbox,d_1941,2016-05-22,CA_3,FOODS_1,CA,651.0,433.4920651230548,217.50793487694523,168,-24.065913311520916,50.320382425424214,74.60499898393394,56.0,83.0256,3.238038355050292,,spike,True,5,True
anomaly_lockbox,d_1941,2016-05-22,CA_3,FOODS_2,CA,845.0,736.4736109645683,108.52638903543175,168,17.66760848163824,64.39833025478615,95.47696443574593,92.0,136.39919999999998,0.9516303863529264,,spike,False,38,False
anomaly_lockbox,d_1941,2016-05-22,CA_3,FOODS_3,CA,3573.0,3482.086114675898,90.91388532410201,168,-83.63718827007233,197.78391267905567,293.23442893796795,316.5,469.24289999999996,0.5952611848013918,,spike,False,51,False
anomaly_lockbox,d_1941,2016-05-22,CA_3,HOBBIES_1,CA,655.0,595.6986508101509,59.301349189849134,168,-22.757896521268464,49.849732808054966,73.90721386122229,67.0,99.3342,1.1103008951900502,,spike,False,34,False
anomaly_lockbox,d_1941,2016-05-22,CA_3,HOBBIES_2,CA,99.0,56.6759046920393,42.3240953079607,168,3.648252262186009,10.789659601607411,15.996749325343147,12.5,18.5325,2.417731393996514,,spike,False,12,False
anomaly_lockbox,d_1941,2016-05-22,CA_3,HOUSEHOLD_1,CA,1793.0,1830.5534896631832,-37.5534896631832,168,20.42353241000751,83.62607990773597,123.98402607120934,182.0,269.8332,-0.4676168689657813,,drop,False,56,False
anomaly_lockbox,d_1941,2016-05-22,CA_3,HOUSEHOLD_2,CA,528.0,393.0697203108484,134.93027968915158,168,4.913212594189503,22.67482903117721,33.61770152162333,43.0,63.751799999999996,3.8675180399032767,,spike,True,2,True
anomaly_lockbox,d_1941,2016-05-22,CA_4,FOODS_1,CA,321.0,236.07187632292772,84.92812367707228,168,-12.005087574539175,24.10919695569271,35.74429540651001,28.5,42.2541,2.711851224068534,,spike,False,8,False
anomaly_lockbox,d_1941,2016-05-22,CA_4,FOODS_2,CA,489.0,416.5930593062977,72.40694069370232,168,1.7637292652449332,27.477960584864036,40.73882436311942,42.5,63.01049999999999,1.7340513019911838,,spike,False,23,False
anomaly_lockbox,d_1941,2016-05-22,CA_4,FOODS_3,CA,1566.0,1357.687606831425,208.312393168575,168,-24.262206743142144,80.156564099229,118.84012193351691,105.5,156.4143,1.9570377085428021,,spike,False,18,False
anomaly_lockbox,d_1941,2016-05-22,CA_4,HOBBIES_1,CA,424.0,384.0020313620684,39.99796863793159,168,12.35415079699078,44.518135522568855,66.00258772576058,41.0,60.7866,0.4188293034176223,,spike,False,58,False
anomaly_lockbox,d_1941,2016-05-22,CA_4,HOBBIES_2,CA,30.0,21.763124623869604,8.236875376130396,168,-6.139248050531476,5.7296688895483605,8.494807095644399,5.0,7.412999999999999,1.6923425411311626,,spike,False,25,False
anomaly_lockbox,d_1941,2016-05-22,CA_4,HOUSEHOLD_1,CA,563.0,481.31069004197604,81.68930995802396,168,-0.7421382851627243,24.6044575617087,36.47856878098931,41.0,60.7866,2.259722653541867,,spike,False,15,False
anomaly_lockbox,d_1941,2016-05-22,CA_4,HOUSEHOLD_2,CA,204.0,169.75211127208487,34.247888727915125,168,-3.4546464898643805,11.026960703131124,16.348571938462204,16.0,23.7216,2.306166884771094,,spike,False,14,False
anomaly_lockbox,d_1941,2016-05-22,TX_1,FOODS_1,TX,398.0,224.22117948112077,173.77882051887923,168,-9.015130283288116,31.94925731162617,47.36796889021696,29.5,43.7367,3.859020242683876,,spike,True,3,True
anomaly_lockbox,d_1941,2016-05-22,TX_1,FOODS_2,TX,343.0,412.4672261692439,-69.46722616924387,168,-6.909115162940736,30.99554875467055,45.954000583674556,52.5,77.8365,-1.3613202378843006,,drop,False,29,False
anomaly_lockbox,d_1941,2016-05-22,TX_1,FOODS_3,TX,2159.0,1906.538735798584,252.46126420141604,168,-51.573091714937846,96.99760097751357,143.80864320926162,204.0,302.4504,2.1141591293225783,,spike,False,16,False
anomaly_lockbox,d_1941,2016-05-22,TX_1,HOBBIES_1,TX,376.0,285.6649841160536,90.33501588394643,168,3.35228629162593,30.248602333520225,44.84657781967708,37.0,54.856199999999994,1.9395622547180305,,spike,False,19,False
anomaly_lockbox,d_1941,2016-05-22,TX_1,HOBBIES_2,TX,62.0,35.81717538484708,26.182824615152917,168,1.8294803153880679,10.735863390625315,15.916991062941092,9.5,14.0847,1.530021861761661,,spike,False,28,False
anomaly_lockbox,d_1941,2016-05-22,TX_1,HOUSEHOLD_1,TX,1027.0,880.1825155303396,146.81748446966037,168,20.33032524814172,49.35642478068894,73.17583537984942,98.5,146.0361,1.7285372768883986,,spike,False,24,False
anomaly_lockbox,d_1941,2016-05-22,TX_1,HOUSEHOLD_2,TX,259.0,235.20090805924914,23.799091940750856,168,0.2987811063512424,16.385507467327315,24.293153371059475,21.0,31.1346,0.967363539654577,,spike,False,36,False
anomaly_lockbox,d_1941,2016-05-22,TX_2,FOODS_1,TX,270.0,271.3550754029419,-1.3550754029419068,168,-26.12703194291352,30.65065159994984,45.44265606208563,30.5,45.2193,0.5451256305557304,,spike,False,52,False
anomaly_lockbox,d_1941,2016-05-22,TX_2,FOODS_2,TX,517.0,467.30379634902727,49.696203650972734,168,-7.811833265177,33.80774934945228,50.12336918549795,63.0,93.40379999999999,1.147329835377235,,spike,False,33,False
anomaly_lockbox,d_1941,2016-05-22,TX_2,FOODS_3,TX,2567.0,2317.7639950600237,249.23600493997628,168,-41.65795526983845,124.96472773684309,185.27270534264355,241.5,358.04789999999997,1.5700853489014215,,spike,False,27,False
anomaly_lockbox,d_1941,2016-05-22,TX_2,HOBBIES_1,TX,515.0,364.83404192527183,150.16595807472817,168,5.762759951001044,36.12534962471969,53.55944335360941,45.5,67.4583,2.6961295540424186,,spike,False,9,False
anomaly_lockbox,d_1941,2016-05-22,TX_2,HOBBIES_2,TX,62.0,48.27418561238163,13.725814387618371,168,0.44935867804020546,12.068633475491076,17.892955990763067,11.0,16.3086,0.741993425593396,,spike,False,48,False
anomaly_lockbox,d_1941,2016-05-22,TX_2,HOUSEHOLD_1,TX,1011.0,902.0278967725739,108.97210322742615,168,2.586436775464506,52.7841509083666,78.25778213674431,108.0,160.1208,1.3594260346666593,,spike,False,30,False
anomaly_lockbox,d_1941,2016-05-22,TX_2,HOUSEHOLD_2,TX,275.0,246.25310883808407,28.746891161915926,168,3.9485061642942156,17.430686732382796,25.84273614943073,30.0,44.477999999999994,0.9595882128823257,,spike,False,37,False
anomaly_lockbox,d_1941,2016-05-22,TX_3,FOODS_1,TX,294.0,299.51580128153705,-5.515801281537051,168,-6.582356202483766,33.46832859706534,49.62014397800907,30.0,44.477999999999994,0.021494393918312614,,spike,False,69,False
anomaly_lockbox,d_1941,2016-05-22,TX_3,FOODS_2,TX,568.0,512.1978751229807,55.80212487701931,168,1.2222230771089073,39.93788391101927,59.211906686477164,67.0,99.3342,0.921772407852142,,spike,False,40,False
anomaly_lockbox,d_1941,2016-05-22,TX_3,FOODS_3,TX,2384.0,2021.8817594854897,362.11824051451026,168,14.023064556677582,115.01769419548702,170.52523341422906,199.0,295.0374,2.041311828099141,,spike,False,17,False
anomaly_lockbox,d_1941,2016-05-22,TX_3,HOBBIES_1,TX,471.0,378.26763666913035,92.73236333086965,168,15.203725840623378,29.80770011824157,44.19289619530495,42.0,62.2692,1.754323526288438,,spike,False,22,False
anomaly_lockbox,d_1941,2016-05-22,TX_3,HOBBIES_2,TX,57.0,53.451531747968524,3.5484682520314763,168,5.158204388232139,11.504291330894542,17.056262327184246,14.0,20.7564,-0.09437801232894195,,drop,False,68,False
anomaly_lockbox,d_1941,2016-05-22,TX_3,HOUSEHOLD_1,TX,980.0,887.6388730301395,92.36112696986049,168,14.740755402915227,65.66806597354093,97.35947461237178,100.5,149.0013,0.7972554481829732,,spike,False,43,False
anomaly_lockbox,d_1941,2016-05-22,TX_3,HOUSEHOLD_2,TX,220.0,208.64852715302646,11.351472846973536,168,7.101941028670069,13.696061250985842,20.30578041071161,19.5,28.9107,0.20927695130898658,,spike,False,62,False
anomaly_lockbox,d_1941,2016-05-22,WI_1,FOODS_1,WI,352.0,352.72910778746655,-0.7291077874665461,168,-14.300155016168702,35.22765573409737,52.228522391372756,45.0,66.717,0.25983976967619243,,spike,False,61,False
anomaly_lockbox,d_1941,2016-05-22,WI_1,FOODS_2,WI,809.0,766.2685128999887,42.73148710001135,168,13.518371491533685,41.2053589013627,61.09106510716034,99.5,147.5187,0.478189659277256,,spike,False,55,False
anomaly_lockbox,d_1941,2016-05-22,WI_1,FOODS_3,WI,2295.0,2141.3791899703624,153.6208100296376,168,2.349864332053585,107.8399877465398,159.8835658330199,214.0,317.27639999999997,0.9461319236247784,,spike,False,39,False
anomaly_lockbox,d_1941,2016-05-22,WI_1,HOBBIES_1,WI,560.0,448.2812655499668,111.7187344500332,168,-6.488511374065951,41.39425992717577,61.37112976803079,65.5,97.1103,1.9261050964988948,,spike,False,20,False
anomaly_lockbox,d_1941,2016-05-22,WI_1,HOBBIES_2,WI,40.0,38.617329689200986,1.3826703107990141,168,-4.134663515508507,8.693512559869298,12.88900172126222,9.0,13.343399999999999,0.42806525638102005,,spike,False,57,False
anomaly_lockbox,d_1941,2016-05-22,WI_1,HOUSEHOLD_1,WI,752.0,754.3176721485745,-2.317672148574502,168,-12.713724599904822,45.27486841898042,67.12451991798036,102.0,151.2252,0.1548771218629688,,spike,False,65,False
anomaly_lockbox,d_1941,2016-05-22,WI_1,HOUSEHOLD_2,WI,246.0,219.62836941799114,26.371630582008862,168,-2.9713364689985866,14.734345182319544,21.845140167306955,23.0,34.099799999999995,1.3432263114942886,,spike,False,31,False
anomaly_lockbox,d_1941,2016-05-22,WI_2,FOODS_1,WI,398.0,386.2872270721406,11.712772927859419,168,-18.370180709413376,53.21885308094923,78.90227157781533,53.0,78.5778,0.3812685368329891,,spike,False,59,False
anomaly_lockbox,d_1941,2016-05-22,WI_2,FOODS_2,WI,836.0,1044.8993705659711,-208.89937056597114,168,22.7488264989434,92.92896624100149,137.7764853489088,208.5,309.1221,-1.681333331143428,,drop,False,26,False
anomaly_lockbox,d_1941,2016-05-22,WI_2,FOODS_3,WI,2323.0,2547.4073511532215,-224.4073511532215,168,-14.49269494220357,131.23108380650547,194.563204851525,327.0,484.81019999999995,-1.0789021303961759,,drop,False,35,False
anomaly_lockbox,d_1941,2016-05-22,WI_2,HOBBIES_1,WI,245.0,273.3454089848802,-28.34540898488018,168,3.7437959882949627,27.857817006763696,41.30199949422785,33.5,49.6671,-0.7769407139153096,,drop,False,44,False
anomaly_lockbox,d_1941,2016-05-22,WI_2,HOBBIES_2,WI,36.0,32.9012956159913,3.0987043840086983,168,-5.035826698847519,7.1431782645639466,10.590476095042506,8.0,11.8608,0.76809871528477,,spike,False,45,False
anomaly_lockbox,d_1941,2016-05-22,WI_2,HOUSEHOLD_1,WI,1034.0,923.8335680191084,110.16643198089162,168,21.26622900931295,89.68038723788936,132.96014211889477,120.0,177.91199999999998,0.6686229538780344,,spike,False,49,False
anomaly_lockbox,d_1941,2016-05-22,WI_2,HOUSEHOLD_2,WI,196.0,164.7917201284816,31.208279871518414,168,1.3445780441335913,15.226545518600226,22.574876385876692,19.0,28.1694,1.3228733268310682,,spike,False,32,False
anomaly_lockbox,d_1941,2016-05-22,WI_3,FOODS_1,WI,278.0,255.74830820903975,22.25169179096025,168,-12.280809838717076,31.015004139908868,45.98284513782888,38.5,57.080099999999995,0.7509866239500771,,spike,False,47,False
anomaly_lockbox,d_1941,2016-05-22,WI_3,FOODS_2,WI,574.0,557.4793370194035,16.520662980596512,168,16.12530927846919,42.51952212980271,63.039443509645494,94.5,140.10569999999998,0.006271529063654115,,spike,False,70,False
anomaly_lockbox,d_1941,2016-05-22,WI_3,FOODS_3,WI,2632.0,2145.2031376843224,486.7968623156776,168,-0.057346979574504076,112.10466650885621,166.20637856603022,289.0,428.47139999999996,2.9292149524925444,,spike,False,7,False
anomaly_lockbox,d_1941,2016-05-22,WI_3,HOBBIES_1,WI,305.0,268.2877307351183,36.712269264881684,168,0.8866500185241506,31.867621374367985,47.246935449637974,40.5,60.0453,0.7582633435462753,,spike,False,46,False
anomaly_lockbox,d_1941,2016-05-22,WI_3,HOBBIES_2,WI,37.0,34.55620815143239,2.4437918485676065,168,-1.180317913410649,8.055002205937786,11.94234627052336,8.0,11.8608,0.30346714790237217,,spike,False,60,False
anomaly_lockbox,d_1941,2016-05-22,WI_3,HOUSEHOLD_1,WI,723.0,726.9913770211159,-3.991377021115909,168,10.14740273920853,48.563542848588895,72.00030862731789,103.5,153.4491,-0.19637109937276012,,drop,False,63,False
anomaly_lockbox,d_1941,2016-05-22,WI_3,HOUSEHOLD_2,WI,208.0,191.20837215739624,16.79162784260376,168,4.417184438691265,16.103898250120537,23.875639545628708,21.0,31.1346,0.518287410909505,,spike,False,54,False
