block,family,magnitude,store_id,dept_id,date,window_position,original_actual_sales,injected_actual_sales,expected_sales,prior_robust_scale,prior_sales_robust_scale,score_before,score_after,detected,direction_correct,detected_at_4
development_2,one_day_positive_spike,2,CA_1,FOODS_1,2015-04-28,1,271.0,466.7032,313.45115173563784,61.50968509725808,97.85159999999999,-0.3533431182947064,2.8283216827940554,False,True,False
development_2,one_day_positive_spike,4,CA_1,FOODS_1,2015-04-28,1,271.0,662.4064,313.45115173563784,61.50968509725808,97.85159999999999,-0.3533431182947064,6.009986483882817,True,True,True
development_2,one_day_negative_drop,2,CA_1,FOODS_1,2015-04-29,1,292.0,96.29680000000002,313.45115173563784,61.50968509725808,97.85159999999999,-0.011933469280975282,-3.193598270369737,True,True,False
development_2,one_day_negative_drop,4,CA_1,FOODS_1,2015-04-29,1,292.0,0.0,313.45115173563784,61.50968509725808,97.85159999999999,-0.011933469280975282,-4.759153350805234,True,True,True
development_2,two_day_positive_sustained_spike,2,CA_1,FOODS_1,2015-04-30,1,303.0,498.7032,319.7210394757289,61.50968509725808,97.85159999999999,0.06496681483574164,3.2466316159245032,True,True,False
development_2,two_day_positive_sustained_spike,2,CA_1,FOODS_1,2015-05-01,2,474.0,669.7031999999999,414.4350668799792,61.50968509725808,97.85159999999999,1.3051938209588854,4.486858622047645,True,True,True
development_2,two_day_positive_sustained_spike,4,CA_1,FOODS_1,2015-04-30,1,303.0,694.4064,319.7210394757289,61.50968509725808,97.85159999999999,0.06496681483574164,6.428296417013264,True,True,True
development_2,two_day_positive_sustained_spike,4,CA_1,FOODS_1,2015-05-01,2,474.0,865.4064,414.4350668799792,61.50968509725808,97.85159999999999,1.3051938209588854,7.668523423136408,True,True,True
development_2,two_day_negative_sustained_drop,2,CA_1,FOODS_1,2015-05-02,1,479.0,283.2968,499.4429858464023,61.50968509725808,97.85159999999999,0.004456890832906969,-3.1772079102558544,True,True,False
development_2,two_day_negative_sustained_drop,2,CA_1,FOODS_1,2015-05-03,2,535.0,339.2968,457.16961672863306,61.50968509725808,97.85159999999999,1.6021462459707365,-1.579518555118025,False,True,False
development_2,two_day_negative_sustained_drop,4,CA_1,FOODS_1,2015-05-02,1,479.0,87.59360000000004,499.4429858464023,61.50968509725808,97.85159999999999,0.004456890832906969,-6.358872711344616,True,True,True
development_2,two_day_negative_sustained_drop,4,CA_1,FOODS_1,2015-05-03,2,535.0,143.59360000000004,457.16961672863306,61.50968509725808,97.85159999999999,1.6021462459707365,-4.761183356206786,True,True,True
development_2,three_day_positive_sustained_spike,2,CA_1,FOODS_1,2015-05-04,1,327.0,522.7031999999999,347.84859959093035,61.50968509725808,97.85159999999999,-0.0021374161268298384,3.1795273849619305,True,True,False
development_2,three_day_positive_sustained_spike,2,CA_1,FOODS_1,2015-05-05,2,360.0,555.7031999999999,315.79637108224614,61.50968509725808,97.85159999999999,1.0554558459070225,4.237120646995782,True,True,True
development_2,three_day_positive_sustained_spike,2,CA_1,FOODS_1,2015-05-06,3,372.0,567.7031999999999,335.1046428490061,61.50968509725808,97.85159999999999,0.9366408697743331,4.118305670863093,True,True,True
development_2,three_day_positive_sustained_spike,4,CA_1,FOODS_1,2015-05-04,1,327.0,718.4064,347.84859959093035,61.50968509725808,97.85159999999999,-0.0021374161268298384,6.361192186050694,True,True,True
development_2,three_day_positive_sustained_spike,4,CA_1,FOODS_1,2015-05-05,2,360.0,751.4064,315.79637108224614,61.50968509725808,97.85159999999999,1.0554558459070225,7.418785448084545,True,True,True
development_2,three_day_positive_sustained_spike,4,CA_1,FOODS_1,2015-05-06,3,372.0,763.4064,335.1046428490061,61.50968509725808,97.85159999999999,0.9366408697743331,7.2999704719518554,True,True,True
development_2,three_day_negative_sustained_drop,2,CA_1,FOODS_1,2015-05-07,1,379.0,183.29680000000002,335.58201506080104,61.50968509725808,97.85159999999999,1.0426831585275855,-2.138981642561176,False,True,False
development_2,three_day_negative_sustained_drop,2,CA_1,FOODS_1,2015-05-08,2,425.0,229.29680000000002,382.4485096966208,61.50968509725808,97.85159999999999,1.0285960333138944,-2.153068767774867,False,True,False
development_2,three_day_negative_sustained_drop,2,CA_1,FOODS_1,2015-05-09,3,485.0,289.2968,468.94101954550183,61.50968509725808,97.85159999999999,0.5978913433615478,-2.583773457727214,False,True,False
development_2,three_day_negative_sustained_drop,4,CA_1,FOODS_1,2015-05-07,1,379.0,0.0,335.58201506080104,61.50968509725808,97.85159999999999,1.0426831585275855,-5.118948126053559,True,True,True
development_2,three_day_negative_sustained_drop,4,CA_1,FOODS_1,2015-05-08,2,425.0,33.59360000000004,382.4485096966208,61.50968509725808,97.85159999999999,1.0285960333138944,-5.334733568863628,True,True,True
development_2,three_day_negative_sustained_drop,4,CA_1,FOODS_1,2015-05-09,3,485.0,93.59360000000004,468.94101954550183,61.50968509725808,97.85159999999999,0.5978913433615478,-5.7654382588159745,True,True,True
development_2,one_day_positive_spike,2,CA_1,FOODS_2,2015-05-10,1,593.0,803.5292,510.7858478389492,45.4405792447987,105.26459999999999,2.1160887389327465,6.749154679087942,True,True,True
development_2,one_day_positive_spike,4,CA_1,FOODS_2,2015-05-10,1,593.0,1014.0583999999999,510.7858478389492,45.4405792447987,105.26459999999999,2.1160887389327465,11.382220619243137,True,True,True
development_2,one_day_negative_drop,2,CA_1,FOODS_2,2015-05-11,1,526.0,315.47080000000005,479.4952958896661,45.4405792447987,105.26459999999999,1.3302394244171454,-3.30282651573805,True,True,False
development_2,one_day_negative_drop,4,CA_1,FOODS_2,2015-05-11,1,526.0,104.94160000000005,479.4952958896661,45.4405792447987,105.26459999999999,1.3302394244171454,-7.935892455893247,True,True,True
development_2,two_day_positive_sustained_spike,2,CA_1,FOODS_2,2015-05-12,1,399.0,609.5292,419.8288871490719,45.4405792447987,105.26459999999999,-0.15155487438931187,4.481511065765884,True,True,True
development_2,two_day_positive_sustained_spike,2,CA_1,FOODS_2,2015-05-13,2,410.0,620.5292,418.2607633835133,45.4405792447987,105.26459999999999,0.12502883062578632,4.758094770780982,True,True,True
development_2,two_day_positive_sustained_spike,4,CA_1,FOODS_2,2015-05-12,1,399.0,820.0583999999999,419.8288871490719,45.4405792447987,105.26459999999999,-0.15155487438931187,9.11457700592108,True,True,True
development_2,two_day_positive_sustained_spike,4,CA_1,FOODS_2,2015-05-13,2,410.0,831.0583999999999,418.2607633835133,45.4405792447987,105.26459999999999,0.12502883062578632,9.391160710936177,True,True,True
development_2,two_day_negative_sustained_drop,2,CA_1,FOODS_2,2015-05-14,1,357.0,146.47080000000003,416.8759944699988,45.4405792447987,105.26459999999999,-1.0108552611773265,-5.643921201332521,True,True,True
development_2,two_day_negative_sustained_drop,2,CA_1,FOODS_2,2015-05-15,2,453.0,242.47080000000003,455.3167332445829,45.4405792447987,105.26459999999999,0.25583768556816266,-4.377228254587035,True,True,True
development_2,two_day_negative_sustained_drop,4,CA_1,FOODS_2,2015-05-14,1,357.0,0.0,416.8759944699988,45.4405792447987,105.26459999999999,-1.0108552611773265,-8.867269196324589,True,True,True
development_2,two_day_negative_sustained_drop,4,CA_1,FOODS_2,2015-05-15,2,453.0,31.94160000000005,455.3167332445829,45.4405792447987,105.26459999999999,0.25583768556816266,-9.010294194742231,True,True,True
development_2,three_day_positive_sustained_spike,2,CA_1,FOODS_2,2015-05-16,1,621.0,831.5292,587.0456515884936,45.4405792447987,105.26459999999999,1.05404673701288,5.687112677168075,True,True,True
development_2,three_day_positive_sustained_spike,2,CA_1,FOODS_2,2015-05-17,2,595.0,805.5292,622.1564590217845,45.4405792447987,105.26459999999999,-0.2908042408778979,4.342261699277298,True,True,True
development_2,three_day_positive_sustained_spike,2,CA_1,FOODS_2,2015-05-18,3,477.0,687.5292,465.3153580088832,45.4405792447987,105.26459999999999,0.5639626141759398,5.197028554331135,True,True,True
development_2,three_day_positive_sustained_spike,4,CA_1,FOODS_2,2015-05-16,1,621.0,1042.0584,587.0456515884936,45.4405792447987,105.26459999999999,1.05404673701288,10.320178617323272,True,True,True
development_2,three_day_positive_sustained_spike,4,CA_1,FOODS_2,2015-05-17,2,595.0,1016.0583999999999,622.1564590217845,45.4405792447987,105.26459999999999,-0.2908042408778979,8.975327639432493,True,True,True
development_2,three_day_positive_sustained_spike,4,CA_1,FOODS_2,2015-05-18,3,477.0,898.0583999999999,465.3153580088832,45.4405792447987,105.26459999999999,0.5639626141759398,9.830094494486332,True,True,True
development_2,three_day_negative_sustained_drop,2,CA_1,FOODS_2,2015-05-19,1,409.0,198.47080000000003,398.87080004693274,45.4405792447987,105.26459999999999,0.5297323718704883,-4.103333568284708,True,True,True
development_2,three_day_negative_sustained_drop,2,CA_1,FOODS_2,2015-05-20,2,338.0,127.47080000000003,397.3014336297675,45.4405792447987,105.26459999999999,-0.9982110376709301,-5.6312769778261265,True,True,True
development_2,three_day_negative_sustained_drop,2,CA_1,FOODS_2,2015-05-21,3,378.0,167.47080000000003,395.916664716253,45.4405792447987,105.26459999999999,-0.08746628922559621,-4.720532229380792,True,True,True
development_2,three_day_negative_sustained_drop,4,CA_1,FOODS_2,2015-05-19,1,409.0,0.0,398.87080004693274,45.4405792447987,105.26459999999999,0.5297323718704883,-8.471033172878057,True,True,True
development_2,three_day_negative_sustained_drop,4,CA_1,FOODS_2,2015-05-20,2,338.0,0.0,397.3014336297675,45.4405792447987,105.26459999999999,-0.9982110376709301,-8.436496500079263,True,True,True
development_2,three_day_negative_sustained_drop,4,CA_1,FOODS_2,2015-05-21,3,378.0,0.0,395.916664716253,45.4405792447987,105.26459999999999,-0.08746628922559621,-8.406022220557993,True,True,True
development_2,one_day_positive_spike,2,CA_1,FOODS_3,2015-04-28,1,1706.0,2505.1214,1655.2480999601828,154.1242798603323,399.5607,1.414050430734857,6.598966141122378,True,True,True
development_2,one_day_positive_spike,4,CA_1,FOODS_3,2015-04-28,1,1706.0,3304.2428,1655.2480999601828,154.1242798603323,399.5607,1.414050430734857,11.783881851509898,True,True,True
development_2,one_day_negative_drop,2,CA_1,FOODS_3,2015-04-29,1,1699.0,899.8786,1650.6944437473985,154.1242798603323,399.5607,1.398177890798694,-3.786737819588829,True,True,False
development_2,one_day_negative_drop,4,CA_1,FOODS_3,2015-04-29,1,1699.0,100.75720000000001,1650.6944437473985,154.1242798603323,399.5607,1.398177890798694,-8.971653529976349,True,True,True
development_2,two_day_positive_sustained_spike,2,CA_1,FOODS_3,2015-04-30,1,1694.0,2493.1214,1650.1520724378456,154.1242798603323,399.5607,1.3692555905972794,6.554171300984801,True,True,True
development_2,two_day_positive_sustained_spike,2,CA_1,FOODS_3,2015-05-01,2,2533.0,3332.1214,2339.7289828049456,154.1242798603323,399.5607,2.3387529972895114,7.523668707677032,True,True,True
development_2,two_day_positive_sustained_spike,4,CA_1,FOODS_3,2015-04-30,1,1694.0,3292.2428,1650.1520724378456,154.1242798603323,399.5607,1.3692555905972794,11.739087011372321,True,True,True
development_2,two_day_positive_sustained_spike,4,CA_1,FOODS_3,2015-05-01,2,2533.0,4131.2428,2339.7289828049456,154.1242798603323,399.5607,2.3387529972895114,12.708584418064554,True,True,True
development_2,two_day_negative_sustained_drop,2,CA_1,FOODS_3,2015-05-02,1,2836.0,2036.8786,2950.6845236938307,154.1242798603323,399.5607,0.34065418269680176,-4.844261527690719,True,True,True
development_2,two_day_negative_sustained_drop,2,CA_1,FOODS_3,2015-05-03,2,3146.0,2346.8786,3028.189698668962,154.1242798603323,399.5607,1.8491434696252194,-3.3357722407623016,True,True,False
development_2,two_day_negative_sustained_drop,4,CA_1,FOODS_3,2015-05-02,1,2836.0,1237.7572,2950.6845236938307,154.1242798603323,399.5607,0.34065418269680176,-10.02917723807824,True,True,True
development_2,two_day_negative_sustained_drop,4,CA_1,FOODS_3,2015-05-03,2,3146.0,1547.7572,3028.189698668962,154.1242798603323,399.5607,1.8491434696252194,-8.520687951149823,True,True,True
development_2,three_day_positive_sustained_spike,2,CA_1,FOODS_3,2015-05-04,1,2205.0,3004.1214,2187.164556244872,154.1242798603323,399.5607,1.2004795623777218,6.385395272765243,True,True,True
development_2,three_day_positive_sustained_spike,2,CA_1,FOODS_3,2015-05-05,2,2019.0,2818.1214,1855.775985798728,154.1242798603323,399.5607,2.143799917729229,7.328715628116751,True,True,True
development_2,three_day_positive_sustained_spike,2,CA_1,FOODS_3,2015-05-06,3,1754.0,2553.1214,1982.9348331085023,154.1242798603323,399.5607,-0.4006327158905309,4.784282994496992,True,True,True
development_2,three_day_positive_sustained_spike,4,CA_1,FOODS_3,2015-05-04,1,2205.0,3803.2428,2187.164556244872,154.1242798603323,399.5607,1.2004795623777218,11.570310983152764,True,True,True
development_2,three_day_positive_sustained_spike,4,CA_1,FOODS_3,2015-05-05,2,2019.0,3617.2428,1855.775985798728,154.1242798603323,399.5607,2.143799917729229,12.513631338504272,True,True,True
development_2,three_day_positive_sustained_spike,4,CA_1,FOODS_3,2015-05-06,3,1754.0,3352.2428,1982.9348331085023,154.1242798603323,399.5607,-0.4006327158905309,9.969198704884512,True,True,True
development_2,three_day_negative_sustained_drop,2,CA_1,FOODS_3,2015-05-07,1,1947.0,1147.8786,1980.5686431695103,154.1242798603323,399.5607,0.8669559477258256,-4.317959762661694,True,True,True
development_2,three_day_negative_sustained_drop,2,CA_1,FOODS_3,2015-05-08,2,2311.0,1511.8786,2253.590910583828,154.1242798603323,399.5607,1.457244075385702,-3.727671635001819,True,True,False
development_2,three_day_negative_sustained_drop,2,CA_1,FOODS_3,2015-05-09,3,2950.0,2150.8786,2883.7807429148997,154.1242798603323,399.5607,1.5144068253230398,-3.670508885064481,True,True,False
development_2,three_day_negative_sustained_drop,4,CA_1,FOODS_3,2015-05-07,1,1947.0,348.7572,1980.5686431695103,154.1242798603323,399.5607,0.8669559477258256,-9.502875473049215,True,True,True
development_2,three_day_negative_sustained_drop,4,CA_1,FOODS_3,2015-05-08,2,2311.0,712.7572,2253.590910583828,154.1242798603323,399.5607,1.457244075385702,-8.91258734538934,True,True,True
development_2,three_day_negative_sustained_drop,4,CA_1,FOODS_3,2015-05-09,3,2950.0,1351.7572,2883.7807429148997,154.1242798603323,399.5607,1.5144068253230398,-8.855424595452002,True,True,True
development_2,one_day_positive_spike,2,CA_1,HOBBIES_1,2015-05-10,1,494.0,677.8424,470.3553709073003,81.10531141948404,91.9212,0.0381047293749611,2.3048169431922587,False,True,False
development_2,one_day_positive_spike,4,CA_1,HOBBIES_1,2015-05-10,1,494.0,861.6848,470.3553709073003,81.10531141948404,91.9212,0.0381047293749611,4.5715291570095555,True,True,True
development_2,one_day_negative_drop,2,CA_1,HOBBIES_1,2015-05-11,1,586.0,402.1576,451.8682377968983,81.10531141948404,91.9212,1.400372269893393,-0.8663399439239046,False,True,False
development_2,one_day_negative_drop,4,CA_1,HOBBIES_1,2015-05-11,1,586.0,218.3152,451.8682377968983,81.10531141948404,91.9212,1.400372269893393,-3.133052157741202,True,True,False
development_2,two_day_positive_sustained_spike,2,CA_1,HOBBIES_1,2015-05-12,1,501.0,684.8424,411.7452018234643,81.10531141948404,91.9212,0.8470550673435099,3.1137672811608073,True,True,False
development_2,two_day_positive_sustained_spike,2,CA_1,HOBBIES_1,2015-05-13,2,487.0,670.8424,411.142585454373,81.10531141948404,91.9212,0.6818700332633596,2.948582247080657,False,True,False
development_2,two_day_positive_sustained_spike,4,CA_1,HOBBIES_1,2015-05-12,1,501.0,868.6848,411.7452018234643,81.10531141948404,91.9212,0.8470550673435099,5.380479494978105,True,True,True
development_2,two_day_positive_sustained_spike,4,CA_1,HOBBIES_1,2015-05-13,2,487.0,854.6848,411.142585454373,81.10531141948404,91.9212,0.6818700332633596,5.215294460897955,True,True,True
development_2,two_day_negative_sustained_drop,2,CA_1,HOBBIES_1,2015-05-14,1,348.0,164.1576,411.9615649088275,81.10531141948404,91.9212,-1.0420488693014558,-3.3087610831187533,True,True,False
development_2,two_day_negative_sustained_drop,2,CA_1,HOBBIES_1,2015-05-15,2,523.0,339.1576,470.1758022606791,81.10531141948404,91.9212,0.3978785609024897,-1.8688336529148077,False,True,False
development_2,two_day_negative_sustained_drop,4,CA_1,HOBBIES_1,2015-05-14,1,348.0,0.0,411.9615649088275,81.10531141948404,91.9212,-1.0420488693014558,-5.332766627601062,True,True,True
development_2,two_day_negative_sustained_drop,4,CA_1,HOBBIES_1,2015-05-15,2,523.0,155.3152,470.1758022606791,81.10531141948404,91.9212,0.3978785609024897,-4.135545866732105,True,True,True
development_2,three_day_positive_sustained_spike,2,CA_1,HOBBIES_1,2015-05-16,1,621.0,804.8424,584.4721879533458,81.10531141948404,91.9212,0.19694984973115431,2.4636620635484516,False,True,False
development_2,three_day_positive_sustained_spike,2,CA_1,HOBBIES_1,2015-05-17,2,524.0,707.8424,568.9726556946351,81.10531141948404,91.9212,-0.8079222889104382,1.4587899249068592,False,True,False
development_2,three_day_positive_sustained_spike,2,CA_1,HOBBIES_1,2015-05-18,3,436.0,619.8424,446.6836702839059,81.10531141948404,91.9212,-0.3851511434624723,1.8815610703548251,False,True,False
development_2,three_day_positive_sustained_spike,4,CA_1,HOBBIES_1,2015-05-16,1,621.0,988.6848,584.4721879533458,81.10531141948404,91.9212,0.19694984973115431,4.730374277365749,True,True,True
development_2,three_day_positive_sustained_spike,4,CA_1,HOBBIES_1,2015-05-17,2,524.0,891.6848,568.9726556946351,81.10531141948404,91.9212,-0.8079222889104382,3.7255021387241567,True,True,False
development_2,three_day_positive_sustained_spike,4,CA_1,HOBBIES_1,2015-05-18,3,436.0,803.6848,446.6836702839059,81.10531141948404,91.9212,-0.3851511434624723,4.148273284172123,True,True,True
development_2,three_day_negative_sustained_drop,2,CA_1,HOBBIES_1,2015-05-19,1,467.0,283.1576,405.3500887857238,81.10531141948404,91.9212,0.5066965078468996,-1.7600157059703971,False,True,False
development_2,three_day_negative_sustained_drop,2,CA_1,HOBBIES_1,2015-05-20,2,522.0,338.1576,405.9469084619332,81.10531141948404,91.9212,1.1774686110746704,-1.089243602742627,False,True,False
development_2,three_day_negative_sustained_drop,2,CA_1,HOBBIES_1,2015-05-21,3,408.0,224.1576,406.7658879163877,81.10531141948404,91.9212,-0.23820907322149507,-2.5049212870387922,False,True,False
development_2,three_day_negative_sustained_drop,4,CA_1,HOBBIES_1,2015-05-19,1,467.0,99.3152,405.3500887857238,81.10531141948404,91.9212,0.5066965078468996,-4.026727919787694,True,True,True
development_2,three_day_negative_sustained_drop,4,CA_1,HOBBIES_1,2015-05-20,2,522.0,154.3152,405.9469084619332,81.10531141948404,91.9212,1.1774686110746704,-3.3559558165599244,True,True,False
development_2,three_day_negative_sustained_drop,4,CA_1,HOBBIES_1,2015-05-21,3,408.0,40.315200000000004,406.7658879163877,81.10531141948404,91.9212,-0.23820907322149507,-4.7716335008560895,True,True,True
development_2,one_day_positive_spike,2,CA_1,HOBBIES_2,2015-04-28,1,35.0,52.7912,46.294528379424776,10.83498747825522,8.8956,-0.20737188123816702,1.4346420145513052,False,True,False
development_2,one_day_positive_spike,4,CA_1,HOBBIES_2,2015-04-28,1,35.0,70.5824,46.294528379424776,10.83498747825522,8.8956,-0.20737188123816702,3.0766559103407776,True,True,False
development_2,one_day_negative_drop,2,CA_1,HOBBIES_2,2015-04-29,1,36.0,18.2088,46.294528379424776,10.83498747825522,8.8956,-0.1150782812679867,-1.7570921770574586,False,True,False
development_2,one_day_negative_drop,4,CA_1,HOBBIES_2,2015-04-29,1,36.0,0.4176000000000002,46.294528379424776,10.83498747825522,8.8956,-0.1150782812679867,-3.399106072846931,True,True,False
development_2,two_day_positive_sustained_spike,2,CA_1,HOBBIES_2,2015-04-30,1,24.0,41.7912,49.93502200364069,10.83498747825522,8.8956,-1.558595743157526,0.08341815263194635,False,True,False
development_2,two_day_positive_sustained_spike,2,CA_1,HOBBIES_2,2015-05-01,2,46.0,63.7912,57.352449760492874,10.83498747825522,8.8956,-0.21271765401218645,1.4292962417772856,False,True,False
development_2,two_day_positive_sustained_spike,4,CA_1,HOBBIES_2,2015-04-30,1,24.0,59.5824,49.93502200364069,10.83498747825522,8.8956,-1.558595743157526,1.7254320484214178,False,True,False
development_2,two_day_positive_sustained_spike,4,CA_1,HOBBIES_2,2015-05-01,2,46.0,81.5824,57.352449760492874,10.83498747825522,8.8956,-0.21271765401218645,3.0713101375667584,True,True,False
development_2,two_day_negative_sustained_drop,2,CA_1,HOBBIES_2,2015-05-02,1,51.0,33.2088,60.817800546458166,10.83498747825522,8.8956,-0.07107935335751547,-1.7130932491469877,False,True,False
development_2,two_day_negative_sustained_drop,2,CA_1,HOBBIES_2,2015-05-03,2,45.0,27.2088,58.53208048121216,10.83498747825522,8.8956,-0.41388361983296823,-2.05589751562244,False,True,False
development_2,two_day_negative_sustained_drop,4,CA_1,HOBBIES_2,2015-05-02,1,51.0,15.4176,60.817800546458166,10.83498747825522,8.8956,-0.07107935335751547,-3.355107144936459,True,True,False
development_2,two_day_negative_sustained_drop,4,CA_1,HOBBIES_2,2015-05-03,2,45.0,9.4176,58.53208048121216,10.83498747825522,8.8956,-0.41388361983296823,-3.6979114114119125,True,True,False
development_2,three_day_positive_sustained_spike,2,CA_1,HOBBIES_2,2015-05-04,1,50.0,67.7912,47.84244340497504,10.83498747825522,8.8956,1.0341694681585705,2.676183363948042,False,True,False
development_2,three_day_positive_sustained_spike,2,CA_1,HOBBIES_2,2015-05-05,2,55.0,72.7912,45.05812141425683,10.83498747825522,8.8956,1.7526125680089941,3.3946264637984664,True,True,False
development_2,three_day_positive_sustained_spike,2,CA_1,HOBBIES_2,2015-05-06,3,51.0,68.7912,47.371393366480646,10.83498747825522,8.8956,1.16993797194749,2.8119518677369624,False,True,False
development_2,three_day_positive_sustained_spike,4,CA_1,HOBBIES_2,2015-05-04,1,50.0,85.5824,47.84244340497504,10.83498747825522,8.8956,1.0341694681585705,4.318197259737515,True,True,True
development_2,three_day_positive_sustained_spike,4,CA_1,HOBBIES_2,2015-05-05,2,55.0,90.5824,45.05812141425683,10.83498747825522,8.8956,1.7526125680089941,5.036640359587939,True,True,True
development_2,three_day_positive_sustained_spike,4,CA_1,HOBBIES_2,2015-05-06,3,51.0,86.5824,47.371393366480646,10.83498747825522,8.8956,1.16993797194749,4.453965763526435,True,True,True
development_2,three_day_negative_sustained_drop,2,CA_1,HOBBIES_2,2015-05-07,1,55.0,37.2088,47.47236621686538,10.83498747825522,8.8956,1.5297932239669536,-0.11222067182251862,False,True,False
development_2,three_day_negative_sustained_drop,2,CA_1,HOBBIES_2,2015-05-08,2,49.0,31.2088,55.05813839195747,10.83498747825522,8.8956,0.27591340155299793,-1.3661004942364738,False,True,False
development_2,three_day_negative_sustained_drop,2,CA_1,HOBBIES_2,2015-05-09,3,60.0,42.2088,61.73180335854118,10.83498747825522,8.8956,0.6752064364640978,-0.9668074593253744,False,True,False
development_2,three_day_negative_sustained_drop,4,CA_1,HOBBIES_2,2015-05-07,1,55.0,19.4176,47.47236621686538,10.83498747825522,8.8956,1.5297932239669536,-1.7542345676119901,False,True,False
development_2,three_day_negative_sustained_drop,4,CA_1,HOBBIES_2,2015-05-08,2,49.0,13.4176,55.05813839195747,10.83498747825522,8.8956,0.27591340155299793,-3.008114390025946,True,True,False
development_2,three_day_negative_sustained_drop,4,CA_1,HOBBIES_2,2015-05-09,3,60.0,24.4176,61.73180335854118,10.83498747825522,8.8956,0.6752064364640978,-2.608821355114846,False,True,False
development_2,one_day_positive_spike,2,CA_1,HOUSEHOLD_1,2015-05-10,1,757.0,1081.6894,695.3166951147323,89.50719752401402,162.3447,0.42950371135323817,4.057026513783608,True,True,True
development_2,one_day_positive_spike,4,CA_1,HOUSEHOLD_1,2015-05-10,1,757.0,1406.3788,695.3166951147323,89.50719752401402,162.3447,0.42950371135323817,7.684549316213977,True,True,True
development_2,one_day_negative_drop,2,CA_1,HOUSEHOLD_1,2015-05-11,1,655.0,330.3106,670.5254769451439,89.50719752401402,162.3447,-0.4330948725170379,-4.060617674947408,True,True,True
development_2,one_day_negative_drop,4,CA_1,HOUSEHOLD_1,2015-05-11,1,655.0,5.621200000000044,670.5254769451439,89.50719752401402,162.3447,-0.4330948725170379,-7.688140477377777,True,True,True
development_2,two_day_positive_sustained_spike,2,CA_1,HOUSEHOLD_1,2015-05-12,1,649.0,973.6894,595.4944578847703,89.50719752401402,162.3447,0.3381394077412966,3.9656622101716663,True,True,False
development_2,two_day_positive_sustained_spike,2,CA_1,HOUSEHOLD_1,2015-05-13,2,616.0,940.6894,591.7314323431104,89.50719752401402,162.3447,0.011495570518082383,3.639018372948452,True,True,False
development_2,two_day_positive_sustained_spike,4,CA_1,HOUSEHOLD_1,2015-05-12,1,649.0,1298.3788,595.4944578847703,89.50719752401402,162.3447,0.3381394077412966,7.593185012602036,True,True,True
development_2,two_day_positive_sustained_spike,4,CA_1,HOUSEHOLD_1,2015-05-13,2,616.0,1265.3788,591.7314323431104,89.50719752401402,162.3447,0.011495570518082383,7.266541175378822,True,True,True
development_2,two_day_negative_sustained_drop,2,CA_1,HOUSEHOLD_1,2015-05-14,1,537.0,212.31060000000002,589.5660048092961,89.50719752401402,162.3447,-0.8469222393521423,-4.474445041782512,True,True,True
development_2,two_day_negative_sustained_drop,2,CA_1,HOUSEHOLD_1,2015-05-15,2,670.0,345.3106,697.3895948523066,89.50719752401402,162.3447,-0.5656441896150252,-4.193166992045395,True,True,True
development_2,two_day_negative_sustained_drop,4,CA_1,HOUSEHOLD_1,2015-05-14,1,537.0,0.0,589.5660048092961,89.50719752401402,162.3447,-0.8469222393521423,-6.84643976257621,True,True,True
development_2,two_day_negative_sustained_drop,4,CA_1,HOUSEHOLD_1,2015-05-15,2,670.0,20.621200000000044,697.3895948523066,89.50719752401402,162.3447,-0.5656441896150252,-7.820689794475765,True,True,True
development_2,three_day_positive_sustained_spike,2,CA_1,HOUSEHOLD_1,2015-05-16,1,950.0,1274.6894,880.509419054725,89.50719752401402,162.3447,0.5167288315220682,4.144251633952438,True,True,True
development_2,three_day_positive_sustained_spike,2,CA_1,HOUSEHOLD_1,2015-05-17,2,974.0,1298.6894,919.00550059002,89.50719752401402,162.3447,0.3547744643170635,3.982297266747433,True,True,False
development_2,three_day_positive_sustained_spike,2,CA_1,HOUSEHOLD_1,2015-05-18,3,779.0,1103.6894,663.5719355531514,89.50719752401402,162.3447,1.0299555302939618,4.657478332724332,True,True,True
development_2,three_day_positive_sustained_spike,4,CA_1,HOUSEHOLD_1,2015-05-16,1,950.0,1599.3788,880.509419054725,89.50719752401402,162.3447,0.5167288315220682,7.771774436382808,True,True,True
development_2,three_day_positive_sustained_spike,4,CA_1,HOUSEHOLD_1,2015-05-17,2,974.0,1623.3788,919.00550059002,89.50719752401402,162.3447,0.3547744643170635,7.609820069177803,True,True,True
development_2,three_day_positive_sustained_spike,4,CA_1,HOUSEHOLD_1,2015-05-18,3,779.0,1428.3788,663.5719355531514,89.50719752401402,162.3447,1.0299555302939618,8.285001135154701,True,True,True
development_2,three_day_negative_sustained_drop,2,CA_1,HOUSEHOLD_1,2015-05-19,1,564.0,239.31060000000002,588.5409164927779,89.50719752401402,162.3447,-0.5338179405721548,-4.161340743002524,True,True,True
development_2,three_day_negative_sustained_drop,2,CA_1,HOUSEHOLD_1,2015-05-20,2,609.0,284.3106,585.3805073202093,89.50719752401402,162.3447,0.004243919309533401,-3.6232788831208365,True,True,False
development_2,three_day_negative_sustained_drop,2,CA_1,HOUSEHOLD_1,2015-05-21,3,583.0,258.3106,583.215079786395,89.50719752401402,162.3447,-0.26204273836166775,-3.8895655407920375,True,True,False
development_2,three_day_negative_sustained_drop,4,CA_1,HOUSEHOLD_1,2015-05-19,1,564.0,0.0,588.5409164927779,89.50719752401402,162.3447,-0.5338179405721548,-6.834987182841008,True,True,True
development_2,three_day_negative_sustained_drop,4,CA_1,HOUSEHOLD_1,2015-05-20,2,609.0,0.0,585.3805073202093,89.50719752401402,162.3447,0.004243919309533401,-6.799678188033963,True,True,True
development_2,three_day_negative_sustained_drop,4,CA_1,HOUSEHOLD_1,2015-05-21,3,583.0,0.0,583.215079786395,89.50719752401402,162.3447,-0.26204273836166775,-6.775485412550926,True,True,True
development_2,one_day_positive_spike,2,CA_1,HOUSEHOLD_2,2015-04-28,1,221.0,295.13,198.13988295907643,31.521097558322186,37.065,0.045356322686042325,2.3971145336062145,False,True,False
development_2,one_day_positive_spike,4,CA_1,HOUSEHOLD_2,2015-04-28,1,221.0,369.26,198.13988295907643,31.521097558322186,37.065,0.045356322686042325,4.748872744526387,True,True,True
development_2,one_day_negative_drop,2,CA_1,HOUSEHOLD_2,2015-04-29,1,165.0,90.87,198.13988295907643,31.521097558322186,37.065,-1.7312315609174873,-4.08298977183766,True,True,True
development_2,one_day_negative_drop,4,CA_1,HOUSEHOLD_2,2015-04-29,1,165.0,16.74000000000001,198.13988295907643,31.521097558322186,37.065,-1.7312315609174873,-6.434747982757832,True,True,True
development_2,two_day_positive_sustained_spike,2,CA_1,HOUSEHOLD_2,2015-04-30,1,182.0,256.13,203.79024328656365,31.521097558322186,37.065,-1.3711666979629848,0.9805915129571874,False,True,False
development_2,two_day_positive_sustained_spike,2,CA_1,HOUSEHOLD_2,2015-05-01,2,238.0,312.13,261.7339730704504,31.521097558322186,37.065,-1.4328311048032087,0.9189271061169635,False,True,False
development_2,two_day_positive_sustained_spike,4,CA_1,HOUSEHOLD_2,2015-04-30,1,182.0,330.26,203.79024328656365,31.521097558322186,37.065,-1.3711666979629848,3.3323497238773596,True,True,False
development_2,two_day_positive_sustained_spike,4,CA_1,HOUSEHOLD_2,2015-05-01,2,238.0,386.26,261.7339730704504,31.521097558322186,37.065,-1.4328311048032087,3.270685317037136,True,True,False
development_2,two_day_negative_sustained_drop,2,CA_1,HOUSEHOLD_2,2015-05-02,1,290.0,215.87,302.411215626781,31.521097558322186,37.065,-1.0736190747424086,-3.425377285662581,True,True,False
development_2,two_day_negative_sustained_drop,2,CA_1,HOUSEHOLD_2,2015-05-03,2,359.0,284.87,304.8064718385462,31.521097558322186,37.065,1.0394020110557227,-1.3123561998644495,False,True,False
development_2,two_day_negative_sustained_drop,4,CA_1,HOUSEHOLD_2,2015-05-02,1,290.0,141.74,302.411215626781,31.521097558322186,37.065,-1.0736190747424086,-5.777135496582754,True,True,True
development_2,two_day_negative_sustained_drop,4,CA_1,HOUSEHOLD_2,2015-05-03,2,359.0,210.74,304.8064718385462,31.521097558322186,37.065,1.0394020110557227,-3.664114410784622,True,True,False
development_2,three_day_positive_sustained_spike,2,CA_1,HOUSEHOLD_2,2015-05-04,1,212.0,286.13,204.92339430993923,31.521097558322186,37.065,-0.45537215993291613,1.896386050987257,False,True,False
development_2,three_day_positive_sustained_spike,2,CA_1,HOUSEHOLD_2,2015-05-05,2,194.0,268.13,197.13615565076103,31.521097558322186,37.065,-0.7793698037943179,1.5723884071258545,False,True,False
development_2,three_day_positive_sustained_spike,2,CA_1,HOUSEHOLD_2,2015-05-06,3,198.0,272.13,200.39002732866996,31.521097558322186,37.065,-0.7556990442114532,1.5960591667087192,False,True,False
development_2,three_day_positive_sustained_spike,4,CA_1,HOUSEHOLD_2,2015-05-04,1,212.0,360.26,204.92339430993923,31.521097558322186,37.065,-0.45537215993291613,4.248144261907429,True,True,True
development_2,three_day_positive_sustained_spike,4,CA_1,HOUSEHOLD_2,2015-05-05,2,194.0,342.26,197.13615565076103,31.521097558322186,37.065,-0.7793698037943179,3.9241466180460267,True,True,False
development_2,three_day_positive_sustained_spike,4,CA_1,HOUSEHOLD_2,2015-05-06,3,198.0,346.26,200.39002732866996,31.521097558322186,37.065,-0.7556990442114532,3.9478173776288914,True,True,False
development_2,three_day_negative_sustained_drop,2,CA_1,HOUSEHOLD_2,2015-05-07,1,190.0,115.87,202.500866882326,31.521097558322186,37.065,-1.0764632414272501,-3.4282214523474224,True,True,False
development_2,three_day_negative_sustained_drop,2,CA_1,HOUSEHOLD_2,2015-05-08,2,243.0,168.87,248.0385750095059,31.521097558322186,37.065,-0.8397236463350134,-3.1914818572551855,True,True,False
development_2,three_day_negative_sustained_drop,2,CA_1,HOUSEHOLD_2,2015-05-09,3,287.0,212.87,291.11546790564574,31.521097558322186,37.065,-0.8104382731924007,-3.162196484112573,True,True,False
development_2,three_day_negative_sustained_drop,4,CA_1,HOUSEHOLD_2,2015-05-07,1,190.0,41.74000000000001,202.500866882326,31.521097558322186,37.065,-1.0764632414272501,-5.779979663267595,True,True,True
development_2,three_day_negative_sustained_drop,4,CA_1,HOUSEHOLD_2,2015-05-08,2,243.0,94.74000000000001,248.0385750095059,31.521097558322186,37.065,-0.8397236463350134,-5.543240068175359,True,True,True
development_2,three_day_negative_sustained_drop,4,CA_1,HOUSEHOLD_2,2015-05-09,3,287.0,138.74,291.11546790564574,31.521097558322186,37.065,-0.8104382731924007,-5.513954695032746,True,True,True
development_2,one_day_positive_spike,2,CA_2,FOODS_1,2015-05-10,1,267.0,398.95140000000004,284.592118927264,58.166015615257926,65.9757,0.22012242244146007,2.4886532579176133,False,True,False
development_2,one_day_positive_spike,4,CA_2,FOODS_1,2015-05-10,1,267.0,530.9028000000001,284.592118927264,58.166015615257926,65.9757,0.22012242244146007,4.757184093393766,True,True,True
development_2,one_day_negative_drop,2,CA_2,FOODS_1,2015-05-11,1,285.0,153.0486,247.14596825389305,58.166015615257926,65.9757,1.1733620433245944,-1.0951687921515583,False,True,False
development_2,one_day_negative_drop,4,CA_2,FOODS_1,2015-05-11,1,285.0,21.097199999999987,247.14596825389305,58.166015615257926,65.9757,1.1733620433245944,-3.363699627627711,True,True,False
development_2,two_day_positive_sustained_spike,2,CA_2,FOODS_1,2015-05-12,1,158.0,289.95140000000004,247.7104345975558,58.166015615257926,65.9757,-1.019747885116171,1.248782950359982,False,True,False
development_2,two_day_positive_sustained_spike,2,CA_2,FOODS_1,2015-05-13,2,207.0,338.95140000000004,247.7104345975558,58.166015615257926,65.9757,-0.17733157927681298,2.09119925619934,False,True,False
development_2,two_day_positive_sustained_spike,4,CA_2,FOODS_1,2015-05-12,1,158.0,421.9028,247.7104345975558,58.166015615257926,65.9757,-1.019747885116171,3.517313785836134,True,True,False
development_2,two_day_positive_sustained_spike,4,CA_2,FOODS_1,2015-05-13,2,207.0,470.9028,247.7104345975558,58.166015615257926,65.9757,-0.17733157927681298,4.359730091675492,True,True,True
development_2,two_day_negative_sustained_drop,2,CA_2,FOODS_1,2015-05-14,1,221.0,89.0486,248.7171369290249,58.166015615257926,65.9757,0.04605139669451316,-2.2224794387816402,False,True,False
development_2,two_day_negative_sustained_drop,2,CA_2,FOODS_1,2015-05-15,2,392.0,260.04859999999996,291.19156544870634,58.166015615257926,65.9757,2.2556848075586413,-0.012846027917511736,False,True,False
development_2,two_day_negative_sustained_drop,4,CA_2,FOODS_1,2015-05-14,1,221.0,0.0,248.7171369290249,58.166015615257926,65.9757,0.04605139669451316,-3.7534180643360617,True,True,False
development_2,two_day_negative_sustained_drop,4,CA_2,FOODS_1,2015-05-15,2,392.0,128.0972,291.19156544870634,58.166015615257926,65.9757,2.2556848075586413,-2.281376863393664,False,True,False
development_2,three_day_positive_sustained_spike,2,CA_2,FOODS_1,2015-05-16,1,432.0,563.9514,357.7995419460718,58.166015615257926,65.9757,1.7982359653796396,4.066766800855793,True,True,True
development_2,three_day_positive_sustained_spike,2,CA_2,FOODS_1,2015-05-17,2,326.0,457.95140000000004,323.4745924884024,58.166015615257926,65.9757,0.5659863470384275,2.8345171825145807,False,True,False
development_2,three_day_positive_sustained_spike,2,CA_2,FOODS_1,2015-05-18,3,206.0,337.95140000000004,246.25694281764515,58.166015615257926,65.9757,-0.16953507172659166,2.0989957637495613,False,True,False
development_2,three_day_positive_sustained_spike,4,CA_2,FOODS_1,2015-05-16,1,432.0,695.9028000000001,357.7995419460718,58.166015615257926,65.9757,1.7982359653796396,6.335297636331945,True,True,True
development_2,three_day_positive_sustained_spike,4,CA_2,FOODS_1,2015-05-17,2,326.0,589.9028000000001,323.4745924884024,58.166015615257926,65.9757,0.5659863470384275,5.1030480179907345,True,True,True
development_2,three_day_positive_sustained_spike,4,CA_2,FOODS_1,2015-05-18,3,206.0,469.9028,246.25694281764515,58.166015615257926,65.9757,-0.16953507172659166,4.367526599225713,True,True,True
development_2,three_day_negative_sustained_drop,2,CA_2,FOODS_1,2015-05-19,1,263.0,131.0486,247.15450399803407,58.166015615257926,65.9757,0.7949875662120892,-1.4735432692640635,False,True,False
development_2,three_day_negative_sustained_drop,2,CA_2,FOODS_1,2015-05-20,2,279.0,147.0486,247.15450399803407,58.166015615257926,65.9757,1.0700622783229001,-1.1984685571532527,False,True,False
development_2,three_day_negative_sustained_drop,2,CA_2,FOODS_1,2015-05-21,3,333.0,201.0486,248.16120632950313,58.166015615257926,65.9757,1.9811320345712533,-0.2873988009048995,False,True,False
development_2,three_day_negative_sustained_drop,4,CA_2,FOODS_1,2015-05-19,1,263.0,0.0,247.15450399803407,58.166015615257926,65.9757,0.7949875662120892,-3.7265530141093635,True,True,False
development_2,three_day_negative_sustained_drop,4,CA_2,FOODS_1,2015-05-20,2,279.0,15.097199999999987,247.15450399803407,58.166015615257926,65.9757,1.0700622783229001,-3.4669993926294054,True,True,False
development_2,three_day_negative_sustained_drop,4,CA_2,FOODS_1,2015-05-21,3,333.0,69.09719999999999,248.16120632950313,58.166015615257926,65.9757,1.9811320345712533,-2.555929636381052,False,True,False
development_2,one_day_positive_spike,2,CA_2,FOODS_2,2015-04-28,1,139.0,179.0302,97.05011095419374,15.638457611412955,20.0151,4.489530257559678,7.049258396656078,True,True,True
development_2,one_day_positive_spike,4,CA_2,FOODS_2,2015-04-28,1,139.0,219.06040000000002,97.05011095419374,15.638457611412955,20.0151,4.489530257559678,9.608986535752477,True,True,True
development_2,one_day_negative_drop,2,CA_2,FOODS_2,2015-04-29,1,111.0,70.96979999999999,96.0846035577264,15.638457611412955,20.0151,2.7608116540189505,0.2010835149225519,False,False,False
development_2,one_day_negative_drop,4,CA_2,FOODS_2,2015-04-29,1,111.0,30.9396,96.0846035577264,15.638457611412955,20.0151,2.7608116540189505,-2.358644624173847,False,True,False
development_2,two_day_positive_sustained_spike,2,CA_2,FOODS_2,2015-04-30,1,94.0,134.0302,95.84021276640662,15.638457611412955,20.0151,1.6893754788521642,4.249103617948564,True,True,True
development_2,two_day_positive_sustained_spike,2,CA_2,FOODS_2,2015-05-01,2,112.0,152.0302,118.20501004409144,15.638457611412955,20.0151,1.4102688440329223,3.969996983129323,True,True,False
development_2,two_day_positive_sustained_spike,4,CA_2,FOODS_2,2015-04-30,1,94.0,174.06040000000002,95.84021276640662,15.638457611412955,20.0151,1.6893754788521642,6.808831757044964,True,True,True
development_2,two_day_positive_sustained_spike,4,CA_2,FOODS_2,2015-05-01,2,112.0,192.06040000000002,118.20501004409144,15.638457611412955,20.0151,1.4102688440329223,6.529725122225722,True,True,True
development_2,two_day_negative_sustained_drop,2,CA_2,FOODS_2,2015-05-02,1,125.0,84.96979999999999,137.61706837797607,15.638457611412955,20.0151,1.0002502543987954,-1.559477884697604,False,True,False
development_2,two_day_negative_sustained_drop,2,CA_2,FOODS_2,2015-05-03,2,188.0,147.9698,146.48980626177772,15.638457611412955,20.0151,4.4614139740674315,1.9016858349710317,False,False,False
development_2,two_day_negative_sustained_drop,4,CA_2,FOODS_2,2015-05-02,1,125.0,44.9396,137.61706837797607,15.638457611412955,20.0151,1.0002502543987954,-4.1192060237940025,True,True,True
development_2,two_day_negative_sustained_drop,4,CA_2,FOODS_2,2015-05-03,2,188.0,107.9396,146.48980626177772,15.638457611412955,20.0151,4.4614139740674315,-0.6580423041253668,False,True,False
development_2,three_day_positive_sustained_spike,2,CA_2,FOODS_2,2015-05-04,1,96.0,136.0302,105.7965348612616,15.638457611412955,20.0151,1.1806090587514726,3.740337197847872,True,True,False
development_2,three_day_positive_sustained_spike,2,CA_2,FOODS_2,2015-05-05,2,135.0,175.0302,103.42024126179918,15.638457611412955,20.0151,3.8264130521878834,6.386141191284283,True,True,True
development_2,three_day_positive_sustained_spike,2,CA_2,FOODS_2,2015-05-06,3,77.0,117.03020000000001,102.51698622971492,15.638457611412955,20.0151,0.175365974102221,2.7350941131986213,False,True,False
development_2,three_day_positive_sustained_spike,4,CA_2,FOODS_2,2015-05-04,1,96.0,176.06040000000002,105.7965348612616,15.638457611412955,20.0151,1.1806090587514726,6.3000653369442725,True,True,True
development_2,three_day_positive_sustained_spike,4,CA_2,FOODS_2,2015-05-05,2,135.0,215.06040000000002,103.42024126179918,15.638457611412955,20.0151,3.8264130521878834,8.945869330380683,True,True,True
development_2,three_day_positive_sustained_spike,4,CA_2,FOODS_2,2015-05-06,3,77.0,157.06040000000002,102.51698622971492,15.638457611412955,20.0151,0.175365974102221,5.29482225229502,True,True,True
development_2,three_day_negative_sustained_drop,2,CA_2,FOODS_2,2015-05-07,1,84.0,43.9698,102.70567624249207,15.638457611412955,20.0151,0.6109146807887387,-1.9488134583076595,False,True,False
development_2,three_day_negative_sustained_drop,2,CA_2,FOODS_2,2015-05-08,2,83.0,42.9698,116.47789779775188,15.638457611412955,20.0151,-0.3336939195171517,-2.89342205861355,False,True,False
development_2,three_day_negative_sustained_drop,2,CA_2,FOODS_2,2015-05-09,3,94.0,53.9698,139.68510772922647,15.638457611412955,20.0151,-1.1142830437646585,-3.674011182861058,True,True,False
development_2,three_day_negative_sustained_drop,4,CA_2,FOODS_2,2015-05-07,1,84.0,3.9395999999999987,102.70567624249207,15.638457611412955,20.0151,0.6109146807887387,-4.508541597404058,True,True,True
development_2,three_day_negative_sustained_drop,4,CA_2,FOODS_2,2015-05-08,2,83.0,2.9395999999999987,116.47789779775188,15.638457611412955,20.0151,-0.3336939195171517,-5.453150197709951,True,True,True
development_2,three_day_negative_sustained_drop,4,CA_2,FOODS_2,2015-05-09,3,94.0,13.939599999999999,139.68510772922647,15.638457611412955,20.0151,-1.1142830437646585,-6.233739321957456,True,True,True
development_2,one_day_positive_spike,2,CA_2,FOODS_3,2015-05-10,1,883.0,1265.5108,870.2608510400776,155.6170221309546,191.25539999999998,1.0949736237707526,3.5530003535080055,True,True,False
development_2,one_day_positive_spike,4,CA_2,FOODS_3,2015-05-10,1,883.0,1648.0216,870.2608510400776,155.6170221309546,191.25539999999998,1.0949736237707526,6.011027083245258,True,True,True
development_2,one_day_negative_drop,2,CA_2,FOODS_3,2015-05-11,1,876.0,493.48920000000004,788.653594562265,155.6170221309546,191.25539999999998,1.5744022586088438,-0.8836244711284084,False,True,False
development_2,one_day_negative_drop,4,CA_2,FOODS_3,2015-05-11,1,876.0,110.97840000000008,788.653594562265,155.6170221309546,191.25539999999998,1.5744022586088438,-3.341651200865661,True,True,False
development_2,two_day_positive_sustained_spike,2,CA_2,FOODS_3,2015-05-12,1,784.0,1166.5108,765.0272494878595,155.6170221309546,191.25539999999998,1.1350309482642926,3.5930576780015455,True,True,False
development_2,two_day_positive_sustained_spike,2,CA_2,FOODS_3,2015-05-13,2,841.0,1223.5108,765.0272494878595,155.6170221309546,191.25539999999998,1.501314785465813,3.959341515203066,True,True,False
development_2,two_day_positive_sustained_spike,4,CA_2,FOODS_3,2015-05-12,1,784.0,1549.0216,765.0272494878595,155.6170221309546,191.25539999999998,1.1350309482642926,6.051084407738798,True,True,True
development_2,two_day_positive_sustained_spike,4,CA_2,FOODS_3,2015-05-13,2,841.0,1606.0216,765.0272494878595,155.6170221309546,191.25539999999998,1.501314785465813,6.417368244940318,True,True,True
development_2,two_day_negative_sustained_drop,2,CA_2,FOODS_3,2015-05-14,1,688.0,305.48920000000004,764.8585985113567,155.6170221309546,191.25539999999998,0.5192156106410515,-1.9388111190962007,False,True,False
development_2,two_day_negative_sustained_drop,2,CA_2,FOODS_3,2015-05-15,2,976.0,593.4892,918.6272135343186,155.6170221309546,191.25539999999998,1.3817908169965616,-1.076235912740691,False,True,False
development_2,two_day_negative_sustained_drop,4,CA_2,FOODS_3,2015-05-14,1,688.0,0.0,764.8585985113567,155.6170221309546,191.25539999999998,0.5192156106410515,-3.901894564703618,True,True,False
development_2,two_day_negative_sustained_drop,4,CA_2,FOODS_3,2015-05-15,2,976.0,210.97840000000008,918.6272135343186,155.6170221309546,191.25539999999998,1.3817908169965616,-3.5342626424779433,True,True,False
development_2,three_day_positive_sustained_spike,2,CA_2,FOODS_3,2015-05-16,1,1138.0,1520.5108,1107.588185605494,155.6170221309546,191.25539999999998,1.2085387414717699,3.6665654712090228,True,True,False
development_2,three_day_positive_sustained_spike,2,CA_2,FOODS_3,2015-05-17,2,1102.0,1484.5108,1109.1135775728033,155.6170221309546,191.25539999999998,0.9673993631862052,3.425426092923458,True,True,False
development_2,three_day_positive_sustained_spike,2,CA_2,FOODS_3,2015-05-18,3,835.0,1217.5108,777.0737238397609,155.6170221309546,191.25539999999998,1.3853475596136509,3.843374289350903,True,True,False
development_2,three_day_positive_sustained_spike,4,CA_2,FOODS_3,2015-05-16,1,1138.0,1903.0216,1107.588185605494,155.6170221309546,191.25539999999998,1.2085387414717699,6.124592200946275,True,True,True
development_2,three_day_positive_sustained_spike,4,CA_2,FOODS_3,2015-05-17,2,1102.0,1867.0216,1109.1135775728033,155.6170221309546,191.25539999999998,0.9673993631862052,5.88345282266071,True,True,True
development_2,three_day_positive_sustained_spike,4,CA_2,FOODS_3,2015-05-18,3,835.0,1600.0216,777.0737238397609,155.6170221309546,191.25539999999998,1.3853475596136509,6.301401019088155,True,True,True
development_2,three_day_negative_sustained_drop,2,CA_2,FOODS_3,2015-05-19,1,744.0,361.48920000000004,752.9285313834087,155.6170221309546,191.25539999999998,0.9557364115003795,-1.5022903182368728,False,True,False
development_2,three_day_negative_sustained_drop,2,CA_2,FOODS_3,2015-05-20,2,785.0,402.48920000000004,752.9285313834087,155.6170221309546,191.25539999999998,1.21920373299621,-1.2388229967410422,False,True,False
development_2,three_day_negative_sustained_drop,2,CA_2,FOODS_3,2015-05-21,3,872.0,489.48920000000004,752.7598804069058,155.6170221309546,191.25539999999998,1.7793522937567983,-0.6786744359804541,False,True,False
development_2,three_day_negative_sustained_drop,4,CA_2,FOODS_3,2015-05-19,1,744.0,0.0,752.9285313834087,155.6170221309546,191.25539999999998,0.9557364115003795,-3.8252315688142042,True,True,False
development_2,three_day_negative_sustained_drop,4,CA_2,FOODS_3,2015-05-20,2,785.0,19.97840000000008,752.9285313834087,155.6170221309546,191.25539999999998,1.21920373299621,-3.6968497264782947,True,True,False
development_2,three_day_negative_sustained_drop,4,CA_2,FOODS_3,2015-05-21,3,872.0,106.97840000000008,752.7598804069058,155.6170221309546,191.25539999999998,1.7793522937567983,-3.136701165717706,True,True,False
development_3,one_day_positive_spike,2,CA_1,FOODS_1,2015-07-21,1,348.0,528.8772,345.33278171149254,52.69976730818562,90.4386,0.0160335931726421,3.4482536813988225,True,True,False
development_3,one_day_positive_spike,4,CA_1,FOODS_1,2015-07-21,1,348.0,709.7544,345.33278171149254,52.69976730818562,90.4386,0.0160335931726421,6.880473769625002,True,True,True
development_3,one_day_negative_drop,2,CA_1,FOODS_1,2015-07-22,1,374.0,193.1228,345.408216712408,52.69976730818562,90.4386,0.5079629948240574,-2.9242570934021224,False,True,False
development_3,one_day_negative_drop,4,CA_1,FOODS_1,2015-07-22,1,374.0,12.245600000000024,345.408216712408,52.69976730818562,90.4386,0.5079629948240574,-6.356477181628302,True,True,True
development_3,two_day_positive_sustained_spike,2,CA_1,FOODS_1,2015-07-23,1,347.0,527.8772,346.4728264389115,52.69976730818562,90.4386,-0.02457464547296883,3.4076454427532115,True,True,False
development_3,two_day_positive_sustained_spike,2,CA_1,FOODS_1,2015-07-24,2,384.0,564.8772,389.2860121099964,52.69976730818562,90.4386,-0.13488226100928968,3.2973378272168903,True,True,False
development_3,two_day_positive_sustained_spike,4,CA_1,FOODS_1,2015-07-23,1,347.0,708.7544,346.4728264389115,52.69976730818562,90.4386,-0.02457464547296883,6.839865530979392,True,True,True
development_3,two_day_positive_sustained_spike,4,CA_1,FOODS_1,2015-07-24,2,384.0,745.7544,389.2860121099964,52.69976730818562,90.4386,-0.13488226100928968,6.7295579154430705,True,True,True
development_3,two_day_negative_sustained_drop,2,CA_1,FOODS_1,2015-07-25,1,325.0,144.1228,465.1334948779224,52.69976730818562,90.4386,-2.693669323186331,-6.12588941141251,True,True,True
development_3,two_day_negative_sustained_drop,2,CA_1,FOODS_1,2015-07-26,2,357.0,176.1228,441.6578609630828,52.69976730818562,90.4386,-1.6409960999741513,-5.07321618820033,True,True,True
development_3,two_day_negative_sustained_drop,4,CA_1,FOODS_1,2015-07-25,1,325.0,0.0,465.1334948779224,52.69976730818562,90.4386,-2.693669323186331,-8.860679475231521,True,True,True
development_3,two_day_negative_sustained_drop,4,CA_1,FOODS_1,2015-07-26,2,357.0,0.0,441.6578609630828,52.69976730818562,90.4386,-1.6409960999741513,-8.415219559297638,True,True,True
development_3,three_day_positive_sustained_spike,2,CA_1,FOODS_1,2015-07-27,1,326.0,506.8772,344.7746009320637,52.69976730818562,90.4386,-0.3908338431706814,3.0413862450554987,True,True,False
development_3,three_day_positive_sustained_spike,2,CA_1,FOODS_1,2015-07-28,2,259.0,439.8772,339.87016711050217,52.69976730818562,90.4386,-1.569123033999678,1.8630970542265022,False,True,False
development_3,three_day_positive_sustained_spike,2,CA_1,FOODS_1,2015-07-29,3,293.0,473.8772,339.87016711050217,52.69976730818562,90.4386,-0.9239588950164889,2.5082611932096914,False,True,False
development_3,three_day_positive_sustained_spike,4,CA_1,FOODS_1,2015-07-27,1,326.0,687.7544,344.7746009320637,52.69976730818562,90.4386,-0.3908338431706814,6.473606333281679,True,True,True
development_3,three_day_positive_sustained_spike,4,CA_1,FOODS_1,2015-07-28,2,259.0,620.7544,339.87016711050217,52.69976730818562,90.4386,-1.569123033999678,5.295317142452682,True,True,True
development_3,three_day_positive_sustained_spike,4,CA_1,FOODS_1,2015-07-29,3,293.0,654.7544,339.87016711050217,52.69976730818562,90.4386,-0.9239588950164889,5.940481281435871,True,True,True
development_3,three_day_negative_sustained_drop,2,CA_1,FOODS_1,2015-07-30,1,354.0,173.1228,347.49479508950543,52.69976730818562,90.4386,0.0888609853609749,-3.3433591028652048,True,True,False
development_3,three_day_negative_sustained_drop,2,CA_1,FOODS_1,2015-07-31,2,456.0,275.1228,410.4046061999915,52.69976730818562,90.4386,0.8306135752901946,-2.6016065129359855,False,True,False
development_3,three_day_negative_sustained_drop,2,CA_1,FOODS_1,2015-08-01,3,471.0,290.1228,511.6672928151277,52.69976730818562,90.4386,-0.8062567757813063,-4.238476864007486,True,True,True
development_3,three_day_negative_sustained_drop,4,CA_1,FOODS_1,2015-07-30,1,354.0,0.0,347.49479508950543,52.69976730818562,90.4386,0.0888609853609749,-6.628436226405172,True,True,True
development_3,three_day_negative_sustained_drop,4,CA_1,FOODS_1,2015-07-31,2,456.0,94.24560000000002,410.4046061999915,52.69976730818562,90.4386,0.8306135752901946,-6.033826601162165,True,True,True
development_3,three_day_negative_sustained_drop,4,CA_1,FOODS_1,2015-08-01,3,471.0,109.24560000000002,511.6672928151277,52.69976730818562,90.4386,-0.8062567757813063,-7.670696952233666,True,True,True
development_3,one_day_positive_spike,2,CA_1,FOODS_2,2015-08-02,1,715.0,950.7334,629.6455868354009,50.36258716489441,117.8667,1.6944212105525351,6.375145797400599,True,True,True
development_3,one_day_positive_spike,4,CA_1,FOODS_2,2015-08-02,1,715.0,1186.4668,629.6455868354009,50.36258716489441,117.8667,1.6944212105525351,11.055870384248662,True,True,True
development_3,one_day_negative_drop,2,CA_1,FOODS_2,2015-08-03,1,639.0,403.26660000000004,530.3354249943379,50.36258716489441,117.8667,2.157268001261323,-2.523456585586741,False,True,False
development_3,one_day_negative_drop,4,CA_1,FOODS_2,2015-08-03,1,639.0,167.53320000000002,530.3354249943379,50.36258716489441,117.8667,2.157268001261323,-7.204181172434805,True,True,True
development_3,two_day_positive_sustained_spike,2,CA_1,FOODS_2,2015-08-04,1,542.0,777.7334,467.9120975991082,50.36258716489441,117.8667,1.4707132678525472,6.15143785470061,True,True,True
development_3,two_day_positive_sustained_spike,2,CA_1,FOODS_2,2015-08-05,2,486.0,721.7334,458.3153372487829,50.36258716489441,117.8667,0.5493301090060061,5.2300546958540695,True,True,True
development_3,two_day_positive_sustained_spike,4,CA_1,FOODS_2,2015-08-04,1,542.0,1013.4667999999999,467.9120975991082,50.36258716489441,117.8667,1.4707132678525472,10.832162441548675,True,True,True
development_3,two_day_positive_sustained_spike,4,CA_1,FOODS_2,2015-08-05,2,486.0,957.4667999999999,458.3153372487829,50.36258716489441,117.8667,0.5493301090060061,9.910779282702133,True,True,True
development_3,two_day_negative_sustained_drop,2,CA_1,FOODS_2,2015-08-06,1,492.0,256.26660000000004,457.01295897185105,50.36258716489441,117.8667,0.6943262001127398,-3.9863983867353237,True,True,False
development_3,two_day_negative_sustained_drop,2,CA_1,FOODS_2,2015-08-07,2,549.0,313.26660000000004,511.3331856732406,50.36258716489441,117.8667,0.7475358036987602,-3.9331887831493035,True,True,False
development_3,two_day_negative_sustained_drop,4,CA_1,FOODS_2,2015-08-06,1,492.0,20.533200000000022,457.01295897185105,50.36258716489441,117.8667,0.6943262001127398,-8.667122973583389,True,True,True
development_3,two_day_negative_sustained_drop,4,CA_1,FOODS_2,2015-08-07,2,549.0,77.53320000000002,511.3331856732406,50.36258716489441,117.8667,0.7475358036987602,-8.613913369997368,True,True,True
development_3,three_day_positive_sustained_spike,2,CA_1,FOODS_2,2015-08-08,1,683.0,918.7334,611.6805231965557,50.36258716489441,117.8667,1.4157433833948003,6.096467970242864,True,True,True
development_3,three_day_positive_sustained_spike,2,CA_1,FOODS_2,2015-08-09,2,737.0,972.7334,651.7307535716492,50.36258716489441,117.8667,1.6927301390440468,6.373454725892111,True,True,True
development_3,three_day_positive_sustained_spike,2,CA_1,FOODS_2,2015-08-10,3,564.0,799.7334,569.5314245604334,50.36258716489441,117.8667,-0.11020883014531666,4.570515756702747,True,True,True
development_3,three_day_positive_sustained_spike,4,CA_1,FOODS_2,2015-08-08,1,683.0,1154.4668,611.6805231965557,50.36258716489441,117.8667,1.4157433833948003,10.777192557090927,True,True,True
development_3,three_day_positive_sustained_spike,4,CA_1,FOODS_2,2015-08-09,2,737.0,1208.4668,651.7307535716492,50.36258716489441,117.8667,1.6927301390440468,11.054179312740175,True,True,True
development_3,three_day_positive_sustained_spike,4,CA_1,FOODS_2,2015-08-10,3,564.0,1035.4668,569.5314245604334,50.36258716489441,117.8667,-0.11020883014531666,9.25124034355081,True,True,True
development_3,three_day_negative_sustained_drop,2,CA_1,FOODS_2,2015-08-11,1,494.0,258.26660000000004,408.9544619873235,50.36258716489441,117.8667,1.6882881826580125,-2.992436404190051,False,True,False
development_3,three_day_negative_sustained_drop,2,CA_1,FOODS_2,2015-08-12,2,473.0,237.2666,408.9680379114489,50.36258716489441,117.8667,1.2710424233143969,-3.409682163533667,True,True,False
development_3,three_day_negative_sustained_drop,2,CA_1,FOODS_2,2015-08-13,3,389.0,153.2666,407.66565963451706,50.36258716489441,117.8667,-0.371002324154675,-5.051726911002739,True,True,True
development_3,three_day_negative_sustained_drop,4,CA_1,FOODS_2,2015-08-11,1,494.0,22.533200000000022,408.9544619873235,50.36258716489441,117.8667,1.6882881826580125,-7.673160991038116,True,True,True
development_3,three_day_negative_sustained_drop,4,CA_1,FOODS_2,2015-08-12,2,473.0,1.533200000000022,408.9680379114489,50.36258716489441,117.8667,1.2710424233143969,-8.090406750381732,True,True,True
development_3,three_day_negative_sustained_drop,4,CA_1,FOODS_2,2015-08-13,3,389.0,0.0,407.66565963451706,50.36258716489441,117.8667,-0.371002324154675,-8.094989948665656,True,True,True
development_3,one_day_positive_spike,2,CA_1,FOODS_3,2015-07-21,1,1740.0,2605.8384,1723.9039177267932,190.2886245916772,432.9192,0.49724032699161325,5.047372537248126,True,True,True
development_3,one_day_positive_spike,4,CA_1,FOODS_3,2015-07-21,1,1740.0,3471.6768,1723.9039177267932,190.2886245916772,432.9192,0.49724032699161325,9.597504747504638,True,True,True
development_3,one_day_negative_drop,2,CA_1,FOODS_3,2015-07-22,1,1853.0,987.1616,1696.0713035901813,190.2886245916772,432.9192,1.2373403431581689,-3.3127918670983436,True,True,False
development_3,one_day_negative_drop,4,CA_1,FOODS_3,2015-07-22,1,1853.0,121.32320000000004,1696.0713035901813,190.2886245916772,432.9192,1.2373403431581689,-7.862924077354855,True,True,True
development_3,two_day_positive_sustained_spike,2,CA_1,FOODS_3,2015-07-23,1,1672.0,2537.8384,1686.39993278435,190.2886245916772,432.9192,0.33697843470564387,4.8871106449621555,True,True,True
development_3,two_day_positive_sustained_spike,2,CA_1,FOODS_3,2015-07-24,2,2049.0,2914.8384,2041.208635153382,190.2886245916772,432.9192,0.45359758458171345,5.003729794838226,True,True,True
development_3,two_day_positive_sustained_spike,4,CA_1,FOODS_3,2015-07-23,1,1672.0,3403.6768,1686.39993278435,190.2886245916772,432.9192,0.33697843470564387,9.43724285521867,True,True,True
development_3,two_day_positive_sustained_spike,4,CA_1,FOODS_3,2015-07-24,2,2049.0,3780.6768,2041.208635153382,190.2886245916772,432.9192,0.45359758458171345,9.553862005094741,True,True,True
development_3,two_day_negative_sustained_drop,2,CA_1,FOODS_3,2015-07-25,1,2237.0,1371.1616,2494.1954507473856,190.2886245916772,432.9192,-0.9389544723928663,-5.48908668264938,True,True,True
development_3,two_day_negative_sustained_drop,2,CA_1,FOODS_3,2015-07-26,2,2532.0,1666.1616,2556.7619206737645,190.2886245916772,432.9192,0.28252437623709653,-4.267607834019417,True,True,True
development_3,two_day_negative_sustained_drop,4,CA_1,FOODS_3,2015-07-25,1,2237.0,505.32320000000004,2494.1954507473856,190.2886245916772,432.9192,-0.9389544723928663,-10.039218892905891,True,True,True
development_3,two_day_negative_sustained_drop,4,CA_1,FOODS_3,2015-07-26,2,2532.0,800.3232,2556.7619206737645,190.2886245916772,432.9192,0.28252437623709653,-8.817740044275928,True,True,True
development_3,three_day_positive_sustained_spike,2,CA_1,FOODS_3,2015-07-27,1,2273.0,3138.8384,1901.7786012835309,190.2886245916772,432.9192,2.3634859693955823,6.9136181796520955,True,True,True
development_3,three_day_positive_sustained_spike,2,CA_1,FOODS_3,2015-07-28,2,1852.0,2717.8384,1661.8040584581463,190.2886245916772,432.9192,1.4121655341196364,5.962297744376149,True,True,True
development_3,three_day_positive_sustained_spike,2,CA_1,FOODS_3,2015-07-29,3,1751.0,2616.8384,1660.4632715184498,190.2886245916772,432.9192,0.8884389410342484,5.438571151290761,True,True,True
development_3,three_day_positive_sustained_spike,4,CA_1,FOODS_3,2015-07-27,1,2273.0,4004.6768,1901.7786012835309,190.2886245916772,432.9192,2.3634859693955823,11.463750389908608,True,True,True
development_3,three_day_positive_sustained_spike,4,CA_1,FOODS_3,2015-07-28,2,1852.0,3583.6768,1661.8040584581463,190.2886245916772,432.9192,1.4121655341196364,10.512429954632662,True,True,True
development_3,three_day_positive_sustained_spike,4,CA_1,FOODS_3,2015-07-29,3,1751.0,3482.6768,1660.4632715184498,190.2886245916772,432.9192,0.8884389410342484,9.988703361547275,True,True,True
development_3,three_day_negative_sustained_drop,2,CA_1,FOODS_3,2015-07-30,1,1949.0,1083.1616,1668.351419340337,190.2886245916772,432.9192,1.887509971086917,-2.662622239169595,False,True,False
development_3,three_day_negative_sustained_drop,2,CA_1,FOODS_3,2015-07-31,2,2331.0,1465.1616,2058.359420073313,190.2886245916772,432.9192,1.8454265267919199,-2.7047056834645935,False,True,False
development_3,three_day_negative_sustained_drop,2,CA_1,FOODS_3,2015-08-01,3,2795.0,1929.1616,2884.203211772608,190.2886245916772,432.9192,-0.056125878012846894,-4.60625808826936,True,True,True
development_3,three_day_negative_sustained_drop,4,CA_1,FOODS_3,2015-07-30,1,1949.0,217.32320000000004,1668.351419340337,190.2886245916772,432.9192,1.887509971086917,-7.212754449426106,True,True,True
development_3,three_day_negative_sustained_drop,4,CA_1,FOODS_3,2015-07-31,2,2331.0,599.3232,2058.359420073313,190.2886245916772,432.9192,1.8454265267919199,-7.254837893721104,True,True,True
development_3,three_day_negative_sustained_drop,4,CA_1,FOODS_3,2015-08-01,3,2795.0,1063.3232,2884.203211772608,190.2886245916772,432.9192,-0.056125878012846894,-9.15639029852587,True,True,True
development_3,one_day_positive_spike,2,CA_1,HOBBIES_1,2015-08-02,1,715.0,879.5686000000001,717.2542706435769,76.39888385951363,82.2843,-0.34694813261931723,1.8071226035791021,False,True,False
development_3,one_day_positive_spike,4,CA_1,HOBBIES_1,2015-08-02,1,715.0,1044.1372000000001,717.2542706435769,76.39888385951363,82.2843,-0.34694813261931723,3.9611933397775214,True,True,False
development_3,one_day_negative_drop,2,CA_1,HOBBIES_1,2015-08-03,1,636.0,471.4314,576.5982000139427,76.39888385951363,82.2843,0.46008028867294526,-1.6939904475254732,False,True,False
development_3,one_day_negative_drop,4,CA_1,HOBBIES_1,2015-08-03,1,636.0,306.8628,576.5982000139427,76.39888385951363,82.2843,0.46008028867294526,-3.8480611837238916,True,True,False
development_3,two_day_positive_sustained_spike,2,CA_1,HOBBIES_1,2015-08-04,1,470.0,634.5686000000001,452.37706971947216,76.39888385951363,82.2843,-0.08677154469093872,2.0672991915074808,False,True,False
development_3,two_day_positive_sustained_spike,2,CA_1,HOBBIES_1,2015-08-05,2,455.0,619.5686000000001,451.40222925947944,76.39888385951363,82.2843,-0.2703496132632165,1.8837211229352029,False,True,False
development_3,two_day_positive_sustained_spike,4,CA_1,HOBBIES_1,2015-08-04,1,470.0,799.1372,452.37706971947216,76.39888385951363,82.2843,-0.08677154469093872,4.221369927705898,True,True,True
development_3,two_day_positive_sustained_spike,4,CA_1,HOBBIES_1,2015-08-05,2,455.0,784.1372,451.40222925947944,76.39888385951363,82.2843,-0.2703496132632165,4.037791859133621,True,True,True
development_3,two_day_negative_sustained_drop,2,CA_1,HOBBIES_1,2015-08-06,1,474.0,309.4314,453.21130222807534,76.39888385951363,82.2843,-0.045334192056072954,-2.1994049282544914,False,True,False
development_3,two_day_negative_sustained_drop,2,CA_1,HOBBIES_1,2015-08-07,2,570.0,405.4314,513.5314066637537,76.39888385951363,82.2843,0.4216869705820059,-1.7323837656164127,False,True,False
development_3,two_day_negative_sustained_drop,4,CA_1,HOBBIES_1,2015-08-06,1,474.0,144.8628,453.21130222807534,76.39888385951363,82.2843,-0.045334192056072954,-4.35347566445291,True,True,True
development_3,two_day_negative_sustained_drop,4,CA_1,HOBBIES_1,2015-08-07,2,570.0,240.8628,513.5314066637537,76.39888385951363,82.2843,0.4216869705820059,-3.886454501814831,True,True,False
development_3,three_day_positive_sustained_spike,2,CA_1,HOBBIES_1,2015-08-08,1,588.0,752.5686000000001,655.8499485356813,76.39888385951363,82.2843,-1.2055428473369465,0.9485278888614729,False,True,False
development_3,three_day_positive_sustained_spike,2,CA_1,HOBBIES_1,2015-08-09,2,684.0,848.5686000000001,644.6426392740649,76.39888385951363,82.2843,0.19771468530914488,2.351785421507564,False,True,False
development_3,three_day_positive_sustained_spike,2,CA_1,HOBBIES_1,2015-08-10,3,448.0,612.5686000000001,505.4060165578725,76.39888385951363,82.2843,-1.0688401698866623,1.085230566311757,False,True,False
development_3,three_day_positive_sustained_spike,4,CA_1,HOBBIES_1,2015-08-08,1,588.0,917.1372,655.8499485356813,76.39888385951363,82.2843,-1.2055428473369465,3.1025986250598905,True,True,False
development_3,three_day_positive_sustained_spike,4,CA_1,HOBBIES_1,2015-08-09,2,684.0,1013.1372,644.6426392740649,76.39888385951363,82.2843,0.19771468530914488,4.505856157705982,True,True,True
development_3,three_day_positive_sustained_spike,4,CA_1,HOBBIES_1,2015-08-10,3,448.0,777.1372,505.4060165578725,76.39888385951363,82.2843,-1.0688401698866623,3.239301302510175,True,True,False
development_3,three_day_negative_sustained_drop,2,CA_1,HOBBIES_1,2015-08-11,1,550.0,385.4314,443.1391895333692,76.39888385951363,82.2843,1.0812806005497997,-1.072790135648618,False,True,False
development_3,three_day_negative_sustained_drop,2,CA_1,HOBBIES_1,2015-08-12,2,485.0,320.4314,443.15276545749464,76.39888385951363,82.2843,0.23030513284956664,-1.923765603348852,False,True,False
development_3,three_day_negative_sustained_drop,2,CA_1,HOBBIES_1,2015-08-13,3,449.0,284.4314,444.2173751839982,76.39888385951363,82.2843,-0.25484082549532133,-2.4089115616937398,False,True,False
development_3,three_day_negative_sustained_drop,4,CA_1,HOBBIES_1,2015-08-11,1,550.0,220.8628,443.1391895333692,76.39888385951363,82.2843,1.0812806005497997,-3.2268608718470366,True,True,False
development_3,three_day_negative_sustained_drop,4,CA_1,HOBBIES_1,2015-08-12,2,485.0,155.8628,443.15276545749464,76.39888385951363,82.2843,0.23030513284956664,-4.077836339547271,True,True,True
development_3,three_day_negative_sustained_drop,4,CA_1,HOBBIES_1,2015-08-13,3,449.0,119.8628,444.2173751839982,76.39888385951363,82.2843,-0.25484082549532133,-4.562982297892159,True,True,True
development_3,one_day_positive_spike,2,CA_1,HOBBIES_2,2015-07-21,1,28.0,48.7564,41.12653940569291,8.145128937441815,10.3782,-0.8201494588252083,1.7281711582476844,False,True,False
development_3,one_day_positive_spike,4,CA_1,HOBBIES_2,2015-07-21,1,28.0,69.5128,41.12653940569291,8.145128937441815,10.3782,-0.8201494588252083,4.276491775320577,True,True,True
development_3,one_day_negative_drop,2,CA_1,HOBBIES_2,2015-07-22,1,40.0,19.2436,41.12653940569291,8.145128937441815,10.3782,0.6531237198028155,-1.8951968972700772,False,True,False
development_3,one_day_negative_drop,4,CA_1,HOBBIES_2,2015-07-22,1,40.0,0.0,41.12653940569291,8.145128937441815,10.3782,0.6531237198028155,-4.25778687562393,True,True,True
development_3,two_day_positive_sustained_spike,2,CA_1,HOBBIES_2,2015-07-23,1,40.0,60.7564,41.557375016249765,8.145128937441815,10.3782,0.6002288406835452,3.1485494577564377,True,True,False
development_3,two_day_positive_sustained_spike,2,CA_1,HOBBIES_2,2015-07-24,2,30.0,50.7564,45.132957304029226,8.145128937441815,10.3782,-1.0664829317200504,1.4818376853528423,False,True,False
development_3,two_day_positive_sustained_spike,4,CA_1,HOBBIES_2,2015-07-23,1,40.0,81.5128,41.557375016249765,8.145128937441815,10.3782,0.6002288406835452,5.696870074829331,True,True,True
development_3,two_day_positive_sustained_spike,4,CA_1,HOBBIES_2,2015-07-24,2,30.0,71.5128,45.132957304029226,8.145128937441815,10.3782,-1.0664829317200504,4.030158302425735,True,True,True
development_3,two_day_negative_sustained_drop,2,CA_1,HOBBIES_2,2015-07-25,1,28.0,7.243600000000001,50.152876150420134,8.145128937441815,10.3782,-1.928337777764476,-4.476658394837369,True,True,True
development_3,two_day_negative_sustained_drop,2,CA_1,HOBBIES_2,2015-07-26,2,30.0,9.2436,49.30676756214903,8.145128937441815,10.3782,-1.5789131572175845,-4.127233774290477,True,True,True
development_3,two_day_negative_sustained_drop,4,CA_1,HOBBIES_2,2015-07-25,1,28.0,0.0,50.152876150420134,8.145128937441815,10.3782,-1.928337777764476,-5.365975194563197,True,True,True
development_3,two_day_negative_sustained_drop,4,CA_1,HOBBIES_2,2015-07-26,2,30.0,0.0,49.30676756214903,8.145128937441815,10.3782,-1.5789131572175845,-5.262096103787644,True,True,True
development_3,three_day_positive_sustained_spike,2,CA_1,HOBBIES_2,2015-07-27,1,34.0,54.7564,41.16433684404653,8.145128937441815,10.3782,-0.08815336552346612,2.4601672515494264,False,True,False
development_3,three_day_positive_sustained_spike,2,CA_1,HOBBIES_2,2015-07-28,2,44.0,64.7564,40.69048059922794,8.145128937441815,10.3782,1.1977509246679392,3.746071541740832,True,True,False
development_3,three_day_positive_sustained_spike,2,CA_1,HOBBIES_2,2015-07-29,3,28.0,48.7564,40.69048059922794,8.145128937441815,10.3782,-0.7666133135027592,1.7817073035701334,False,True,False
development_3,three_day_positive_sustained_spike,4,CA_1,HOBBIES_2,2015-07-27,1,34.0,75.5128,41.16433684404653,8.145128937441815,10.3782,-0.08815336552346612,5.0084878686223195,True,True,True
development_3,three_day_positive_sustained_spike,4,CA_1,HOBBIES_2,2015-07-28,2,44.0,85.5128,40.69048059922794,8.145128937441815,10.3782,1.1977509246679392,6.294392158813724,True,True,True
development_3,three_day_positive_sustained_spike,4,CA_1,HOBBIES_2,2015-07-29,3,28.0,69.5128,40.69048059922794,8.145128937441815,10.3782,-0.7666133135027592,4.330027920643026,True,True,True
development_3,three_day_negative_sustained_drop,2,CA_1,HOBBIES_2,2015-07-30,1,51.0,30.2436,41.715416947540696,8.145128937441815,10.3782,1.931326009553442,-0.6169946075194508,False,True,False
development_3,three_day_negative_sustained_drop,2,CA_1,HOBBIES_2,2015-07-31,2,40.0,19.2436,51.38928490337521,8.145128937441815,10.3782,-0.6068619202655884,-3.155182537338481,True,True,False
development_3,three_day_negative_sustained_drop,2,CA_1,HOBBIES_2,2015-08-01,3,34.0,13.2436,53.88927807873147,8.145128937441815,10.3782,-1.6504295839133905,-4.198750200986283,True,True,True
development_3,three_day_negative_sustained_drop,4,CA_1,HOBBIES_2,2015-07-30,1,51.0,9.487200000000001,41.715416947540696,8.145128937441815,10.3782,1.931326009553442,-3.1653152245923435,True,True,False
development_3,three_day_negative_sustained_drop,4,CA_1,HOBBIES_2,2015-07-31,2,40.0,0.0,51.38928490337521,8.145128937441815,10.3782,-0.6068619202655884,-5.517772515692334,True,True,True
development_3,three_day_negative_sustained_drop,4,CA_1,HOBBIES_2,2015-08-01,3,34.0,0.0,53.88927807873147,8.145128937441815,10.3782,-1.6504295839133905,-5.824703590026124,True,True,True
development_3,one_day_positive_spike,2,CA_1,HOUSEHOLD_1,2015-08-02,1,1389.0,1675.1417999999999,1130.0531426168964,78.2379253292243,143.0709,3.2230269966863987,6.88035557225788,True,True,True
development_3,one_day_positive_spike,4,CA_1,HOUSEHOLD_1,2015-08-02,1,1389.0,1961.2836,1130.0531426168964,78.2379253292243,143.0709,3.2230269966863987,10.537684147829365,True,True,True
development_3,one_day_negative_drop,2,CA_1,HOUSEHOLD_1,2015-08-03,1,929.0,642.8582,866.6364408621868,78.2379253292243,143.0709,0.7103926519223966,-2.946935923649087,False,True,False
development_3,one_day_negative_drop,4,CA_1,HOUSEHOLD_1,2015-08-03,1,929.0,356.7164,866.6364408621868,78.2379253292243,143.0709,0.7103926519223966,-6.6042644992205695,True,True,True
development_3,two_day_positive_sustained_spike,2,CA_1,HOUSEHOLD_1,2015-08-04,1,798.0,1084.1417999999999,722.1139153809423,78.2379253292243,143.0709,0.883231149675779,4.540559725247261,True,True,True
development_3,two_day_positive_sustained_spike,2,CA_1,HOUSEHOLD_1,2015-08-05,2,707.0,993.1418,708.8584816761701,78.2379253292243,143.0709,-0.11046296948803436,3.546865606083449,True,True,False
development_3,two_day_positive_sustained_spike,4,CA_1,HOUSEHOLD_1,2015-08-04,1,798.0,1370.2836,722.1139153809423,78.2379253292243,143.0709,0.883231149675779,8.197888300818747,True,True,True
development_3,two_day_positive_sustained_spike,4,CA_1,HOUSEHOLD_1,2015-08-05,2,707.0,1279.2836,708.8584816761701,78.2379253292243,143.0709,-0.11046296948803436,7.204194181654933,True,True,True
development_3,two_day_negative_sustained_drop,2,CA_1,HOUSEHOLD_1,2015-08-06,1,704.0,417.8582,710.4951917363688,78.2379253292243,143.0709,-0.169727195126528,-3.8270557706980117,True,True,False
development_3,two_day_negative_sustained_drop,2,CA_1,HOUSEHOLD_1,2015-08-07,2,783.0,496.8582,824.1821556532225,78.2379253292243,143.0709,-0.613079492249583,-4.270408067821067,True,True,True
development_3,two_day_negative_sustained_drop,4,CA_1,HOUSEHOLD_1,2015-08-06,1,704.0,131.71640000000002,710.4951917363688,78.2379253292243,143.0709,-0.169727195126528,-7.484384346269494,True,True,True
development_3,two_day_negative_sustained_drop,4,CA_1,HOUSEHOLD_1,2015-08-07,2,783.0,210.71640000000002,824.1821556532225,78.2379253292243,143.0709,-0.613079492249583,-7.927736643392551,True,True,True
development_3,three_day_positive_sustained_spike,2,CA_1,HOUSEHOLD_1,2015-08-08,1,1121.0,1407.1417999999999,1010.7930690821012,78.2379253292243,143.0709,1.3219039053044503,4.979232480875934,True,True,True
development_3,three_day_positive_sustained_spike,2,CA_1,HOUSEHOLD_1,2015-08-09,2,1115.0,1401.1417999999999,1048.6522658963172,78.2379253292243,143.0709,0.7613164839271973,4.4186450594986795,True,True,True
development_3,three_day_positive_sustained_spike,2,CA_1,HOUSEHOLD_1,2015-08-10,3,847.0,1133.1417999999999,788.7963502904279,78.2379253292243,143.0709,0.6572226654901611,4.314551241061643,True,True,True
development_3,three_day_positive_sustained_spike,4,CA_1,HOUSEHOLD_1,2015-08-08,1,1121.0,1693.2836,1010.7930690821012,78.2379253292243,143.0709,1.3219039053044503,8.63656105644742,True,True,True
development_3,three_day_positive_sustained_spike,4,CA_1,HOUSEHOLD_1,2015-08-09,2,1115.0,1687.2836,1048.6522658963172,78.2379253292243,143.0709,0.7613164839271973,8.075973635070163,True,True,True
development_3,three_day_positive_sustained_spike,4,CA_1,HOUSEHOLD_1,2015-08-10,3,847.0,1419.2836,788.7963502904279,78.2379253292243,143.0709,0.6572226654901611,7.971879816633128,True,True,True
development_3,three_day_negative_sustained_drop,2,CA_1,HOUSEHOLD_1,2015-08-11,1,733.0,446.8582,698.0619726326084,78.2379253292243,143.0709,0.3598525314499358,-3.297476044121548,True,True,False
development_3,three_day_negative_sustained_drop,2,CA_1,HOUSEHOLD_1,2015-08-12,2,692.0,405.8582,692.1715188906741,78.2379253292243,143.0709,-0.08890101243974496,-3.7462295880112286,True,True,False
development_3,three_day_negative_sustained_drop,2,CA_1,HOUSEHOLD_1,2015-08-13,3,607.0,320.8582,693.0637657087805,78.2379253292243,143.0709,-1.1867349140504129,-4.844063489621896,True,True,True
development_3,three_day_negative_sustained_drop,4,CA_1,HOUSEHOLD_1,2015-08-11,1,733.0,160.71640000000002,698.0619726326084,78.2379253292243,143.0709,0.3598525314499358,-6.95480461969303,True,True,True
development_3,three_day_negative_sustained_drop,4,CA_1,HOUSEHOLD_1,2015-08-12,2,692.0,119.71640000000002,692.1715188906741,78.2379253292243,143.0709,-0.08890101243974496,-7.403558163582711,True,True,True
development_3,three_day_negative_sustained_drop,4,CA_1,HOUSEHOLD_1,2015-08-13,3,607.0,34.71640000000002,693.0637657087805,78.2379253292243,143.0709,-1.1867349140504129,-8.50139206519338,True,True,True
development_3,one_day_positive_spike,2,CA_1,HOUSEHOLD_2,2015-07-21,1,180.0,277.85159999999996,209.06466150292124,27.76088292934403,48.925799999999995,-0.9172346275456853,2.607566807950737,False,True,False
development_3,one_day_positive_spike,4,CA_1,HOUSEHOLD_2,2015-07-21,1,180.0,375.7032,209.06466150292124,27.76088292934403,48.925799999999995,-0.9172346275456853,6.132368243447162,True,True,True
development_3,one_day_negative_drop,2,CA_1,HOUSEHOLD_2,2015-07-22,1,164.0,66.14840000000001,209.06466150292124,27.76088292934403,48.925799999999995,-1.493585172329243,-5.018386607825667,True,True,True
development_3,one_day_negative_drop,4,CA_1,HOUSEHOLD_2,2015-07-22,1,164.0,0.0,209.06466150292124,27.76088292934403,48.925799999999995,-1.493585172329243,-7.401178256360709,True,True,True
development_3,two_day_positive_sustained_spike,2,CA_1,HOUSEHOLD_2,2015-07-23,1,204.0,301.85159999999996,210.17691745612552,27.76088292934403,48.925799999999995,-0.09277439315585145,3.4320270423405708,True,True,False
development_3,two_day_positive_sustained_spike,2,CA_1,HOUSEHOLD_2,2015-07-24,2,259.0,356.85159999999996,251.61756683801033,27.76088292934403,48.925799999999995,0.395659301573021,3.920460737069443,True,True,False
development_3,two_day_positive_sustained_spike,4,CA_1,HOUSEHOLD_2,2015-07-23,1,204.0,399.7032,210.17691745612552,27.76088292934403,48.925799999999995,-0.09277439315585145,6.9568284778369955,True,True,True
development_3,two_day_positive_sustained_spike,4,CA_1,HOUSEHOLD_2,2015-07-24,2,259.0,454.7032,251.61756683801033,27.76088292934403,48.925799999999995,0.395659301573021,7.445262172565867,True,True,True
development_3,two_day_negative_sustained_drop,2,CA_1,HOUSEHOLD_2,2015-07-25,1,239.0,141.1484,290.6057670135861,27.76088292934403,48.925799999999995,-1.7292082801141446,-5.254009715610568,True,True,True
development_3,two_day_negative_sustained_drop,2,CA_1,HOUSEHOLD_2,2015-07-26,2,287.0,189.1484,295.59403988970774,27.76088292934403,48.925799999999995,-0.17984375761858098,-3.704645193115004,True,True,False
development_3,two_day_negative_sustained_drop,4,CA_1,HOUSEHOLD_2,2015-07-25,1,239.0,43.29680000000002,290.6057670135861,27.76088292934403,48.925799999999995,-1.7292082801141446,-8.778811151106991,True,True,True
development_3,two_day_negative_sustained_drop,4,CA_1,HOUSEHOLD_2,2015-07-26,2,287.0,91.29680000000002,295.59403988970774,27.76088292934403,48.925799999999995,-0.17984375761858098,-7.229446628611427,True,True,True
development_3,three_day_positive_sustained_spike,2,CA_1,HOUSEHOLD_2,2015-07-27,1,250.0,347.85159999999996,210.9485469714063,27.76088292934403,48.925799999999995,1.53643785487793,5.061239290374353,True,True,True
development_3,three_day_positive_sustained_spike,2,CA_1,HOUSEHOLD_2,2015-07-28,2,184.0,281.85159999999996,207.63315971508752,27.76088292934403,48.925799999999995,-0.7215815641450081,2.803219871351414,False,True,False
development_3,three_day_positive_sustained_spike,2,CA_1,HOUSEHOLD_2,2015-07-29,3,191.0,288.85159999999996,207.63315971508752,27.76088292934403,48.925799999999995,-0.4694282008022016,3.0553732346942204,True,True,False
development_3,three_day_positive_sustained_spike,4,CA_1,HOUSEHOLD_2,2015-07-27,1,250.0,445.7032,210.9485469714063,27.76088292934403,48.925799999999995,1.53643785487793,8.586040725870777,True,True,True
development_3,three_day_positive_sustained_spike,4,CA_1,HOUSEHOLD_2,2015-07-28,2,184.0,379.7032,207.63315971508752,27.76088292934403,48.925799999999995,-0.7215815641450081,6.328021306847838,True,True,True
development_3,three_day_positive_sustained_spike,4,CA_1,HOUSEHOLD_2,2015-07-29,3,191.0,386.7032,207.63315971508752,27.76088292934403,48.925799999999995,-0.4694282008022016,6.580174670190645,True,True,True
development_3,three_day_negative_sustained_drop,2,CA_1,HOUSEHOLD_2,2015-07-30,1,204.0,106.14840000000001,209.33951640604772,27.76088292934403,48.925799999999995,-0.06260960869243495,-3.5874110441888583,True,True,False
development_3,three_day_negative_sustained_drop,2,CA_1,HOUSEHOLD_2,2015-07-31,2,246.0,148.1484,260.7798582400252,27.76088292934403,48.925799999999995,-0.4026687436271803,-3.9274701791236035,True,True,False
development_3,three_day_negative_sustained_drop,2,CA_1,HOUSEHOLD_2,2015-08-01,3,272.0,174.1484,339.7339964638764,27.76088292934403,48.925799999999995,-2.310177894493459,-5.834979329989882,True,True,True
development_3,three_day_negative_sustained_drop,4,CA_1,HOUSEHOLD_2,2015-07-30,1,204.0,8.296800000000019,209.33951640604772,27.76088292934403,48.925799999999995,-0.06260960869243495,-7.11221247968528,True,True,True
development_3,three_day_negative_sustained_drop,4,CA_1,HOUSEHOLD_2,2015-07-31,2,246.0,50.29680000000002,260.7798582400252,27.76088292934403,48.925799999999995,-0.4026687436271803,-7.452271614620026,True,True,True
development_3,three_day_negative_sustained_drop,4,CA_1,HOUSEHOLD_2,2015-08-01,3,272.0,76.29680000000002,339.7339964638764,27.76088292934403,48.925799999999995,-2.310177894493459,-9.359780765486304,True,True,True
development_3,one_day_positive_spike,2,CA_2,FOODS_1,2015-08-02,1,495.0,638.8122,537.8578684269339,39.7685446866221,71.9061,-0.42425448825267054,3.1919754023115052,True,True,False
development_3,one_day_positive_spike,4,CA_2,FOODS_1,2015-08-02,1,495.0,782.6243999999999,537.8578684269339,39.7685446866221,71.9061,-0.42425448825267054,6.80820529287568,True,True,True
development_3,one_day_negative_drop,2,CA_2,FOODS_1,2015-08-03,1,341.0,197.1878,435.8527132124909,39.7685446866221,71.9061,-1.731690935708284,-5.3479208262724605,True,True,True
development_3,one_day_negative_drop,4,CA_2,FOODS_1,2015-08-03,1,341.0,53.37560000000002,435.8527132124909,39.7685446866221,71.9061,-1.731690935708284,-8.964150716836636,True,True,True
development_3,two_day_positive_sustained_spike,2,CA_2,FOODS_1,2015-08-04,1,457.0,600.8122,397.12438004577024,39.7685446866221,71.9061,2.1590305977545783,5.775260488318754,True,True,True
development_3,two_day_positive_sustained_spike,2,CA_2,FOODS_1,2015-08-05,2,400.0,543.8122,393.9245112034265,39.7685446866221,71.9061,0.8061993191246046,4.4224292096887785,True,True,True
development_3,two_day_positive_sustained_spike,4,CA_2,FOODS_1,2015-08-04,1,457.0,744.6243999999999,397.12438004577024,39.7685446866221,71.9061,2.1590305977545783,9.39149037888293,True,True,True
development_3,two_day_positive_sustained_spike,4,CA_2,FOODS_1,2015-08-05,2,400.0,687.6243999999999,393.9245112034265,39.7685446866221,71.9061,0.8061993191246046,8.038659100252953,True,True,True
development_3,two_day_negative_sustained_drop,2,CA_2,FOODS_1,2015-08-06,1,394.0,250.1878,405.07378114372415,39.7685446866221,71.9061,0.37497232614724757,-3.241257564416929,True,True,False
development_3,two_day_negative_sustained_drop,2,CA_2,FOODS_1,2015-08-07,2,500.0,356.18780000000004,473.2743894903493,39.7685446866221,71.9061,1.3254569855994793,-2.290772904964696,False,True,False
development_3,two_day_negative_sustained_drop,4,CA_2,FOODS_1,2015-08-06,1,394.0,106.37560000000002,405.07378114372415,39.7685446866221,71.9061,0.37497232614724757,-6.857487454981106,True,True,True
development_3,two_day_negative_sustained_drop,4,CA_2,FOODS_1,2015-08-07,2,500.0,212.37560000000002,473.2743894903493,39.7685446866221,71.9061,1.3254569855994793,-5.907002795528873,True,True,True
development_3,three_day_positive_sustained_spike,2,CA_2,FOODS_1,2015-08-08,1,429.0,572.8122,561.051924477295,39.7685446866221,71.9061,-2.667083758300498,0.9491461322636778,False,True,False
development_3,three_day_positive_sustained_spike,2,CA_2,FOODS_1,2015-08-09,2,522.0,665.8122,541.4610056464118,39.7685446866221,71.9061,0.16407135984890006,3.7803012504130757,True,True,False
development_3,three_day_positive_sustained_spike,2,CA_2,FOODS_1,2015-08-10,3,390.0,533.8122,430.4317386379256,39.7685446866221,71.9061,-0.3632482380082544,3.252981652555921,True,True,False
development_3,three_day_positive_sustained_spike,4,CA_2,FOODS_1,2015-08-08,1,429.0,716.6243999999999,561.051924477295,39.7685446866221,71.9061,-2.667083758300498,4.565376022827853,True,True,True
development_3,three_day_positive_sustained_spike,4,CA_2,FOODS_1,2015-08-09,2,522.0,809.6243999999999,541.4610056464118,39.7685446866221,71.9061,0.16407135984890006,7.396531140977251,True,True,True
development_3,three_day_positive_sustained_spike,4,CA_2,FOODS_1,2015-08-10,3,390.0,677.6243999999999,430.4317386379256,39.7685446866221,71.9061,-0.3632482380082544,6.869211543120096,True,True,True
development_3,three_day_negative_sustained_drop,2,CA_2,FOODS_1,2015-08-11,1,315.0,171.1878,381.01652358115354,39.7685446866221,71.9061,-1.00659048613016,-4.622820376694336,True,True,True
development_3,three_day_negative_sustained_drop,2,CA_2,FOODS_1,2015-08-12,2,352.0,208.1878,381.03009950527894,39.7685446866221,71.9061,-0.07654830411597625,-3.6927781946801526,True,True,False
development_3,three_day_negative_sustained_drop,2,CA_2,FOODS_1,2015-08-13,3,457.0,313.18780000000004,391.6644793710769,39.7685446866221,71.9061,2.296322538350283,-1.3199073522138924,False,True,False
development_3,three_day_negative_sustained_drop,4,CA_2,FOODS_1,2015-08-11,1,315.0,27.37560000000002,381.01652358115354,39.7685446866221,71.9061,-1.00659048613016,-8.239050267258513,True,True,True
development_3,three_day_negative_sustained_drop,4,CA_2,FOODS_1,2015-08-12,2,352.0,64.37560000000002,381.03009950527894,39.7685446866221,71.9061,-0.07654830411597625,-7.309008085244328,True,True,True
development_3,three_day_negative_sustained_drop,4,CA_2,FOODS_1,2015-08-13,3,457.0,169.37560000000002,391.6644793710769,39.7685446866221,71.9061,2.296322538350283,-4.936137242778069,True,True,True
development_3,one_day_positive_spike,2,CA_2,FOODS_2,2015-07-21,1,339.0,380.51279999999997,303.13477977695175,20.09725404436599,20.7564,3.1719465246008163,5.2375421481799265,True,True,True
development_3,one_day_positive_spike,4,CA_2,FOODS_2,2015-07-21,1,339.0,422.0256,303.13477977695175,20.09725404436599,20.7564,3.1719465246008163,7.303137771759041,True,True,True
development_3,one_day_negative_drop,2,CA_2,FOODS_2,2015-07-22,1,287.0,245.4872,303.13477977695175,20.09725404436599,20.7564,0.5845283686076326,-1.4810672549714796,False,True,False
development_3,one_day_negative_drop,4,CA_2,FOODS_2,2015-07-22,1,287.0,203.9744,303.13477977695175,20.09725404436599,20.7564,0.5845283686076326,-3.546662878550592,True,True,False
development_3,two_day_positive_sustained_spike,2,CA_2,FOODS_2,2015-07-23,1,227.0,268.51279999999997,313.85936913078234,20.09725404436599,20.7564,-2.934588680801281,-0.8689930572221702,False,False,False
development_3,two_day_positive_sustained_spike,2,CA_2,FOODS_2,2015-07-24,2,329.0,370.51279999999997,343.4817045995128,20.09725404436599,20.7564,0.6667821518254632,2.732377775404574,False,True,False
development_3,two_day_positive_sustained_spike,4,CA_2,FOODS_2,2015-07-23,1,227.0,310.0256,313.85936913078234,20.09725404436599,20.7564,-2.934588680801281,1.1966025663569433,False,True,False
development_3,two_day_positive_sustained_spike,4,CA_2,FOODS_2,2015-07-24,2,329.0,412.0256,343.4817045995128,20.09725404436599,20.7564,0.6667821518254632,4.797973398983688,True,True,True
development_3,two_day_negative_sustained_drop,2,CA_2,FOODS_2,2015-07-25,1,430.0,388.48720000000003,411.9813319535496,20.09725404436599,20.7564,2.283937041454492,0.21834141787537872,False,False,False
development_3,two_day_negative_sustained_drop,2,CA_2,FOODS_2,2015-07-26,2,520.0,478.48720000000003,417.261353057269,20.09725404436599,20.7564,6.499437263985178,4.433841640406068,True,False,True
development_3,two_day_negative_sustained_drop,4,CA_2,FOODS_2,2015-07-25,1,430.0,346.9744,411.9813319535496,20.09725404436599,20.7564,2.283937041454492,-1.8472542057037347,False,True,False
development_3,two_day_negative_sustained_drop,4,CA_2,FOODS_2,2015-07-26,2,520.0,436.9744,417.261353057269,20.09725404436599,20.7564,6.499437263985178,2.3682460168269546,False,False,False
development_3,three_day_positive_sustained_spike,2,CA_2,FOODS_2,2015-07-27,1,418.0,459.51279999999997,287.9039313167776,20.09725404436599,20.7564,7.860688989225759,9.926284612804869,True,True,True
development_3,three_day_positive_sustained_spike,2,CA_2,FOODS_2,2015-07-28,2,248.0,289.51279999999997,281.49323016795756,20.09725404436599,20.7564,-0.27919412565381796,1.7864014979252927,False,True,False
development_3,three_day_positive_sustained_spike,2,CA_2,FOODS_2,2015-07-29,3,221.0,262.51279999999997,281.49323016795756,20.09725404436599,20.7564,-1.6226612451118172,0.4429343784672935,False,True,False
development_3,three_day_positive_sustained_spike,4,CA_2,FOODS_2,2015-07-27,1,418.0,501.0256,287.9039313167776,20.09725404436599,20.7564,7.860688989225759,11.991880236383983,True,True,True
development_3,three_day_positive_sustained_spike,4,CA_2,FOODS_2,2015-07-28,2,248.0,331.0256,281.49323016795756,20.09725404436599,20.7564,-0.27919412565381796,3.8519971215044064,True,True,False
development_3,three_day_positive_sustained_spike,4,CA_2,FOODS_2,2015-07-29,3,221.0,304.0256,281.49323016795756,20.09725404436599,20.7564,-1.6226612451118172,2.508530002046407,False,True,False
development_3,three_day_negative_sustained_drop,2,CA_2,FOODS_2,2015-07-30,1,298.0,256.48720000000003,293.80152011837663,20.09725404436599,20.7564,1.5962715457445753,-0.46932407783453545,False,True,False
development_3,three_day_negative_sustained_drop,2,CA_2,FOODS_2,2015-07-31,2,369.0,327.48720000000003,346.08961516988944,20.09725404436599,20.7564,2.5273392879933145,0.4617436644142039,False,False,False
development_3,three_day_negative_sustained_drop,2,CA_2,FOODS_2,2015-08-01,3,516.0,474.48720000000003,490.4989003111284,20.09725404436599,20.7564,2.65624818535023,0.5906525617711195,False,False,False
development_3,three_day_negative_sustained_drop,4,CA_2,FOODS_2,2015-07-30,1,298.0,214.9744,293.80152011837663,20.09725404436599,20.7564,1.5962715457445753,-2.534919701413649,False,True,False
development_3,three_day_negative_sustained_drop,4,CA_2,FOODS_2,2015-07-31,2,369.0,285.9744,346.08961516988944,20.09725404436599,20.7564,2.5273392879933145,-1.6038519591649096,False,True,False
development_3,three_day_negative_sustained_drop,4,CA_2,FOODS_2,2015-08-01,3,516.0,432.9744,490.4989003111284,20.09725404436599,20.7564,2.65624818535023,-1.474943061807994,False,True,False
development_3,one_day_positive_spike,2,CA_2,FOODS_3,2015-08-02,1,2250.0,2626.5804,2235.068852265247,111.20367211676187,188.2902,0.2376992697366585,3.6241018302977626,True,True,False
development_3,one_day_positive_spike,4,CA_2,FOODS_3,2015-08-02,1,2250.0,3003.1608,2235.068852265247,111.20367211676187,188.2902,0.2376992697366585,7.010504390858871,True,True,True
development_3,one_day_negative_drop,2,CA_2,FOODS_3,2015-08-03,1,1427.0,1050.4196,1824.0730273158167,111.20367211676187,188.2902,-3.467251899663328,-6.853654460224434,True,True,True
development_3,one_day_negative_drop,4,CA_2,FOODS_3,2015-08-03,1,1427.0,673.8392,1824.0730273158167,111.20367211676187,188.2902,-3.467251899663328,-10.240057020785539,True,True,True
development_3,two_day_positive_sustained_spike,2,CA_2,FOODS_3,2015-08-04,1,1410.0,1786.5804,1639.3709405289112,111.20367211676187,188.2902,-1.9591894086079846,1.4272131519531215,False,True,False
development_3,two_day_positive_sustained_spike,2,CA_2,FOODS_3,2015-08-05,2,1462.0,1838.5804,1632.8886935735952,111.20367211676187,188.2902,-1.43328728827233,1.9531152722887761,False,True,False
development_3,two_day_positive_sustained_spike,4,CA_2,FOODS_3,2015-08-04,1,1410.0,2163.1608,1639.3709405289112,111.20367211676187,188.2902,-1.9591894086079846,4.813615712514228,True,True,True
development_3,two_day_positive_sustained_spike,4,CA_2,FOODS_3,2015-08-05,2,1462.0,2215.1608,1632.8886935735952,111.20367211676187,188.2902,-1.43328728827233,5.339517832849882,True,True,True
development_3,two_day_negative_sustained_drop,2,CA_2,FOODS_3,2015-08-06,1,1471.0,1094.4196,1639.4037421789008,111.20367211676187,188.2902,-1.4109413409902536,-4.7973439015513595,True,True,True
development_3,two_day_negative_sustained_drop,2,CA_2,FOODS_3,2015-08-07,2,1899.0,1522.4196,1880.2600625435448,111.20367211676187,188.2902,0.2719498448229132,-3.1144527157381927,True,True,False
development_3,two_day_negative_sustained_drop,4,CA_2,FOODS_3,2015-08-06,1,1471.0,717.8392,1639.4037421789008,111.20367211676187,188.2902,-1.4109413409902536,-8.183746462112465,True,True,True
development_3,two_day_negative_sustained_drop,4,CA_2,FOODS_3,2015-08-07,2,1899.0,1145.8392,1880.2600625435448,111.20367211676187,188.2902,0.2719498448229132,-6.500855276299299,True,True,True
development_3,three_day_positive_sustained_spike,2,CA_2,FOODS_3,2015-08-08,1,2191.0,2567.5804,2180.514566276022,111.20367211676187,188.2902,0.19772114737657298,3.584123707937677,True,True,False
development_3,three_day_positive_sustained_spike,2,CA_2,FOODS_3,2015-08-09,2,2166.0,2542.5804,2183.882387316609,111.20367211676187,188.2902,-0.057376732941634756,3.329025827619469,True,True,False
development_3,three_day_positive_sustained_spike,2,CA_2,FOODS_3,2015-08-10,3,1472.0,1848.5804,1749.2311473818634,111.20367211676187,188.2902,-2.389572739858951,0.9968298207021552,False,True,False
development_3,three_day_positive_sustained_spike,4,CA_2,FOODS_3,2015-08-08,1,2191.0,2944.1608,2180.514566276022,111.20367211676187,188.2902,0.19772114737657298,6.970526268498785,True,True,True
development_3,three_day_positive_sustained_spike,4,CA_2,FOODS_3,2015-08-09,2,2166.0,2919.1608,2183.882387316609,111.20367211676187,188.2902,-0.057376732941634756,6.715428388180578,True,True,True
development_3,three_day_positive_sustained_spike,4,CA_2,FOODS_3,2015-08-10,3,1472.0,2225.1608,1749.2311473818634,111.20367211676187,188.2902,-2.389572739858951,4.383232381263261,True,True,True
development_3,three_day_negative_sustained_drop,2,CA_2,FOODS_3,2015-08-11,1,1483.0,1106.4196,1437.2465901284777,111.20367211676187,188.2902,0.5148687332091137,-2.8715338273519944,False,True,False
development_3,three_day_negative_sustained_drop,2,CA_2,FOODS_3,2015-08-12,2,1591.0,1214.4196,1440.8907427975882,111.20367211676187,188.2902,1.4532896085675953,-1.9331129519935109,False,True,False
development_3,three_day_negative_sustained_drop,2,CA_2,FOODS_3,2015-08-13,3,1372.0,995.4196,1448.1885124143553,111.20367211676187,188.2902,-0.5816950759233848,-3.9680976364844907,True,True,False
development_3,three_day_negative_sustained_drop,4,CA_2,FOODS_3,2015-08-11,1,1483.0,729.8392,1437.2465901284777,111.20367211676187,188.2902,0.5148687332091137,-6.2579363879131,True,True,True
development_3,three_day_negative_sustained_drop,4,CA_2,FOODS_3,2015-08-12,2,1591.0,837.8392,1440.8907427975882,111.20367211676187,188.2902,1.4532896085675953,-5.319515512554616,True,True,True
development_3,three_day_negative_sustained_drop,4,CA_2,FOODS_3,2015-08-13,3,1372.0,618.8392,1448.1885124143553,111.20367211676187,188.2902,-0.5816950759233848,-7.354500197045596,True,True,True
development_4,one_day_positive_spike,2,CA_1,FOODS_1,2015-10-13,1,237.0,386.7426,269.7034852066881,62.14479902683457,74.87129999999999,-0.29026120982035775,2.119314528534513,False,True,False
development_4,one_day_positive_spike,4,CA_1,FOODS_1,2015-10-13,1,237.0,536.4852,269.7034852066881,62.14479902683457,74.87129999999999,-0.29026120982035775,4.528890266889385,True,True,True
development_4,one_day_negative_drop,2,CA_1,FOODS_1,2015-10-14,1,229.0,79.25740000000002,269.7034852066881,62.14479902683457,74.87129999999999,-0.4189928193078314,-2.8285685576627024,False,True,False
development_4,one_day_negative_drop,4,CA_1,FOODS_1,2015-10-14,1,229.0,0.0,269.7034852066881,62.14479902683457,74.87129999999999,-0.4189928193078314,-4.103935140886764,True,True,True
development_4,two_day_positive_sustained_spike,2,CA_1,FOODS_1,2015-10-15,1,225.0,374.7426,270.54970768425335,62.14479902683457,74.87129999999999,-0.49697557174175017,1.912600166613121,False,True,False
development_4,two_day_positive_sustained_spike,2,CA_1,FOODS_1,2015-10-16,2,284.0,433.7426,316.86662341901166,62.14479902683457,74.87129999999999,-0.29288634040052336,2.1166893979543477,False,True,False
development_4,two_day_positive_sustained_spike,4,CA_1,FOODS_1,2015-10-15,1,225.0,524.4852,270.54970768425335,62.14479902683457,74.87129999999999,-0.49697557174175017,4.322175904967992,True,True,True
development_4,two_day_positive_sustained_spike,4,CA_1,FOODS_1,2015-10-16,2,284.0,583.4852,316.86662341901166,62.14479902683457,74.87129999999999,-0.29288634040052336,4.5262651363092195,True,True,True
development_4,two_day_negative_sustained_drop,2,CA_1,FOODS_1,2015-10-17,1,337.0,187.25740000000002,369.055389957358,62.14479902683457,74.87129999999999,-0.2798324167519268,-2.689408155106798,False,True,False
development_4,two_day_negative_sustained_drop,2,CA_1,FOODS_1,2015-10-18,2,316.0,166.25740000000002,345.6167150101281,62.14479902683457,74.87129999999999,-0.24059059788021603,-2.6501663362350873,False,True,False
development_4,two_day_negative_sustained_drop,4,CA_1,FOODS_1,2015-10-17,1,337.0,37.51480000000004,369.055389957358,62.14479902683457,74.87129999999999,-0.2798324167519268,-5.09898389346167,True,True,True
development_4,two_day_negative_sustained_drop,4,CA_1,FOODS_1,2015-10-18,2,316.0,16.514800000000037,345.6167150101281,62.14479902683457,74.87129999999999,-0.24059059788021603,-5.059742074589958,True,True,True
development_4,three_day_positive_sustained_spike,2,CA_1,FOODS_1,2015-10-19,1,263.0,412.7426,270.51738916585936,62.14479902683457,74.87129999999999,0.11501962518488829,2.5245953635397593,False,True,False
development_4,three_day_positive_sustained_spike,2,CA_1,FOODS_1,2015-10-20,2,189.0,338.7426,267.4188275883595,62.14479902683457,74.87129999999999,-1.0258874102032924,1.3836883281515788,False,True,False
development_4,three_day_positive_sustained_spike,2,CA_1,FOODS_1,2015-10-21,3,215.0,364.7426,267.4188275883595,62.14479902683457,74.87129999999999,-0.607509679369003,1.8020660589858681,False,True,False
development_4,three_day_positive_sustained_spike,4,CA_1,FOODS_1,2015-10-19,1,263.0,562.4852,270.51738916585936,62.14479902683457,74.87129999999999,0.11501962518488829,4.934171101894631,True,True,True
development_4,three_day_positive_sustained_spike,4,CA_1,FOODS_1,2015-10-20,2,189.0,488.48519999999996,267.4188275883595,62.14479902683457,74.87129999999999,-1.0258874102032924,3.79326406650645,True,True,False
development_4,three_day_positive_sustained_spike,4,CA_1,FOODS_1,2015-10-21,3,215.0,514.4852,267.4188275883595,62.14479902683457,74.87129999999999,-0.607509679369003,4.2116417973407385,True,True,True
development_4,three_day_negative_sustained_drop,2,CA_1,FOODS_1,2015-10-22,1,207.0,57.25740000000002,268.26505006592475,62.14479902683457,74.87129999999999,-0.7498582365466586,-3.1594339749015297,True,True,False
development_4,three_day_negative_sustained_drop,2,CA_1,FOODS_1,2015-10-23,2,297.0,147.25740000000002,311.61170068610704,62.14479902683457,74.87129999999999,0.0008618576590119644,-2.408713880695859,False,True,False
development_4,three_day_negative_sustained_drop,2,CA_1,FOODS_1,2015-10-24,3,362.0,212.25740000000002,361.79664311811854,62.14479902683457,74.87129999999999,0.2392576333311041,-2.170318105023767,False,True,False
development_4,three_day_negative_sustained_drop,4,CA_1,FOODS_1,2015-10-22,1,207.0,0.0,268.26505006592475,62.14479902683457,74.87129999999999,-0.7498582365466586,-4.0807886320350395,True,True,True
development_4,three_day_negative_sustained_drop,4,CA_1,FOODS_1,2015-10-23,2,297.0,0.0,311.61170068610704,62.14479902683457,74.87129999999999,0.0008618576590119644,-4.778299144563448,True,True,True
development_4,three_day_negative_sustained_drop,4,CA_1,FOODS_1,2015-10-24,3,362.0,62.51480000000004,361.79664311811854,62.14479902683457,74.87129999999999,0.2392576333311041,-4.579893843378637,True,True,True
development_4,one_day_positive_spike,2,CA_1,FOODS_2,2015-10-25,1,639.0,852.4944,662.9648945800058,54.60486034584416,106.74719999999999,-0.580413325387432,3.3293924803195423,True,True,False
development_4,one_day_positive_spike,4,CA_1,FOODS_2,2015-10-25,1,639.0,1065.9888,662.9648945800058,54.60486034584416,106.74719999999999,-0.580413325387432,7.239198286026517,True,True,True
development_4,one_day_negative_drop,2,CA_1,FOODS_2,2015-10-26,1,535.0,321.5056,519.7598820661957,54.60486034584416,106.74719999999999,0.13756328448762387,-3.7722425212193498,True,True,False
development_4,one_day_negative_drop,4,CA_1,FOODS_2,2015-10-26,1,535.0,108.01120000000003,519.7598820661957,54.60486034584416,106.74719999999999,0.13756328448762387,-7.6820483269263224,True,True,True
development_4,two_day_positive_sustained_spike,2,CA_1,FOODS_2,2015-10-27,1,475.0,688.4944,454.0572440479013,54.60486034584416,106.74719999999999,0.24199790774599975,4.151803713452973,True,True,True
development_4,two_day_positive_sustained_spike,2,CA_1,FOODS_2,2015-10-28,2,342.0,555.4944,452.5104622559659,54.60486034584416,106.74719999999999,-2.1653558951113903,1.744449910595584,False,True,False
development_4,two_day_positive_sustained_spike,4,CA_1,FOODS_2,2015-10-27,1,475.0,901.9888,454.0572440479013,54.60486034584416,106.74719999999999,0.24199790774599975,8.061609519159946,True,True,True
development_4,two_day_positive_sustained_spike,4,CA_1,FOODS_2,2015-10-28,2,342.0,768.9888,452.5104622559659,54.60486034584416,106.74719999999999,-2.1653558951113903,5.654255716302557,True,True,True
development_4,two_day_negative_sustained_drop,2,CA_1,FOODS_2,2015-10-29,1,359.0,145.50560000000002,455.777927183964,54.60486034584416,106.74719999999999,-1.9138666506553876,-5.8236724563623605,True,True,True
development_4,two_day_negative_sustained_drop,2,CA_1,FOODS_2,2015-10-30,2,489.0,275.5056,492.8107296588738,54.60486034584416,106.74719999999999,-0.2113222812297514,-4.121128086936725,True,True,True
development_4,two_day_negative_sustained_drop,4,CA_1,FOODS_2,2015-10-29,1,359.0,0.0,455.777927183964,54.60486034584416,106.74719999999999,-1.9138666506553876,-8.4883729807924,True,True,True
development_4,two_day_negative_sustained_drop,4,CA_1,FOODS_2,2015-10-30,2,489.0,62.01120000000003,492.8107296588738,54.60486034584416,106.74719999999999,-0.2113222812297514,-8.030933892643697,True,True,True
development_4,three_day_positive_sustained_spike,2,CA_1,FOODS_2,2015-10-31,1,526.0,739.4944,584.8735066870805,54.60486034584416,106.74719999999999,-1.2197082871541747,2.6900975185528,False,True,False
development_4,three_day_positive_sustained_spike,2,CA_1,FOODS_2,2015-11-01,2,688.0,901.4944,784.3384624997943,54.60486034584416,106.74719999999999,-1.9058185633352063,2.003987242371768,False,True,False
development_4,three_day_positive_sustained_spike,2,CA_1,FOODS_2,2015-11-02,3,575.0,788.4944,653.0960902575379,54.60486034584416,106.74719999999999,-1.571738920484424,2.3380668852225504,False,True,False
development_4,three_day_positive_sustained_spike,4,CA_1,FOODS_2,2015-10-31,1,526.0,952.9888,584.8735066870805,54.60486034584416,106.74719999999999,-1.2197082871541747,6.599903324259773,True,True,True
development_4,three_day_positive_sustained_spike,4,CA_1,FOODS_2,2015-11-01,2,688.0,1114.9888,784.3384624997943,54.60486034584416,106.74719999999999,-1.9058185633352063,5.913793048078743,True,True,True
development_4,three_day_positive_sustained_spike,4,CA_1,FOODS_2,2015-11-02,3,575.0,1001.9888,653.0960902575379,54.60486034584416,106.74719999999999,-1.571738920484424,6.2478726909295235,True,True,True
development_4,three_day_negative_sustained_drop,2,CA_1,FOODS_2,2015-11-03,1,622.0,408.5056,601.0215197816923,54.60486034584416,106.74719999999999,0.2426521400978945,-3.667153665609079,True,True,False
development_4,three_day_negative_sustained_drop,2,CA_1,FOODS_2,2015-11-04,2,525.0,311.5056,572.6170965406551,54.60486034584416,106.74719999999999,-1.0135652794597667,-4.92337108516674,True,True,True
development_4,three_day_negative_sustained_drop,2,CA_1,FOODS_2,2015-11-05,3,440.0,226.50560000000002,574.0589420288231,54.60486034584416,106.74719999999999,-2.5966083445034616,-6.506414150210435,True,True,True
development_4,three_day_negative_sustained_drop,4,CA_1,FOODS_2,2015-11-03,1,622.0,195.01120000000003,601.0215197816923,54.60486034584416,106.74719999999999,0.2426521400978945,-7.5769594713160515,True,True,True
development_4,three_day_negative_sustained_drop,4,CA_1,FOODS_2,2015-11-04,2,525.0,98.01120000000003,572.6170965406551,54.60486034584416,106.74719999999999,-1.0135652794597667,-8.833176890873712,True,True,True
development_4,three_day_negative_sustained_drop,4,CA_1,FOODS_2,2015-11-05,3,440.0,13.01120000000003,574.0589420288231,54.60486034584416,106.74719999999999,-2.5966083445034616,-10.41621995591741,True,True,True
development_4,one_day_positive_spike,2,CA_1,FOODS_3,2015-10-13,1,1906.0,2770.3558,1724.8064754384272,173.53821622377438,432.17789999999997,1.2386076873797744,6.2193883984447575,True,True,True
development_4,one_day_positive_spike,4,CA_1,FOODS_3,2015-10-13,1,1906.0,3634.7115999999996,1724.8064754384272,173.53821622377438,432.17789999999997,1.2386076873797744,11.20016910950974,True,True,True
development_4,one_day_negative_drop,2,CA_1,FOODS_3,2015-10-14,1,1727.0,862.6442000000001,1718.9436664388918,173.53821622377438,432.17789999999997,0.24091856294387912,-4.739862148121105,True,True,True
development_4,one_day_negative_drop,4,CA_1,FOODS_3,2015-10-14,1,1727.0,0.0,1718.9436664388918,173.53821622377438,432.17789999999997,0.24091856294387912,-9.710779901981361,True,True,True
development_4,two_day_positive_sustained_spike,2,CA_1,FOODS_3,2015-10-15,1,1725.0,2589.3558,1719.955083487008,173.53821622377438,432.17789999999997,0.22356551464336452,5.204346225708348,True,True,True
development_4,two_day_positive_sustained_spike,2,CA_1,FOODS_3,2015-10-16,2,1897.0,2761.3558,2101.9943072141277,173.53821622377438,432.17789999999997,-0.9867686025189202,3.9940121085460634,True,True,False
development_4,two_day_positive_sustained_spike,4,CA_1,FOODS_3,2015-10-15,1,1725.0,3453.7115999999996,1719.955083487008,173.53821622377438,432.17789999999997,0.22356551464336452,10.185126936773331,True,True,True
development_4,two_day_positive_sustained_spike,4,CA_1,FOODS_3,2015-10-16,2,1897.0,3625.7115999999996,2101.9943072141277,173.53821622377438,432.17789999999997,-0.9867686025189202,8.974792819611046,True,True,True
development_4,two_day_negative_sustained_drop,2,CA_1,FOODS_3,2015-10-17,1,2611.0,1746.6442000000002,2683.9554785943383,173.53821622377438,432.17789999999997,-0.22590548260804252,-5.2066861936730255,True,True,True
development_4,two_day_negative_sustained_drop,2,CA_1,FOODS_3,2015-10-18,2,2979.0,2114.6442,2874.2857395149476,173.53821622377438,432.17789999999997,0.7979020852321659,-4.182878625832817,True,True,True
development_4,two_day_negative_sustained_drop,4,CA_1,FOODS_3,2015-10-17,1,2611.0,882.2884000000001,2683.9554785943383,173.53821622377438,432.17789999999997,-0.22590548260804252,-10.187466904738011,True,True,True
development_4,two_day_negative_sustained_drop,4,CA_1,FOODS_3,2015-10-18,2,2979.0,1250.2884000000001,2874.2857395149476,173.53821622377438,432.17789999999997,0.7979020852321659,-9.163659336897803,True,True,True
development_4,three_day_positive_sustained_spike,2,CA_1,FOODS_3,2015-10-19,1,1829.0,2693.3558,1934.438462522733,173.53821622377438,432.17789999999997,-0.4130860623975027,4.567694648667481,True,True,True
development_4,three_day_positive_sustained_spike,2,CA_1,FOODS_3,2015-10-20,2,1693.0,2557.3558,1705.8027673523472,173.53821622377438,432.17789999999997,0.1207196732275182,5.1015003842925015,True,True,True
development_4,three_day_positive_sustained_spike,2,CA_1,FOODS_3,2015-10-21,3,1600.0,2464.3558,1700.5436508492648,173.53821622377438,432.17789999999997,-0.3848801041942879,4.595900606870695,True,True,True
development_4,three_day_positive_sustained_spike,4,CA_1,FOODS_3,2015-10-19,1,1829.0,3557.7115999999996,1934.438462522733,173.53821622377438,432.17789999999997,-0.4130860623975027,9.548475359732464,True,True,True
development_4,three_day_positive_sustained_spike,4,CA_1,FOODS_3,2015-10-20,2,1693.0,3421.7115999999996,1705.8027673523472,173.53821622377438,432.17789999999997,0.1207196732275182,10.082281095357486,True,True,True
development_4,three_day_positive_sustained_spike,4,CA_1,FOODS_3,2015-10-21,3,1600.0,3328.7115999999996,1700.5436508492648,173.53821622377438,432.17789999999997,-0.3848801041942879,9.576681317935678,True,True,True
development_4,three_day_negative_sustained_drop,2,CA_1,FOODS_3,2015-10-22,1,1443.0,578.6442000000001,1699.6503253370151,173.53821622377438,432.17789999999997,-1.2844322482963892,-6.265212959361373,True,True,True
development_4,three_day_negative_sustained_drop,2,CA_1,FOODS_3,2015-10-23,2,1845.0,980.6442000000001,2094.1810142217923,173.53821622377438,432.17789999999997,-1.2413909443245235,-6.2221716553895074,True,True,True
development_4,three_day_negative_sustained_drop,2,CA_1,FOODS_3,2015-10-24,3,2379.0,1514.6442000000002,2587.8566247927647,173.53821622377438,432.17789999999997,-1.0090248966233644,-5.989805607688348,True,True,True
development_4,three_day_negative_sustained_drop,4,CA_1,FOODS_3,2015-10-22,1,1443.0,0.0,1699.6503253370151,173.53821622377438,432.17789999999997,-1.2844322482963892,-9.599603577125064,True,True,True
development_4,three_day_negative_sustained_drop,4,CA_1,FOODS_3,2015-10-23,2,1845.0,116.28840000000014,2094.1810142217923,173.53821622377438,432.17789999999997,-1.2413909443245235,-11.202952366454491,True,True,True
development_4,three_day_negative_sustained_drop,4,CA_1,FOODS_3,2015-10-24,3,2379.0,650.2884000000001,2587.8566247927647,173.53821622377438,432.17789999999997,-1.0090248966233644,-10.970586318753332,True,True,True
development_4,one_day_positive_spike,2,CA_1,HOBBIES_1,2015-10-25,1,633.0,807.9467999999999,568.758002579985,64.68263828354812,87.4734,0.7258851967112513,3.430580067583537,True,True,False
development_4,one_day_positive_spike,4,CA_1,HOBBIES_1,2015-10-25,1,633.0,982.8936,568.758002579985,64.68263828354812,87.4734,0.7258851967112513,6.135274938455825,True,True,True
development_4,one_day_negative_drop,2,CA_1,HOBBIES_1,2015-10-26,1,459.0,284.0532,430.6324825283361,64.68263828354812,87.4734,0.17126218039134267,-2.533432690480944,False,True,False
development_4,one_day_negative_drop,4,CA_1,HOBBIES_1,2015-10-26,1,459.0,109.10640000000001,430.6324825283361,64.68263828354812,87.4734,0.17126218039134267,-5.238127561353231,True,True,True
development_4,two_day_positive_sustained_spike,2,CA_1,HOBBIES_1,2015-10-27,1,450.0,624.9467999999999,403.3736608718867,64.68263828354812,87.4734,0.45354537323837046,3.1582402441106563,True,True,False
development_4,two_day_positive_sustained_spike,2,CA_1,HOBBIES_1,2015-10-28,2,404.0,578.9467999999999,400.5014611656934,64.68263828354812,87.4734,-0.2132146946603462,2.4914801762119394,False,True,False
development_4,two_day_positive_sustained_spike,4,CA_1,HOBBIES_1,2015-10-27,1,450.0,799.8936,403.3736608718867,64.68263828354812,87.4734,0.45354537323837046,5.862935114982943,True,True,True
development_4,two_day_positive_sustained_spike,4,CA_1,HOBBIES_1,2015-10-28,2,404.0,753.8936,400.5014611656934,64.68263828354812,87.4734,-0.2132146946603462,5.196175047084227,True,True,True
development_4,two_day_negative_sustained_drop,2,CA_1,HOBBIES_1,2015-10-29,1,385.0,210.0532,401.3476836432587,64.68263828354812,87.4734,-0.5200392615644627,-3.2247341324367493,True,True,False
development_4,two_day_negative_sustained_drop,2,CA_1,HOBBIES_1,2015-10-30,2,524.0,349.0532,465.669131767829,64.68263828354812,87.4734,0.6344985534835667,-2.07019631738872,False,True,False
development_4,two_day_negative_sustained_drop,4,CA_1,HOBBIES_1,2015-10-29,1,385.0,35.10640000000001,401.3476836432587,64.68263828354812,87.4734,-0.5200392615644627,-5.929429003309036,True,True,True
development_4,two_day_negative_sustained_drop,4,CA_1,HOBBIES_1,2015-10-30,2,524.0,174.1064,465.669131767829,64.68263828354812,87.4734,0.6344985534835667,-4.774891188261007,True,True,True
development_4,three_day_positive_sustained_spike,2,CA_1,HOBBIES_1,2015-10-31,1,661.0,835.9467999999999,543.9278010994091,64.68263828354812,87.4734,1.5426453487784126,4.247340219650699,True,True,True
development_4,three_day_positive_sustained_spike,2,CA_1,HOBBIES_1,2015-11-01,2,572.0,746.9467999999999,611.3003889869187,64.68263828354812,87.4734,-0.8748903615310828,1.829804509341203,False,True,False
development_4,three_day_positive_sustained_spike,2,CA_1,HOBBIES_1,2015-11-02,3,565.0,739.9467999999999,493.7194043199268,64.68263828354812,87.4734,0.8347026235639292,3.5393974944362148,True,True,False
development_4,three_day_positive_sustained_spike,4,CA_1,HOBBIES_1,2015-10-31,1,661.0,1010.8936,543.9278010994091,64.68263828354812,87.4734,1.5426453487784126,6.952035090522986,True,True,True
development_4,three_day_positive_sustained_spike,4,CA_1,HOBBIES_1,2015-11-01,2,572.0,921.8936,611.3003889869187,64.68263828354812,87.4734,-0.8748903615310828,4.53449938021349,True,True,True
development_4,three_day_positive_sustained_spike,4,CA_1,HOBBIES_1,2015-11-02,3,565.0,914.8936,493.7194043199268,64.68263828354812,87.4734,0.8347026235639292,6.244092365308503,True,True,True
development_4,three_day_negative_sustained_drop,2,CA_1,HOBBIES_1,2015-11-03,1,444.0,269.0532,471.92371795151024,64.68263828354812,87.4734,-0.699005899528516,-3.4037007704008024,True,True,False
development_4,three_day_negative_sustained_drop,2,CA_1,HOBBIES_1,2015-11-04,2,514.0,339.0532,423.15111695137034,64.68263828354812,87.4734,1.137230286130433,-1.5674645847418536,False,True,False
development_4,three_day_negative_sustained_drop,2,CA_1,HOBBIES_1,2015-11-05,3,504.0,329.0532,422.7712630370317,64.68263828354812,87.4734,0.9885018739792512,-1.7161929968930354,False,True,False
development_4,three_day_negative_sustained_drop,4,CA_1,HOBBIES_1,2015-11-03,1,444.0,94.10640000000001,471.92371795151024,64.68263828354812,87.4734,-0.699005899528516,-6.1083956412730895,True,True,True
development_4,three_day_negative_sustained_drop,4,CA_1,HOBBIES_1,2015-11-04,2,514.0,164.1064,423.15111695137034,64.68263828354812,87.4734,1.137230286130433,-4.2721594556141405,True,True,True
development_4,three_day_negative_sustained_drop,4,CA_1,HOBBIES_1,2015-11-05,3,504.0,154.1064,422.7712630370317,64.68263828354812,87.4734,0.9885018739792512,-4.420887867765322,True,True,True
development_4,one_day_positive_spike,2,CA_1,HOBBIES_2,2015-10-13,1,33.0,56.721599999999995,37.47042790344538,10.25475666079229,11.8608,0.16329946304942947,2.4765284147120665,False,True,False
development_4,one_day_positive_spike,4,CA_1,HOBBIES_2,2015-10-13,1,33.0,80.44319999999999,37.47042790344538,10.25475666079229,11.8608,0.16329946304942947,4.789757366374704,True,True,True
development_4,one_day_negative_drop,2,CA_1,HOBBIES_2,2015-10-14,1,53.0,29.2784,37.47042790344538,10.25475666079229,11.8608,2.113613903612155,-0.19961504805048236,False,True,False
development_4,one_day_negative_drop,4,CA_1,HOBBIES_2,2015-10-14,1,53.0,5.556800000000003,37.47042790344538,10.25475666079229,11.8608,2.113613903612155,-2.5128439997131196,False,True,False
development_4,two_day_positive_sustained_spike,2,CA_1,HOBBIES_2,2015-10-15,1,47.0,70.7216,37.891314538212896,10.25475666079229,11.8608,1.4874765073619909,3.800705459024628,True,True,False
development_4,two_day_positive_sustained_spike,2,CA_1,HOBBIES_2,2015-10-16,2,94.0,117.7216,41.314317114289594,10.25475666079229,11.8608,5.736918874974107,8.050147826636744,True,True,True
development_4,two_day_positive_sustained_spike,4,CA_1,HOBBIES_2,2015-10-15,1,47.0,94.44319999999999,37.891314538212896,10.25475666079229,11.8608,1.4874765073619909,6.113934410687265,True,True,True
development_4,two_day_positive_sustained_spike,4,CA_1,HOBBIES_2,2015-10-16,2,94.0,141.4432,41.314317114289594,10.25475666079229,11.8608,5.736918874974107,10.363376778299381,True,True,True
development_4,two_day_negative_sustained_drop,2,CA_1,HOBBIES_2,2015-10-17,1,48.0,24.2784,49.618597843966285,10.25475666079229,11.8608,0.4413977304010766,-1.8718312212615609,False,True,False
development_4,two_day_negative_sustained_drop,2,CA_1,HOBBIES_2,2015-10-18,2,83.0,59.278400000000005,49.39533090977427,10.25475666079229,11.8608,3.8762200376785887,1.5629910860159517,False,False,False
development_4,two_day_negative_sustained_drop,4,CA_1,HOBBIES_2,2015-10-17,1,48.0,0.5568000000000026,49.618597843966285,10.25475666079229,11.8608,0.4413977304010766,-4.1850601729241985,True,True,True
development_4,two_day_negative_sustained_drop,4,CA_1,HOBBIES_2,2015-10-18,2,83.0,35.5568,49.39533090977427,10.25475666079229,11.8608,3.8762200376785887,-0.750237865646686,False,True,False
development_4,three_day_positive_sustained_spike,2,CA_1,HOBBIES_2,2015-10-19,1,65.0,88.7216,38.05160720807166,10.25475666079229,11.8608,3.227128448431349,5.540357400093986,True,True,True
development_4,three_day_positive_sustained_spike,2,CA_1,HOBBIES_2,2015-10-20,2,79.0,102.7216,37.804632917553974,10.25475666079229,11.8608,4.616432433087476,6.929661384750113,True,True,True
development_4,three_day_positive_sustained_spike,2,CA_1,HOBBIES_2,2015-10-21,3,83.0,106.7216,37.804632917553974,10.25475666079229,11.8608,5.0064953212000205,7.319724272862658,True,True,True
development_4,three_day_positive_sustained_spike,4,CA_1,HOBBIES_2,2015-10-19,1,65.0,112.44319999999999,38.05160720807166,10.25475666079229,11.8608,3.227128448431349,7.853586351756623,True,True,True
development_4,three_day_positive_sustained_spike,4,CA_1,HOBBIES_2,2015-10-20,2,79.0,126.44319999999999,37.804632917553974,10.25475666079229,11.8608,4.616432433087476,9.24289033641275,True,True,True
development_4,three_day_positive_sustained_spike,4,CA_1,HOBBIES_2,2015-10-21,3,83.0,130.4432,37.804632917553974,10.25475666079229,11.8608,5.0064953212000205,9.632953224525295,True,True,True
development_4,three_day_negative_sustained_drop,2,CA_1,HOBBIES_2,2015-10-22,1,112.0,88.2784,38.110848100482045,10.25475666079229,11.8608,7.804590465356764,5.491361513694127,True,False,True
development_4,three_day_negative_sustained_drop,2,CA_1,HOBBIES_2,2015-10-23,2,38.0,14.278400000000001,41.53385067655874,10.25475666079229,11.8608,0.25463046756438984,-2.0585984840982476,False,True,False
development_4,three_day_negative_sustained_drop,2,CA_1,HOBBIES_2,2015-10-24,3,71.0,47.278400000000005,47.88508904066586,10.25475666079229,11.8608,2.8533036996441825,0.5400747479815453,False,False,False
development_4,three_day_negative_sustained_drop,4,CA_1,HOBBIES_2,2015-10-22,1,112.0,64.55680000000001,38.110848100482045,10.25475666079229,11.8608,7.804590465356764,3.17813256203149,True,False,False
development_4,three_day_negative_sustained_drop,4,CA_1,HOBBIES_2,2015-10-23,2,38.0,0.0,41.53385067655874,10.25475666079229,11.8608,0.25463046756438984,-3.4509669695047887,True,True,False
development_4,three_day_negative_sustained_drop,4,CA_1,HOBBIES_2,2015-10-24,3,71.0,23.556800000000003,47.88508904066586,10.25475666079229,11.8608,2.8533036996441825,-1.7731542036810926,False,True,False
development_4,one_day_positive_spike,2,CA_1,HOUSEHOLD_1,2015-10-25,1,1104.0,1400.52,1028.17816250825,81.2637179012018,148.26,0.849554110893685,4.49841497596635,True,True,True
development_4,one_day_positive_spike,4,CA_1,HOUSEHOLD_1,2015-10-25,1,1104.0,1697.04,1028.17816250825,81.2637179012018,148.26,0.849554110893685,8.147275841039011,True,True,True
development_4,one_day_negative_drop,2,CA_1,HOUSEHOLD_1,2015-10-26,1,793.0,496.48,727.4487258690648,81.2637179012018,148.26,0.7231685156234645,-2.9256923494491978,False,True,False
development_4,one_day_negative_drop,4,CA_1,HOUSEHOLD_1,2015-10-26,1,793.0,199.96000000000004,727.4487258690648,81.2637179012018,148.26,0.7231685156234645,-6.574553214521859,True,True,True
development_4,two_day_positive_sustained_spike,2,CA_1,HOUSEHOLD_1,2015-10-27,1,641.0,937.52,682.0648618609088,81.2637179012018,148.26,-0.5888085726198392,3.060052292452823,True,True,False
development_4,two_day_positive_sustained_spike,2,CA_1,HOUSEHOLD_1,2015-10-28,2,657.0,953.52,676.2829272787422,81.2637179012018,148.26,-0.32076847865504676,3.3280923864176155,True,True,False
development_4,two_day_positive_sustained_spike,4,CA_1,HOUSEHOLD_1,2015-10-27,1,641.0,1234.04,682.0648618609088,81.2637179012018,148.26,-0.5888085726198392,6.708913157525486,True,True,True
development_4,two_day_positive_sustained_spike,4,CA_1,HOUSEHOLD_1,2015-10-28,2,657.0,1250.04,676.2829272787422,81.2637179012018,148.26,-0.32076847865504676,6.976953251490278,True,True,True
development_4,two_day_negative_sustained_drop,2,CA_1,HOUSEHOLD_1,2015-10-29,1,601.0,304.48,674.9784150608193,81.2637179012018,148.26,-0.9938300760652753,-4.642690941137937,True,True,True
development_4,two_day_negative_sustained_drop,2,CA_1,HOUSEHOLD_1,2015-10-30,2,782.0,485.48,820.9157413203852,81.2637179012018,148.26,-0.5623623233461303,-4.211223188418792,True,True,True
development_4,two_day_negative_sustained_drop,4,CA_1,HOUSEHOLD_1,2015-10-29,1,601.0,7.960000000000036,674.9784150608193,81.2637179012018,148.26,-0.9938300760652753,-8.2915518062106,True,True,True
development_4,two_day_negative_sustained_drop,4,CA_1,HOUSEHOLD_1,2015-10-30,2,782.0,188.96000000000004,820.9157413203852,81.2637179012018,148.26,-0.5623623233461303,-7.860084053491455,True,True,True
development_4,three_day_positive_sustained_spike,2,CA_1,HOUSEHOLD_1,2015-10-31,1,992.0,1288.52,976.796184585623,81.2637179012018,148.26,0.103612088513284,3.7524729535859462,True,True,False
development_4,three_day_positive_sustained_spike,2,CA_1,HOUSEHOLD_1,2015-11-01,2,1081.0,1377.52,1109.480237237023,81.2637179012018,148.26,-0.43394703109910965,3.2149138339735526,True,True,False
development_4,three_day_positive_sustained_spike,2,CA_1,HOUSEHOLD_1,2015-11-02,3,853.0,1149.52,831.0141550143211,81.2637179012018,148.26,0.18706913116972892,3.835929996242391,True,True,False
development_4,three_day_positive_sustained_spike,4,CA_1,HOUSEHOLD_1,2015-10-31,1,992.0,1585.04,976.796184585623,81.2637179012018,148.26,0.103612088513284,7.401333818658608,True,True,True
development_4,three_day_positive_sustained_spike,4,CA_1,HOUSEHOLD_1,2015-11-01,2,1081.0,1674.04,1109.480237237023,81.2637179012018,148.26,-0.43394703109910965,6.863774699046214,True,True,True
development_4,three_day_positive_sustained_spike,4,CA_1,HOUSEHOLD_1,2015-11-02,3,853.0,1446.04,831.0141550143211,81.2637179012018,148.26,0.18706913116972892,7.484790861315054,True,True,True
development_4,three_day_negative_sustained_drop,2,CA_1,HOUSEHOLD_1,2015-11-03,1,823.0,526.48,784.9103895148343,81.2637179012018,148.26,0.3852358643121301,-3.263625000760532,True,True,False
development_4,three_day_negative_sustained_drop,2,CA_1,HOUSEHOLD_1,2015-11-04,2,619.0,322.48,684.0388794484012,81.2637179012018,148.26,-0.8838235953959246,-4.5326844604685865,True,True,True
development_4,three_day_negative_sustained_drop,2,CA_1,HOUSEHOLD_1,2015-11-05,3,668.0,371.48,685.5052391549142,81.2637179012018,148.26,-0.29889293358105296,-3.9477537986537152,True,True,False
development_4,three_day_negative_sustained_drop,4,CA_1,HOUSEHOLD_1,2015-11-03,1,823.0,229.96000000000004,784.9103895148343,81.2637179012018,148.26,0.3852358643121301,-6.912485865833194,True,True,True
development_4,three_day_negative_sustained_drop,4,CA_1,HOUSEHOLD_1,2015-11-04,2,619.0,25.960000000000036,684.0388794484012,81.2637179012018,148.26,-0.8838235953959246,-8.181545325541249,True,True,True
development_4,three_day_negative_sustained_drop,4,CA_1,HOUSEHOLD_1,2015-11-05,3,668.0,74.96000000000004,685.5052391549142,81.2637179012018,148.26,-0.29889293358105296,-7.596614663726377,True,True,True
development_4,one_day_positive_spike,2,CA_1,HOUSEHOLD_2,2015-10-13,1,179.0,285.7472,174.61699262737366,24.163544853453068,53.373599999999996,0.48703475077503816,4.904730939285451,True,True,True
development_4,one_day_positive_spike,4,CA_1,HOUSEHOLD_2,2015-10-13,1,179.0,392.4944,174.61699262737366,24.163544853453068,53.373599999999996,0.48703475077503816,9.322427127795862,True,True,True
development_4,one_day_negative_drop,2,CA_1,HOUSEHOLD_2,2015-10-14,1,178.0,71.25280000000001,174.61699262737366,24.163544853453068,53.373599999999996,0.4456500944232986,-3.972046094087113,True,True,False
development_4,one_day_negative_drop,4,CA_1,HOUSEHOLD_2,2015-10-14,1,178.0,0.0,174.61699262737366,24.163544853453068,53.373599999999996,0.4456500944232986,-6.920818736186341,True,True,True
development_4,two_day_positive_sustained_spike,2,CA_1,HOUSEHOLD_2,2015-10-15,1,185.0,291.7472,175.95340460955046,24.163544853453068,53.373599999999996,0.6800357382587415,5.097731926769154,True,True,True
development_4,two_day_positive_sustained_spike,2,CA_1,HOUSEHOLD_2,2015-10-16,2,204.0,310.7472,213.92423754871248,24.163544853453068,53.373599999999996,-0.10506566363473986,4.312630524875673,True,True,True
development_4,two_day_positive_sustained_spike,4,CA_1,HOUSEHOLD_2,2015-10-15,1,185.0,398.4944,175.95340460955046,24.163544853453068,53.373599999999996,0.6800357382587415,9.515428115279565,True,True,True
development_4,two_day_positive_sustained_spike,4,CA_1,HOUSEHOLD_2,2015-10-16,2,204.0,417.4944,213.92423754871248,24.163544853453068,53.373599999999996,-0.10506566363473986,8.730326713386084,True,True,True
development_4,two_day_negative_sustained_drop,2,CA_1,HOUSEHOLD_2,2015-10-17,1,283.0,176.2528,248.7027741046943,24.163544853453068,53.373599999999996,1.7250244043669656,-2.692671784143446,False,True,False
development_4,two_day_negative_sustained_drop,2,CA_1,HOUSEHOLD_2,2015-10-18,2,293.0,186.2528,256.005703395527,24.163544853453068,53.373599999999996,1.8366417488221964,-2.581054439688215,False,True,False
development_4,two_day_negative_sustained_drop,4,CA_1,HOUSEHOLD_2,2015-10-17,1,283.0,69.50560000000002,248.7027741046943,24.163544853453068,53.373599999999996,1.7250244043669656,-7.110367972653858,True,True,True
development_4,two_day_negative_sustained_drop,4,CA_1,HOUSEHOLD_2,2015-10-18,2,293.0,79.50560000000002,256.005703395527,24.163544853453068,53.373599999999996,1.8366417488221964,-6.998750628198627,True,True,True
development_4,three_day_positive_sustained_spike,2,CA_1,HOUSEHOLD_2,2015-10-19,1,198.0,304.7472,177.6001248846587,24.163544853453068,53.373599999999996,1.1498873181385594,5.5675835066489725,True,True,True
development_4,three_day_positive_sustained_spike,2,CA_1,HOUSEHOLD_2,2015-10-20,2,162.0,268.7472,174.9658080137521,24.163544853453068,53.373599999999996,-0.23094001210000545,4.186756176410407,True,True,True
development_4,three_day_positive_sustained_spike,2,CA_1,HOUSEHOLD_2,2015-10-21,3,176.0,282.7472,174.9990481830791,24.163544853453068,53.373599999999996,0.34706954383967664,4.76476573235009,True,True,True
development_4,three_day_positive_sustained_spike,4,CA_1,HOUSEHOLD_2,2015-10-19,1,198.0,411.4944,177.6001248846587,24.163544853453068,53.373599999999996,1.1498873181385594,9.985279695159383,True,True,True
development_4,three_day_positive_sustained_spike,4,CA_1,HOUSEHOLD_2,2015-10-20,2,162.0,375.4944,174.9658080137521,24.163544853453068,53.373599999999996,-0.23094001210000545,8.604452364920817,True,True,True
development_4,three_day_positive_sustained_spike,4,CA_1,HOUSEHOLD_2,2015-10-21,3,176.0,389.4944,174.9990481830791,24.163544853453068,53.373599999999996,0.34706954383967664,9.1824619208605,True,True,True
development_4,three_day_negative_sustained_drop,2,CA_1,HOUSEHOLD_2,2015-10-22,1,162.0,55.25280000000001,176.22078871341645,24.163544853453068,53.373599999999996,-0.28287695708368,-4.700573145594092,True,True,True
development_4,three_day_negative_sustained_drop,2,CA_1,HOUSEHOLD_2,2015-10-23,2,204.0,97.25280000000001,213.41799688377063,24.163544853453068,53.373599999999996,-0.0841150676848462,-4.501811256195257,True,True,True
development_4,three_day_negative_sustained_drop,2,CA_1,HOUSEHOLD_2,2015-10-24,3,290.0,183.2528,246.66993520884017,24.163544853453068,53.373599999999996,2.098845337952516,-2.3188508505578964,False,True,False
development_4,three_day_negative_sustained_drop,4,CA_1,HOUSEHOLD_2,2015-10-22,1,162.0,0.0,176.22078871341645,24.163544853453068,53.373599999999996,-0.28287695708368,-6.987191286065487,True,True,True
development_4,three_day_negative_sustained_drop,4,CA_1,HOUSEHOLD_2,2015-10-23,2,204.0,0.0,213.41799688377063,24.163544853453068,53.373599999999996,-0.0841150676848462,-8.526584963439714,True,True,True
development_4,three_day_negative_sustained_drop,4,CA_1,HOUSEHOLD_2,2015-10-24,3,290.0,76.50560000000002,246.66993520884017,24.163544853453068,53.373599999999996,2.098845337952516,-6.736547039068308,True,True,True
development_4,one_day_positive_spike,2,CA_2,FOODS_1,2015-10-25,1,522.0,723.6336,509.1199714480358,45.648276747385566,100.8168,0.8514212621738841,5.26853433559452,True,True,True
development_4,one_day_positive_spike,4,CA_2,FOODS_1,2015-10-25,1,522.0,925.2672,509.1199714480358,45.648276747385566,100.8168,0.8514212621738841,9.685647409015155,True,True,True
development_4,one_day_negative_drop,2,CA_2,FOODS_1,2015-10-26,1,309.0,107.3664,362.7406008443955,45.648276747385566,100.8168,-0.6080123494174946,-5.025125422838131,True,True,True
development_4,one_day_negative_drop,4,CA_2,FOODS_1,2015-10-26,1,309.0,0.0,362.7406008443955,45.648276747385566,100.8168,-0.6080123494174946,-7.377161636475685,True,True,True
development_4,two_day_positive_sustained_spike,2,CA_2,FOODS_1,2015-10-27,1,363.0,564.6336,353.7011303828297,45.648276747385566,100.8168,0.7729701312667572,5.190083204687393,True,True,True
development_4,two_day_positive_sustained_spike,2,CA_2,FOODS_1,2015-10-28,2,381.0,582.6336,353.7011303828297,45.648276747385566,100.8168,1.1672895072118945,5.58440258063253,True,True,True
development_4,two_day_positive_sustained_spike,4,CA_2,FOODS_1,2015-10-27,1,363.0,766.2672,353.7011303828297,45.648276747385566,100.8168,0.7729701312667572,9.60719627810803,True,True,True
development_4,two_day_positive_sustained_spike,4,CA_2,FOODS_1,2015-10-28,2,381.0,784.2672,353.7011303828297,45.648276747385566,100.8168,1.1672895072118945,10.001515654053167,True,True,True
development_4,two_day_negative_sustained_drop,2,CA_2,FOODS_1,2015-10-29,1,399.0,197.3664,355.1419138625577,45.648276747385566,100.8168,1.5300461696793426,-2.8870669037412933,False,True,False
development_4,two_day_negative_sustained_drop,2,CA_2,FOODS_1,2015-10-30,2,591.0,389.3664,423.08624331581694,45.648276747385566,100.8168,4.247688091481919,-0.1694249819387168,False,True,False
development_4,two_day_negative_sustained_drop,4,CA_2,FOODS_1,2015-10-29,1,399.0,0.0,355.1419138625577,45.648276747385566,100.8168,1.5300461696793426,-7.210699997104534,True,True,True
development_4,two_day_negative_sustained_drop,4,CA_2,FOODS_1,2015-10-30,2,591.0,187.7328,423.08624331581694,45.648276747385566,100.8168,4.247688091481919,-4.586538055359353,True,True,True
development_4,three_day_positive_sustained_spike,2,CA_2,FOODS_1,2015-10-31,1,816.0,1017.6336,503.2486194624252,45.648276747385566,100.8168,7.42059261655114,11.837705689971775,True,True,True
development_4,three_day_positive_sustained_spike,2,CA_2,FOODS_1,2015-11-01,2,619.0,820.6336,542.9504609337059,45.648276747385566,100.8168,2.235252482438904,6.652365555859539,True,True,True
development_4,three_day_positive_sustained_spike,2,CA_2,FOODS_1,2015-11-02,3,312.0,513.6336,410.837223847044,45.648276747385566,100.8168,-1.5959274738417986,2.821185599578836,False,True,False
development_4,three_day_positive_sustained_spike,4,CA_2,FOODS_1,2015-10-31,1,816.0,1219.2672,503.2486194624252,45.648276747385566,100.8168,7.42059261655114,16.25481876339241,True,True,True
development_4,three_day_positive_sustained_spike,4,CA_2,FOODS_1,2015-11-01,2,619.0,1022.2672,542.9504609337059,45.648276747385566,100.8168,2.235252482438904,11.069478629280175,True,True,True
development_4,three_day_positive_sustained_spike,4,CA_2,FOODS_1,2015-11-02,3,312.0,715.2672,410.837223847044,45.648276747385566,100.8168,-1.5959274738417986,7.238298672999472,True,True,True
development_4,three_day_negative_sustained_drop,2,CA_2,FOODS_1,2015-11-03,1,296.0,94.3664,404.6654189158494,45.648276747385566,100.8168,-1.8112301264083766,-6.228343199829014,True,True,True
development_4,three_day_negative_sustained_drop,2,CA_2,FOODS_1,2015-11-04,2,363.0,161.3664,380.41173369565894,45.648276747385566,100.8168,0.18783077407603854,-4.2292822993445975,True,True,True
development_4,three_day_negative_sustained_drop,2,CA_2,FOODS_1,2015-11-05,3,314.0,112.3664,380.7500616907552,45.648276747385566,100.8168,-0.8930058206574526,-5.31011889407809,True,True,True
development_4,three_day_negative_sustained_drop,4,CA_2,FOODS_1,2015-11-03,1,296.0,0.0,404.6654189158494,45.648276747385566,100.8168,-1.8112301264083766,-8.295593197506193,True,True,True
development_4,three_day_negative_sustained_drop,4,CA_2,FOODS_1,2015-11-04,2,363.0,0.0,380.41173369565894,45.648276747385566,100.8168,0.18783077407603854,-7.764276640817564,True,True,True
development_4,three_day_negative_sustained_drop,4,CA_2,FOODS_1,2015-11-05,3,314.0,0.0,380.7500616907552,45.648276747385566,100.8168,-0.8930058206574526,-7.771688267700404,True,True,True
development_4,one_day_positive_spike,2,CA_2,FOODS_2,2015-10-13,1,363.0,465.2994,396.15981378272573,27.211155573749025,51.149699999999996,-0.28208975617116555,3.4773757219759522,True,True,False
development_4,one_day_positive_spike,4,CA_2,FOODS_2,2015-10-13,1,363.0,567.5988,396.15981378272573,27.211155573749025,51.149699999999996,-0.28208975617116555,7.23684120012307,True,True,True
development_4,one_day_negative_drop,2,CA_2,FOODS_2,2015-10-14,1,342.0,239.7006,393.3682958428517,27.211155573749025,51.149699999999996,-0.9512448021880967,-4.710710280335217,True,True,True
development_4,one_day_negative_drop,4,CA_2,FOODS_2,2015-10-14,1,342.0,137.40120000000002,393.3682958428517,27.211155573749025,51.149699999999996,-0.9512448021880967,-8.470175758482334,True,True,True
development_4,two_day_positive_sustained_spike,2,CA_2,FOODS_2,2015-10-15,1,315.0,417.2994,396.63576077084974,27.211155573749025,51.149699999999996,-2.0635630514431025,1.6959024267040155,False,True,False
development_4,two_day_positive_sustained_spike,2,CA_2,FOODS_2,2015-10-16,2,420.0,522.2994,470.4137985735756,27.211155573749025,51.149699999999996,-0.9161673771706583,2.8432981009764595,False,True,False
development_4,two_day_positive_sustained_spike,4,CA_2,FOODS_2,2015-10-15,1,315.0,519.5988,396.63576077084974,27.211155573749025,51.149699999999996,-2.0635630514431025,5.455367904851133,True,True,True
development_4,two_day_positive_sustained_spike,4,CA_2,FOODS_2,2015-10-16,2,420.0,624.5988,470.4137985735756,27.211155573749025,51.149699999999996,-0.9161673771706583,6.602763579123578,True,True,True
development_4,two_day_negative_sustained_drop,2,CA_2,FOODS_2,2015-10-17,1,701.0,598.7006,627.0980460406673,27.211155573749025,51.149699999999996,3.652390992060724,-0.10707448608639425,False,True,False
development_4,two_day_negative_sustained_drop,2,CA_2,FOODS_2,2015-10-18,2,703.0,600.7006,674.6618828027872,27.211155573749025,51.149699999999996,1.977936680900343,-1.7815287972467748,False,True,False
development_4,two_day_negative_sustained_drop,4,CA_2,FOODS_2,2015-10-17,1,701.0,496.4012,627.0980460406673,27.211155573749025,51.149699999999996,3.652390992060724,-3.866539964233512,True,True,False
development_4,two_day_negative_sustained_drop,4,CA_2,FOODS_2,2015-10-18,2,703.0,498.4012,674.6618828027872,27.211155573749025,51.149699999999996,1.977936680900343,-5.540994275393893,True,True,True
development_4,three_day_positive_sustained_spike,2,CA_2,FOODS_2,2015-10-19,1,475.0,577.2994,389.52205646371374,27.211155573749025,51.149699999999996,4.077804368776011,7.837269846923129,True,True,True
development_4,three_day_positive_sustained_spike,2,CA_2,FOODS_2,2015-10-20,2,412.0,514.2994,366.99878894340475,27.211155573749025,51.149699999999996,2.590299276609346,6.349764754756464,True,True,True
development_4,three_day_positive_sustained_spike,2,CA_2,FOODS_2,2015-10-21,3,336.0,438.2994,364.0740394086422,27.211155573749025,51.149699999999996,-0.09518941082200083,3.664276067325117,True,True,False
development_4,three_day_positive_sustained_spike,4,CA_2,FOODS_2,2015-10-19,1,475.0,679.5988,389.52205646371374,27.211155573749025,51.149699999999996,4.077804368776011,11.596735325070249,True,True,True
development_4,three_day_positive_sustained_spike,4,CA_2,FOODS_2,2015-10-20,2,412.0,616.5988,366.99878894340475,27.211155573749025,51.149699999999996,2.590299276609346,10.109230232903583,True,True,True
development_4,three_day_positive_sustained_spike,4,CA_2,FOODS_2,2015-10-21,3,336.0,540.5988,364.0740394086422,27.211155573749025,51.149699999999996,-0.09518941082200083,7.423741545472235,True,True,True
development_4,three_day_negative_sustained_drop,2,CA_2,FOODS_2,2015-10-22,1,344.0,241.7006,367.0080320688401,27.211155573749025,51.149699999999996,0.09098450325790385,-3.668480974889214,True,True,False
development_4,three_day_negative_sustained_drop,2,CA_2,FOODS_2,2015-10-23,2,439.0,336.7006,439.7899367186614,27.211155573749025,51.149699999999996,0.9074913689792853,-2.851974109167833,False,True,False
development_4,three_day_negative_sustained_drop,2,CA_2,FOODS_2,2015-10-24,3,546.0,443.7006,565.7666549868921,27.211155573749025,51.149699999999996,0.2101039237162902,-3.5493615544308277,True,True,False
development_4,three_day_negative_sustained_drop,4,CA_2,FOODS_2,2015-10-22,1,344.0,139.40120000000002,367.0080320688401,27.211155573749025,51.149699999999996,0.09098450325790385,-7.427946453036332,True,True,True
development_4,three_day_negative_sustained_drop,4,CA_2,FOODS_2,2015-10-23,2,439.0,234.40120000000002,439.7899367186614,27.211155573749025,51.149699999999996,0.9074913689792853,-6.61143958731495,True,True,True
development_4,three_day_negative_sustained_drop,4,CA_2,FOODS_2,2015-10-24,3,546.0,341.4012,565.7666549868921,27.211155573749025,51.149699999999996,0.2101039237162902,-7.308827032577946,True,True,True
development_4,one_day_positive_spike,2,CA_2,FOODS_3,2015-10-25,1,2252.0,3045.191,2417.464478045839,121.72516942746171,396.59549999999996,-1.3952497061271263,5.120995074888989,True,True,True
development_4,one_day_positive_spike,4,CA_2,FOODS_3,2015-10-25,1,2252.0,3838.3819999999996,2417.464478045839,121.72516942746171,396.59549999999996,-1.3952497061271263,11.637239855905104,True,True,True
development_4,one_day_negative_drop,2,CA_2,FOODS_3,2015-10-26,1,1408.0,614.8090000000001,1494.3301609052628,121.72516942746171,396.59549999999996,-0.7451432613155324,-7.2613880423316495,True,True,True
development_4,one_day_negative_drop,4,CA_2,FOODS_3,2015-10-26,1,1408.0,0.0,1494.3301609052628,121.72516942746171,396.59549999999996,-0.7451432613155324,-12.312184051832185,True,True,True
development_4,two_day_positive_sustained_spike,2,CA_2,FOODS_3,2015-10-27,1,1324.0,2117.191,1404.4009975239733,121.72516942746171,396.59549999999996,-0.6964338332721989,5.819810947743917,True,True,True
development_4,two_day_positive_sustained_spike,2,CA_2,FOODS_3,2015-10-28,2,1413.0,2206.191,1387.745765275135,121.72516942746171,396.59549999999996,0.17154797152455015,6.687792752540666,True,True,True
development_4,two_day_positive_sustained_spike,4,CA_2,FOODS_3,2015-10-27,1,1324.0,2910.3819999999996,1404.4009975239733,121.72516942746171,396.59549999999996,-0.6964338332721989,12.336055728760032,True,True,True
development_4,two_day_positive_sustained_spike,4,CA_2,FOODS_3,2015-10-28,2,1413.0,2999.3819999999996,1387.745765275135,121.72516942746171,396.59549999999996,0.17154797152455015,13.20403753355678,True,True,True
development_4,two_day_negative_sustained_drop,2,CA_2,FOODS_3,2015-10-29,1,1505.0,711.8090000000001,1392.8482698139085,121.72516942746171,396.59549999999996,0.8854306949576061,-5.6308140860585105,True,True,True
development_4,two_day_negative_sustained_drop,2,CA_2,FOODS_3,2015-10-30,2,1863.0,1069.8090000000002,1816.034256978485,121.72516942746171,396.59549999999996,0.34991295880508355,-6.166331822211032,True,True,True
development_4,two_day_negative_sustained_drop,4,CA_2,FOODS_3,2015-10-29,1,1505.0,0.0,1392.8482698139085,121.72516942746171,396.59549999999996,0.8854306949576061,-11.478487195473901,True,True,True
development_4,two_day_negative_sustained_drop,4,CA_2,FOODS_3,2015-10-30,2,1863.0,276.61800000000017,1816.034256978485,121.72516942746171,396.59549999999996,0.34991295880508355,-12.682576603227151,True,True,True
development_4,three_day_positive_sustained_spike,2,CA_2,FOODS_3,2015-10-31,1,2214.0,3007.191,2285.254454964886,121.72516942746171,396.59549999999996,-0.6212929022543303,5.894951878761786,True,True,True
development_4,three_day_positive_sustained_spike,2,CA_2,FOODS_3,2015-11-01,2,2434.0,3227.191,2448.285212725055,121.72516942746171,396.59549999999996,-0.15327759771388214,6.362967183302233,True,True,True
development_4,three_day_positive_sustained_spike,2,CA_2,FOODS_3,2015-11-02,3,1214.0,2007.1909999999998,1748.4098462246077,121.72516942746171,396.59549999999996,-4.426219964078832,2.0900248169372824,False,True,False
development_4,three_day_positive_sustained_spike,4,CA_2,FOODS_3,2015-10-31,1,2214.0,3800.3819999999996,2285.254454964886,121.72516942746171,396.59549999999996,-0.6212929022543303,12.4111966597779,True,True,True
development_4,three_day_positive_sustained_spike,4,CA_2,FOODS_3,2015-11-01,2,2434.0,4020.3819999999996,2448.285212725055,121.72516942746171,396.59549999999996,-0.15327759771388214,12.879211964318348,True,True,True
development_4,three_day_positive_sustained_spike,4,CA_2,FOODS_3,2015-11-02,3,1214.0,2800.3819999999996,1748.4098462246077,121.72516942746171,396.59549999999996,-4.426219964078832,8.606269597953398,True,True,True
development_4,three_day_negative_sustained_drop,2,CA_2,FOODS_3,2015-11-03,1,1424.0,630.8090000000001,1649.4889453660337,121.72516942746171,396.59549999999996,-1.8883643807874442,-8.404609161803561,True,True,True
development_4,three_day_negative_sustained_drop,2,CA_2,FOODS_3,2015-11-04,2,1211.0,417.8090000000001,1603.7657131537806,121.72516942746171,396.59549999999996,-3.2625811395279625,-9.778825920544081,True,True,True
development_4,three_day_negative_sustained_drop,2,CA_2,FOODS_3,2015-11-05,3,1369.0,575.8090000000001,1599.0833646847946,121.72516942746171,396.59549999999996,-1.926108582256794,-8.442353363272911,True,True,True
development_4,three_day_negative_sustained_drop,4,CA_2,FOODS_3,2015-11-03,1,1424.0,0.0,1649.4889453660337,121.72516942746171,396.59549999999996,-1.8883643807874442,-13.586848816650877,True,True,True
development_4,three_day_negative_sustained_drop,4,CA_2,FOODS_3,2015-11-04,2,1211.0,0.0,1603.7657131537806,121.72516942746171,396.59549999999996,-3.2625811395279625,-13.211222046712384,True,True,True
development_4,three_day_negative_sustained_drop,4,CA_2,FOODS_3,2015-11-05,3,1369.0,0.0,1599.0833646847946,121.72516942746171,396.59549999999996,-1.926108582256794,-13.17275548724067,True,True,True
development_5,one_day_positive_spike,2,CA_1,FOODS_1,2016-01-05,1,187.0,360.4642,297.75733736313333,56.83680129184195,86.73209999999999,-1.577965849942476,1.4740039312087745,False,True,False
development_5,one_day_positive_spike,4,CA_1,FOODS_1,2016-01-05,1,187.0,533.9284,297.75733736313333,56.83680129184195,86.73209999999999,-1.577965849942476,4.525973712360025,True,True,True
development_5,one_day_negative_drop,2,CA_1,FOODS_1,2016-01-06,1,215.0,41.53580000000002,297.75733736313333,56.83680129184195,86.73209999999999,-1.0853272889469798,-4.13729707009823,True,True,True
development_5,one_day_negative_drop,4,CA_1,FOODS_1,2016-01-06,1,215.0,0.0,297.75733736313333,56.83680129184195,86.73209999999999,-1.0853272889469798,-4.868087668019544,True,True,True
development_5,two_day_positive_sustained_spike,2,CA_1,FOODS_1,2016-01-07,1,211.0,384.4642,303.2745680657429,56.83680129184195,86.73209999999999,-1.2527756760182565,1.7991941051329943,False,True,False
development_5,two_day_positive_sustained_spike,2,CA_1,FOODS_1,2016-01-08,2,295.0,468.4642,323.86986294943625,56.83680129184195,86.73209999999999,-0.1372184371310738,2.914751344020177,False,True,False
development_5,two_day_positive_sustained_spike,4,CA_1,FOODS_1,2016-01-07,1,211.0,557.9284,303.2745680657429,56.83680129184195,86.73209999999999,-1.2527756760182565,4.851163886284245,True,True,True
development_5,two_day_positive_sustained_spike,4,CA_1,FOODS_1,2016-01-08,2,295.0,641.9284,323.86986294943625,56.83680129184195,86.73209999999999,-0.1372184371310738,5.966721125171428,True,True,True
development_5,two_day_negative_sustained_drop,2,CA_1,FOODS_1,2016-01-09,1,383.0,209.53580000000002,396.1631334190744,56.83680129184195,86.73209999999999,0.13912944264688878,-2.9128403385043624,False,True,False
development_5,two_day_negative_sustained_drop,2,CA_1,FOODS_1,2016-01-10,2,294.0,120.53580000000002,366.7935811148112,56.83680129184195,86.73209999999999,-0.910022626794004,-3.9619924079452553,True,True,False
development_5,two_day_negative_sustained_drop,4,CA_1,FOODS_1,2016-01-09,1,383.0,36.071600000000046,396.1631334190744,56.83680129184195,86.73209999999999,0.13912944264688878,-5.9648101196556125,True,True,True
development_5,two_day_negative_sustained_drop,4,CA_1,FOODS_1,2016-01-10,2,294.0,0.0,366.7935811148112,56.83680129184195,86.73209999999999,-0.910022626794004,-6.082727517246719,True,True,True
development_5,three_day_positive_sustained_spike,2,CA_1,FOODS_1,2016-01-11,1,318.0,491.4642,289.3212988483377,56.83680129184195,86.73209999999999,0.8753044845161512,3.927274265667402,True,True,False
development_5,three_day_positive_sustained_spike,2,CA_1,FOODS_1,2016-01-12,2,236.0,409.4642,296.00399654818807,56.83680129184195,86.73209999999999,-0.6849996790571679,2.3669701020940828,False,True,False
development_5,three_day_positive_sustained_spike,2,CA_1,FOODS_1,2016-01-13,3,258.0,431.4642,296.00399654818807,56.83680129184195,86.73209999999999,-0.2979265239892777,2.754043257161973,False,True,False
development_5,three_day_positive_sustained_spike,4,CA_1,FOODS_1,2016-01-11,1,318.0,664.9284,289.3212988483377,56.83680129184195,86.73209999999999,0.8753044845161512,6.9792440468186525,True,True,True
development_5,three_day_positive_sustained_spike,4,CA_1,FOODS_1,2016-01-12,2,236.0,582.9284,296.00399654818807,56.83680129184195,86.73209999999999,-0.6849996790571679,5.418939883245334,True,True,True
development_5,three_day_positive_sustained_spike,4,CA_1,FOODS_1,2016-01-13,3,258.0,604.9284,296.00399654818807,56.83680129184195,86.73209999999999,-0.2979265239892777,5.806013038313225,True,True,True
development_5,three_day_negative_sustained_drop,2,CA_1,FOODS_1,2016-01-14,1,273.0,99.53580000000002,296.05698918857485,56.83680129184195,86.73209999999999,-0.03494537410252935,-3.0869151552537795,True,True,False
development_5,three_day_negative_sustained_drop,2,CA_1,FOODS_1,2016-01-15,2,330.0,156.53580000000002,322.11036484765447,56.83680129184195,86.73209999999999,0.5095367860038715,-2.5424329951473785,False,True,False
development_5,three_day_negative_sustained_drop,2,CA_1,FOODS_1,2016-01-16,3,450.0,276.5358,396.93270774392306,56.83680129184195,86.73209999999999,1.3044030711728078,-1.747566709978443,False,True,False
development_5,three_day_negative_sustained_drop,4,CA_1,FOODS_1,2016-01-14,1,273.0,0.0,296.05698918857485,56.83680129184195,86.73209999999999,-0.03494537410252935,-4.838171343808622,True,True,True
development_5,three_day_negative_sustained_drop,4,CA_1,FOODS_1,2016-01-15,2,330.0,0.0,322.11036484765447,56.83680129184195,86.73209999999999,0.5095367860038715,-5.2965605400144815,True,True,True
development_5,three_day_negative_sustained_drop,4,CA_1,FOODS_1,2016-01-16,3,450.0,103.07160000000005,396.93270774392306,56.83680129184195,86.73209999999999,1.3044030711728078,-4.799536491129693,True,True,True
development_5,one_day_positive_spike,2,CA_1,FOODS_2,2016-01-17,1,609.0,822.4944,653.6671810252592,64.71101465964018,106.74719999999999,-0.5924954066858843,2.706701818437446,False,True,False
development_5,one_day_positive_spike,4,CA_1,FOODS_2,2016-01-17,1,609.0,1035.9888,653.6671810252592,64.71101465964018,106.74719999999999,-0.5924954066858843,6.005899043560776,True,True,True
development_5,one_day_negative_drop,2,CA_1,FOODS_2,2016-01-18,1,544.0,330.5056,520.044659876738,64.71101465964018,106.74719999999999,0.46795035373765864,-2.831246871385671,False,True,False
development_5,one_day_negative_drop,4,CA_1,FOODS_2,2016-01-18,1,544.0,117.01120000000003,520.044659876738,64.71101465964018,106.74719999999999,0.46795035373765864,-6.130444096509,True,True,True
development_5,two_day_positive_sustained_spike,2,CA_1,FOODS_2,2016-01-19,1,349.0,562.4944,391.1847036207997,64.71101465964018,106.74719999999999,-0.5541328896164714,2.745064335506859,False,True,False
development_5,two_day_positive_sustained_spike,2,CA_1,FOODS_2,2016-01-20,2,447.0,660.4944,388.42402685517584,64.71101465964018,106.74719999999999,1.0029540652952034,4.302151290418534,True,True,True
development_5,two_day_positive_sustained_spike,4,CA_1,FOODS_2,2016-01-19,1,349.0,775.9888,391.1847036207997,64.71101465964018,106.74719999999999,-0.5541328896164714,6.044261560630187,True,True,True
development_5,two_day_positive_sustained_spike,4,CA_1,FOODS_2,2016-01-20,2,447.0,873.9888,388.42402685517584,64.71101465964018,106.74719999999999,1.0029540652952034,7.601348515541862,True,True,True
development_5,two_day_negative_sustained_drop,2,CA_1,FOODS_2,2016-01-21,1,387.0,173.50560000000002,387.80717651980814,64.71101465964018,106.74719999999999,0.08528726657524506,-3.213909958548084,True,True,False
development_5,two_day_negative_sustained_drop,2,CA_1,FOODS_2,2016-01-22,2,431.0,217.50560000000002,432.0568083692329,64.71101465964018,106.74719999999999,0.08142962578970422,-3.217767599333625,True,True,False
development_5,two_day_negative_sustained_drop,4,CA_1,FOODS_2,2016-01-21,1,387.0,0.0,387.80717651980814,64.71101465964018,106.74719999999999,0.08528726657524506,-5.895147471397875,True,True,True
development_5,two_day_negative_sustained_drop,4,CA_1,FOODS_2,2016-01-22,2,431.0,4.011200000000031,432.0568083692329,64.71101465964018,106.74719999999999,0.08142962578970422,-6.516964824456955,True,True,True
development_5,three_day_positive_sustained_spike,2,CA_1,FOODS_2,2016-01-23,1,688.0,901.4944,584.1880770158424,64.71101465964018,106.74719999999999,1.7019996617405762,5.001196886863906,True,True,True
development_5,three_day_positive_sustained_spike,2,CA_1,FOODS_2,2016-01-24,2,621.0,834.4944,583.2684158550843,64.71101465964018,106.74719999999999,0.6808390573704557,3.980036282493786,True,True,False
development_5,three_day_positive_sustained_spike,2,CA_1,FOODS_2,2016-01-25,3,440.0,653.4944,416.6207916326889,64.71101465964018,106.74719999999999,0.4590472055026773,3.7582444306260068,True,True,False
development_5,three_day_positive_sustained_spike,4,CA_1,FOODS_2,2016-01-23,1,688.0,1114.9888,584.1880770158424,64.71101465964018,106.74719999999999,1.7019996617405762,8.300394111987236,True,True,True
development_5,three_day_positive_sustained_spike,4,CA_1,FOODS_2,2016-01-24,2,621.0,1047.9888,583.2684158550843,64.71101465964018,106.74719999999999,0.6808390573704557,7.279233507617116,True,True,True
development_5,three_day_positive_sustained_spike,4,CA_1,FOODS_2,2016-01-25,3,440.0,866.9888,416.6207916326889,64.71101465964018,106.74719999999999,0.4590472055026773,7.057441655749336,True,True,True
development_5,three_day_negative_sustained_drop,2,CA_1,FOODS_2,2016-01-26,1,355.0,141.50560000000002,367.3002343675928,64.71101465964018,106.74719999999999,-0.09231863109510617,-3.3915158562184358,True,True,False
development_5,three_day_negative_sustained_drop,2,CA_1,FOODS_2,2016-01-27,2,371.0,157.50560000000002,362.6834057362729,64.71101465964018,106.74719999999999,0.2262798136945182,-3.0729174114288123,True,True,False
development_5,three_day_negative_sustained_drop,2,CA_1,FOODS_2,2016-01-28,3,366.0,152.50560000000002,363.7667062590159,64.71101465964018,106.74719999999999,0.13227262566417547,-3.1669245994591537,True,True,False
development_5,three_day_negative_sustained_drop,4,CA_1,FOODS_2,2016-01-26,1,355.0,0.0,367.3002343675928,64.71101465964018,106.74719999999999,-0.09231863109510617,-5.578247137504558,True,True,True
development_5,three_day_negative_sustained_drop,4,CA_1,FOODS_2,2016-01-27,2,371.0,0.0,362.6834057362729,64.71101465964018,106.74719999999999,0.2262798136945182,-5.506901808496768,True,True,True
development_5,three_day_negative_sustained_drop,4,CA_1,FOODS_2,2016-01-28,3,366.0,0.0,363.7667062590159,64.71101465964018,106.74719999999999,0.13227262566417547,-5.523642397845287,True,True,True
development_5,one_day_positive_spike,2,CA_1,FOODS_3,2016-01-05,1,1622.0,2467.082,1496.2283822409029,193.9376723064393,422.541,1.0359846577508611,5.393477402454391,True,True,True
development_5,one_day_positive_spike,4,CA_1,FOODS_3,2016-01-05,1,1622.0,3312.1639999999998,1496.2283822409029,193.9376723064393,422.541,1.0359846577508611,9.75097014715792,True,True,True
development_5,one_day_negative_drop,2,CA_1,FOODS_3,2016-01-06,1,1471.0,625.918,1496.2283822409029,193.9376723064393,422.541,0.2573839959804849,-4.100108748723045,True,True,True
development_5,one_day_negative_drop,4,CA_1,FOODS_3,2016-01-06,1,1471.0,0.0,1496.2283822409029,193.9376723064393,422.541,0.2573839959804849,-7.32752708656404,True,True,True
development_5,two_day_positive_sustained_spike,2,CA_1,FOODS_3,2016-01-07,1,1732.0,2577.082,1582.4708252809762,193.9376723064393,422.541,1.1584856482875916,5.515978392991121,True,True,True
development_5,two_day_positive_sustained_spike,2,CA_1,FOODS_3,2016-01-08,2,1980.0,2825.082,1726.6472420614143,193.9376723064393,422.541,1.6938307516129056,6.051323496316436,True,True,True
development_5,two_day_positive_sustained_spike,4,CA_1,FOODS_3,2016-01-07,1,1732.0,3422.1639999999998,1582.4708252809762,193.9376723064393,422.541,1.1584856482875916,9.87347113769465,True,True,True
development_5,two_day_positive_sustained_spike,4,CA_1,FOODS_3,2016-01-08,2,1980.0,3670.1639999999998,1726.6472420614143,193.9376723064393,422.541,1.6938307516129056,10.408816241019965,True,True,True
development_5,two_day_negative_sustained_drop,2,CA_1,FOODS_3,2016-01-09,1,2863.0,2017.9180000000001,2155.4867494079667,193.9376723064393,422.541,4.035616580287969,-0.32187616441556055,False,True,False
development_5,two_day_negative_sustained_drop,2,CA_1,FOODS_3,2016-01-10,2,2800.0,1954.9180000000001,2244.8385558721684,193.9376723064393,422.541,3.2500456045598916,-1.1074471401436379,False,True,False
development_5,two_day_negative_sustained_drop,4,CA_1,FOODS_3,2016-01-09,1,2863.0,1172.836,2155.4867494079667,193.9376723064393,422.541,4.035616580287969,-4.679368909119091,True,True,True
development_5,two_day_negative_sustained_drop,4,CA_1,FOODS_3,2016-01-10,2,2800.0,1109.836,2244.8385558721684,193.9376723064393,422.541,3.2500456045598916,-5.464939884847168,True,True,True
development_5,three_day_positive_sustained_spike,2,CA_1,FOODS_3,2016-01-11,1,1853.0,2698.082,1535.4692009397102,193.9376723064393,422.541,2.024751713788306,6.382244458491836,True,True,True
development_5,three_day_positive_sustained_spike,2,CA_1,FOODS_3,2016-01-12,2,1545.0,2390.082,1386.5384947255409,193.9376723064393,422.541,1.204543386576424,5.562036131279953,True,True,True
development_5,three_day_positive_sustained_spike,2,CA_1,FOODS_3,2016-01-13,3,1471.0,2316.082,1385.7027816940522,193.9376723064393,422.541,0.8272866829231749,5.1847794276267045,True,True,True
development_5,three_day_positive_sustained_spike,4,CA_1,FOODS_3,2016-01-11,1,1853.0,3543.1639999999998,1535.4692009397102,193.9376723064393,422.541,2.024751713788306,10.739737203195364,True,True,True
development_5,three_day_positive_sustained_spike,4,CA_1,FOODS_3,2016-01-12,2,1545.0,3235.1639999999998,1386.5384947255409,193.9376723064393,422.541,1.204543386576424,9.919528875983483,True,True,True
development_5,three_day_positive_sustained_spike,4,CA_1,FOODS_3,2016-01-13,3,1471.0,3161.1639999999998,1385.7027816940522,193.9376723064393,422.541,0.8272866829231749,9.542272172330234,True,True,True
development_5,three_day_negative_sustained_drop,2,CA_1,FOODS_3,2016-01-14,1,1487.0,641.918,1381.4614531937546,193.9376723064393,422.541,0.9316569595155147,-3.4258357851880152,True,True,False
development_5,three_day_negative_sustained_drop,2,CA_1,FOODS_3,2016-01-15,2,1871.0,1025.9180000000001,1588.1491251995276,193.9376723064393,422.541,1.8459317669085684,-2.511560977794961,False,True,False
development_5,three_day_negative_sustained_drop,2,CA_1,FOODS_3,2016-01-16,3,2698.0,1852.9180000000001,2086.6705456948075,193.9376723064393,422.541,3.539664478032861,-0.8178282666706684,False,True,False
development_5,three_day_negative_sustained_drop,4,CA_1,FOODS_3,2016-01-14,1,1487.0,0.0,1381.4614531937546,193.9376723064393,422.541,0.9316569595155147,-6.735754855402031,True,True,True
development_5,three_day_negative_sustained_drop,4,CA_1,FOODS_3,2016-01-15,2,1871.0,180.836,1588.1491251995276,193.9376723064393,422.541,1.8459317669085684,-6.869053722498491,True,True,True
development_5,three_day_negative_sustained_drop,4,CA_1,FOODS_3,2016-01-16,3,2698.0,1007.836,2086.6705456948075,193.9376723064393,422.541,3.539664478032861,-5.175321011374199,True,True,True
development_5,one_day_positive_spike,2,CA_1,HOBBIES_1,2016-01-17,1,532.0,696.5686000000001,627.3559178953349,64.15541050424108,82.2843,-1.7856908875049264,0.7794645484363812,False,True,False
development_5,one_day_positive_spike,4,CA_1,HOBBIES_1,2016-01-17,1,532.0,861.1372,627.3559178953349,64.15541050424108,82.2843,-1.7856908875049264,3.344619984377687,True,True,False
development_5,one_day_negative_drop,2,CA_1,HOBBIES_1,2016-01-18,1,564.0,399.4314,522.6394804608262,64.15541050424108,82.2843,0.3453287156736835,-2.219826720267623,False,True,False
development_5,one_day_negative_drop,4,CA_1,HOBBIES_1,2016-01-18,1,564.0,234.8628,522.6394804608262,64.15541050424108,82.2843,0.3453287156736835,-4.78498215620893,True,True,True
development_5,two_day_positive_sustained_spike,2,CA_1,HOBBIES_1,2016-01-19,1,333.0,497.5686,426.69430255404745,64.15541050424108,82.2843,-1.7597910401151635,0.8053643958261429,False,True,False
development_5,two_day_positive_sustained_spike,2,CA_1,HOBBIES_1,2016-01-20,2,478.0,642.5686000000001,427.72058101489137,64.15541050424108,82.2843,0.4843489382213247,3.049504374162632,True,True,False
development_5,two_day_positive_sustained_spike,4,CA_1,HOBBIES_1,2016-01-19,1,333.0,662.1372,426.69430255404745,64.15541050424108,82.2843,-1.7597910401151635,3.37051983176745,True,True,False
development_5,two_day_positive_sustained_spike,4,CA_1,HOBBIES_1,2016-01-20,2,478.0,807.1372,427.72058101489137,64.15541050424108,82.2843,0.4843489382213247,5.614659810103937,True,True,True
development_5,two_day_negative_sustained_drop,2,CA_1,HOBBIES_1,2016-01-21,1,539.0,374.4314,429.20133844797823,64.15541050424108,82.2843,1.4120842936513789,-1.1530711422899278,False,True,False
development_5,two_day_negative_sustained_drop,2,CA_1,HOBBIES_1,2016-01-22,2,430.0,265.4314,480.1981000721468,64.15541050424108,82.2843,-1.0818092122376028,-3.6469646481789093,True,True,False
development_5,two_day_negative_sustained_drop,4,CA_1,HOBBIES_1,2016-01-21,1,539.0,209.8628,429.20133844797823,64.15541050424108,82.2843,1.4120842936513789,-3.7182265782312345,True,True,False
development_5,two_day_negative_sustained_drop,4,CA_1,HOBBIES_1,2016-01-22,2,430.0,100.8628,480.1981000721468,64.15541050424108,82.2843,-1.0818092122376028,-6.212120084120216,True,True,True
development_5,three_day_positive_sustained_spike,2,CA_1,HOBBIES_1,2016-01-23,1,664.0,828.5686000000001,622.7922846033952,64.15541050424108,82.2843,0.3429469345991345,2.9081023705404423,False,True,False
development_5,three_day_positive_sustained_spike,2,CA_1,HOBBIES_1,2016-01-24,2,431.0,595.5686000000001,598.1621079763167,64.15541050424108,82.2843,-2.9049447355686846,-0.3397892996273769,False,False,False
development_5,three_day_positive_sustained_spike,2,CA_1,HOBBIES_1,2016-01-25,3,482.0,646.5686000000001,459.77379349332136,64.15541050424108,82.2843,0.04707931032960532,2.612234746270913,False,True,False
development_5,three_day_positive_sustained_spike,4,CA_1,HOBBIES_1,2016-01-23,1,664.0,993.1372,622.7922846033952,64.15541050424108,82.2843,0.3429469345991345,5.473257806481748,True,True,True
development_5,three_day_positive_sustained_spike,4,CA_1,HOBBIES_1,2016-01-24,2,431.0,760.1372,598.1621079763167,64.15541050424108,82.2843,-2.9049447355686846,2.2253661363139288,False,True,False
development_5,three_day_positive_sustained_spike,4,CA_1,HOBBIES_1,2016-01-25,3,482.0,811.1372,459.77379349332136,64.15541050424108,82.2843,0.04707931032960532,5.1773901822122195,True,True,True
development_5,three_day_negative_sustained_drop,2,CA_1,HOBBIES_1,2016-01-26,1,414.0,249.4314,424.24861565152696,64.15541050424108,82.2843,-0.45911061041073203,-3.0242660463520386,True,True,False
development_5,three_day_negative_sustained_drop,2,CA_1,HOBBIES_1,2016-01-27,2,376.0,211.4314,418.76300179964267,64.15541050424108,82.2843,-0.9659172209921778,-3.5310726569334845,True,True,False
development_5,three_day_negative_sustained_drop,2,CA_1,HOBBIES_1,2016-01-28,3,425.0,260.4314,419.82359369425535,64.15541050424108,82.2843,-0.21867848105428564,-2.7838339169955924,False,True,False
development_5,three_day_negative_sustained_drop,4,CA_1,HOBBIES_1,2016-01-26,1,414.0,84.8628,424.24861565152696,64.15541050424108,82.2843,-0.45911061041073203,-5.5894214822933455,True,True,True
development_5,three_day_negative_sustained_drop,4,CA_1,HOBBIES_1,2016-01-27,2,376.0,46.86279999999999,418.76300179964267,64.15541050424108,82.2843,-0.9659172209921778,-6.0962280928747905,True,True,True
development_5,three_day_negative_sustained_drop,4,CA_1,HOBBIES_1,2016-01-28,3,425.0,95.8628,419.82359369425535,64.15541050424108,82.2843,-0.21867848105428564,-5.348989352936899,True,True,True
development_5,one_day_positive_spike,2,CA_1,HOBBIES_2,2016-01-05,1,18.0,44.6868,39.88200329578783,14.02075566871684,13.343399999999999,-1.464503552117205,0.4388745988581866,False,True,False
development_5,one_day_positive_spike,4,CA_1,HOBBIES_2,2016-01-05,1,18.0,71.3736,39.88200329578783,14.02075566871684,13.343399999999999,-1.464503552117205,2.342252749833578,False,True,False
development_5,one_day_negative_drop,2,CA_1,HOBBIES_2,2016-01-06,1,29.0,2.313200000000002,39.88200329578783,14.02075566871684,13.343399999999999,-0.6799524009589804,-2.5833305519343717,False,True,False
development_5,one_day_negative_drop,4,CA_1,HOBBIES_2,2016-01-06,1,29.0,0.0,39.88200329578783,14.02075566871684,13.343399999999999,-0.6799524009589804,-2.7483145267397546,False,True,False
development_5,two_day_positive_sustained_spike,2,CA_1,HOBBIES_2,2016-01-07,1,22.0,48.6868,44.96071601421112,14.02075566871684,13.343399999999999,-1.5414403980270242,0.3619377529483675,False,True,False
development_5,two_day_positive_sustained_spike,2,CA_1,HOBBIES_2,2016-01-08,2,28.0,54.6868,36.37306652796817,14.02075566871684,13.343399999999999,-0.501007925561152,1.4023702254142396,False,True,False
development_5,two_day_positive_sustained_spike,4,CA_1,HOBBIES_2,2016-01-07,1,22.0,75.3736,44.96071601421112,14.02075566871684,13.343399999999999,-1.5414403980270242,2.265315903923759,False,True,False
development_5,two_day_positive_sustained_spike,4,CA_1,HOBBIES_2,2016-01-08,2,28.0,81.3736,36.37306652796817,14.02075566871684,13.343399999999999,-0.501007925561152,3.305748376389631,True,True,False
development_5,two_day_negative_sustained_drop,2,CA_1,HOBBIES_2,2016-01-09,1,44.0,17.313200000000002,43.51911492605611,14.02075566871684,13.343399999999999,0.13048097640060363,-1.772897174574788,False,True,False
development_5,two_day_negative_sustained_drop,2,CA_1,HOBBIES_2,2016-01-10,2,28.0,1.313200000000002,41.123609442781365,14.02075566871684,13.343399999999999,-0.8398300994196283,-2.74320825039502,False,True,False
development_5,two_day_negative_sustained_drop,4,CA_1,HOBBIES_2,2016-01-09,1,44.0,0.0,43.51911492605611,14.02075566871684,13.343399999999999,0.13048097640060363,-3.007723628232295,True,True,False
development_5,two_day_negative_sustained_drop,4,CA_1,HOBBIES_2,2016-01-10,2,28.0,0.0,41.123609442781365,14.02075566871684,13.343399999999999,-0.8398300994196283,-2.8368693932769276,False,True,False
development_5,three_day_positive_sustained_spike,2,CA_1,HOBBIES_2,2016-01-11,1,27.0,53.6868,39.24658050364047,14.02075566871684,13.343399999999999,-0.7772779118012588,1.1261002391741326,False,True,False
development_5,three_day_positive_sustained_spike,2,CA_1,HOBBIES_2,2016-01-12,2,15.0,41.6868,40.937059925355854,14.02075566871684,13.343399999999999,-1.7537216745480582,0.14965647642733373,False,True,False
development_5,three_day_positive_sustained_spike,2,CA_1,HOBBIES_2,2016-01-13,3,40.0,66.6868,40.937059925355854,14.02075566871684,13.343399999999999,0.029349123538816302,1.9327272745142083,False,True,False
development_5,three_day_positive_sustained_spike,4,CA_1,HOBBIES_2,2016-01-11,1,27.0,80.3736,39.24658050364047,14.02075566871684,13.343399999999999,-0.7772779118012588,3.0294783901495244,True,True,False
development_5,three_day_positive_sustained_spike,4,CA_1,HOBBIES_2,2016-01-12,2,15.0,68.3736,40.937059925355854,14.02075566871684,13.343399999999999,-1.7537216745480582,2.053034627402725,False,True,False
development_5,three_day_positive_sustained_spike,4,CA_1,HOBBIES_2,2016-01-13,3,40.0,93.3736,40.937059925355854,14.02075566871684,13.343399999999999,0.029349123538816302,3.8361054254896,True,True,False
development_5,three_day_negative_sustained_drop,2,CA_1,HOBBIES_2,2016-01-14,1,31.0,4.313200000000002,41.16818540859494,14.02075566871684,13.343399999999999,-0.6290408877667515,-2.5324190387421432,False,True,False
development_5,three_day_negative_sustained_drop,2,CA_1,HOBBIES_2,2016-01-15,2,31.0,4.313200000000002,37.985315969306704,14.02075566871684,13.343399999999999,-0.40202962571403184,-2.305407776689423,False,True,False
development_5,three_day_negative_sustained_drop,2,CA_1,HOBBIES_2,2016-01-16,3,45.0,18.313200000000002,44.5059305550145,14.02075566871684,13.343399999999999,0.13142132308042115,-1.7719568278949704,False,True,False
development_5,three_day_negative_sustained_drop,4,CA_1,HOBBIES_2,2016-01-14,1,31.0,0.0,41.16818540859494,14.02075566871684,13.343399999999999,-0.6290408877667515,-2.840048677394475,False,True,False
development_5,three_day_negative_sustained_drop,4,CA_1,HOBBIES_2,2016-01-15,2,31.0,0.0,37.985315969306704,14.02075566871684,13.343399999999999,-0.40202962571403184,-2.613037415341756,False,True,False
development_5,three_day_negative_sustained_drop,4,CA_1,HOBBIES_2,2016-01-16,3,45.0,0.0,44.5059305550145,14.02075566871684,13.343399999999999,0.13142132308042115,-3.078106113475952,True,True,False
development_5,one_day_positive_spike,2,CA_1,HOUSEHOLD_1,2016-01-17,1,1109.0,1436.6545999999998,966.1453552577708,78.14582752931017,163.82729999999998,1.830699793723315,6.023560888925183,True,True,True
development_5,one_day_positive_spike,4,CA_1,HOUSEHOLD_1,2016-01-17,1,1109.0,1764.3092,966.1453552577708,78.14582752931017,163.82729999999998,1.830699793723315,10.216421984127056,True,True,True
development_5,one_day_negative_drop,2,CA_1,HOUSEHOLD_1,2016-01-18,1,801.0,473.34540000000004,753.010817006581,78.14582752931017,163.82729999999998,0.6167455142932445,-3.5761155809086267,True,True,False
development_5,one_day_negative_drop,4,CA_1,HOUSEHOLD_1,2016-01-18,1,801.0,145.69080000000008,753.010817006581,78.14582752931017,163.82729999999998,0.6167455142932445,-7.768976676110498,True,True,True
development_5,two_day_positive_sustained_spike,2,CA_1,HOUSEHOLD_1,2016-01-19,1,507.0,834.6546,587.2991047411869,78.14582752931017,163.82729999999998,-1.0249069166889313,3.16795417851294,True,True,False
development_5,two_day_positive_sustained_spike,2,CA_1,HOUSEHOLD_1,2016-01-20,2,711.0,1038.6545999999998,587.1777166336619,78.14582752931017,163.82729999999998,1.5871504964975256,5.780011591699395,True,True,True
development_5,two_day_positive_sustained_spike,4,CA_1,HOUSEHOLD_1,2016-01-19,1,507.0,1162.3092,587.2991047411869,78.14582752931017,163.82729999999998,-1.0249069166889313,7.3608152737148105,True,True,True
development_5,two_day_positive_sustained_spike,4,CA_1,HOUSEHOLD_1,2016-01-20,2,711.0,1366.3092,587.1777166336619,78.14582752931017,163.82729999999998,1.5871504964975256,9.972872686901267,True,True,True
development_5,two_day_negative_sustained_drop,2,CA_1,HOUSEHOLD_1,2016-01-21,1,574.0,246.34540000000004,586.36522298097,78.14582752931017,163.82729999999998,-0.15558498475677668,-4.348446079958648,True,True,True
development_5,two_day_negative_sustained_drop,2,CA_1,HOUSEHOLD_1,2016-01-22,2,655.0,327.34540000000004,711.7691083720292,78.14582752931017,163.82729999999998,-0.7238032351093585,-4.91666433031123,True,True,True
development_5,two_day_negative_sustained_drop,4,CA_1,HOUSEHOLD_1,2016-01-21,1,574.0,0.0,586.36522298097,78.14582752931017,163.82729999999998,-0.15558498475677668,-7.50082679929524,True,True,True
development_5,two_day_negative_sustained_drop,4,CA_1,HOUSEHOLD_1,2016-01-22,2,655.0,0.0,711.7691083720292,78.14582752931017,163.82729999999998,-0.7238032351093585,-9.105568720340532,True,True,True
development_5,three_day_positive_sustained_spike,2,CA_1,HOUSEHOLD_1,2016-01-23,1,1206.0,1533.6545999999998,936.1735921292257,78.14582752931017,163.82729999999998,3.455505201035968,7.648366296237836,True,True,True
development_5,three_day_positive_sustained_spike,2,CA_1,HOUSEHOLD_1,2016-01-24,2,1089.0,1416.6545999999998,933.237390760312,78.14582752931017,163.82729999999998,1.9958777041193294,6.1887387993211975,True,True,True
development_5,three_day_positive_sustained_spike,2,CA_1,HOUSEHOLD_1,2016-01-25,3,765.0,1092.6545999999998,647.5348393989726,78.14582752931017,163.82729999999998,1.505801012253772,5.698662107455641,True,True,True
development_5,three_day_positive_sustained_spike,4,CA_1,HOUSEHOLD_1,2016-01-23,1,1206.0,1861.3092,936.1735921292257,78.14582752931017,163.82729999999998,3.455505201035968,11.841227391439709,True,True,True
development_5,three_day_positive_sustained_spike,4,CA_1,HOUSEHOLD_1,2016-01-24,2,1089.0,1744.3092,933.237390760312,78.14582752931017,163.82729999999998,1.9958777041193294,10.38159989452307,True,True,True
development_5,three_day_positive_sustained_spike,4,CA_1,HOUSEHOLD_1,2016-01-25,3,765.0,1420.3092,647.5348393989726,78.14582752931017,163.82729999999998,1.505801012253772,9.891523202657515,True,True,True
development_5,three_day_negative_sustained_drop,2,CA_1,HOUSEHOLD_1,2016-01-26,1,605.0,277.34540000000004,574.7051713116548,78.14582752931017,163.82729999999998,0.39031814299901646,-3.8025429522028547,True,True,False
development_5,three_day_negative_sustained_drop,2,CA_1,HOUSEHOLD_1,2016-01-27,2,538.0,210.34540000000004,572.9727173909536,78.14582752931017,163.82729999999998,-0.44488378834938297,-4.637744883551254,True,True,True
development_5,three_day_negative_sustained_drop,2,CA_1,HOUSEHOLD_1,2016-01-28,3,565.0,237.34540000000004,572.0414275214453,78.14582752931017,163.82729999999998,-0.08745856485895268,-4.280319660060824,True,True,True
development_5,three_day_negative_sustained_drop,4,CA_1,HOUSEHOLD_1,2016-01-26,1,605.0,0.0,574.7051713116548,78.14582752931017,163.82729999999998,0.39031814299901646,-7.351617915878632,True,True,True
development_5,three_day_negative_sustained_drop,4,CA_1,HOUSEHOLD_1,2016-01-27,2,538.0,0.0,572.9727173909536,78.14582752931017,163.82729999999998,-0.44488378834938297,-7.329448415913308,True,True,True
development_5,three_day_negative_sustained_drop,4,CA_1,HOUSEHOLD_1,2016-01-28,3,565.0,0.0,572.0414275214453,78.14582752931017,163.82729999999998,-0.08745856485895268,-7.317531082653781,True,True,True
development_5,one_day_positive_spike,2,CA_1,HOUSEHOLD_2,2016-01-05,1,158.0,263.2646,172.65409072971718,24.90340828721646,52.632299999999994,-0.3428652359291978,3.8840501640016187,True,True,False
development_5,one_day_positive_spike,4,CA_1,HOUSEHOLD_2,2016-01-05,1,158.0,368.52919999999995,172.65409072971718,24.90340828721646,52.632299999999994,-0.3428652359291978,8.110965563932435,True,True,True
development_5,one_day_negative_drop,2,CA_1,HOUSEHOLD_2,2016-01-06,1,106.0,0.7354000000000127,172.65409072971718,24.90340828721646,52.632299999999994,-2.4309328369688874,-6.657848236899705,True,True,True
development_5,one_day_negative_drop,4,CA_1,HOUSEHOLD_2,2016-01-06,1,106.0,0.0,172.65409072971718,24.90340828721646,52.632299999999994,-2.4309328369688874,-6.687378331395947,True,True,True
development_5,two_day_positive_sustained_spike,2,CA_1,HOUSEHOLD_2,2016-01-07,1,171.0,276.2646,176.11201859776,24.90340828721646,52.632299999999994,0.04029806533086979,4.267213465261686,True,True,True
development_5,two_day_positive_sustained_spike,2,CA_1,HOUSEHOLD_2,2016-01-08,2,198.0,303.2646,201.03415977313213,24.90340828721646,52.632299999999994,0.12373479016240556,4.350650190093222,True,True,True
development_5,two_day_positive_sustained_spike,4,CA_1,HOUSEHOLD_2,2016-01-07,1,171.0,381.52919999999995,176.11201859776,24.90340828721646,52.632299999999994,0.04029806533086979,8.494128865192502,True,True,True
development_5,two_day_positive_sustained_spike,4,CA_1,HOUSEHOLD_2,2016-01-08,2,198.0,408.52919999999995,201.03415977313213,24.90340828721646,52.632299999999994,0.12373479016240556,8.577565590024038,True,True,True
development_5,two_day_negative_sustained_drop,2,CA_1,HOUSEHOLD_2,2016-01-09,1,263.0,157.73540000000003,238.2628846313989,24.90340828721646,52.632299999999994,1.238894402912638,-2.9880209970181784,False,True,False
development_5,two_day_negative_sustained_drop,2,CA_1,HOUSEHOLD_2,2016-01-10,2,222.0,116.73540000000001,236.42804292793264,24.90340828721646,52.632299999999994,-0.333788253406264,-4.560703653337081,True,True,True
development_5,two_day_negative_sustained_drop,4,CA_1,HOUSEHOLD_2,2016-01-09,1,263.0,52.470800000000025,238.2628846313989,24.90340828721646,52.632299999999994,1.238894402912638,-7.214936396948995,True,True,True
development_5,two_day_negative_sustained_drop,4,CA_1,HOUSEHOLD_2,2016-01-10,2,222.0,11.470800000000025,236.42804292793264,24.90340828721646,52.632299999999994,-0.333788253406264,-8.787619053267898,True,True,True
development_5,three_day_positive_sustained_spike,2,CA_1,HOUSEHOLD_2,2016-01-11,1,132.0,237.26459999999997,174.27726431504232,24.90340828721646,52.632299999999994,-1.4520778090332898,2.7748375908975267,False,True,False
development_5,three_day_positive_sustained_spike,2,CA_1,HOUSEHOLD_2,2016-01-12,2,119.0,224.26459999999997,173.3603585338898,24.90340828721646,52.632299999999994,-1.9372762236233938,2.2896391763074226,False,True,False
development_5,three_day_positive_sustained_spike,2,CA_1,HOUSEHOLD_2,2016-01-13,3,159.0,264.2646,173.3603585338898,24.90340828721646,52.632299999999994,-0.3310703766697865,3.89584502326103,True,True,False
development_5,three_day_positive_sustained_spike,4,CA_1,HOUSEHOLD_2,2016-01-11,1,132.0,342.52919999999995,174.27726431504232,24.90340828721646,52.632299999999994,-1.4520778090332898,7.001752990828343,True,True,True
development_5,three_day_positive_sustained_spike,4,CA_1,HOUSEHOLD_2,2016-01-12,2,119.0,329.52919999999995,173.3603585338898,24.90340828721646,52.632299999999994,-1.9372762236233938,6.516554576238239,True,True,True
development_5,three_day_positive_sustained_spike,4,CA_1,HOUSEHOLD_2,2016-01-13,3,159.0,369.52919999999995,173.3603585338898,24.90340828721646,52.632299999999994,-0.3310703766697865,8.122760423191846,True,True,True
development_5,three_day_negative_sustained_drop,2,CA_1,HOUSEHOLD_2,2016-01-14,1,157.0,51.73540000000001,174.33170631250553,24.90340828721646,52.632299999999994,-0.4503852810534162,-4.677300680984233,True,True,True
development_5,three_day_negative_sustained_drop,2,CA_1,HOUSEHOLD_2,2016-01-15,2,164.0,58.73540000000001,202.2976203890753,24.90340828721646,52.632299999999994,-1.2922746254662474,-5.519190025397065,True,True,True
development_5,three_day_negative_sustained_drop,2,CA_1,HOUSEHOLD_2,2016-01-16,3,268.0,162.73540000000003,238.90091143496187,24.90340828721646,52.632299999999994,1.4140500742219395,-2.8128653257088767,False,True,False
development_5,three_day_negative_sustained_drop,4,CA_1,HOUSEHOLD_2,2016-01-14,1,157.0,0.0,174.33170631250553,24.90340828721646,52.632299999999994,-0.4503852810534162,-6.754743230346325,True,True,True
development_5,three_day_negative_sustained_drop,4,CA_1,HOUSEHOLD_2,2016-01-15,2,164.0,0.0,202.2976203890753,24.90340828721646,52.632299999999994,-1.2922746254662474,-7.877718597976038,True,True,True
development_5,three_day_negative_sustained_drop,4,CA_1,HOUSEHOLD_2,2016-01-16,3,268.0,57.470800000000025,238.90091143496187,24.90340828721646,52.632299999999994,1.4140500742219395,-7.0397807256396945,True,True,True
development_5,one_day_positive_spike,2,CA_2,FOODS_1,2016-01-17,1,607.0,816.0466,530.5113260561127,61.11181863281323,104.52329999999999,1.6587023001600198,5.0794252417573595,True,True,True
development_5,one_day_positive_spike,4,CA_2,FOODS_1,2016-01-17,1,607.0,1025.0932,530.5113260561127,61.11181863281323,104.52329999999999,1.6587023001600198,8.5001481833547,True,True,True
development_5,one_day_negative_drop,2,CA_2,FOODS_1,2016-01-18,1,528.0,318.9534,393.56815718436167,61.11181863281323,104.52329999999999,2.606852268006651,-0.8138706735906888,False,True,False
development_5,one_day_negative_drop,4,CA_2,FOODS_1,2016-01-18,1,528.0,109.90680000000003,393.56815718436167,61.11181863281323,104.52329999999999,2.606852268006651,-4.234593615188027,True,True,True
development_5,two_day_positive_sustained_spike,2,CA_2,FOODS_1,2016-01-19,1,346.0,555.0466,364.27414697603245,61.11181863281323,104.52329999999999,0.10805591064088947,3.5287788522382293,True,True,False
development_5,two_day_positive_sustained_spike,2,CA_2,FOODS_1,2016-01-20,2,380.0,589.0466,365.3004254368764,61.11181863281323,104.52329999999999,0.6476196525952364,4.0683425941925755,True,True,True
development_5,two_day_positive_sustained_spike,4,CA_2,FOODS_1,2016-01-19,1,346.0,764.0932,364.27414697603245,61.11181863281323,104.52329999999999,0.10805591064088947,6.94950179383557,True,True,True
development_5,two_day_positive_sustained_spike,4,CA_2,FOODS_1,2016-01-20,2,380.0,798.0932,365.3004254368764,61.11181863281323,104.52329999999999,0.6476196525952364,7.489065535789916,True,True,True
development_5,two_day_negative_sustained_drop,2,CA_2,FOODS_1,2016-01-21,1,371.0,161.95340000000002,368.4979069399965,61.11181863281323,104.52329999999999,0.44802681153763396,-2.9726961300597057,False,True,False
development_5,two_day_negative_sustained_drop,2,CA_2,FOODS_1,2016-01-22,2,464.0,254.95340000000002,406.0516850784048,61.11181863281323,104.52329999999999,1.3553181195371073,-2.065404822060232,False,True,False
development_5,two_day_negative_sustained_drop,4,CA_2,FOODS_1,2016-01-21,1,371.0,0.0,368.4979069399965,61.11181863281323,104.52329999999999,0.44802681153763396,-5.622811993459019,True,True,True
development_5,two_day_negative_sustained_drop,4,CA_2,FOODS_1,2016-01-22,2,464.0,45.90680000000003,406.0516850784048,61.11181863281323,104.52329999999999,1.3553181195371073,-5.4861277636575725,True,True,True
development_5,three_day_positive_sustained_spike,2,CA_2,FOODS_1,2016-01-23,1,551.0,760.0466,542.544591658331,61.11181863281323,104.52329999999999,0.54544357010991,3.9661665117072498,True,True,False
development_5,three_day_positive_sustained_spike,2,CA_2,FOODS_1,2016-01-24,2,636.0,845.0466,499.3216821184523,61.11181863281323,104.52329999999999,2.643612343490694,6.064335285088035,True,True,True
development_5,three_day_positive_sustained_spike,2,CA_2,FOODS_1,2016-01-25,3,336.0,545.0466,359.68129172311035,61.11181863281323,104.52329999999999,0.019576384617185208,3.440299326214525,True,True,False
development_5,three_day_positive_sustained_spike,4,CA_2,FOODS_1,2016-01-23,1,551.0,969.0932,542.544591658331,61.11181863281323,104.52329999999999,0.54544357010991,7.3868894533045895,True,True,True
development_5,three_day_positive_sustained_spike,4,CA_2,FOODS_1,2016-01-24,2,636.0,1054.0932,499.3216821184523,61.11181863281323,104.52329999999999,2.643612343490694,9.485058226685373,True,True,True
development_5,three_day_positive_sustained_spike,4,CA_2,FOODS_1,2016-01-25,3,336.0,754.0932,359.68129172311035,61.11181863281323,104.52329999999999,0.019576384617185208,6.861022267811864,True,True,True
development_5,three_day_negative_sustained_drop,2,CA_2,FOODS_1,2016-01-26,1,483.0,273.9534,363.2517014161878,61.11181863281323,104.52329999999999,2.3665788714636444,-1.054144070133694,False,True,False
development_5,three_day_negative_sustained_drop,2,CA_2,FOODS_1,2016-01-27,2,404.0,194.95340000000002,358.2864366385452,61.11181863281323,104.52329999999999,1.1551154118799816,-2.265607529717358,False,True,False
development_5,three_day_negative_sustained_drop,2,CA_2,FOODS_1,2016-01-28,3,352.0,142.95340000000002,359.38733618743146,61.11181863281323,104.52329999999999,0.2862016610400677,-3.134521280557272,True,True,False
development_5,three_day_negative_sustained_drop,4,CA_2,FOODS_1,2016-01-26,1,483.0,64.90680000000003,363.2517014161878,61.11181863281323,104.52329999999999,2.3665788714636444,-4.474867011731034,True,True,True
development_5,three_day_negative_sustained_drop,4,CA_2,FOODS_1,2016-01-27,2,404.0,0.0,358.2864366385452,61.11181863281323,104.52329999999999,1.1551154118799816,-5.455717141270012,True,True,True
development_5,three_day_negative_sustained_drop,4,CA_2,FOODS_1,2016-01-28,3,352.0,0.0,359.38733618743146,61.11181863281323,104.52329999999999,0.2862016610400677,-5.4737316525955695,True,True,True
development_5,one_day_positive_spike,2,CA_2,FOODS_2,2016-01-05,1,428.0,826.8194,426.5224847739358,33.59376679230054,199.4097,0.7370377224633459,12.608865090491827,True,True,True
development_5,one_day_positive_spike,4,CA_2,FOODS_2,2016-01-05,1,428.0,1225.6388,426.5224847739358,33.59376679230054,199.4097,0.7370377224633459,24.48069245852031,True,True,True
development_5,one_day_negative_drop,2,CA_2,FOODS_2,2016-01-06,1,418.0,19.180600000000027,425.0892594125165,33.59376679230054,199.4097,0.48202688394837945,-11.389800484080103,True,True,True
development_5,one_day_negative_drop,4,CA_2,FOODS_2,2016-01-06,1,418.0,0.0,425.0892594125165,33.59376679230054,199.4097,0.48202688394837945,-11.960757594028133,True,True,True
development_5,two_day_positive_sustained_spike,2,CA_2,FOODS_2,2016-01-07,1,393.0,791.8194,430.9867762606364,33.59376679230054,199.4097,-0.4377126927162234,11.434114675312259,True,True,True
development_5,two_day_positive_sustained_spike,2,CA_2,FOODS_2,2016-01-08,2,482.0,880.8194,478.8753094925151,33.59376679230054,199.4097,0.7860698923776215,12.657897260406104,True,True,True
development_5,two_day_positive_sustained_spike,4,CA_2,FOODS_2,2016-01-07,1,393.0,1190.6388,430.9867762606364,33.59376679230054,199.4097,-0.4377126927162234,23.305942043340742,True,True,True
development_5,two_day_positive_sustained_spike,4,CA_2,FOODS_2,2016-01-08,2,482.0,1279.6388,478.8753094925151,33.59376679230054,199.4097,0.7860698923776215,24.529724628434586,True,True,True
development_5,two_day_negative_sustained_drop,2,CA_2,FOODS_2,2016-01-09,1,797.0,398.1806,638.0682984148214,33.59376679230054,199.4097,5.424043717730354,-6.447783650298128,True,True,True
development_5,two_day_negative_sustained_drop,2,CA_2,FOODS_2,2016-01-10,2,844.0,445.1806,660.3619925422508,33.59376679230054,199.4097,6.159486873757532,-5.71234049427095,True,True,True
development_5,two_day_negative_sustained_drop,4,CA_2,FOODS_2,2016-01-09,1,797.0,0.0,638.0682984148214,33.59376679230054,199.4097,5.424043717730354,-18.300595585971276,True,True,True
development_5,two_day_negative_sustained_drop,4,CA_2,FOODS_2,2016-01-10,2,844.0,46.36120000000005,660.3619925422508,33.59376679230054,199.4097,6.159486873757532,-17.584167862299434,True,True,True
development_5,three_day_positive_sustained_spike,2,CA_2,FOODS_2,2016-01-11,1,425.0,823.8194,413.17554997261254,33.59376679230054,199.4097,1.0450393486368845,12.916866716665368,True,True,True
development_5,three_day_positive_sustained_spike,2,CA_2,FOODS_2,2016-01-12,2,382.0,780.8194,386.6876717948794,33.59376679230054,199.4097,0.553515967994398,12.42534333602288,True,True,True
development_5,three_day_positive_sustained_spike,2,CA_2,FOODS_2,2016-01-13,3,342.0,740.8194,386.298313397712,33.59376679230054,199.4097,-0.6255909135807595,11.246236454447724,True,True,True
development_5,three_day_positive_sustained_spike,4,CA_2,FOODS_2,2016-01-11,1,425.0,1222.6388,413.17554997261254,33.59376679230054,199.4097,1.0450393486368845,24.788694084693848,True,True,True
development_5,three_day_positive_sustained_spike,4,CA_2,FOODS_2,2016-01-12,2,382.0,1179.6388,386.6876717948794,33.59376679230054,199.4097,0.553515967994398,24.29717070405136,True,True,True
development_5,three_day_positive_sustained_spike,4,CA_2,FOODS_2,2016-01-13,3,342.0,1139.6388,386.298313397712,33.59376679230054,199.4097,-0.6255909135807595,23.118063822476202,True,True,True
development_5,three_day_negative_sustained_drop,2,CA_2,FOODS_2,2016-01-14,1,394.0,0.0,386.73367972101727,33.59376679230054,199.4097,0.9093555541822116,-10.81901067625498,True,True,True
development_5,three_day_negative_sustained_drop,2,CA_2,FOODS_2,2016-01-15,2,497.0,98.18060000000003,432.4885121289961,33.59376679230054,199.4097,2.61339690048165,-9.258430467546832,True,True,True
development_5,three_day_negative_sustained_drop,2,CA_2,FOODS_2,2016-01-16,3,632.0,233.18060000000003,615.5522808407384,33.59376679230054,199.4097,1.1826621749325588,-10.689165193095922,True,True,True
development_5,three_day_negative_sustained_drop,4,CA_2,FOODS_2,2016-01-14,1,394.0,0.0,386.73367972101727,33.59376679230054,199.4097,0.9093555541822116,-10.81901067625498,True,True,True
development_5,three_day_negative_sustained_drop,4,CA_2,FOODS_2,2016-01-15,2,497.0,0.0,432.4885121289961,33.59376679230054,199.4097,2.61339690048165,-12.181014308978462,True,True,True
development_5,three_day_negative_sustained_drop,4,CA_2,FOODS_2,2016-01-16,3,632.0,0.0,615.5522808407384,33.59376679230054,199.4097,1.1826621749325588,-17.630351676936236,True,True,True
development_5,one_day_positive_spike,2,CA_2,FOODS_3,2016-01-17,1,2284.0,3487.8712,2096.1688927598257,127.62514761038324,601.9356,1.6285248779532813,11.061393106048921,True,True,True
development_5,one_day_positive_spike,4,CA_2,FOODS_3,2016-01-17,1,2284.0,4691.7424,2096.1688927598257,127.62514761038324,601.9356,1.6285248779532813,20.49426133414456,True,True,True
development_5,one_day_negative_drop,2,CA_2,FOODS_3,2016-01-18,1,1860.0,656.1288,1386.8438363441608,127.62514761038324,601.9356,3.864174056489092,-5.568694171606547,True,True,True
development_5,one_day_negative_drop,4,CA_2,FOODS_3,2016-01-18,1,1860.0,0.0,1386.8438363441608,127.62514761038324,601.9356,3.864174056489092,-10.70975619805798,True,True,True
development_5,two_day_positive_sustained_spike,2,CA_2,FOODS_3,2016-01-19,1,1307.0,2510.8712,1227.4753277154227,127.62514761038324,601.9356,0.7798956149632218,10.21276384305886,True,True,True
development_5,two_day_positive_sustained_spike,2,CA_2,FOODS_3,2016-01-20,2,1380.0,2583.8712,1226.6019033516927,127.62514761038324,601.9356,1.3587268699855655,10.791595098081205,True,True,True
development_5,two_day_positive_sustained_spike,4,CA_2,FOODS_3,2016-01-19,1,1307.0,3714.7424,1227.4753277154227,127.62514761038324,601.9356,0.7798956149632218,19.6456320711545,True,True,True
development_5,two_day_positive_sustained_spike,4,CA_2,FOODS_3,2016-01-20,2,1380.0,3787.7424,1226.6019033516927,127.62514761038324,601.9356,1.3587268699855655,20.224463326176842,True,True,True
development_5,two_day_negative_sustained_drop,2,CA_2,FOODS_3,2016-01-21,1,1296.0,92.12879999999996,1226.7797301164353,127.62514761038324,601.9356,0.6991560225400257,-8.733712205555614,True,True,True
development_5,two_day_negative_sustained_drop,2,CA_2,FOODS_3,2016-01-22,2,1638.0,434.12879999999996,1514.7036757333146,127.62514761038324,601.9356,1.1228660467447005,-8.310002181350939,True,True,True
development_5,two_day_negative_sustained_drop,4,CA_2,FOODS_3,2016-01-21,1,1296.0,0.0,1226.7797301164353,127.62514761038324,601.9356,0.6991560225400257,-9.45558247740245,True,True,True
development_5,two_day_negative_sustained_drop,4,CA_2,FOODS_3,2016-01-22,2,1638.0,0.0,1514.7036757333146,127.62514761038324,601.9356,1.1228660467447005,-11.711595112904817,True,True,True
development_5,three_day_positive_sustained_spike,2,CA_2,FOODS_3,2016-01-23,1,2388.0,3591.8712,2076.748578874564,127.62514761038324,601.9356,2.595578128790976,12.028446356886615,True,True,True
development_5,three_day_positive_sustained_spike,2,CA_2,FOODS_3,2016-01-24,2,2332.0,3535.8712,2045.2908266976171,127.62514761038324,601.9356,2.403278662090445,11.836146890186082,True,True,True
development_5,three_day_positive_sustained_spike,2,CA_2,FOODS_3,2016-01-25,3,1370.0,2573.8712,1195.956969340568,127.62514761038324,601.9356,1.5204891433123722,10.953357371408009,True,True,True
development_5,three_day_positive_sustained_spike,4,CA_2,FOODS_3,2016-01-23,1,2388.0,4795.7424,2076.748578874564,127.62514761038324,601.9356,2.595578128790976,21.461314584982254,True,True,True
development_5,three_day_positive_sustained_spike,4,CA_2,FOODS_3,2016-01-24,2,2332.0,4739.7424,2045.2908266976171,127.62514761038324,601.9356,2.403278662090445,21.26901511828172,True,True,True
development_5,three_day_positive_sustained_spike,4,CA_2,FOODS_3,2016-01-25,3,1370.0,3777.7424,1195.956969340568,127.62514761038324,601.9356,1.5204891433123722,20.386225599503646,True,True,True
development_5,three_day_negative_sustained_drop,2,CA_2,FOODS_3,2016-01-26,1,1352.0,148.12879999999996,1119.7529593718511,127.62514761038324,601.9356,1.976543542139813,-7.456324685955826,True,True,True
development_5,three_day_negative_sustained_drop,2,CA_2,FOODS_3,2016-01-27,2,1355.0,151.12879999999996,1105.5987879206568,127.62514761038324,601.9356,2.110954132625968,-7.321914095469671,True,True,True
development_5,three_day_negative_sustained_drop,2,CA_2,FOODS_3,2016-01-28,3,1378.0,174.12879999999996,1104.1513534396547,127.62514761038324,601.9356,2.3025106944693734,-7.130357533626265,True,True,True
development_5,three_day_negative_sustained_drop,4,CA_2,FOODS_3,2016-01-26,1,1352.0,0.0,1119.7529593718511,127.62514761038324,601.9356,1.976543542139813,-8.616979954713758,True,True,True
development_5,three_day_negative_sustained_drop,4,CA_2,FOODS_3,2016-01-27,2,1355.0,0.0,1105.5987879206568,127.62514761038324,601.9356,2.110954132625968,-8.506075703347838,True,True,True
development_5,three_day_negative_sustained_drop,4,CA_2,FOODS_3,2016-01-28,3,1378.0,0.0,1104.1513534396547,127.62514761038324,601.9356,2.3025106944693734,-8.494734408092919,True,True,True
